"","baseMean","log2FoldChange","lfcSE","stat","pvalue","padj"
"PHJJKLOP_00035",14175.5994432833,4.30818415913793,0.0705655514655035,61.0522283134714,0,0
"PHJJKLOP_00046",8448.95911739505,-2.35797368448399,0.0560269420374477,-42.0864248294679,0,0
"PHJJKLOP_00047",4438.58512899922,-3.08030118704504,0.0648797561990232,-47.4770770962208,0,0
"PHJJKLOP_00048",7788.14774811685,-2.4905726609334,0.0553881812985443,-44.9657779429355,0,0
"PHJJKLOP_00049",4434.23285143394,-2.56673543900884,0.0613510753879099,-41.8368451209684,0,0
"PHJJKLOP_00050",6684.77450952227,-2.40807944891524,0.0581932733306519,-41.3807182701793,0,0
"PHJJKLOP_00053",9855.18417650011,-2.96354165029361,0.0572080762805972,-51.8028544738661,0,0
"PHJJKLOP_00054",6686.72303833308,-3.69134618125933,0.0644626849622064,-57.2633017601348,0,0
"PHJJKLOP_00055",14033.2933767791,-4.8639910679037,0.0741230869705116,-65.6204600577246,0,0
"PHJJKLOP_00056",13841.7519679561,-4.85976040910604,0.0713823471055548,-68.0807035095076,0,0
"PHJJKLOP_00057",27142.9297982999,-5.2092020059021,0.0617961387039676,-84.2965614867396,0,0
"PHJJKLOP_00058",8023.29603253841,-5.34946030030733,0.0951124031478042,-56.2435615467974,0,0
"PHJJKLOP_00059",10112.657646475,-5.22584998248598,0.0889485131719406,-58.7514034369999,0,0
"PHJJKLOP_00060",19407.88011836,-5.24294661567113,0.0760878000725055,-68.9065344335758,0,0
"PHJJKLOP_00061",17933.9204879944,-5.4878081452411,0.0693212044736784,-79.1649277722064,0,0
"PHJJKLOP_00062",16617.8886524205,-5.63715805815177,0.0749125300035909,-75.2498688521341,0,0
"PHJJKLOP_00063",11775.9997263383,-5.6994133405905,0.0859228668127772,-66.331740920718,0,0
"PHJJKLOP_00064",18297.231373406,-4.47184086817478,0.0699320949465526,-63.9454726988017,0,0
"PHJJKLOP_00065",10011.5567266807,-4.46459735420212,0.0689425308884498,-64.7582456963454,0,0
"PHJJKLOP_00074",22400.7723581867,4.36222223682918,0.0753582458348727,57.886462038777,0,0
"PHJJKLOP_00101",11341.7526803191,-2.25661783854533,0.0545520531667935,-41.3663227604961,0,0
"PHJJKLOP_00119",11790.3581791828,-2.01005934632363,0.0528343402627815,-38.0445622359668,0,0
"PHJJKLOP_00156",945.763198031287,4.54838157388025,0.117800236045513,38.6109716462957,0,0
"PHJJKLOP_00192",2794.04433664609,4.5963841869869,0.0838717136265068,54.8025548572344,0,0
"PHJJKLOP_00193",1367.53851979026,4.51977601209572,0.101593450692958,44.4888521973296,0,0
"PHJJKLOP_00203",3233.69703084707,5.20058440927291,0.0861202731542363,60.3874583625503,0,0
"PHJJKLOP_00205",1331.47173710045,5.45880371314495,0.126344138735911,43.2058326390204,0,0
"PHJJKLOP_00206",1810.49797617146,3.89686119736802,0.0887567195551173,43.9049709914988,0,0
"PHJJKLOP_00246",49874.6104839903,-3.08956396819082,0.0498079753714493,-62.0295032100783,0,0
"PHJJKLOP_00247",109004.566685467,-2.87420740433519,0.0740913528128943,-38.7927510460436,0,0
"PHJJKLOP_00248",25640.9926466815,-2.54808209499633,0.0576991960217017,-44.1614835332878,0,0
"PHJJKLOP_00249",30211.741313093,-2.6182545047741,0.0563539872509478,-46.4608563208643,0,0
"PHJJKLOP_00307",4766.44304710079,-2.42261863884669,0.0615829844607547,-39.3390911476621,0,0
"PHJJKLOP_00308",4066.82428218022,-3.48624039166517,0.0706295149063041,-49.3595403605696,0,0
"PHJJKLOP_00316",2522.73935653465,2.86793553187252,0.0736674852440578,38.9308189681126,0,0
"PHJJKLOP_00378",21532.4353680862,-4.37826254716877,0.0625177914973068,-70.0322650930077,0,0
"PHJJKLOP_00379",15992.2402884971,-4.15594193961457,0.0668224889088984,-62.193761523617,0,0
"PHJJKLOP_00382",24426.1807543228,2.44929988600003,0.051629607239734,47.4398318512688,0,0
"PHJJKLOP_00437",162915.169266477,2.00624129441801,0.0495534411174981,40.4864172734429,0,0
"PHJJKLOP_00582",18476.3193279855,-3.00183071474677,0.0640645287862875,-46.8563614158556,0,0
"PHJJKLOP_00583",29206.8300185511,-4.01193553011858,0.0604107773697515,-66.4109237589023,0,0
"PHJJKLOP_00696",34706.8093406082,-2.30896902402069,0.0518975458537349,-44.4909096574269,0,0
"PHJJKLOP_00700",6276.19770247898,-2.58408273852194,0.0674047690141691,-38.3367939140736,0,0
"PHJJKLOP_00705",15524.6822678035,-2.61035514923919,0.0567248180000619,-46.0178673334191,0,0
"PHJJKLOP_00706",15793.1846549537,-2.44492691533653,0.0614548095629381,-39.7841427338992,0,0
"PHJJKLOP_00710",32058.4554972924,-2.56190528456814,0.0605078450945107,-42.3400516175474,0,0
"PHJJKLOP_00711",17785.7589149996,-2.58965006864611,0.0543600814574258,-47.6388187658308,0,0
"PHJJKLOP_00712",37095.1934310837,-2.53523007418325,0.0632168675544227,-40.1036965648558,0,0
"PHJJKLOP_00713",20710.0228589712,-2.60759946722832,0.0568848605587485,-45.839955334606,0,0
"PHJJKLOP_00714",12612.8883877801,-2.75543804675455,0.068377521058652,-40.2974252955299,0,0
"PHJJKLOP_00716",25722.7605468955,-2.33285793421074,0.0524228941401669,-44.5007467152272,0,0
"PHJJKLOP_00717",24128.8972528018,-2.62276680038816,0.0578138041925711,-45.3657536814569,0,0
"PHJJKLOP_00718",33527.5833041604,-2.4835544443658,0.0589447923730213,-42.133568452478,0,0
"PHJJKLOP_00719",7121.53638932614,-2.61721965249867,0.0576237546455009,-45.4191100284892,0,0
"PHJJKLOP_00720",25958.4266319468,-2.76592585175453,0.0724154949559866,-38.1952212497565,0,0
"PHJJKLOP_00721",83622.4267531604,-2.71999784751716,0.0562820848105124,-48.3279511886368,0,0
"PHJJKLOP_00722",25918.6788042465,-2.94804331776154,0.0541422943069138,-54.4499149047898,0,0
"PHJJKLOP_00725",16121.0933430905,-2.34124038434127,0.0542627571786023,-43.1463586827193,0,0
"PHJJKLOP_00726",12939.5117005194,-2.54543706349936,0.0600990070184456,-42.3540619018567,0,0
"PHJJKLOP_00728",56348.7022893097,-2.27493259676279,0.0578872178804219,-39.2993942369478,0,0
"PHJJKLOP_00753",31942.5089274548,2.14065555729852,0.0527253871995311,40.6000917394412,0,0
"PHJJKLOP_00760",2514.03798930521,5.94429707261125,0.109672003820298,54.2006789841389,0,0
"PHJJKLOP_00761",4829.72714297595,5.82650647368022,0.0953178122357346,61.1271528061348,0,0
"PHJJKLOP_00762",3052.9427748976,5.53712795114318,0.101389950629664,54.6121969362433,0,0
"PHJJKLOP_00763",9914.68712548471,5.96003467010638,0.0844423045139895,70.5811465521881,0,0
"PHJJKLOP_00774",9624.98603820012,-2.2752436650554,0.0595555841754717,-38.2036998974224,0,0
"PHJJKLOP_00781",15387.8376307662,5.92173487369611,0.0713659401390878,82.9770456628892,0,0
"PHJJKLOP_00800",8098.33451327162,2.54366346083292,0.0576164212394174,44.1482377092299,0,0
"PHJJKLOP_00856",53420.1610550952,5.09441791364322,0.0628457380404643,81.0622656760446,0,0
"PHJJKLOP_00878",7001.31934773063,-2.09014421934249,0.0555569490815765,-37.6216522666399,0,0
"PHJJKLOP_00879",12428.9617573496,-2.26251375328945,0.0602418502083965,-37.5571757086256,0,0
"PHJJKLOP_00984",5139.82224844632,-4.77157289879381,0.0721803246742999,-66.1062820141727,0,0
"PHJJKLOP_00985",1782.32313894425,-4.11505983698328,0.090155699217186,-45.6439234869673,0,0
"PHJJKLOP_01002",1574.59917101587,-3.38011197206106,0.0836358224882997,-40.4146437674349,0,0
"PHJJKLOP_01030",2741.69045877319,-2.73889870682863,0.0676191088873564,-40.5048033299469,0,0
"PHJJKLOP_01041",1455.67427619048,3.52925524240196,0.0893262847274435,39.5097059412086,0,0
"PHJJKLOP_01048",3729.5320497249,3.52728715888975,0.0756677738543205,46.6154477556148,0,0
"PHJJKLOP_01049",2760.23242477667,3.21341705064476,0.0754451592506597,42.5927532337558,0,0
"PHJJKLOP_01084",5677.89651780171,3.17647074133952,0.0834414113931626,38.0682767501678,0,0
"PHJJKLOP_01085",1980.2215264639,4.21604867887116,0.0954771242512448,44.1576839681175,0,0
"PHJJKLOP_01086",1518.87544497793,4.3416486924862,0.103497473440312,41.9493205792127,0,0
"PHJJKLOP_01126",1444.75096776336,4.8355816338023,0.107371582610358,45.0359537993417,0,0
"PHJJKLOP_01127",1835.20595156814,4.9632328402468,0.104625300686301,47.4381703822109,0,0
"PHJJKLOP_01165",8160.90641815861,-2.6125502523074,0.0618604988995323,-42.2329321422133,0,0
"PHJJKLOP_01184",1843.57115937523,-4.89496648324393,0.106296251745577,-46.0502266341449,0,0
"PHJJKLOP_01185",2609.16939987777,-4.16633268256173,0.078654939641955,-52.969752459633,0,0
"PHJJKLOP_01186",3282.77446807345,-3.70786204398157,0.0730823788614243,-50.7353770053416,0,0
"PHJJKLOP_01204",1469.373091269,4.14241682033184,0.0965016568590276,42.9258621578198,0,0
"PHJJKLOP_01254",2587.22410253997,5.03575006051801,0.0998052803941573,50.4557478384962,0,0
"PHJJKLOP_01255",913.379780441381,4.74542768174736,0.126414684949502,37.5385793481428,0,0
"PHJJKLOP_01271",4277.16268159936,-2.31469866801439,0.0610039799039117,-37.9434042116647,0,0
"PHJJKLOP_01315",2654.69225010218,-2.94028869544367,0.0754616572220545,-38.9640090568319,0,0
"PHJJKLOP_01317",37348.5460474176,-2.42764131197328,0.05991611073053,-40.5173380310261,0,0
"PHJJKLOP_01354",7912.63978075124,-2.19343705551435,0.0549624681664924,-39.9079067713988,0,0
"PHJJKLOP_01362",1656.24154798015,5.48785375403451,0.130439943414391,42.0718808241144,0,0
"PHJJKLOP_01378",1140.46524348807,4.31176767980164,0.105022312977076,41.0557295642767,0,0
"PHJJKLOP_01513",2493.5951478353,3.46250981801777,0.0758770469402515,45.6331652013853,0,0
"PHJJKLOP_01515",73580.0668406831,7.32547459399679,0.0823985150204953,88.9029928776592,0,0
"PHJJKLOP_01516",3009.90445468514,6.42036600529173,0.11868588100245,54.0954488525825,0,0
"PHJJKLOP_01517",6819.65455843287,6.99044172040115,0.100407226489918,69.6209024467281,0,0
"PHJJKLOP_01518",5998.21421237724,6.38242330357363,0.0925946968281079,68.9286052247885,0,0
"PHJJKLOP_01519",12073.9734139797,6.02830065211318,0.0722592166487069,83.4260448936249,0,0
"PHJJKLOP_01520",10487.6671290155,5.88536855766752,0.0768664963837241,76.5661092225053,0,0
"PHJJKLOP_01521",14598.1157632568,5.80193176723243,0.0707437297134634,82.0133712306696,0,0
"PHJJKLOP_01530",9890.12843481973,5.66220296380807,0.0882653225306968,64.1498019999743,0,0
"PHJJKLOP_01533",93235.8622470626,3.89454684163131,0.0663080477827095,58.7341502556926,0,0
"PHJJKLOP_01577",6317.12960635787,2.48332964789596,0.0627608915214407,39.568106629709,0,0
"PHJJKLOP_01586",6872.30771237326,2.68381630574443,0.0615421159391689,43.6094252657358,0,0
"PHJJKLOP_01751",23598.4486962692,2.45780352973431,0.0593296037459149,41.4262589762121,0,0
"PHJJKLOP_01804",1547.06502583451,-3.26205736656579,0.0821785055586168,-39.6947759562141,0,0
"PHJJKLOP_01973",1758.76971303338,4.44925347826726,0.110601621228711,40.2277419520526,0,0
"PHJJKLOP_02073",3910.91416480363,3.83015724012553,0.0672445031696712,56.9586666505853,0,0
"PHJJKLOP_02096",64728.3201010474,3.10030771874337,0.0537431864399112,57.6874562919663,0,0
"PHJJKLOP_02101",28467.1823316271,-2.77278155641971,0.0600469352135822,-46.1769038928823,0,0
"PHJJKLOP_02121",3454.48052081979,2.610009487801,0.0666708096925098,39.1477094674347,0,0
"PHJJKLOP_02122",2676.28481564608,3.14079360503753,0.0731827475218651,42.9171315834943,0,0
"PHJJKLOP_02163",25696.5594682204,-2.10506895325776,0.0502900580689454,-41.8585508565491,0,0
"PHJJKLOP_02167",2905.2792090985,2.995334956909,0.0724044603941995,41.3694811148536,0,0
"PHJJKLOP_02170",5478.30974296257,-5.40832858437957,0.0841387477327698,-64.2786912108174,0,0
"PHJJKLOP_02171",8882.50508252359,-6.0243354539324,0.101497431811499,-59.3545604692818,0,0
"PHJJKLOP_02172",8200.08148942702,-5.4954417472552,0.0715038859656364,-76.8551481229457,0,0
"PHJJKLOP_02245",5015.75160738015,4.66609693679381,0.0735070023877483,63.4782644540478,0,0
"PHJJKLOP_02285",1241.03714982302,5.00790132893003,0.120344158005012,41.6131652084138,0,0
"PHJJKLOP_02286",938.913811148699,4.36636108842689,0.114448315092702,38.1513793793311,0,0
"PHJJKLOP_02287",3767.06645510576,7.36402407365293,0.1353355754562,54.4130695039328,0,0
"PHJJKLOP_02288",2397.46351968101,7.02907427250962,0.149785774006243,46.9275157747402,0,0
"PHJJKLOP_02290",3541.48850621819,6.98585295951032,0.131970783560873,52.9348449029102,0,0
"PHJJKLOP_02292",3075.46923781181,3.59372048767752,0.0874540715117959,41.0926607023985,0,0
"PHJJKLOP_02293",15539.630665016,4.28659295531969,0.0752738882194965,56.9466126529841,0,0
"PHJJKLOP_02294",1575.54478968882,3.5819961869755,0.0875440078848756,40.916520428057,0,0
"PHJJKLOP_02299",7499.23631517559,3.1742108401441,0.0759890224814538,41.7719656930554,0,0
"PHJJKLOP_02301",6310.43044536399,3.15228311649807,0.0705737692059007,44.6664979349651,0,0
"PHJJKLOP_02308",2794.17232491386,-3.02028089013807,0.0719850723665733,-41.9570445766552,0,0
"PHJJKLOP_02320",9499.5163259079,-4.57590369188669,0.0706354196642517,-64.7819990825727,0,0
"PHJJKLOP_02321",2948.13344645204,-4.94532635348909,0.0957296960113677,-51.6592714647484,0,0
"PHJJKLOP_02348",1894.51504898543,-3.07396491571727,0.077622834935608,-39.6012966837307,0,0
"PHJJKLOP_02349",2957.76566323137,-3.19556846826717,0.0703315541241187,-45.4357721518244,0,0
"PHJJKLOP_02358",3787.4778506877,-2.49305866468295,0.0653432022732234,-38.1532979399843,0,0
"PHJJKLOP_02368",11601.2576243349,5.61745085959711,0.0750249396560993,74.8744468885478,0,0
"PHJJKLOP_02384",2339.84901069793,4.80653762502226,0.104572783344841,45.9635621361642,0,0
"PHJJKLOP_02401",4827.86680775727,3.06183944505452,0.0606550522654413,50.4795450782098,0,0
"PHJJKLOP_02423",12599.0177055597,3.66981799837438,0.064558152166186,56.8451523972915,0,0
"PHJJKLOP_02429",14041.3622025702,-2.09005979774308,0.0518143835328634,-40.3374440693182,0,0
"PHJJKLOP_02460",2027.15706694142,3.51931484581024,0.0814931344264173,43.1854151957787,0,0
"PHJJKLOP_02468",16767.1378948146,2.86249728269294,0.0542661640127229,52.749210023797,0,0
"PHJJKLOP_02473",4365.2633136506,-3.25922328737297,0.0685571109617106,-47.540265942555,0,0
"PHJJKLOP_02474",6974.27912244173,-3.64429992211345,0.0744298189495136,-48.9629018792241,0,0
"PHJJKLOP_02487",3377.50345386219,-2.83267160796022,0.0666355261497001,-42.5099308377409,0,0
"PHJJKLOP_02502",14224.1361031268,7.74615262290107,0.0989949984377119,78.2479190377985,0,0
"PHJJKLOP_02554",32704.3211135058,5.82456246483177,0.0838033948122068,69.502703057363,0,0
"PHJJKLOP_02557",7738.53462328833,8.08927409640006,0.210360243392749,38.4543864654937,0,0
"PHJJKLOP_02565",28333.6040455013,3.74274626541955,0.0591571117760552,63.267900562625,0,0
"PHJJKLOP_02566",9690.96198002314,3.4833641807352,0.0584659089901482,59.5794068868777,0,0
"PHJJKLOP_02567",3107.99063234961,5.6563956880467,0.10282181767947,55.0116290073723,0,0
"PHJJKLOP_02632",6840.28632092773,-2.31551317725604,0.0594587795540569,-38.9431669237491,0,0
"PHJJKLOP_02636",1713.68117477328,5.11309645614387,0.104626710942754,48.8698957471908,0,0
"PHJJKLOP_02637",4259.30674203461,4.93662822059731,0.0799035383972208,61.7823480614347,0,0
"PHJJKLOP_02686",21263.1107505211,2.9141264173307,0.0720888597103598,40.4240881190123,0,0
"PHJJKLOP_02845",2407.29181381739,-4.42089608740045,0.0928357104013105,-47.6206415428911,0,0
"PHJJKLOP_02846",4548.78560452822,-2.83622287096635,0.0630143666253265,-45.0091466892,0,0
"PHJJKLOP_02939",1641.02345940179,4.06984353520376,0.09379766679792,43.3896031121108,0,0
"PHJJKLOP_02940",5944.02655021509,4.49539381112483,0.0758785243151529,59.2446130403606,0,0
"PHJJKLOP_02941",19402.2245256149,5.37564792610212,0.0676313927111038,79.4845072770406,0,0
"PHJJKLOP_02954",8941.15099962725,3.09133442903974,0.0609123845011746,50.7505075421917,0,0
"PHJJKLOP_03076",88714.3144075467,2.69662624157883,0.0625582313356415,43.1058580782233,0,0
"PHJJKLOP_03077",20183.5327466591,2.72326544397726,0.0547677583399359,49.7238800075462,0,0
"PHJJKLOP_01043",1029.80211995529,3.66250598360959,0.0977341958655634,37.4741506918161,2.42901287471915e-307,4.35476918976595e-306
"PHJJKLOP_00950",2392.84749942272,-2.69321504104444,0.0719913207082941,-37.4102741073085,2.65988817304364e-306,4.74030070838849e-305
"PHJJKLOP_00200",1000.38765540918,4.91353196542309,0.131513236038108,37.3615014993573,1.64939565351047e-305,2.92206543586411e-304
"PHJJKLOP_02506",1071.98233781443,3.47554388342677,0.0931215926103334,37.322642214359,7.0465230158412e-305,1.2410170534958e-303
"PHJJKLOP_02562",3632.52936376197,9.37895482455463,0.252013714266799,37.2160493401777,3.75416831001756e-303,6.57308767262724e-302
"PHJJKLOP_02021",3323.66974006809,2.34217944178688,0.0629473166298971,37.20856689663,4.96050004829107e-303,8.63473089801365e-302
"PHJJKLOP_02102",33646.4066340372,-2.15932983607599,0.0580427551791226,-37.2024007029335,6.24067448067909e-303,1.08003349104932e-301
"PHJJKLOP_02689",6859.07560402879,2.3957082126679,0.0644017815426716,37.199409011388,6.97590593894684e-303,1.20033691846016e-301
"PHJJKLOP_01999",4057.54496502466,3.36006081767641,0.090337948660484,37.1943448738745,8.42301846020398e-303,1.44105812970575e-301
"PHJJKLOP_00715",19571.0232768221,-2.7139571672265,0.0733318674633099,-37.0092466087049,8.13090892682786e-300,1.38317848448424e-298
"PHJJKLOP_00659",6433.48688702974,-2.03566644273933,0.0551489178784413,-36.9121738204606,2.94763830354182e-298,4.98600513039785e-297
"PHJJKLOP_02359",2268.31550793364,-2.69979939850316,0.073189971401126,-36.8875591398527,7.31515916708726e-298,1.230426210464e-296
"PHJJKLOP_02117",2421.58941144357,2.58628182374413,0.0703359762779133,36.7703977481615,5.48978742170262e-296,9.18235951987579e-295
"PHJJKLOP_01194",3009.88088069067,2.53035664558897,0.0688426221677641,36.7556691757425,9.43811784237548e-296,1.56987360111512e-294
"PHJJKLOP_00697",34770.1289770171,-2.01364455689522,0.0548301911669065,-36.7251055311035,2.90351561144512e-295,4.80283190092082e-294
"PHJJKLOP_02221",6951.46776047861,2.54172157367184,0.0693338246334084,36.6591860049663,3.26696019934773e-294,5.37432903123468e-293
"PHJJKLOP_00704",32064.52641104,-2.20252308069605,0.0601212338987642,-36.6346952293893,8.02080865356404e-294,1.31225689118966e-292
"PHJJKLOP_00833",17298.9474578981,-1.90263125056514,0.0520006322747388,-36.5886176251247,4.33919240558676e-293,7.06062068604715e-292
"PHJJKLOP_01272",118516.930857753,-2.22991621778528,0.061065543180539,-36.5167670938844,6.00982878402356e-292,9.72617696181975e-291
"PHJJKLOP_00281",16016.0482794038,2.20438638350041,0.0605978980760006,36.3772746826253,9.73892195775171e-290,1.56765227642519e-288
"PHJJKLOP_00818",6292.06803871036,2.20647436599084,0.0610476230893109,36.1434934618638,4.70781763546698e-286,7.53754331582253e-285
"PHJJKLOP_02338",4133.59682862975,-2.34421188560993,0.0649800670497025,-36.0758612916922,5.42319600068923e-285,8.63672809896998e-284
"PHJJKLOP_00223",2205.40625843325,-2.65661359426038,0.0737533978887678,-36.0202196821763,4.0366388726589e-284,6.39454856335489e-283
"PHJJKLOP_00194",863.69766566687,4.43402943790941,0.123471804265631,35.9112711139319,2.03741782206354e-282,3.21054155750433e-281
"PHJJKLOP_00204",2834.91608899191,2.35177487581596,0.0657938516224267,35.7445995001503,8.02577014452523e-280,1.25807098495856e-278
"PHJJKLOP_00738",775.373985739701,4.99017730589566,0.139802117650333,35.6945759461018,4.79844319903201e-279,7.48257236349054e-278
"PHJJKLOP_01551",9788.14548121815,2.87585703213204,0.0806531582962042,35.6570913388198,1.82951354308812e-278,2.83811582798229e-277
"PHJJKLOP_01841",6694.54539401419,2.72005413620021,0.0764122786757973,35.5970818216386,1.55443325829765e-277,2.39895524502225e-276
"PHJJKLOP_01778",1945.4597072987,-2.6717585887036,0.0752096366502977,-35.5241523254058,2.08337970034428e-276,3.19878913991321e-275
"PHJJKLOP_01001",919.813279633228,-4.19281405959622,0.118674009061762,-35.3305167049183,1.99708197723816e-273,3.05064461216891e-272
"PHJJKLOP_02291",9941.89504321294,7.27767931879451,0.206851671321315,35.1830820234933,3.62830988113754e-271,5.51429430666284e-270
"PHJJKLOP_03008",4334.68994821947,2.61201872397321,0.0745181793531539,35.052100663845,3.62215948735107e-269,5.47714419450964e-268
"PHJJKLOP_02168",770.169622228339,5.03933910459386,0.144012345702855,34.9924104075888,2.93490266966899e-268,4.4156274336628e-267
"PHJJKLOP_02499",2933.34119499213,2.62758344839227,0.075660380772713,34.7286574764359,2.91088019809032e-264,4.35758765654121e-263
"PHJJKLOP_02180",2985.84358924947,-2.32446001994752,0.0669350643397172,-34.7270902460051,3.07383861608092e-264,4.57864319231158e-263
"PHJJKLOP_02400",1655.36912959894,2.59293958207455,0.0748052029702235,34.6625566019343,2.88978584283387e-263,4.28317763041812e-262
"PHJJKLOP_02208",19757.0418440562,-1.83500800929257,0.0529829627608851,-34.633925957936,7.79910364724761e-263,1.15027173989455e-261
"PHJJKLOP_01318",13100.309992558,-2.15686616470333,0.0623363492274137,-34.6004568993078,2.48679256383558e-262,3.64973379221752e-261
"PHJJKLOP_02131",3989.58591102178,-2.15995093093113,0.062558788633292,-34.5267384186795,3.18519606334236e-261,4.65194000665708e-260
"PHJJKLOP_00304",8219.02629926048,2.37183522485699,0.0692292835930163,34.2605773418151,3.03482016417383e-257,4.41080173375555e-256
"PHJJKLOP_00051",6667.42736591847,-2.6394574532047,0.0771126805638308,-34.2285786709212,9.08719226906821e-257,1.31435041804784e-255
"PHJJKLOP_01833",1581.47401617397,3.04207702982127,0.0893441497639199,34.048978448612,4.20256405110436e-254,6.04926767740694e-253
"PHJJKLOP_02564",1174.10055140062,2.99524093468192,0.0883329340225291,33.9085412233447,4.98549829054227e-252,7.14190520664286e-251
"PHJJKLOP_00121",3108.1718918051,-2.10362588163662,0.0621056153727622,-33.8717500665683,1.73653134431734e-251,2.47579754518386e-250
"PHJJKLOP_01805",7345.28717372099,-2.0149312239591,0.0595522420213114,-33.8346828862973,6.09717748665183e-251,8.65163478437705e-250
"PHJJKLOP_01050",2012.51117883556,2.78494225911878,0.0827972532364113,33.6356841593153,5.04913932195316e-248,7.13071845751309e-247
"PHJJKLOP_00782",29038.4502402774,-2.27076460055535,0.0676044914955854,-33.5889605900465,2.43149914720192e-247,3.41779739282749e-246
"PHJJKLOP_02722",1884.9850729232,3.01808673319339,0.0900814836148685,33.5039634348922,4.21987698194924e-246,5.90388396446543e-245
"PHJJKLOP_02461",4076.87814108333,-2.28997211894518,0.0683783801935897,-33.4897099413867,6.80513642121371e-246,9.47654811400645e-245
"PHJJKLOP_01109",6079.88386650452,-2.41430636622099,0.0721303349310524,-33.4714426118881,1.25512848945323e-245,1.73974754510323e-244
"PHJJKLOP_01256",934.236408420101,3.81043452952726,0.113956017979029,33.43776482457,3.87645028010843e-245,5.34842955697909e-244
"PHJJKLOP_00052",1325.8055700458,-2.76392946618827,0.0828023821234086,-33.3798303298679,2.6901248031443e-244,3.69460259661195e-243
"PHJJKLOP_00606",6628.44419101074,-1.92070958755739,0.0576398722988814,-33.3225857544911,1.81828105997356e-243,2.48581438062139e-242
"PHJJKLOP_00027",13463.8747550721,-1.95464354195358,0.0587280825217546,-33.282945024291,6.81567902279443e-243,9.27551954283933e-242
"PHJJKLOP_02519",2940.20106930395,-2.22481422192641,0.0668960426508389,-33.257785270479,1.5753376984365e-242,2.13419052901307e-241
"PHJJKLOP_00702",17924.1936365835,-2.15810479667524,0.0649250280885194,-33.2399516829297,2.85180369246129e-242,3.84608119604914e-241
"PHJJKLOP_02558",23116.5352193015,8.40673763050431,0.254546350064704,33.0263530723083,3.40017434059909e-239,4.56507711917205e-238
"PHJJKLOP_00120",4268.90293953277,-2.03548890943163,0.0617184323468033,-32.9802432115251,1.55957550505196e-238,2.08453975987749e-237
"PHJJKLOP_00708",21718.2012814814,-2.37464904480617,0.0720395320750822,-32.9631381049397,2.74262581096764e-238,3.64952074579427e-237
"PHJJKLOP_00387",2919.86234572782,-2.18971844964234,0.0664619319452265,-32.9469575372404,4.67690823460166e-238,6.195868696636e-237
"PHJJKLOP_01969",1442.0151488032,-2.7041052183293,0.0821443484741559,-32.9189441338142,1.17758444604063e-237,1.55316644557076e-236
"PHJJKLOP_01203",2027.66727992942,2.42213485817782,0.0738976770124182,32.7768741332802,1.25773772963387e-235,1.65160822917711e-234
"PHJJKLOP_00724",10857.8733387076,-2.46366928119779,0.0752000668836061,-32.7615304519747,2.08044584210848e-235,2.72002395252086e-234
"PHJJKLOP_02451",2780.57346823514,2.5354718964262,0.0775601662654733,32.6903875856554,2.13910070561335e-234,2.78455109243755e-233
"PHJJKLOP_01065",840.035689918827,-5.42358488396185,0.166081627534915,-32.6561400226022,6.55620153254629e-234,8.49751834997558e-233
"PHJJKLOP_01280",1637.2333095506,2.74811276453875,0.0842660415620976,32.612339604366,2.74164831163653e-233,3.53814441596541e-232
"PHJJKLOP_00242",1461.02871804929,-2.49460642828298,0.0766903159438125,-32.5283107467006,4.24353445282565e-232,5.45285070890987e-231
"PHJJKLOP_02399",2644.61625553487,2.36477817736568,0.0727890693355157,32.4880946954468,1.57050582308699e-231,2.00944206594976e-230
"PHJJKLOP_01286",6181.46096054842,1.80739460066244,0.0560357023987527,32.2543400598593,3.05803321410963e-228,3.89606444384862e-227
"PHJJKLOP_00727",43567.9663248221,-2.35092897722641,0.0729106311972715,-32.2439805913296,4.27240434715196e-228,5.42016043024278e-227
"PHJJKLOP_00207",781.22407479919,5.74442614409057,0.178845980064173,32.1194031983797,2.36311689981544e-226,2.98530464052633e-225
"PHJJKLOP_01053",2703.43600421334,2.45373189937073,0.0764416996672695,32.0993896008485,4.49617976578799e-226,5.65611857931481e-225
"PHJJKLOP_00707",47422.7688790326,-2.33037905162256,0.0727902577318561,-32.0149855796249,6.74651696504517e-225,8.45149447420303e-224
"PHJJKLOP_02132",3890.01201518463,-2.11568581865145,0.0661312557710461,-31.9922220436308,1.398872225947e-224,1.74509310186888e-223
"PHJJKLOP_01832",3465.88711713033,-2.04896715791036,0.0641521050585362,-31.9392038038466,7.62999781278889e-224,9.47892674335682e-223
"PHJJKLOP_00703",9453.92930129485,-1.9551689031313,0.0613493137226046,-31.869450275707,7.07893802493309e-223,8.75799192010317e-222
"PHJJKLOP_00040",10392.6715062694,-1.82589008459869,0.0573098503759693,-31.8599694925098,9.57852156790632e-223,1.18016845984821e-221
"PHJJKLOP_00657",22617.5160039818,1.6991894944793,0.0533385033560869,31.8567148975955,1.06260784593263e-222,1.3038720863616e-221
"PHJJKLOP_02847",1507.81343760656,-2.58042568421581,0.081329694245759,-31.7279648982618,6.39455288074655e-221,7.81440462243068e-220
"PHJJKLOP_02462",10512.7557052121,-1.88342886069148,0.0594129426295585,-31.7006493422605,1.52198431115008e-220,1.85236627137534e-219
"PHJJKLOP_00587",934.244582142309,3.51105184361874,0.111116204014986,31.5980182615417,3.93091218523565e-219,4.76483849497796e-218
"PHJJKLOP_01051",1498.83216480682,2.64299979197965,0.0842847496359257,31.357983542649,7.57262312566312e-216,9.14211033799813e-215
"PHJJKLOP_01416",630.951040226325,3.90625690693001,0.124604852798947,31.3491555038619,9.9902642659611e-216,1.20123900450954e-214
"PHJJKLOP_02614",626.969957599746,4.00038887612145,0.127818093062982,31.2975164959649,5.04388785111948e-215,6.04056009050069e-214
"PHJJKLOP_02128",957.759527822349,3.38353371025883,0.10811533287113,31.295595364738,5.3567809983842e-215,6.38972203552283e-214
"PHJJKLOP_02486",8835.15123525893,-1.82082493855313,0.0582984301807809,-31.2328296475023,3.81943446958689e-214,4.53785190553299e-213
"PHJJKLOP_02611",1297.30551542438,-2.69649520013065,0.0863980754959699,-31.2101303721335,7.7642735318441e-214,9.18823515981866e-213
"PHJJKLOP_02001",4790.76543604195,2.96456490348194,0.0951782771454705,31.1474949157874,5.48409322147936e-213,6.46432090752331e-212
"PHJJKLOP_02072",1149.19613408802,-2.65909100184657,0.0853861087346103,-31.1419625657299,6.51646839131951e-213,7.65110053474926e-212
"PHJJKLOP_00076",5001.31887928758,-1.83634442202394,0.0590372925187724,-31.1048210999858,2.07281332887498e-212,2.42421996353582e-211
"PHJJKLOP_00085",2263.24205320351,2.3005823473503,0.0740077844277952,31.0856805826262,3.76105779841014e-212,4.3815591628171e-211
"PHJJKLOP_01835",5681.30197616295,1.79224546537256,0.0577952255679659,31.0102685431155,3.91936681531784e-211,4.54828846707814e-210
"PHJJKLOP_00122",1290.93177686108,-2.90335020343493,0.0937092819888338,-30.9825253359735,9.26980892991361e-211,1.07157559599079e-209
"PHJJKLOP_02363",2049.66322760014,2.2132543455427,0.0714920819524007,30.9580345836939,1.98070386972738e-210,2.28085668690914e-209
"PHJJKLOP_02020",1508.84440972642,2.32973019562089,0.0752662956831516,30.9531666793906,2.30319686855294e-210,2.64205801702969e-209
"PHJJKLOP_02111",9076.14962291972,-1.68658496522441,0.054681562419485,-30.8437595891265,6.79208141671987e-209,7.76163807696919e-208
"PHJJKLOP_02545",5205.53958707254,-1.86584249832269,0.0605891357960312,-30.7950010147679,3.05707981286402e-208,3.48018895806649e-207
"PHJJKLOP_01498",4654.02852573654,2.17069151538483,0.0705898677617865,30.7507519734996,1.19480171466618e-207,1.35501376276914e-206
"PHJJKLOP_02975",559.991538316057,4.16458753236519,0.136352216827986,30.542866329918,7.03298082116953e-205,7.94594135040814e-204
"PHJJKLOP_01095",630.182919479116,3.98633297816283,0.130711778700289,30.4971213596837,2.84526838565454e-204,3.20253140851492e-203
"PHJJKLOP_02118",1099.32907282135,2.51710627724591,0.0825739926982346,30.4830394534104,4.37312001824465e-204,4.90379076203164e-203
"PHJJKLOP_02110",3479.45982930821,-2.00237881112335,0.0662257042894214,-30.2356740877002,8.05026652732734e-201,8.99346939657391e-200
"PHJJKLOP_00698",88988.4541815734,-1.64388293706407,0.0544146411737566,-30.2103055649091,1.73441514368672e-200,1.93042339784314e-199
"PHJJKLOP_00723",10418.1196116068,-2.58736877720534,0.085935316950795,-30.108328787416,3.76975128079744e-199,4.18023530915093e-198
"PHJJKLOP_02356",1827.59818387438,-2.75579385211285,0.0917432478120582,-30.0381109000879,3.12186836988613e-198,3.44903095920261e-197
"PHJJKLOP_02522",5984.90491802772,-2.40739594158414,0.0802492130473554,-29.9989974999945,1.01133818048234e-197,1.11321562954563e-196
"PHJJKLOP_00884",622.631241853665,3.82355598909559,0.127479620842078,29.9934684762848,1.19399900896056e-197,1.30946264938752e-196
"PHJJKLOP_01774",11481.3391330328,1.78831814011651,0.0597603307870025,29.9248367029699,9.3534356375341e-197,1.02205059484588e-195
"PHJJKLOP_00432",48184.4779840102,-1.78534700673095,0.0597992517752553,-29.8556746736708,7.40931569209982e-196,8.06672406623522e-195
"PHJJKLOP_02016",1102.11744505353,2.88674470423781,0.096761586896663,29.833581660052,1.43368690869791e-195,1.55523862487012e-194
"PHJJKLOP_01042",597.324162538832,3.5469938108786,0.118941984152634,29.8212093580588,2.07445153514416e-195,2.2422050166865e-194
"PHJJKLOP_01038",2408.61983178016,-2.06580207141713,0.0693800269289779,-29.7751696396979,8.1918408532431e-195,8.82243579662224e-194
"PHJJKLOP_00172",533.346318347042,4.38901196565815,0.147480252429246,29.7599976496093,1.28749126584122e-194,1.3816304121608e-193
"PHJJKLOP_00234",1129.29605101573,2.70673408041873,0.0909817495088663,29.7502971203577,1.71886042355817e-194,1.83795289576185e-193
"PHJJKLOP_01195",2158.67463345148,-2.24895104683127,0.0756264094586041,-29.7376414262042,2.50557095845563e-194,2.66963681481002e-193
"PHJJKLOP_02780",1182.73107508998,2.33384008223328,0.0786964696883356,29.6562233538057,2.81942788301665e-193,2.99339258218151e-192
"PHJJKLOP_01383",635.676937995368,3.17628052670192,0.107385875463161,29.5781965086417,2.85055834465627e-192,3.01574971162575e-191
"PHJJKLOP_01531",1384.30899581949,2.35033515791158,0.0796552209740788,29.506354124313,2.38629892750296e-191,2.51569682709291e-190
"PHJJKLOP_00791",1537.86885329367,-2.65377157902378,0.0901193948102052,-29.4472858435492,1.36383814344959e-190,1.43274786017125e-189
"PHJJKLOP_01783",2180.12634662243,1.94283976810662,0.0659998203132618,29.4370463265675,1.84434358756865e-190,1.93075688852466e-189
"PHJJKLOP_02584",503.314313500599,3.98408202836408,0.135550681714715,29.3918258319729,6.98519288807082e-190,7.28699216267736e-189
"PHJJKLOP_00877",37008.6583473494,-1.50842452702224,0.0513434269189661,-29.3791166180423,1.01521991915497e-189,1.05540570762152e-188
"PHJJKLOP_00381",14107.6358834933,-1.54258366193435,0.0525692719442058,-29.3438277701765,2.86462338392316e-189,2.96771017697784e-188
"PHJJKLOP_02681",5070.11536504268,-1.7795558730975,0.0606458346081333,-29.3434146730143,2.89959971879318e-189,2.99358674416096e-188
"PHJJKLOP_02660",2236.55176742649,-2.23461833712551,0.0762185892822321,-29.3185475901538,6.01823777190901e-189,6.19196009934556e-188
"PHJJKLOP_01564",3137.17581661619,2.46555458570884,0.0842358520215505,29.2696580676606,2.52451545994875e-188,2.5884929065365e-187
"PHJJKLOP_02364",2894.97687281256,1.88786690151355,0.0646461913432603,29.203064593385,1.7730254741454e-187,1.81175367562844e-186
"PHJJKLOP_02539",16160.7881779772,-1.52396816476696,0.0522985572918456,-29.1397744733692,1.12584005210097e-186,1.14651874693547e-185
"PHJJKLOP_02024",1305.24157124258,2.37760606784306,0.0818263817611622,29.0567176095224,1.2656693283468e-185,1.28454710815943e-184
"PHJJKLOP_03126",1493.40621689146,2.7140262495746,0.0934176844509424,29.0525960424533,1.42688441109626e-185,1.44327429960209e-184
"PHJJKLOP_02350",1099.42383638439,-2.75980475208088,0.0950774398339546,-29.0269148696123,3.01063365561066e-185,3.03496200838327e-184
"PHJJKLOP_02555",38723.6702919252,8.282199043577,0.285348379137287,29.0248680178844,3.19514548240497e-185,3.21015623299345e-184
"PHJJKLOP_00514",1976.2658459571,-2.15816150995156,0.0743805498739542,-29.0151324991385,4.23969809153332e-185,4.24536992844507e-184
"PHJJKLOP_02648",3175.86211841659,-2.02124278823913,0.0697871464733956,-28.962966540116,1.92696029945059e-184,1.92310637885169e-183
"PHJJKLOP_00202",532.107522033744,4.93715706953897,0.170550577857925,28.9483455966465,2.94410993631769e-184,2.92846018250337e-183
"PHJJKLOP_00699",224355.665492273,-1.48695256418266,0.0514537795288528,-28.8988015612896,1.23605006087317e-183,1.22540857028287e-182
"PHJJKLOP_01709",1727.06838758194,2.14440693161915,0.0742167858972384,28.8938264530658,1.42740043326029e-183,1.41044122019185e-182
"PHJJKLOP_01784",2150.05840815883,1.86895157017158,0.064709116025564,28.8823535996572,1.9890953458295e-183,1.95899719257024e-182
"PHJJKLOP_00169",477.691508762231,4.75060365227037,0.164483787071655,28.881896123907,2.01558325216563e-183,1.97857582196193e-182
"PHJJKLOP_00838",2138.61642464032,2.1453216097884,0.0746194281529049,28.7501748926883,9.01209319809654e-182,8.81771471735328e-181
"PHJJKLOP_01054",4273.32530159833,2.28199750335028,0.0796298993659506,28.6575459911488,1.29100826122078e-180,1.25904844758795e-179
"PHJJKLOP_01055",2251.94418510552,2.3002983153665,0.0802795436518405,28.6536047756141,1.44556249294702e-180,1.40519938437772e-179
"PHJJKLOP_00294",4588.0002962608,2.06804311561672,0.0722511769221082,28.6229678700765,3.47972818367771e-180,3.37162012360228e-179
"PHJJKLOP_01230",4401.33757142068,-1.67503581010395,0.0587345287701781,-28.5187579636194,6.85771696360775e-179,6.62322728678761e-178
"PHJJKLOP_02644",1693.06975669839,2.21327322313523,0.0776325679774285,28.5095969487797,8.90768047083828e-179,8.57543258189383e-178
"PHJJKLOP_00507",777.115445351536,2.89192427971735,0.101563147652432,28.4741497931322,2.4486227515173e-178,2.34973606347526e-177
"PHJJKLOP_01744",3459.86171515506,2.47330523237223,0.0869038635418246,28.4602448219335,3.63950812031083e-178,3.4813697483101e-177
"PHJJKLOP_01363",2858.29720782736,5.56626060949433,0.19588146465388,28.4164743169031,1.26561752075185e-177,1.20677033666594e-176
"PHJJKLOP_00117",4321.57762708743,-1.70727589481306,0.0601388130107344,-28.3889190581185,2.77089837926259e-177,2.63367293571816e-176
"PHJJKLOP_02036",1251.2214541295,2.27845753755875,0.0804649430704953,28.3161517378145,2.18646196927013e-176,2.07160352404897e-175
"PHJJKLOP_01110",4281.97237472472,-2.44693515104505,0.0865244789772464,-28.2802644981952,6.0441708208461e-176,5.70859540618714e-175
"PHJJKLOP_02454",8957.19268001261,1.78507457530526,0.0632768366286199,28.2105533464338,4.34050676256256e-175,4.08662806512965e-174
"PHJJKLOP_02469",1690.32739006076,-2.11003534747071,0.0751363435123373,-28.0827526179025,1.59123878778942e-173,1.49346988421364e-172
"PHJJKLOP_00683",5867.32735366706,-1.9983511993755,0.0711721326959316,-28.0777197995885,1.83311064515297e-173,1.71510414737125e-172
"PHJJKLOP_00894",5393.57218223296,1.7699266845095,0.0631477748362682,28.0283302000527,7.33970121130317e-173,6.84581477465473e-172
"PHJJKLOP_02302",704.792786205541,3.092120077813,0.110701549365437,27.9320397549776,1.08957211162687e-171,1.01309903795368e-170
"PHJJKLOP_01140",1249.56955973339,-2.35339805476955,0.0843382981664476,-27.9042630208751,2.36848977582589e-171,2.19543603369124e-170
"PHJJKLOP_02091",2895.20996785519,-1.864020528108,0.0670140117733659,-27.8153848543184,2.82633136108677e-170,2.61173953552278e-169
"PHJJKLOP_00322",3107.85131961287,1.8779858841528,0.0675501856923774,27.8013430296864,4.17854606097672e-170,3.84940520201978e-169
"PHJJKLOP_02630",1491.56463044838,-2.07279653694049,0.0745629477529284,-27.7992836845574,4.42507700020781e-170,4.06401243516018e-169
"PHJJKLOP_01275",16109.9723169021,-2.10291720087934,0.0757515086891995,-27.7607302780911,1.29317537556238e-169,1.18402662826721e-168
"PHJJKLOP_00386",3773.49749331067,-1.75029063045537,0.0631836029932733,-27.7016590940804,6.66813266716513e-169,6.08670402606476e-168
"PHJJKLOP_00503",896.348259457959,-2.5433031603141,0.0918920441341555,-27.6770767728386,1.31825539720713e-168,1.19965248001159e-167
"PHJJKLOP_02556",33009.2414399701,8.32292052200206,0.300800699299646,27.6692193248896,1.63891217676771e-168,1.48694032037652e-167
"PHJJKLOP_02070",1203.05920112586,2.83722400794138,0.103033961086684,27.5367847457051,6.37143621791772e-167,5.76316617415277e-166
"PHJJKLOP_02559",25044.2883754655,8.79455960130316,0.319993806885466,27.4835306561135,2.76267368063489e-166,2.49139909633158e-165
"PHJJKLOP_02347",455.429580545007,-4.09406167850762,0.149258262751017,-27.4293804781654,1.22427988282291e-165,1.10074893969123e-164
"PHJJKLOP_01045",5818.43118189038,-1.88135857416792,0.0686159160762685,-27.4186906151153,1.64197662288024e-165,1.47187964338427e-164
"PHJJKLOP_02508",934.10306909992,2.83957252482059,0.103978225418064,27.3092997442835,3.28929732181753e-164,2.93974811388707e-163
"PHJJKLOP_01896",2066.36913165156,-2.63491575535467,0.0965102794276664,-27.3019182099614,4.02490320377949e-164,3.58647624765351e-163
"PHJJKLOP_01222",1481.94220366545,-1.97004282215104,0.0723858676895693,-27.2158486874769,4.21742139074195e-163,3.74687229788766e-162
"PHJJKLOP_00102",6736.1994395627,-1.497404307306,0.055076884874016,-27.1875272309099,9.1216771994931e-163,8.07997086842672e-162
"PHJJKLOP_02973",505.202681629821,4.03955715559404,0.148663925297854,27.1724101694519,1.37644562599864e-162,1.21565728738641e-161
"PHJJKLOP_02366",2980.81156274321,1.73854627449138,0.0640497770454657,27.1436741029914,3.00709682190593e-162,2.64801408376069e-161
"PHJJKLOP_00498",10643.8858499939,-1.44119269069068,0.053106998384405,-27.1375286597612,3.55370935456105e-162,3.12017765617472e-161
"PHJJKLOP_00651",8029.61697444911,-1.69455037830259,0.0624637389327218,-27.1285454130076,4.53608770509723e-162,3.97106625411143e-161
"PHJJKLOP_00293",4698.93102165298,-1.84298139169036,0.0681323443700741,-27.0500216707625,3.81722066593147e-161,3.33199961335242e-160
"PHJJKLOP_02691",5374.98547537708,-1.88866669904653,0.0700622792526752,-26.9569691307811,4.72618293485656e-160,4.11342782179086e-159
"PHJJKLOP_01018",642.835953970693,-2.94828526973078,0.109623270759041,-26.894702642209,2.5330300370658e-159,2.19822954521014e-158
"PHJJKLOP_00873",1401.05408645793,-2.21777742260943,0.0825272874661073,-26.8732620531146,4.51145617810038e-159,3.90384387203253e-158
"PHJJKLOP_00165",483.153707450512,5.90303119400532,0.220030138682924,26.8282846583664,1.51192427152759e-158,1.30452486136992e-157
"PHJJKLOP_00616",2834.95117293406,-2.06950282028941,0.0773751026153045,-26.7463660833979,1.36101026675217e-157,1.17093814329196e-156
"PHJJKLOP_01301",1599.27287789785,-2.23162447023124,0.0834846082731977,-26.7309689341585,2.05546224607893e-157,1.763339244917e-156
"PHJJKLOP_01322",23604.6779732088,1.60712072135861,0.0601874651954977,26.7019173533633,4.47157209219336e-157,3.82511052686484e-156
"PHJJKLOP_02334",579.151665717247,3.96576228256147,0.14859099243414,26.6891163293039,6.29621199466474e-157,5.37061501767129e-156
"PHJJKLOP_01364",3757.5797261289,5.47206925619345,0.205631217233318,26.6110823532431,5.05256588429805e-156,4.29755177772397e-155
"PHJJKLOP_02649",852.717715577478,-2.38094608483483,0.089549570215443,-26.5880235841068,9.33820092773138e-156,7.9202758010277e-155
"PHJJKLOP_00709",7357.30152779987,-2.55889139313884,0.0964307380438259,-26.5360552563216,3.72052308943539e-155,3.14667969767502e-154
"PHJJKLOP_01319",39354.1120318503,-1.74637426711629,0.0661226713638283,-26.4111269417289,1.02091656925099e-153,8.61020903757033e-153
"PHJJKLOP_02569",5561.07775245361,1.50514115047927,0.0570285395435447,26.3927704010377,1.65871392435257e-153,1.39499704761561e-152
"PHJJKLOP_02512",5147.73891340833,1.63722598855972,0.0622500964928459,26.3007783248638,1.87880050106569e-152,1.57566630257442e-151
"PHJJKLOP_01134",719.267651537956,-2.66766835986282,0.101466483690015,-26.2911284874392,2.42238146755068e-152,2.02586874688456e-151
"PHJJKLOP_01382",685.364793144666,2.61911233574311,0.0997320987956774,26.2614781737314,5.28555131375009e-152,4.40806145776261e-151
"PHJJKLOP_00480",3902.302596763,-1.59370724741503,0.0607413648166422,-26.2375936435722,9.90304260288412e-152,8.23603043139862e-151
"PHJJKLOP_02507",406.978053307204,3.62521872337249,0.138522138920187,26.1706811029047,5.73271067555679e-151,4.75449744116815e-150
"PHJJKLOP_01502",1325.28421100756,2.14903944230865,0.0821183317522426,26.1700328836742,5.83093469313744e-151,4.82260178763909e-150
"PHJJKLOP_00321",2350.72281058341,1.91819343867559,0.0734164748889449,26.127561171756,1.77321788373e-150,1.4625383867459e-149
"PHJJKLOP_00499",1206.50226307387,2.19495454713342,0.0840330861949582,26.1201229958529,2.15414424199229e-150,1.77184281882552e-149
"PHJJKLOP_01019",1576.50743921472,-2.2853559596337,0.087529287313701,-26.1096146189685,2.8355038436e-150,2.32589000212011e-149
"PHJJKLOP_02133",24269.9026202692,-1.38427899054637,0.0531407845763498,-26.0492764941682,1.37098062216277e-149,1.12150709911348e-148
"PHJJKLOP_00254",3292.2241459194,-1.59856107871755,0.0617955740451448,-25.868536758793,1.50546834456584e-147,1.22816681842783e-146
"PHJJKLOP_02631",4561.19319767508,-1.49553764051485,0.0578430231642356,-25.8551085109871,2.13165930871979e-147,1.73429020932257e-146
"PHJJKLOP_02243",1298.72287064034,2.04960698207801,0.0795767884505598,25.7563420437783,2.73702571346288e-146,2.22077370897232e-145
"PHJJKLOP_02658",7712.67869789336,-1.55872788878425,0.0605707261833689,-25.7340135573979,4.86753363009986e-146,3.93875559149161e-145
"PHJJKLOP_02485",2801.16125533007,-1.70971717484952,0.0665353218403928,-25.6963839289881,1.28288901498553e-145,1.03530180885894e-144
"PHJJKLOP_02721",528.004084989271,3.07990240010825,0.120701162046149,25.5167584793482,1.28470596281633e-143,1.03398108942798e-142
"PHJJKLOP_01208",1706.8265294278,1.8487367276532,0.0724796249853031,25.5069852807333,1.64912422864819e-143,1.32372062749938e-142
"PHJJKLOP_02023",1122.41180782426,2.08879203786564,0.0821694694529438,25.4205369922929,1.49532326755125e-142,1.19705825215199e-141
"PHJJKLOP_01056",3642.95475669123,1.94196875805849,0.0764945543913694,25.3870196840783,3.50827340748358e-142,2.80100548853489e-141
"PHJJKLOP_01221",972.611489793912,-2.16813749774615,0.0857584877306165,-25.2818998459567,5.05222977243845e-141,4.02297232411722e-140
"PHJJKLOP_00895",5543.72046443409,-1.4487283704988,0.0573441817881328,-25.2637377554947,8.00089423383605e-141,6.35402581859553e-140
"PHJJKLOP_00167",381.621991758718,3.70085053621421,0.14667572844547,25.2315129124454,1.80731327399586e-140,1.43150686305386e-139
"PHJJKLOP_00638",5879.99276106382,-1.3842090263029,0.0549216047803874,-25.2033608966431,3.67986450826443e-140,2.90699586747855e-139
"PHJJKLOP_02367",883.828681064179,2.12756019328587,0.0846023781852953,25.1477587146086,1.49527264734442e-139,1.17811744898663e-138
"PHJJKLOP_02009",8876.70244425195,1.40591077904801,0.0560055279022896,25.103071637872,4.60371179293929e-139,3.61771997586883e-138
"PHJJKLOP_00701",32807.5387307772,-2.12216867404438,0.0847144417291369,-25.0508488367276,1.70905884385756e-138,1.3395084236936e-137
"PHJJKLOP_01285",4186.75060837602,1.58345557720107,0.0632106025889742,25.050474324655,1.72519400942745e-138,1.34862424653414e-137
"PHJJKLOP_02629",2151.8691580302,-2.13576417934777,0.0853414456481703,-25.026107340069,3.17852505127648e-138,2.47825625091713e-137
"PHJJKLOP_02084",3480.1020845017,2.41407100942749,0.0966873336186247,24.9678103540387,1.3680745249626e-137,1.06390003317871e-136
"PHJJKLOP_02071",1001.51238997998,-2.90135368492625,0.116461551521728,-24.9125453595297,5.44083162846958e-137,4.22016836674557e-136
"PHJJKLOP_02254",847.144621891366,-2.45135510512559,0.0984263684108684,-24.9054714168943,6.49102141816229e-137,5.02173594986509e-136
"PHJJKLOP_00817",1881.10974932898,1.71543559148829,0.0689763544800143,24.8699080202236,1.5751491540027e-136,1.21546303275363e-135
"PHJJKLOP_02022",963.015902426532,2.21148613276551,0.089222300044518,24.7862488600056,1.2613969086641e-135,9.70854073146609e-135
"PHJJKLOP_00295",2326.87755516513,1.64661509582049,0.0664598557451146,24.7760859147145,1.62332772836605e-135,1.24621620993024e-134
"PHJJKLOP_02615",363.527425872101,3.94597498979205,0.159491976626671,24.7408996568433,3.88473001551631e-135,2.97465004257182e-134
"PHJJKLOP_02395",3910.74953701919,-1.70091630630129,0.068821126918934,-24.7150313057913,7.37258139904595e-135,5.63099711957744e-134
"PHJJKLOP_01971",1282.33190106655,-1.89039236909029,0.0765545172662872,-24.6934137474181,1.2587258673182e-134,9.58937721819515e-134
"PHJJKLOP_03067",8268.12298587741,1.58624678285461,0.0644030796406359,24.6299834061623,6.0313060554017e-134,4.58318028676972e-133
"PHJJKLOP_02782",531.563859701323,2.64497462758677,0.107418764199657,24.6230223117315,7.16116540885359e-134,5.42798208458421e-133
"PHJJKLOP_00177",384.919363121216,3.36441058929009,0.136740545893091,24.6043378525088,1.13511908523196e-133,8.58218823531433e-133
"PHJJKLOP_01638",12717.3100953483,1.59000136272707,0.0646520996760918,24.5931898684344,1.49393847024524e-133,1.12666291685498e-132
"PHJJKLOP_00370",505.537467854822,3.9912436161107,0.162796011746832,24.5168390385237,9.76994449290441e-133,7.34955120898387e-132
"PHJJKLOP_00642",4158.95558550091,-1.50618020359336,0.0614933456499638,-24.4933852219869,1.73744915258337e-132,1.30374004081068e-131
"PHJJKLOP_01205",1401.22721128374,1.97436121698977,0.0807893553069758,24.4383831197535,6.688126307945e-132,5.00606254149683e-131
"PHJJKLOP_00502",674.952414092157,-2.49283709206002,0.102353727576463,-24.3551177967383,5.11692449345022e-131,3.82046681630672e-130
"PHJJKLOP_00196",330.228952451176,4.83196642023964,0.198653471631176,24.3235941489649,1.10354155258212e-130,8.19851962389796e-130
"PHJJKLOP_02080",4223.08607225097,-1.94808418122898,0.0800902876492728,-24.3236007561857,1.10336391643432e-130,8.19851962389796e-130
"PHJJKLOP_02311",2345.69954616516,-1.66843265773521,0.0687012923897548,-24.2853169088857,2.80219124735136e-130,2.07667341449752e-129
"PHJJKLOP_02544",3355.57896070027,-1.56724578374896,0.0648141023240097,-24.1806293314718,3.55734087274546e-129,2.6297971785185e-128
"PHJJKLOP_02116",615.49839057266,2.40730159237012,0.0997958498589934,24.122261554679,1.46009708344643e-128,1.07673169158586e-127
"PHJJKLOP_00123",4398.22920688409,-1.48288144027926,0.061773410434329,-24.0051735828267,2.455520649363e-127,1.80634614845032e-126
"PHJJKLOP_03009",5872.9604225862,1.95625838655091,0.0815901729308551,23.976642238628,4.87449654728932e-127,3.57702026043731e-126
"PHJJKLOP_00100",3099.47939447989,-1.66488126736676,0.0695053731370036,-23.9532742898174,8.54204522298781e-127,6.2530277255808e-126
"PHJJKLOP_01581",485.991270996539,2.83575827501258,0.118400897103747,23.9504796363815,9.13445873627456e-127,6.67038279424537e-126
"PHJJKLOP_02090",1160.67390416838,-2.14641990972209,0.0896196313842463,-23.9503318253929,9.16690962130624e-127,6.67779255625082e-126
"PHJJKLOP_00030",40445.9102766672,-1.40205777731144,0.0585732608654277,-23.9368229904884,1.2674755980272e-126,9.21073286527535e-126
"PHJJKLOP_01046",4482.18121131746,-1.78452641163031,0.074555198360997,-23.9356403156439,1.30393318240745e-126,9.45272626665351e-126
"PHJJKLOP_01495",1648.14015759303,-1.84512803954246,0.0771216826395992,-23.9248934461792,1.68709516421675e-126,1.22008766223791e-125
"PHJJKLOP_00222",6649.88721823484,-1.85705602873209,0.0776517093749479,-23.9151983089663,2.12829299794584e-126,1.53544800863852e-125
"PHJJKLOP_02563",18791.0036741838,8.99981204228253,0.377078512869666,23.8672099711851,6.71149055889394e-126,4.83033719551165e-125
"PHJJKLOP_01284",4872.46263420878,1.44286981137875,0.0606223923635869,23.8009381537608,3.26589624068613e-125,2.34486650949982e-124
"PHJJKLOP_01500",1007.08731814594,2.19144035797792,0.0921474429830331,23.7818900561508,5.14236570517954e-125,3.68331170366209e-124
"PHJJKLOP_01698",3614.36878953499,1.69111607714509,0.0711429435118254,23.7706790535591,6.71631124564026e-125,4.79919710487994e-124
"PHJJKLOP_01052",1612.49849200466,2.29233226898875,0.0965143451887901,23.7512078075519,1.06761346493874e-124,7.61055884292047e-124
"PHJJKLOP_00518",1602.02663395362,1.67288991524573,0.0706055880562311,23.6934492198185,4.21234771698137e-124,2.99566961155397e-123
"PHJJKLOP_02661",4963.74073609339,-1.47567141724176,0.062282465507781,-23.6932081158124,4.23652281213459e-124,3.00572258282725e-123
"PHJJKLOP_01196",3351.46146668213,-1.64707873264359,0.0695857286575619,-23.6697777607392,7.38606064644129e-124,5.22786420223291e-123
"PHJJKLOP_02693",3472.08952628443,-1.397256619026,0.0591200739919266,-23.6342163444655,1.71533114022732e-123,1.21125033816995e-122
"PHJJKLOP_02457",51504.5511663911,1.48512382416612,0.0629429814846181,23.5947485984447,4.36353251370159e-123,3.07398031671119e-122
"PHJJKLOP_00853",1115.5554311598,-2.0491742428025,0.0869004330374103,-23.5807138259062,6.07950491597701e-123,4.2727788071444e-122
"PHJJKLOP_02599",962.545113098683,2.01450672976693,0.0856910706777938,23.5089457259982,3.30403060005867e-122,2.31669030833153e-121
"PHJJKLOP_02382",2028.27360643898,-1.75511540010455,0.0746953061573762,-23.4969972063128,4.37748953048666e-122,3.06219711548529e-121
"PHJJKLOP_00303",550.803510366825,2.50503541251297,0.107455919453745,23.3122142106957,3.3332406213516e-120,2.32627562245378e-119
"PHJJKLOP_01710",4584.18450942502,-1.64529480673352,0.0706437474477817,-23.290027301421,5.59500115989753e-120,3.89568220296121e-119
"PHJJKLOP_01927",373.684062125748,-3.37617273976158,0.145078312557078,-23.2713813681372,8.64310590784952e-120,6.00405083250614e-119
"PHJJKLOP_02677",5399.91598164952,-1.33964821245262,0.0577114081376777,-23.2128838245764,3.3746520151019e-119,2.33882132713312e-118
"PHJJKLOP_02209",404.510413479629,-3.05448610230326,0.131812823140211,-23.1729055605931,8.54393144204362e-119,5.90774381927912e-118
"PHJJKLOP_01177",2286.12286323389,2.05922480301353,0.0889649564825902,23.1464711997753,1.5777265253058e-118,1.08841318358654e-117
"PHJJKLOP_01777",13953.243238838,1.18552531763446,0.0513031103295314,23.1082542563125,3.82473181403522e-118,2.63247058648769e-117
"PHJJKLOP_00455",5202.41015531202,1.38003299453654,0.0598122700805396,23.0727406379706,8.69760558448439e-118,5.97262181650143e-117
"PHJJKLOP_02472",1968.73850346834,-2.03667045350698,0.0884280302921746,-23.0319554419298,2.23093293569503e-117,1.5284698419842e-116
"PHJJKLOP_02033",905.127191310732,1.95444951661987,0.0852233177890347,22.9332718711796,2.16434738746039e-116,1.47946485800374e-115
"PHJJKLOP_01636",4594.74507335934,1.5312882807321,0.0668111582863971,22.919648753401,2.95956032089451e-116,2.01843362204058e-115
"PHJJKLOP_00108",3046.25829036636,-1.44181066395831,0.062977244874599,-22.8941527503983,5.31314507228774e-116,3.61535371509761e-115
"PHJJKLOP_00213",1872.27667352501,-1.71795859328577,0.0753072251504215,-22.8126662462235,3.43286573361457e-115,2.33061224635873e-114
"PHJJKLOP_01081",1791.77184966086,1.63210324990889,0.0716463636247563,22.7799872503919,7.24118252895087e-115,4.90500011123957e-114
"PHJJKLOP_00111",3010.48977753844,-1.43124661555352,0.0632871921967431,-22.6151068782472,3.07784810078871e-113,2.08015286992357e-112
"PHJJKLOP_00270",1145.70798835356,-1.74526254863205,0.0772271142536707,-22.5990905590402,4.42388784392388e-113,2.98313518124056e-112
"PHJJKLOP_01713",42833.1414780503,-1.42862682763746,0.0632578243149384,-22.58419164916,6.19824796254336e-113,4.1702369437876e-112
"PHJJKLOP_00112",2671.27566555891,-1.53861081954864,0.0681583987418776,-22.5740458688811,7.79745221343145e-113,5.23443316749187e-112
"PHJJKLOP_02784",1139.48160738253,1.71479155381593,0.0761114962585098,22.5299939971184,2.10984899092152e-112,1.41317402210716e-111
"PHJJKLOP_01887",4377.11305294932,1.39201370968178,0.0618426111008586,22.5089737464602,3.39027606099833e-112,2.26573359969397e-111
"PHJJKLOP_00988",1641.29694510862,-1.73551884638216,0.0772669600115547,-22.4613320638294,9.91701905541906e-112,6.6128184970879e-111
"PHJJKLOP_02017",797.194807464039,1.91600481536338,0.0854072373144706,22.4337524033077,1.84409137686216e-111,1.22693546273896e-110
"PHJJKLOP_00301",564.235677666021,-2.41394803054232,0.107876828633013,-22.376890951757,6.60953719064382e-111,4.38779475582874e-110
"PHJJKLOP_00201",274.992464232345,4.98821817155842,0.223253569347397,22.343285198708,1.40333721083636e-110,9.29555665761958e-110
"PHJJKLOP_00956",738.729876363155,2.0985245087249,0.0939677306095732,22.3323953352036,1.79067872920963e-110,1.18350819321273e-109
"PHJJKLOP_02688",1923.78690043934,-1.73772010429256,0.0779899673392316,-22.281328785971,5.60696380635648e-110,3.69763207846505e-109
"PHJJKLOP_01895",11745.6314181966,-2.06277232077347,0.0927652502838547,-22.2364766381974,1.52468957348253e-109,1.00327924901246e-108
"PHJJKLOP_01635",2055.61170295326,-1.50991789669599,0.0679151857643698,-22.2324047221872,1.66947633930596e-109,1.09374445511642e-108
"PHJJKLOP_01788",571.411444990851,2.24233910555353,0.100858730103345,22.2324741076544,1.66689779536715e-109,1.09374445511642e-108
"PHJJKLOP_02187",1228.83868312018,-1.67878605708006,0.0755929776269339,-22.2082276658712,2.85998260171539e-109,1.86960434706024e-108
"PHJJKLOP_02088",756.691834779848,-2.13659273119751,0.0963935370207807,-22.1653110491931,7.42552338091937e-109,4.84357668899185e-108
"PHJJKLOP_02617",357.384869284574,3.06328322164779,0.138388621572799,22.1353691281356,1.44326530124629e-108,9.3937745911552e-108
"PHJJKLOP_00840",3283.09846691776,-1.59443280392331,0.0721288319061905,-22.105346250401,2.8077309628929e-108,1.82350249520637e-107
"PHJJKLOP_00821",3593.82732855071,-1.48944176979675,0.0674512233979773,-22.0817606377384,4.73286093466589e-108,3.0671397485692e-107
"PHJJKLOP_01024",318.16772686066,3.83215867731783,0.17394384139027,22.0310109670385,1.45294224525552e-107,9.39548397903891e-107
"PHJJKLOP_02612",5337.82904130662,1.50387143204152,0.0686340275981254,21.9114553621591,2.02022476043891e-106,1.3035674424039e-105
"PHJJKLOP_00874",1309.94939669314,-1.73896615324931,0.0794152750341994,-21.8971243567492,2.76701971463301e-106,1.78160366142177e-105
"PHJJKLOP_02585",270.353287180998,3.66412106588107,0.168060288991107,21.8024203568694,2.20067236034538e-105,1.41390837915752e-104
"PHJJKLOP_00217",3816.13015309469,-1.34193410830952,0.0615540392992343,-21.800910607766,2.27446972612558e-105,1.45819322484368e-104
"PHJJKLOP_01121",1971.82981995785,-1.43840908886752,0.0660310367594552,-21.7838331708694,3.30251787681837e-105,2.11276464170816e-104
"PHJJKLOP_02140",5523.00015232107,-1.22775959473755,0.0564486263084021,-21.7500349438053,6.90271765327789e-105,4.40655365755096e-104
"PHJJKLOP_00955",1036.10223515767,1.76063949055985,0.0809709372843302,21.7440917643988,7.85722930669931e-105,5.00522224345909e-104
"PHJJKLOP_01563",1152.34617161964,-1.75856368274114,0.080953444348656,-21.7231483711456,1.23984243183557e-104,7.88129138198659e-104
"PHJJKLOP_01637",8292.02621388037,1.53798928353803,0.0708467702268992,21.7086718083598,1.69896607108884e-104,1.07769161373729e-103
"PHJJKLOP_01020",4306.84027167974,-1.4213906584798,0.0655973598575181,-21.6684125941525,4.07565705070263e-104,2.57981336359485e-103
"PHJJKLOP_01494",939.57689855613,-1.86595915901586,0.0861463456734943,-21.6603402550362,4.85634066216915e-104,3.06748606382583e-103
"PHJJKLOP_00759",1320.55938136395,1.85135579430836,0.0857565142346575,21.5885150047313,2.30294208202971e-103,1.45158075654673e-102
"PHJJKLOP_01078",828.485444274995,-1.85782095046251,0.0861829600442202,-21.5567085362266,4.58048180675696e-103,2.88108456500637e-102
"PHJJKLOP_00872",1006.42490312373,-1.76331675915209,0.0818590587215121,-21.5408873091367,6.44602519437499e-103,4.04599568804166e-102
"PHJJKLOP_00639",2854.13246793259,-1.62480204664988,0.0754414261005723,-21.5372658051802,6.97013757120357e-103,4.36581420254885e-102
"PHJJKLOP_00631",23671.8163575483,1.20000393447664,0.0558387500335697,21.4905228672779,1.90948943452902e-102,1.19353055678077e-101
"PHJJKLOP_02843",513.237475175648,-2.35703344229514,0.109883644393495,-21.4502663731699,4.54044778657361e-102,2.83210430687529e-101
"PHJJKLOP_00173",243.387674527744,4.39362226861342,0.205032007850575,21.4289579206357,7.17684736279599e-102,4.46725176802727e-101
"PHJJKLOP_00780",1885.40388552266,1.51916587139722,0.0709248619346744,21.4193701610087,8.81729847230677e-102,5.47696921703039e-101
"PHJJKLOP_00693",44037.6508174627,-1.63073189109096,0.0761664844648517,-21.4100979262538,1.07586392667717e-101,6.66901986847088e-101
"PHJJKLOP_00636",2401.99411794196,-1.37266704187764,0.0642067394520377,-21.3788623062385,2.10191223268331e-101,1.30023248443261e-100
"PHJJKLOP_02362",3501.48954969291,1.27326790178955,0.0597431763025301,21.3123570019431,8.71936051796015e-101,5.38263203933458e-100
"PHJJKLOP_01369",961.205947208153,2.56472229184282,0.120342100224512,21.3119289679841,8.79944118387703e-101,5.42089030957363e-100
"PHJJKLOP_00099",2964.0124494395,-1.34809520213627,0.063280110567245,-21.3036164136234,1.05086492373134e-100,6.46055355575286e-100
"PHJJKLOP_00373",452.521572933105,-2.4274517261817,0.114301376006796,-21.2372922442979,4.32089812945278e-100,2.65097725401263e-99
"PHJJKLOP_00389",943.611522986217,-1.91519074743256,0.0903376493917772,-21.2003606505937,9.47674802698408e-100,5.80232793308595e-99
"PHJJKLOP_02226",4412.84869296902,1.3563765541722,0.0640884065285828,21.1641485198617,2.04421267551241e-99,1.24905566336411e-98
"PHJJKLOP_00497",360.512681637981,-2.70969622759174,0.12825747171347,-21.1270048550876,4.49149552988528e-99,2.73880603186894e-98
"PHJJKLOP_02690",461.074197013282,2.55180552239499,0.12079182574965,21.125647423227,4.62246098031263e-99,2.81293662094634e-98
"PHJJKLOP_00103",507.905887810292,-2.45622709912824,0.116340798331433,-21.1123452336205,6.12563982151263e-99,3.72011473136081e-98
"PHJJKLOP_00769",2620.4494228621,1.34706453399648,0.0638439671105785,21.0993237883126,8.06816363202182e-99,4.88989512434683e-98
"PHJJKLOP_00154",239.012318787236,4.59697056150462,0.217972099017956,21.0897201165454,9.88446182273332e-99,5.97860175702294e-98
"PHJJKLOP_01386",318.961191959335,2.89788743964772,0.137699824511443,21.0449610224951,2.54326605116912e-98,1.535189225242e-97
"PHJJKLOP_00128",5172.94473150951,-1.33384625399969,0.0634266984875609,-21.0297285812738,3.50650582821407e-98,2.11236990939093e-97
"PHJJKLOP_02225",5569.55837383693,1.18287889557036,0.0563102675025138,21.0064513637331,5.72570239253902e-98,3.44231987214093e-97
"PHJJKLOP_02383",2704.05433773634,-1.37102536714078,0.0653618802952898,-20.9759168638785,1.08848144126644e-97,6.53088864759862e-97
"PHJJKLOP_00737",307.843052941564,3.01829554486748,0.144066713476317,20.9506795292006,1.84973019639973e-97,1.10761844160416e-96
"PHJJKLOP_02328",501.854368705711,-2.30687042414573,0.110457259392202,-20.8847334873184,7.37147730313015e-97,4.4052301488167e-96
"PHJJKLOP_01492",1491.11639405095,-1.58983292751237,0.0762130287869412,-20.8603824413914,1.22686608228298e-96,7.31720527959209e-96
"PHJJKLOP_02094",2373.73279697897,-1.65006699827825,0.0791849411805573,-20.8381413647295,1.95274280955458e-96,1.16232842381837e-95
"PHJJKLOP_00305",1160.15377421159,1.96097011759652,0.0942258821127762,20.8113744719258,3.414149780088e-96,2.02816754793323e-95
"PHJJKLOP_01082",2525.26463970939,1.45982654889129,0.0702636060859167,20.7764250970302,7.07335820413226e-96,4.19359098280634e-95
"PHJJKLOP_00280",8376.49184254194,1.34237350803592,0.0647874867123225,20.7196416492663,2.30393695624314e-95,1.36323858636205e-94
"PHJJKLOP_02095",609.072275051394,-2.24961940007735,0.108649587623333,-20.7052732484944,3.10469282247732e-95,1.83342215197181e-94
"PHJJKLOP_02983",763.820329682703,1.93001555815012,0.0933079026204913,20.6843740342125,4.78949773510806e-95,2.82278665726644e-94
"PHJJKLOP_01682",4793.70454662993,1.15220669874116,0.0557046171896991,20.6842225450967,4.80456393056216e-95,2.82610302713224e-94
"PHJJKLOP_00110",2324.83348305527,-1.43404337917401,0.069334301928486,-20.6830290244089,4.9249299801712e-95,2.89122360012403e-94
"PHJJKLOP_00323",11819.4718982318,1.17582596943022,0.0568705117697594,20.6754947834927,5.75733821277518e-95,3.37328191957904e-94
"PHJJKLOP_00749",4498.06591741296,1.56021138762356,0.075495065819099,20.6664021111278,6.95087294590692e-95,4.06463156250885e-94
"PHJJKLOP_02069",11545.3062194937,-1.14923463916779,0.0556959832596407,-20.6340668017359,1.35740186647601e-94,7.92214656574888e-94
"PHJJKLOP_02560",55573.4602147471,8.92337415987872,0.43254000901806,20.6301705595658,1.47130266893179e-94,8.57019492369994e-94
"PHJJKLOP_02120",969.211394381419,-1.82841433710339,0.0891507102835673,-20.509251483108,1.78012680083903e-93,1.03489313431302e-92
"PHJJKLOP_01321",8283.59176617304,1.26907376880673,0.0618792344260114,20.5088796036117,1.79378793080013e-93,1.04081415984798e-92
"PHJJKLOP_02694",3420.74082187748,-1.21606864600057,0.0593693522940637,-20.4831044808646,3.04611774404182e-93,1.76403801270043e-92
"PHJJKLOP_00235",284.497214066167,3.00957483014569,0.146997508152629,20.473645220032,3.69890909016101e-93,2.13794089110851e-92
"PHJJKLOP_00257",2889.12839902759,1.40272636015573,0.0685244313273372,20.470456054644,3.94907643535809e-93,2.27813773554184e-92
"PHJJKLOP_01532",431.179659048561,2.28261628351937,0.111580377424452,20.4571478982931,5.18860290530746e-93,2.98743790355587e-92
"PHJJKLOP_00029",46292.9696338095,-1.35944919720744,0.0665881156487021,-20.4157931781621,1.21050532528673e-92,6.95633962362469e-92
"PHJJKLOP_02215",9480.91748810969,-1.11788176835731,0.0548267129074572,-20.3893633062445,2.07833001583017e-92,1.19205365275777e-91
"PHJJKLOP_00420",26576.3968669223,-1.08413378286223,0.0532378607284986,-20.3639621883207,3.49172314812692e-92,1.99889466644207e-91
"PHJJKLOP_00892",5392.70069815591,1.22188870571267,0.06002096999621,20.3576967481502,3.96803561629461e-92,2.2672325639668e-91
"PHJJKLOP_01408",246.481773953691,3.36673054577287,0.165552215117817,20.3363666464801,6.13076005152006e-92,3.49628487509544e-91
"PHJJKLOP_00783",704.845000929882,-1.92591696836232,0.0947192913295966,-20.3328903893577,6.58093783861019e-92,3.74587982676785e-91
"PHJJKLOP_01597",416.849398500908,2.47870332172408,0.122113176593402,20.2984099740307,1.32813185519741e-91,7.54540184907217e-91
"PHJJKLOP_00187",217.148448038513,3.92778308365688,0.193672962076671,20.2804926487465,1.9120670467641e-91,1.08422892765373e-90
"PHJJKLOP_02582",3413.41914919397,1.29566591735365,0.0639429424200117,20.2628447850119,2.73683709607115e-91,1.54897736590492e-90
"PHJJKLOP_01900",10721.3621721911,-1.81348417961899,0.0895087624071258,-20.2604094934355,2.87561191842309e-91,1.6244494497658e-90
"PHJJKLOP_02222",1710.45878816259,1.3820823499039,0.068230312711642,20.2561338938151,3.13645063590826e-91,1.76846199696974e-90
"PHJJKLOP_00462",1116.29262587598,-1.70429917201911,0.0841516658009109,-20.2527086754432,3.36233576573662e-91,1.89226189522847e-90
"PHJJKLOP_01022",12573.7931330352,1.05344835333404,0.0521114663839931,20.2152890032207,7.1823449633822e-91,4.03451047286422e-90
"PHJJKLOP_00137",6358.61043367006,1.13465916643028,0.0561613991832433,20.2035416305801,9.11217953242651e-91,5.10896358054026e-90
"PHJJKLOP_02908",711.316117748007,1.81295114606845,0.0898912399807944,20.1682738657938,1.86018762876886e-90,1.04100967486616e-89
"PHJJKLOP_00793",2118.17824654989,1.31051294879815,0.0652258162888997,20.091936343021,8.68097141447491e-90,4.84903515204065e-89
"PHJJKLOP_00259",694.464334410453,-1.85211642552229,0.0921984711951197,-20.0883637387289,9.32859627757484e-90,5.2010832877205e-89
"PHJJKLOP_00661",2232.65080546963,1.4179114661528,0.0706521329239342,20.0689123947518,1.3799123248465e-89,7.67928903455469e-89
"PHJJKLOP_02509",3068.7342142168,1.56532738264617,0.0783611971600181,19.9757971978105,8.94444910026675e-89,4.96840085458231e-88
"PHJJKLOP_01218",2794.25253544696,-1.2665610839295,0.0635165766469332,-19.9406383465827,1.80743539424423e-88,1.00212251303097e-87
"PHJJKLOP_01929",599.403567897682,-1.97308800889894,0.0993362202708319,-19.8627248300718,8.55413105777227e-88,4.73402373141778e-87
"PHJJKLOP_02232",1430.32320245114,-1.62293454009594,0.0817712796514842,-19.8472440080799,1.16413288541177e-87,6.43065287624142e-87
"PHJJKLOP_02900",450.476303592659,2.59238939737278,0.130864345019553,19.8097457102272,2.4531991401032e-87,1.35264792365911e-86
"PHJJKLOP_01463",2721.66497312192,-1.4531959428067,0.0734990987238563,-19.7716158162226,5.22746495733454e-87,2.87702758865067e-86
"PHJJKLOP_02602",769.089639070794,1.83719981706323,0.0929261392709447,19.7705385317527,5.34028881001453e-87,2.93372930223551e-86
"PHJJKLOP_00865",950.95853979349,1.74384513482451,0.0882853685009087,19.7523685343915,7.65424282100427e-87,4.19721666778146e-86
"PHJJKLOP_00637",1338.29898159371,-1.51248355244911,0.0766566779322445,-19.7306169957687,1.17724751101122e-86,6.44365456666838e-86
"PHJJKLOP_01505",4589.03113649543,-1.20228434701496,0.0609455681976128,-19.727182510082,1.25999899139424e-86,6.8840090880189e-86
"PHJJKLOP_02836",5098.95382533181,1.1837222208296,0.060009105642711,19.7257100926878,1.2972293828132e-86,7.07450778168075e-86
"PHJJKLOP_01128",408.242269503915,2.22967432620549,0.113077246863905,19.7181518655918,1.50632795793109e-86,8.1999016473558e-86
"PHJJKLOP_00831",4852.10067198982,-1.16593811816288,0.0591306373122474,-19.7180035791934,1.51075009339441e-86,8.20904860185637e-86
"PHJJKLOP_00422",2087.1201099779,-1.48081791386579,0.0755194091429437,-19.6084414678469,1.30984505139537e-85,7.10448565919882e-85
"PHJJKLOP_02112",1732.28422514769,-1.50258143838342,0.0768414174367853,-19.5543170402803,3.79046854025966e-85,2.05219942306283e-84
"PHJJKLOP_01522",3514.48302500516,1.20208579727411,0.0615054188649515,19.544388436953,4.60476969076453e-85,2.48857047908827e-84
"PHJJKLOP_02105",2151.60013096147,-1.24986827746868,0.0640428294839908,-19.5161314317182,8.0076605822212e-85,4.31980824921987e-84
"PHJJKLOP_01253",5877.32573976179,-1.12762112317744,0.0578529566151808,-19.4911580868375,1.30494201920012e-84,7.02697195231144e-84
"PHJJKLOP_02543",8832.50554246883,-1.16683211969213,0.0603686846672681,-19.3284337090218,3.09677181895416e-83,1.66458434936243e-82
"PHJJKLOP_01310",1102.70743642186,-1.53655370757997,0.0795909614387292,-19.3056306872589,4.81637294609452e-83,2.58426892483996e-82
"PHJJKLOP_00136",675.126238235932,1.75717875444515,0.0911453302485803,19.278867602463,8.08266086366246e-83,4.32906737492046e-82
"PHJJKLOP_01302",2037.83245862733,-1.46918679036249,0.07624123757725,-19.2702379584783,9.54959748322483e-83,5.09652314880127e-82
"PHJJKLOP_02083",1163.8653483172,1.49305290401936,0.0774796593331437,19.2702564372359,9.54618846481867e-83,5.09652314880127e-82
"PHJJKLOP_00599",47626.552666563,-1.07140998072947,0.055633610384517,-19.2583219626466,1.20211470069597e-82,6.40414842328065e-82
"PHJJKLOP_01594",1732.82845277587,-1.34688470438707,0.0699953019353487,-19.24250152719,1.63141803957274e-82,8.67578261186641e-82
"PHJJKLOP_01590",1390.31520609911,1.4179703036449,0.0737332791963546,19.2310761043028,2.03364310043577e-82,1.07956160331644e-81
"PHJJKLOP_02718",484.836152458609,2.21546075694341,0.115274732267136,19.2189625026353,2.56854546717582e-82,1.36110179269459e-81
"PHJJKLOP_02619",5522.10662094067,-1.06861375855149,0.0556132792666429,-19.2150826680786,2.76792919539355e-82,1.46416607968344e-81
"PHJJKLOP_02974",208.211947950045,5.2199085742513,0.271785070803188,19.2060165734095,3.29607883040572e-82,1.74046913901847e-81
"PHJJKLOP_02134",4340.02808243913,-1.61664581575358,0.0843151360462109,-19.1738505274727,6.12062995258985e-82,3.22626163346021e-81
"PHJJKLOP_00798",9513.45700815011,1.52087857580314,0.0794968907244799,19.131296355655,1.38584731547521e-81,7.29213859847586e-81
"PHJJKLOP_01409",191.959561929458,4.62344912487893,0.24169763808735,19.1290620854475,1.44653332773917e-81,7.5981066372826e-81
"PHJJKLOP_01773",1262.83169563372,1.37098057068337,0.0717685218905417,19.1028118535635,2.39248711953298e-81,1.25448448964654e-80
"PHJJKLOP_01758",2169.9567217342,1.25042217436847,0.0655186799669933,19.084972026274,3.36657012745797e-81,1.76215226601559e-80
"PHJJKLOP_02103",4678.73499224555,-1.36545636566433,0.0715875715668107,-19.0739305130637,4.15842355199619e-81,2.17283073554566e-80
"PHJJKLOP_00155",202.512530079042,3.63061924961906,0.190825820293666,19.0258280773106,1.04227716557176e-80,5.43654674864436e-80
"PHJJKLOP_01760",3238.6788044435,1.16995947624511,0.0615237069903084,19.0164008880254,1.24759345906923e-80,6.49616489817963e-80
"PHJJKLOP_00479",1139.34695377184,-1.52839498485137,0.0804535734325823,-18.9972293291872,1.7978830624601e-80,9.34524633507907e-80
"PHJJKLOP_00999",863.883004118731,1.65831899670583,0.0874495093286342,18.9631595355657,3.43853803862987e-80,1.78422580375352e-79
"PHJJKLOP_02137",20846.3983921564,-1.02029450671063,0.0538643078391055,-18.9419403616636,5.1465021590707e-80,2.66585250246673e-79
"PHJJKLOP_00810",1006.25553710217,-1.60201929869947,0.084662900794246,-18.9223294225746,7.46797881854937e-80,3.86168023881465e-79
"PHJJKLOP_02466",6786.44199782396,1.26554084082566,0.0669529808571199,18.9019342324185,1.0994700511803e-79,5.6755402297135e-79
"PHJJKLOP_02424",2661.18781386906,1.21734798497169,0.0644271949171539,18.8949400410349,1.25530130551203e-79,6.46879881016011e-79
"PHJJKLOP_01759",1507.16498676027,1.4894313166388,0.0788813970421905,18.8819084408732,1.60674136490431e-79,8.26560764007475e-79
"PHJJKLOP_00600",49177.5813477296,-1.02159893668111,0.0541508694754336,-18.865790089383,2.17988635146305e-79,1.11948194447348e-78
"PHJJKLOP_02193",1523.44972789329,-1.45500263084766,0.0773091664794262,-18.8205706658973,5.12298329021242e-79,2.6264061594e-78
"PHJJKLOP_00109",1289.40365428184,-1.43652172787738,0.0763763349242505,-18.808466382972,6.4373242329614e-79,3.2945895305105e-78
"PHJJKLOP_01839",5113.07867901836,-1.09172243495141,0.0581629788933749,-18.7700571002866,1.3274273289664e-78,6.78211164321739e-78
"PHJJKLOP_00954",1512.88838708376,1.39127427538864,0.0744131901174842,18.6966083995604,5.27553661497157e-78,2.69079329220185e-77
"PHJJKLOP_02158",13693.2743880065,-1.14469413307669,0.061273531283625,-18.681706588414,6.97530145860292e-78,3.55170962024781e-77
"PHJJKLOP_01414",180.406228491833,4.27044940178822,0.229165759963706,18.6347620275584,1.67899406527874e-77,8.53464894982097e-77
"PHJJKLOP_01047",7468.42463908492,-1.15697613297617,0.0624796134501395,-18.5176583062485,1.48768475018759e-76,7.54936973230786e-76
"PHJJKLOP_00643",1084.01611087746,-1.78822268715941,0.0966115682448836,-18.5094054433188,1.73403992704869e-76,8.78462866596242e-76
"PHJJKLOP_00106",5116.25155251183,-1.16737014017509,0.0631085113323796,-18.4978240736307,2.14979696117248e-76,1.08724528745784e-75
"PHJJKLOP_00531",2074.86505093511,1.23183610860698,0.0666967619114093,18.4692041008405,3.65432187428424e-76,1.84503198846661e-75
"PHJJKLOP_01236",4063.86744751239,-1.24687709995992,0.0676295366297373,-18.4368718476723,6.64776582569823e-76,3.35074257275093e-75
"PHJJKLOP_01711",109599.509360809,-1.30436813572592,0.0708323104830039,-18.4148748901662,9.98197396482072e-76,5.02286219339046e-75
"PHJJKLOP_00292",12820.4605873115,-1.06537333184623,0.0579904008947814,-18.3715462457184,2.21996318840485e-75,1.11519627283291e-74
"PHJJKLOP_00125",5203.70652815544,-1.02167374519821,0.055652005420733,-18.3582556904155,2.83570280648856e-75,1.42212633209828e-74
"PHJJKLOP_00615",4087.25192235243,-1.24571778186154,0.0679576191641391,-18.3308037742278,4.69909530508738e-75,2.35269086010562e-74
"PHJJKLOP_01011",467.115297730165,-2.02151099575089,0.11039592409818,-18.3114640532659,6.70427255523173e-75,3.35101703344972e-74
"PHJJKLOP_02018",763.235130473104,2.24926907720201,0.12287744530012,18.3049791742359,7.55208544971409e-75,3.76849063940733e-74
"PHJJKLOP_02123",251.103686739142,2.72031542359989,0.148663838129516,18.2984339556062,8.5161804731523e-75,4.24250321740732e-74
"PHJJKLOP_00516",1865.56300505948,-1.3118662631774,0.0717356964956506,-18.2874960063563,1.04087819932747e-74,5.17672645977813e-74
"PHJJKLOP_02561",15610.8240686184,9.16920165228135,0.501507751510772,18.2832700484878,1.12475787087153e-74,5.58461868223776e-74
"PHJJKLOP_01945",1093.69485959601,1.60631315371322,0.0878622565203941,18.2821750468061,1.14757031541191e-74,5.68845285487297e-74
"PHJJKLOP_00371",230.696535468972,5.98528286871994,0.3277279304707,18.2629623911626,1.6319192085938e-74,8.0759770421981e-74
"PHJJKLOP_02972",211.271441528106,3.22666038394511,0.176685577068207,18.2621605989917,1.65606312433029e-74,8.18193563406748e-74
"PHJJKLOP_02113",2924.74078465686,-1.53514805551138,0.0841598497668927,-18.2408602173537,2.44578822839967e-74,1.20637396306896e-73
"PHJJKLOP_00679",37551.0079440303,-0.943666337970186,0.0517356487119399,-18.2401566707793,2.4774723931182e-74,1.2199921620059e-73
"PHJJKLOP_01239",1370.38909192784,1.39043307846023,0.07637632765909,18.2050266237794,4.70824739067801e-74,2.31469502260919e-73
"PHJJKLOP_02781",474.352394978984,2.28241220129848,0.125418312600543,18.1983966613229,5.31405120252883e-74,2.60824086891333e-73
"PHJJKLOP_01714",77530.2757296915,-0.928464272985104,0.0510544766021923,-18.1857563680368,6.69257265520832e-74,3.27947013579275e-73
"PHJJKLOP_02568",9525.65138784674,1.1602857169275,0.0639045684521304,18.1565378662504,1.13990545004626e-73,5.57659627032434e-73
"PHJJKLOP_01300",4096.56984122309,1.0938501213903,0.0602649134050411,18.1506959785791,1.26784244084305e-73,6.19236585299201e-73
"PHJJKLOP_00953",941.906679364833,1.47968060444834,0.0815316254365375,18.1485478368157,1.31840437758318e-73,6.42883176951799e-73
"PHJJKLOP_02605",637.867700363913,1.71016931855654,0.094286265158027,18.1380534661144,1.59583909616311e-73,7.76901179497944e-73
"PHJJKLOP_00088",14001.2836672507,0.992235814901005,0.0547261467218273,18.1309277984532,1.81667991175942e-73,8.829772168519e-73
"PHJJKLOP_01132",1168.38571227361,-1.4869733560334,0.0824764535037484,-18.0290651799888,1.15223249088637e-72,5.59122216809368e-72
"PHJJKLOP_01312",1800.19074119286,-1.26171965250695,0.0699946469973132,-18.0259449348375,1.21911309798352e-72,5.90618869799783e-72
"PHJJKLOP_01585",385.062187448187,2.12460080858686,0.117959169977971,18.0113238248762,1.58785266887201e-72,7.68017914475413e-72
"PHJJKLOP_02986",485.150848522886,2.20924888307732,0.122685770407499,18.0073766969009,1.7052054992187e-72,8.2344923623561e-72
"PHJJKLOP_01176",2209.7036843357,1.23638971238753,0.0688366100916592,17.9612231157406,3.92072338790871e-72,1.89028113098207e-71
"PHJJKLOP_00747",6128.6392023768,-1.31790042385151,0.0734153533989413,-17.9512916963022,4.68870773951341e-72,2.25691173184938e-71
"PHJJKLOP_02191",2436.90811754318,-1.33153297708896,0.0742818135887536,-17.92542363681,7.46795155691946e-72,3.58893209653561e-71
"PHJJKLOP_02289",233.014768106421,6.28063044663749,0.351050808393959,17.890944263513,1.38737312868002e-71,6.65672299241663e-71
"PHJJKLOP_01704",13085.6241619546,-1.15358692159033,0.064539961332218,-17.8739946194307,1.88034564647872e-71,9.00760778489167e-71
"PHJJKLOP_01405",303.396164896797,2.33648897566783,0.130808390214405,17.8619198037537,2.33469092500398e-71,1.11662374272555e-70
"PHJJKLOP_00832",3480.44846952334,-1.1686685328378,0.0655479576252341,-17.8292135282014,4.19277557807215e-71,2.00210049134737e-70
"PHJJKLOP_00199",693.518888348112,5.22266596353169,0.293478755228188,17.7957207139949,7.62796598132652e-71,3.63664492804006e-70
"PHJJKLOP_02190",1995.84608342804,-1.14539362235894,0.0645215156967663,-17.7521189635715,1.65971847337427e-70,7.90015438677671e-70
"PHJJKLOP_00664",407.373787168072,-1.99082821156187,0.112277609679463,-17.7313020578672,2.40401799093015e-70,1.14248093092776e-69
"PHJJKLOP_01384",203.259149020161,3.16834467960156,0.179227131463724,17.677818384561,6.21551347999619e-70,2.94916756879692e-69
"PHJJKLOP_02357",214.395697757887,-3.10033272257611,0.175529499775975,-17.6627445901288,8.11938337467024e-70,3.8464294024941e-69
"PHJJKLOP_01875",295.325102960133,2.37955740009086,0.135022174993921,17.6234562967009,1.62750664866156e-69,7.69787504911963e-69
"PHJJKLOP_01191",669.093787094739,-1.69400796459813,0.0964042705377694,-17.5719182889772,4.04268465821629e-69,1.90911638276019e-68
"PHJJKLOP_01512",2440.15554550725,-1.19949133736818,0.0682676599970723,-17.5704182246707,4.1510100886119e-69,1.95718491422111e-68
"PHJJKLOP_02909",491.288178259721,1.8281186545918,0.104082723190062,17.5640932381596,4.64049992404837e-69,2.18453722839636e-68
"PHJJKLOP_02504",1855.88778973403,1.16797206641963,0.0665252664365541,17.5568190701429,5.27496161651633e-69,2.4793147692072e-68
"PHJJKLOP_01345",2883.06152504826,-1.14143700073795,0.0650445817131902,-17.5485331856087,6.10360690860199e-69,2.86429452732827e-68
"PHJJKLOP_02141",6007.9556984672,-1.06901105089787,0.0609862130482077,-17.5287330933772,8.64748186502274e-69,4.05173093957403e-68
"PHJJKLOP_00852",11298.5798639932,1.08162216178085,0.0617735059814544,17.5094831448545,1.21290311225778e-68,5.67411237203091e-68
"PHJJKLOP_01406",174.708802896578,3.43579990883203,0.196453635867681,17.4891133658945,1.73434555869431e-68,8.10082777337094e-68
"PHJJKLOP_01380",199.871405908081,3.3200800479906,0.189868518856657,17.4862060755692,1.82510409687328e-68,8.51146676953055e-68
"PHJJKLOP_01141",1366.21590852732,-1.49228975249958,0.0854014012446212,-17.473832170799,2.2674059978808e-68,1.05577193742692e-67
"PHJJKLOP_00449",7696.96779238634,1.1452165911512,0.0656476318288347,17.4449033308188,3.76354724430911e-68,1.74969882755613e-67
"PHJJKLOP_00653",7818.0015605027,-1.55087383752504,0.0889974644996602,-17.4260451827924,5.234321765112e-68,2.42969912631711e-67
"PHJJKLOP_01096",469.051808797071,1.84448165786187,0.105872847070299,17.4216686232793,5.65049628151148e-68,2.61882134161693e-67
"PHJJKLOP_00893",2118.30042667609,1.24407307370408,0.0716902141377861,17.3534573535102,1.85722511336227e-67,8.59433074096854e-67
"PHJJKLOP_01806",797.232692561178,-1.48519360900805,0.085624607414519,-17.345406348178,2.13661945121989e-67,9.8719732051734e-67
"PHJJKLOP_01462",2469.63140753292,1.14049864655576,0.0657563382489335,17.3443150413605,2.17758389189864e-67,1.00457414057697e-66
"PHJJKLOP_01026",1290.06250279378,-1.24185492499321,0.0716415078103868,-17.33429352548,2.59232783980447e-67,1.19406608498071e-66
"PHJJKLOP_02586",205.489844008624,2.93948300322027,0.169647352728621,17.3270195846937,2.94184044533633e-67,1.35297546748648e-66
"PHJJKLOP_00617",13652.0458827913,0.93766340415139,0.0541788069246757,17.3068300572771,4.1779226560048e-67,1.91851233620834e-66
"PHJJKLOP_02079",782.484129699776,-1.88070973935319,0.108774404087675,-17.2900026906816,5.59496629829574e-67,2.5652877637209e-66
"PHJJKLOP_00816",4247.8726008135,1.01424224256528,0.0586793620414413,17.2844797093907,6.15744431693382e-67,2.81886671022933e-66
"PHJJKLOP_00124",9581.98979394082,-0.925792089433029,0.0535751218293634,-17.2802610208088,6.624754019928e-67,3.02817000544495e-66
"PHJJKLOP_01810",760.337597510885,-1.54106765309414,0.0892802137143001,-17.2610211040222,9.24613490427985e-67,4.21995852186187e-66
"PHJJKLOP_00986",200.460005295393,-3.00870637955689,0.174627972111781,-17.2292350599535,1.60256572383926e-66,7.30301640361453e-66
"PHJJKLOP_01818",776.165776107663,-1.51800120942896,0.0882245245608656,-17.2061137986831,2.38938076972674e-66,1.08720456300332e-65
"PHJJKLOP_01811",1466.88928499129,-1.22511730435896,0.0712085273895085,-17.2046431694565,2.45081808157141e-66,1.11346727408571e-65
"PHJJKLOP_00750",5139.18207784256,1.11069386663115,0.0646163588043665,17.1890506859711,3.20741111851767e-66,1.4549983164912e-65
"PHJJKLOP_02139",5979.35423529496,1.03163470651888,0.0601119095699999,17.1619020905924,5.12086969534056e-66,2.31949831586227e-65
"PHJJKLOP_01248",333.439483814652,-2.20829781879529,0.128703460431713,-17.1580298726074,5.47392310288168e-66,2.47566854532141e-65
"PHJJKLOP_02583",946.939226579752,1.61885662708807,0.0943694466422732,17.1544571329816,5.8211463484408e-66,2.62873486685245e-65
"PHJJKLOP_02480",863.112599497499,-1.53339932728056,0.0894858085965334,-17.1356704636177,8.04205197022361e-66,3.62619030103155e-65
"PHJJKLOP_01883",544.135334234428,1.75479657892216,0.102512473352769,17.1178835270466,1.09173006773346e-65,4.91524785382553e-65
"PHJJKLOP_00644",738.016501662547,-2.15669053214165,0.126151663449971,-17.0960134267032,1.58909421583215e-65,7.14376588919139e-65
"PHJJKLOP_01303",820.136025561813,-1.69710984544391,0.0992737442334954,-17.0952537203819,1.60993849887311e-65,7.22662048819503e-65
"PHJJKLOP_00159",195.799888303239,6.02682119266125,0.352807566039565,17.0824601646592,2.00484515787974e-65,8.98578802798196e-65
"PHJJKLOP_02524",689.953214879933,1.54018840835324,0.0901857062498339,17.0779658151879,2.16537300258196e-65,9.69077245101701e-65
"PHJJKLOP_01482",2293.01370534761,-1.1316390885051,0.0662644050941157,-17.0776314508192,2.17781545260109e-65,9.73190964938455e-65
"PHJJKLOP_00829",1141.88736386318,1.39196961353225,0.08151510542257,17.0762168105697,2.23125068442213e-65,9.9558339033679e-65
"PHJJKLOP_00751",2612.25003972959,1.10948684015188,0.0649950465434323,17.0703291890171,2.4680435735058e-65,1.09960155641017e-64
"PHJJKLOP_02841",193.533580696685,3.11144610243485,0.182311716135169,17.0666272491669,2.62958927420576e-65,1.1698351095055e-64
"PHJJKLOP_02300",2826.39682100953,3.37901555653929,0.198005487277055,17.0652621955435,2.69178095900692e-65,1.19572584440159e-64
"PHJJKLOP_01816",912.618466863651,-1.5185900952937,0.0890900103231238,-17.0455709881037,3.7704393195023e-65,1.67239930705035e-64
"PHJJKLOP_02217",9277.68511504311,0.98484758338904,0.0581017959770159,16.9503810825164,1.91210387893042e-64,8.46869676555869e-64
"PHJJKLOP_02618",945.380253906409,-1.42540323471055,0.0841583318366249,-16.9371612246029,2.3940183369374e-64,1.05874311680806e-63
"PHJJKLOP_00185",159.439541789024,3.51973863181969,0.207846026177252,16.9343561508269,2.51090642674194e-64,1.10879850172056e-63
"PHJJKLOP_00364",975.308406542368,-1.40774542126573,0.0831690932885154,-16.9263047798565,2.87895817124617e-64,1.2694551936246e-63
"PHJJKLOP_00383",845.740458813617,-1.49473711581935,0.0883512224041674,-16.9181260331815,3.30789154746033e-64,1.45644519016121e-63
"PHJJKLOP_00271",3475.95544261687,-1.27911422766189,0.0756398829365302,-16.9105791548514,3.7599462749288e-64,1.65305126977046e-63
"PHJJKLOP_02114",15836.5073178643,-0.956535572403283,0.0568119268239909,-16.836879610979,1.30962821995095e-63,5.74930629110431e-63
"PHJJKLOP_02604",851.426743470614,1.39518628819533,0.0829945971367026,16.8105676312554,2.04206569293349e-63,8.95160275935999e-63
"PHJJKLOP_02413",6256.60674829564,1.62236526890682,0.0968258466207851,16.7554978915987,5.16268873651773e-63,2.25980849080908e-62
"PHJJKLOP_02211",1601.75901526663,1.36396465215313,0.0814333462777429,16.7494609333759,5.71417182172354e-63,2.49755188821026e-62
"PHJJKLOP_00975",249.966506425463,-2.46185639950415,0.147211879522784,-16.7232183128477,8.87920286081128e-63,3.87526725441239e-62
"PHJJKLOP_00135",3597.19809499777,-1.1119953153031,0.06651219171136,-16.7186689641618,9.58358127645905e-63,4.17660004974067e-62
"PHJJKLOP_00468",2213.65989701917,-1.07434377359785,0.0644033307905162,-16.6814939601858,1.78693561513819e-62,7.77628667401706e-62
"PHJJKLOP_02160",3817.75497225865,1.09398204980007,0.0657740299413174,16.6324315353051,4.05786832531977e-62,1.76331752772241e-61
"PHJJKLOP_01591",1494.72287090014,1.38114380087887,0.0831124543455241,16.6177718099508,5.18231947779757e-62,2.24867601688782e-61
"PHJJKLOP_00161",183.926764452738,6.01354184643667,0.362013939229541,16.6113544114767,5.76761416814525e-62,2.4990212473845e-61
"PHJJKLOP_00326",1109.36996718196,1.2885311388989,0.0775883055202819,16.6072854698711,6.17237748566574e-62,2.67053442082128e-61
"PHJJKLOP_00113",991.192891855109,-1.31967304651406,0.0797899268383557,-16.5393439849563,1.91091989969043e-61,8.25583575710412e-61
"PHJJKLOP_01328",15001.7539574165,1.00489900701931,0.0608302564933184,16.5197233243572,2.64609135587166e-61,1.14155583854175e-60
"PHJJKLOP_02987",1196.59385481536,1.70610316598827,0.103387620168723,16.5020063640502,3.54901906311441e-61,1.52888677337619e-60
"PHJJKLOP_00784",1086.09812323505,-1.43636821042511,0.0872713923494588,-16.4586374957042,7.27189328888683e-61,3.12816788892632e-60
"PHJJKLOP_00189",149.723140409596,3.73777831107354,0.227236248673077,16.4488647075452,8.54550447719148e-61,3.66550722130534e-60
"PHJJKLOP_00475",4591.56334223588,1.0211062910468,0.0620774169642798,16.4489171905196,8.53810339549429e-61,3.66550722130534e-60
"PHJJKLOP_01025",2255.50635475508,1.46240194998843,0.089228229271046,16.3894538974447,2.27479023278718e-60,9.74352211296826e-60
"PHJJKLOP_01853",6202.65632175828,-1.13694150571251,0.0693759220185162,-16.388128224214,2.32494020863269e-60,9.94410140663753e-60
"PHJJKLOP_00946",931.347790508002,-1.48753939534576,0.0908954649438603,-16.3653862848329,3.37877104423421e-60,1.4430870907899e-59
"PHJJKLOP_03080",500.124088114979,1.95232368312671,0.119628790588828,16.3198480358878,7.13129042760974e-60,3.04146489177544e-59
"PHJJKLOP_01493",4504.65978873201,-1.00309942550946,0.0615323267834048,-16.3019908062374,9.55291898058527e-60,4.06848356015253e-59
"PHJJKLOP_02603",485.38927142879,1.67118258261275,0.102585769677309,16.2905887226813,1.15115734777614e-59,4.89568906142295e-59
"PHJJKLOP_00849",9171.08260746993,-0.893744141941295,0.0549183913142044,-16.274040818638,1.50864936972168e-59,6.40694498290314e-59
"PHJJKLOP_02381",317.433928543549,-2.24723667055507,0.138723071709727,-16.1994442803093,5.08848265354476e-59,2.15792026412366e-58
"PHJJKLOP_02332",420.373834668475,1.85344003511904,0.114434626390435,16.1964965813351,5.33829888618316e-59,2.26066009409228e-58
"PHJJKLOP_02518",991.431829679423,-1.62829016352501,0.100609545822058,-16.1842512081794,6.51374711592955e-59,2.75454221258377e-58
"PHJJKLOP_02089",468.558237160049,-1.8032397122024,0.111474299943852,-16.1762820050061,7.41383277996757e-59,3.13074969580013e-58
"PHJJKLOP_00974",416.132807058918,1.87978593095761,0.116349664358226,16.1563502681879,1.02450428764236e-58,4.32023357352285e-58
"PHJJKLOP_00363",1938.88644727461,-1.13483630039804,0.070254505447886,-16.153217408097,1.07789710776366e-58,4.53899288416932e-58
"PHJJKLOP_03017",427.783568652893,1.73199594772121,0.107291934860873,16.142834500721,1.27546857616956e-58,5.363417018331e-58
"PHJJKLOP_02189",2232.03133453684,-1.20580433675727,0.0749440678215483,-16.0893900185462,3.02805971266743e-58,1.27153026363622e-57
"PHJJKLOP_01609",3030.43496149832,-0.98499683033613,0.061343759816779,-16.0570012871417,5.10648981812498e-58,2.14129278928098e-57
"PHJJKLOP_01817",416.822434756241,-1.83357462445845,0.114579760713247,-16.0026047623476,1.22539137224347e-57,5.13121925663911e-57
"PHJJKLOP_02151",144.77452256906,3.31499263117227,0.207258829703857,15.9944579244654,1.39668705409637e-57,5.84033664799514e-57
"PHJJKLOP_02412",770.338599436451,1.75385662639066,0.109752994537127,15.980034383457,1.76048793783438e-57,7.35132620066407e-57
"PHJJKLOP_01572",795.952288770907,1.36704953357892,0.0858395433468661,15.9256384677497,4.20697418122884e-57,1.75427307779933e-56
"PHJJKLOP_02343",718.275618337764,1.75745165387597,0.11045867460082,15.9104901468999,5.35922775421737e-57,2.23164504814003e-56
"PHJJKLOP_01044",6534.2642522522,-0.866961499075777,0.0545411878576542,-15.8955375401511,6.80422910359035e-57,2.82942526890965e-56
"PHJJKLOP_02886",4411.00622364706,-1.11821891370985,0.0703495341108053,-15.8951857726389,6.84253157239135e-57,2.84140631452701e-56
"PHJJKLOP_01296",1585.81021627839,1.12941735805052,0.0710890742186291,15.8873549904038,7.7530615099681e-57,3.2150507147984e-56
"PHJJKLOP_00667",829.485816764089,-1.36585782637321,0.0859736475667878,-15.8869358812787,7.80506140952787e-57,3.23213746336465e-56
"PHJJKLOP_00098",1991.72839858658,-1.18132530796084,0.0744223822003544,-15.8732530864245,9.70762274603594e-57,4.01445062177232e-56
"PHJJKLOP_02342",1252.09572111009,1.43072264810556,0.0901667879193396,15.8675126520581,1.06373693182035e-56,4.39286672257947e-56
"PHJJKLOP_02623",8951.00788884788,-1.04743789097183,0.0660358713136047,-15.8616501930828,1.16784506417424e-56,4.81615443820618e-56
"PHJJKLOP_02575",2925.29747215478,1.04972702846682,0.0661827083416526,15.8610467109907,1.17912190780328e-56,4.85597110311281e-56
"PHJJKLOP_02885",2981.34011931748,-1.12385555492987,0.0708584156839675,-15.8605797784462,1.18792151658024e-56,4.88549041296871e-56
"PHJJKLOP_02028",617.18822002732,1.55800334888703,0.0983850073592779,15.8357801732695,1.76259360898298e-56,7.23896469862146e-56
"PHJJKLOP_02223",5260.41168990046,0.992288046092288,0.0626897632985637,15.8285498920527,1.977256901793e-56,8.10946186844964e-56
"PHJJKLOP_00174",126.902291140396,4.03130306677043,0.25469213533865,15.8281411454273,1.99014178589151e-56,8.15114159638737e-56
"PHJJKLOP_00107",4453.36913598476,-1.12965618550544,0.0714728286285174,-15.8053935625924,2.85601138523566e-56,1.16815547642016e-55
"PHJJKLOP_01888",1355.7903277913,1.16470846729009,0.0736982643000606,15.8037435257364,2.93177409899066e-56,1.19750772883738e-55
"PHJJKLOP_00684",5707.68761874794,-1.08292719135102,0.0685928343582296,-15.7877597781625,3.77759283214168e-56,1.54088732144853e-55
"PHJJKLOP_01598",13832.2710764247,-0.886837461826222,0.0562332584900028,-15.7706931029772,4.95035353443231e-56,2.01651135810753e-55
"PHJJKLOP_00031",6054.20014040498,0.946957147456379,0.0600602704245047,15.7667812809251,5.26662430072392e-56,2.1424284179847e-55
"PHJJKLOP_02703",1898.76262529358,1.36594078010196,0.086637317307576,15.7661943207759,5.31578577489775e-56,2.15949289145778e-55
"PHJJKLOP_02443",622.266386805986,-1.52705454494538,0.0971595449651094,-15.7169791757851,1.15710584621559e-55,4.69427493708602e-55
"PHJJKLOP_00871",2028.43047703768,-1.21844807449872,0.0775789784017749,-15.7059051253354,1.37796871878894e-55,5.58273118275247e-55
"PHJJKLOP_00282",428.288872372972,-1.77157840046025,0.113052088251016,-15.6704615356306,2.40824258354815e-55,9.74361931776105e-55
"PHJJKLOP_01755",4762.21007772334,1.06397883476212,0.0679987703335613,15.6470305204473,3.48086897748141e-55,1.40644017794593e-54
"PHJJKLOP_02495",318.808175918255,-2.25729967334084,0.14427842356769,-15.6454417613026,3.56884066368327e-55,1.44004163707112e-54
"PHJJKLOP_02354",573.183553786539,-1.56988531575809,0.100393829150751,-15.6372690337447,4.05759996114879e-55,1.6350544123391e-54
"PHJJKLOP_02697",3534.04978064237,-0.997182973665099,0.0637757665315348,-15.6357661835711,4.15447613791784e-55,1.67184160711371e-54
"PHJJKLOP_02455",588.36735773675,-1.60758112089815,0.102908659012745,-15.6214368773287,5.20199842334592e-55,2.09057493684533e-54
"PHJJKLOP_00083",2537.82763196855,-0.990465776466164,0.0634484382636833,-15.6105619550464,6.16912148211217e-55,2.47591819268684e-54
"PHJJKLOP_00168",125.43240960858,3.88755104685183,0.249381423981282,15.5887755582935,8.67809782219641e-55,3.47820948857511e-54
"PHJJKLOP_02628",6727.14633794192,-1.07838959676758,0.0693610608272229,-15.547478425306,1.65494454289937e-54,6.6242031570063e-54
"PHJJKLOP_01010",1340.14087223676,1.10984657828381,0.0714928251401336,15.5238875524697,2.39114896179448e-54,9.55821093673254e-54
"PHJJKLOP_00493",222.154744523219,-2.52659758381966,0.162928088064049,-15.5074402077708,3.08952351968727e-54,1.23333778905916e-53
"PHJJKLOP_01124",535.830453293649,1.57965552729514,0.101922089444083,15.4986572185786,3.54217838697933e-54,1.41215473909669e-53
"PHJJKLOP_00788",5841.12867188105,-0.88660807772513,0.0573157829416614,-15.4688295652798,5.63217827231043e-54,2.24238587065125e-53
"PHJJKLOP_01145",2948.36381657878,1.01230938040896,0.0654808310211888,15.4596294002651,6.49712513597877e-54,2.58331907797084e-53
"PHJJKLOP_00522",547.951065929239,1.5518124194936,0.100515824264264,15.4384887240617,9.01888331950797e-54,3.58123828363486e-53
"PHJJKLOP_00129",2784.68648952059,-0.954095774912608,0.0618960216452639,-15.4144927178145,1.30793858829841e-53,5.18671275942442e-53
"PHJJKLOP_02169",132.0315682778,3.90338761631689,0.253514471326801,15.3970998021849,1.71176273996117e-53,6.77912386698909e-53
"PHJJKLOP_01469",3772.64676933599,0.901519934679847,0.058695574485228,15.3592488460392,3.07112283335672e-53,1.2146554508679e-52
"PHJJKLOP_01327",8391.1456592407,0.870210472138117,0.0567623496924639,15.33076901948,4.7631392604511e-53,1.88137716962937e-52
"PHJJKLOP_02006",349.832102920767,1.76246060848408,0.115077901624753,15.3153697069584,6.03676507848614e-53,2.38130100724473e-52
"PHJJKLOP_02138",3369.57793636033,0.926710951577357,0.060585495092672,15.2959210807777,8.14009719741257e-53,3.20676986961227e-52
"PHJJKLOP_00163",147.220417244186,5.77312584068428,0.377457125472853,15.2947856884463,8.2833042876224e-53,3.2588979023839e-52
"PHJJKLOP_00272",3341.53815101409,-0.935113254175218,0.0611612462111141,-15.2893100141784,9.00996605932369e-53,3.54013627055317e-52
"PHJJKLOP_02892",368.720846613918,-1.77070067498217,0.115873755215711,-15.2812918825823,1.01900425896025e-52,3.99855668588072e-52
"PHJJKLOP_01772",6879.28134615629,0.874488377834319,0.0573096753606925,15.2590007242322,1.43427961053254e-52,5.62072402347436e-52
"PHJJKLOP_01615",218.569787288463,2.3986099193482,0.157226026006473,15.2558070713398,1.50621083914674e-52,5.89489575477822e-52
"PHJJKLOP_00492",1303.0861963355,1.1001646048559,0.0721695065016668,15.2441752505332,1.79991349167241e-52,7.03517101053159e-52
"PHJJKLOP_02444",8340.2948099388,-0.915102673120417,0.0600798496414297,-15.2314408005672,2.18717853558322e-52,8.53769561347609e-52
"PHJJKLOP_00969",1413.07459053609,1.12091324612247,0.0737863967664451,15.191326521479,4.03667312915355e-52,1.57367179019345e-51
"PHJJKLOP_00558",628.849006997585,-1.43600407413387,0.0945345061906905,-15.1902636613686,4.10266159948288e-52,1.5973171428936e-51
"PHJJKLOP_01356",1123.07973307166,-1.40693831995228,0.0926402040731248,-15.1871245754352,4.30389087491081e-52,1.67348691941337e-51
"PHJJKLOP_00987",162.764452972121,-3.13456083690375,0.207217906853161,-15.1268820562161,1.07677572796244e-51,4.18140924710706e-51
"PHJJKLOP_00668",835.981358387978,-1.40631588616034,0.09301845821703,-15.1186755093181,1.21971222316173e-51,4.73033471003397e-51
"PHJJKLOP_02188",1460.12589043766,-1.17554168583007,0.0777781876525574,-15.1140277410594,1.30888689788159e-51,5.0696085022736e-51
"PHJJKLOP_02310",336.005049745183,-2.13888113255631,0.141557898083296,-15.1095852758264,1.40018197168721e-51,5.41620778195287e-51
"PHJJKLOP_00429",1623.78673540378,-1.12721746997636,0.0746272446082799,-15.1046374000963,1.5093438619969e-51,5.83093615847577e-51
"PHJJKLOP_03064",914.664010905239,1.46078469882338,0.0967434415798382,15.099573417779,1.62984392875704e-51,6.28834113749816e-51
"PHJJKLOP_02124",269.044247699533,2.05566364268381,0.136146270261556,15.0989346879249,1.64570776541653e-51,6.34137586828454e-51
"PHJJKLOP_00384",3448.29190239628,-1.15917021312406,0.076818288663577,-15.0897687684844,1.89103855992079e-51,7.27733862262578e-51
"PHJJKLOP_03137",1000.83578680914,1.14838307810273,0.0761774578598608,15.075103716579,2.36144767125927e-51,9.07596190982059e-51
"PHJJKLOP_00481",1478.63377049977,-1.1394783374563,0.0756205060987419,-15.0683775637314,2.61455029804302e-51,1.00358507594113e-50
"PHJJKLOP_01807",2259.62755693555,-1.04148011691515,0.0692740417168956,-15.0342046039612,4.3828101095496e-51,1.68017073853925e-50
"PHJJKLOP_01111",6347.32393340499,0.874658815304586,0.0582145454596361,15.0247469665643,5.05540136483487e-51,1.93553346372322e-50
"PHJJKLOP_01626",225.950910647497,2.31019264763533,0.153857882109615,15.0151075522374,5.84669625247695e-51,2.23563327968276e-50
"PHJJKLOP_02633",297.832846588677,-1.9788993488028,0.131865872844997,-15.0069104773523,6.61582463881403e-51,2.52650241946546e-50
"PHJJKLOP_00183",131.201868219866,3.23497481593953,0.215568855919557,15.0066891719586,6.63792992335567e-51,2.52849391736983e-50
"PHJJKLOP_02542",7314.02399384465,-1.06842910641435,0.0711965227915908,-15.0067596635569,6.63088083842471e-51,2.52849391736983e-50
"PHJJKLOP_00848",1120.32781057836,1.11975472259171,0.0747709848919678,14.975792069739,1.05700984605009e-50,4.02120391241928e-50
"PHJJKLOP_00087",13344.8226507325,1.02503703152139,0.0685125275619755,14.9613080701796,1.31417313437072e-50,4.99319081764714e-50
"PHJJKLOP_00072",16383.6246853212,-1.07876570851739,0.0722076676450515,-14.9397666992962,1.81609932504156e-50,6.89150998627937e-50
"PHJJKLOP_00686",46876.4082970437,0.950508168353323,0.0637310806562893,14.9143582466387,2.65820680121091e-50,1.00742672947158e-49
"PHJJKLOP_01718",1828.92169625665,0.998780255742234,0.0671333926341426,14.8775477679982,4.61092416634629e-50,1.74527268698367e-49
"PHJJKLOP_02467",8489.1766914398,-1.23839334661056,0.0834212446072846,-14.8450595821297,7.48882443346459e-50,2.83100256992336e-49
"PHJJKLOP_02192",512.681044868655,-1.47163669484595,0.0992810688928352,-14.822933629315,1.04135355468508e-49,3.93166777140872e-49
"PHJJKLOP_01133",1321.42084217121,1.17219630789292,0.0791043571329799,14.8183532535683,1.11484098381254e-49,4.2038210397163e-49
"PHJJKLOP_02136",14262.6641605596,-0.833854180435789,0.0563651366309141,-14.793793296306,1.60639459038764e-49,6.04974264606365e-49
"PHJJKLOP_00114",660.342658202946,-1.40850430547866,0.0954394240163849,-14.7580972956925,2.7287090313628e-49,1.02635111054023e-48
"PHJJKLOP_00456",1204.64628881784,1.39211784728254,0.0943419853276933,14.7560796229491,2.81155887160519e-49,1.05618660747628e-48
"PHJJKLOP_02431",9048.21095302362,-0.792915149554315,0.0538222785079193,-14.7320992632753,4.01051420861186e-49,1.5046966842837e-48
"PHJJKLOP_00885",591.234822723588,1.61063583833561,0.109425500887497,14.7190172790851,4.86681325470233e-49,1.82368446615504e-48
"PHJJKLOP_00949",1031.53289707237,-1.20447452975653,0.0818623281241375,-14.7134165049648,5.28693517571795e-49,1.97863548951244e-48
"PHJJKLOP_01589",1321.50364136223,-1.14331090391089,0.077862894487843,-14.6836424645041,8.20612349878268e-49,3.06730758493825e-48
"PHJJKLOP_02635",1520.49127872783,-1.03241110232857,0.0703194777511071,-14.6817231206231,8.44176404776932e-49,3.15145156596276e-48
"PHJJKLOP_01499",4321.5353193391,0.858351409935703,0.0585090152947459,14.6704128519624,9.97363622666674e-49,3.71868827679206e-48
"PHJJKLOP_00127",2926.05019967931,-0.908511540217979,0.0620354929324183,-14.6450281487682,1.44941220603284e-48,5.3974379911223e-48
"PHJJKLOP_00318",1905.24418797859,-1.01196276641998,0.0691102092641852,-14.6427391436711,1.49905200220101e-48,5.57535614234762e-48
"PHJJKLOP_02627",3895.78236532818,-1.08920919963311,0.0744529980657583,-14.629487434087,1.8215423402072e-48,6.76637440022376e-48
"PHJJKLOP_00614",5691.71596366313,-0.826265492958969,0.0565825508937755,-14.6028321436082,2.69416565574255e-48,9.99545473766197e-48
"PHJJKLOP_01379",113.918700209085,3.93256114343782,0.269486219914375,14.5928097721929,3.1207508157846e-48,1.15637722060137e-47
"PHJJKLOP_01087",815.495011843238,-1.26114039496631,0.0864323383428876,-14.5910711100192,3.20131650264829e-48,1.1847641049356e-47
"PHJJKLOP_00786",908.631324875088,-1.21875844372567,0.0836006772559252,-14.5783321825816,3.85827814298757e-48,1.42613392100059e-47
"PHJJKLOP_03089",594.640583124175,1.76608016055205,0.121162362576652,14.576144959494,3.98386854482894e-48,1.47074012616743e-47
"PHJJKLOP_01761",2678.469758241,0.934162673292874,0.0642133480525005,14.5477957718247,6.03153915500743e-48,2.22394436331185e-47
"PHJJKLOP_02937",181.652366254419,2.3323600436789,0.160841960488747,14.500942643273,1.1949749485195e-47,4.4006826517434e-47
"PHJJKLOP_02476",706.204775503285,-1.35317582405201,0.0933616420455855,-14.4939162851409,1.32375118006135e-47,4.86893247310034e-47
"PHJJKLOP_01147",7978.41229941,0.904640248238722,0.0624846930714838,14.4777897397014,1.67393839740131e-47,6.14300778417471e-47
"PHJJKLOP_01361",2960.86139262391,0.929591733842633,0.0642081811672946,14.4777770829636,1.67424661051656e-47,6.14300778417471e-47
"PHJJKLOP_01012",122.095764112969,-3.41337453805398,0.236034263425242,-14.4613518754453,2.12581113666813e-47,7.79030421442396e-47
"PHJJKLOP_01916",592.562863344302,1.38434573721806,0.0958617732926017,14.4410612246091,2.85413486264957e-47,1.04465522967883e-46
"PHJJKLOP_00550",1795.86302801529,-1.00786228665916,0.0698059866153007,-14.4380494500201,2.98161196274919e-47,1.08998122301234e-46
"PHJJKLOP_02415",1419.77052887709,1.65264385955378,0.114508833460169,14.4324573887886,3.23351784152954e-47,1.18062834360237e-46
"PHJJKLOP_01928",277.488242590211,-1.86933988127228,0.129755884755808,-14.406590381548,4.70364444484561e-47,1.71531199365015e-46
"PHJJKLOP_00276",4754.1254284786,-0.980515725033202,0.0680808790437011,-14.4022189314537,5.01085410707299e-47,1.82512131345213e-46
"PHJJKLOP_01485",2698.84576358781,0.900719233271073,0.062602093672854,14.3880049440207,6.15457945063288e-47,2.23898066527276e-46
"PHJJKLOP_02150",128.203202103081,3.21174988806619,0.223334933121914,14.3808666345671,6.82347281279826e-47,2.47930553416481e-46
"PHJJKLOP_01089",201.25496728047,2.37111420120411,0.164895904285736,14.3794608572896,6.96348936637734e-47,2.52711359550712e-46
"PHJJKLOP_00158",141.474893200984,6.10462717486692,0.424906692054119,14.3669828906564,8.33854890698224e-47,3.02247160139284e-46
"PHJJKLOP_02789",380.658041493241,1.71871876129642,0.119865287545261,14.338753082684,1.25286260534832e-46,4.53575651803248e-46
"PHJJKLOP_00652",23763.3364662778,-1.0289334777545,0.0718909624145173,-14.3124176279871,1.83037832188428e-46,6.61854190304534e-46
"PHJJKLOP_01323",6820.8402141651,0.790237313784206,0.0552454093993347,14.3041263043608,2.0621129114279e-46,7.44748619639943e-46
"PHJJKLOP_00477",1851.19373980324,-1.16371748181424,0.0813756105158034,-14.300568369785,2.17029770491963e-46,7.82876063678238e-46
"PHJJKLOP_02494",3264.59670025632,-0.957296311896346,0.0669712728268322,-14.2941334618446,2.38050408014843e-46,8.57668979057088e-46
"PHJJKLOP_01771",5630.69937183148,0.826075938047978,0.0578214177181969,14.2866773359659,2.64952424462446e-46,9.53446585144907e-46
"PHJJKLOP_00077",7443.16890007825,-0.815082647791255,0.0572537794325202,-14.2363116613449,5.45300901962891e-46,1.95994105699507e-45
"PHJJKLOP_01057",4134.91291137149,0.864794129735343,0.0607851638121301,14.2270592937477,6.22446947220367e-46,2.2345397601652e-45
"PHJJKLOP_02355",698.519435808624,-1.30504766298286,0.0918430632858454,-14.2095397985706,7.99491667437542e-46,2.86668030216527e-45
"PHJJKLOP_02418",1027.72285049589,1.70107086298719,0.119718954873561,14.2088683014628,8.07194253841484e-46,2.89083683732225e-45
"PHJJKLOP_00160",123.182124343018,5.69319767699448,0.401286388080828,14.187368039625,1.09699208846178e-45,3.92400754223963e-45
"PHJJKLOP_02161",1461.32765357699,1.0612233926324,0.0751087207182801,14.1291634644247,2.51109467905132e-45,8.97161989150317e-45
"PHJJKLOP_00392",5894.85476404236,-0.883713644372455,0.0625799887159897,-14.1213455371982,2.80582343242584e-45,1.00126762296579e-44
"PHJJKLOP_02234",726.293973325773,-1.23829552352406,0.0878214597788487,-14.1001473517103,3.78977565625836e-45,1.35078432319495e-44
"PHJJKLOP_02620",1220.45007974994,-1.13133460511699,0.0802459415855519,-14.0983404613784,3.88805684953487e-45,1.38416673097591e-44
"PHJJKLOP_00801",1351.34040770483,1.14036560729979,0.0809272648976398,14.0912411749263,4.29938160575979e-45,1.52878248546851e-44
"PHJJKLOP_01242",2561.48078893567,0.898159565432944,0.0637460817804049,14.0896434784331,4.39776177599903e-45,1.56190969837972e-44
"PHJJKLOP_01330",2345.25859535745,0.879072623578105,0.0624313165939824,14.0806356735209,4.99583791468426e-45,1.77222022708112e-44
"PHJJKLOP_00632",5046.20235274021,-0.788313685964799,0.0560054743505855,-14.0756541232037,5.36065678423788e-45,1.89938537420216e-44
"PHJJKLOP_01915",1394.69088244129,1.02588119166362,0.0731587446113974,14.0226735315493,1.13265930117399e-44,4.00848929989945e-44
"PHJJKLOP_00886",852.808442481078,1.33424482813336,0.095154608421923,14.0218624222299,1.14568085610064e-44,4.04978569441006e-44
"PHJJKLOP_00430",7540.45424778749,-0.807589032482408,0.0576084386868619,-14.018589131918,1.19976117431131e-44,4.23594924043403e-44
"PHJJKLOP_01355",3892.28349662365,-0.829899360567089,0.0593761760707997,-13.9769755394407,2.15451103339614e-44,7.59788696582807e-44
"PHJJKLOP_01320",9741.67178125848,0.7495464507783,0.0536315569463777,13.975847308101,2.18892891087549e-44,7.71018018724849e-44
"PHJJKLOP_02353",405.734506331946,-1.57526372429835,0.112952262547311,-13.9462786204795,3.31454181143981e-44,1.16612669605767e-43
"PHJJKLOP_02521",570.048292537094,-1.3632211326899,0.0980026407641886,-13.9100448932805,5.50448894103133e-44,1.93432393068636e-43
"PHJJKLOP_00216",748.685330660428,1.28755252794792,0.0926148466225327,13.9022259918602,6.14016260750429e-44,2.15517548028931e-43
"PHJJKLOP_02371",119.851731326487,-3.28034446134088,0.235965225494702,-13.9018130932794,6.17569082147665e-44,2.16510753155751e-43
"PHJJKLOP_00656",3037.46300572374,-0.848727030764383,0.0610565721285182,-13.9006662375001,6.27544961927195e-44,2.19750832281874e-43
"PHJJKLOP_00944",287.674106257845,-1.78359081815254,0.128358290179345,-13.8954080461843,6.75375194346237e-44,2.36223520078579e-43
"PHJJKLOP_00042",965.596975641329,-1.12635526867917,0.0810623526800401,-13.894924480233,6.79951898889036e-44,2.37546789413509e-43
"PHJJKLOP_01789",560.042140454941,1.35017752519204,0.0972885564674143,13.8780713191512,8.60277325255543e-44,3.00194675036725e-43
"PHJJKLOP_01144",5727.0661692173,0.884068349610689,0.0637665427730563,13.8641411493339,1.04469029751775e-43,3.64121391241925e-43
"PHJJKLOP_01970",273.344928406167,-2.28707070221817,0.165344238215184,-13.8321765965725,1.63012293163349e-43,5.6751023922217e-43
"PHJJKLOP_02025",193.6017438932,2.25494180881891,0.163251646550308,13.8126742147377,2.1374684779952e-43,7.43273010815056e-43
"PHJJKLOP_00089",648.180647945904,-1.24257964404058,0.0900902568980531,-13.7926085108925,2.8236228842534e-43,9.80733980911216e-43
"PHJJKLOP_00945",228.61535095683,-1.95276195870197,0.141730105960793,-13.7780321651785,3.45563731422173e-43,1.19886189093625e-42
"PHJJKLOP_00214",2409.3304141926,1.08007706520599,0.0784696602612185,13.7642633039382,4.18124680732748e-43,1.44891816448362e-42
"PHJJKLOP_01148",1305.4824112061,1.05662548539047,0.076823497400678,13.7539362453075,4.82322767379246e-43,1.6694501335647e-42
"PHJJKLOP_00044",781.722407750587,1.22967196075043,0.0894657942843575,13.7446045227302,5.48720726844464e-43,1.89707835585719e-42
"PHJJKLOP_02776",285.729365054431,1.88055909419852,0.136854257456784,13.741326935279,5.74137790541269e-43,1.98266268152314e-42
"PHJJKLOP_00994",3186.49720227683,0.853091446508678,0.0623525270318643,13.6817461475574,1.30520296556975e-42,4.50204801718415e-42
"PHJJKLOP_01331",3540.81524286849,0.85476632184368,0.0625816000583235,13.6584286922525,1.79822155842324e-42,6.19548371222e-42
"PHJJKLOP_01070",2565.04526395887,0.914377259021313,0.0671077096432517,13.6255173046762,2.82402075233888e-42,9.71852658908347e-42
"PHJJKLOP_02580",594.540597479179,1.2687998430481,0.0931411353936033,13.622336013903,2.94979122625025e-42,1.01396956732414e-41
"PHJJKLOP_02182",973.854320749503,-1.13881894127337,0.0836553949059184,-13.6132157711301,3.34208383233379e-42,1.14749988463387e-41
"PHJJKLOP_02341",3117.98753063325,1.13624083330922,0.0834676008800107,13.6129566601852,3.35395634610031e-42,1.15025719361103e-41
"PHJJKLOP_00768",3661.38400332861,0.972541735427542,0.0714444073173402,13.612566356772,3.37191936106487e-42,1.15509457288653e-41
"PHJJKLOP_01886",577.508001622311,-1.32071589608304,0.0971093744998083,-13.6002924834579,3.98835270221819e-42,1.36470034176471e-41
"PHJJKLOP_02745",1114.18135642987,-1.03629772841617,0.076210559649798,-13.5978233617252,4.12528732403278e-42,1.40994409225504e-41
"PHJJKLOP_02889",1086.64570886546,-1.0644294757245,0.0783673880221159,-13.5825565019994,5.08211097064351e-42,1.73498748530293e-41
"PHJJKLOP_01722",1245.10497468674,1.14123413505374,0.0840891745087542,13.5717129074079,5.8928626126312e-42,2.00947957428449e-41
"PHJJKLOP_02410",888.938061936466,1.31686967699706,0.0970421133679275,13.5700844849107,6.02525482644869e-42,2.05228816272894e-41
"PHJJKLOP_02155",4177.81268872635,1.08640550305255,0.0800642841229449,13.5691652645553,6.10129029875043e-42,2.07582535846122e-41
"PHJJKLOP_02773",279.40105971652,1.80836428174546,0.133564301228999,13.5392785729847,9.16849106161964e-42,3.11582999301807e-41
"PHJJKLOP_00218",2767.09761380232,-0.901257427911212,0.0666047955601541,-13.5314194771042,1.02034182786646e-41,3.4636093340501e-41
"PHJJKLOP_02394",481.89005785234,-1.77647309262163,0.131326399575282,-13.5271590355546,1.08121996109089e-41,3.66610709343841e-41
"PHJJKLOP_01992",5810.25007302034,0.796181467489504,0.0588841250304996,13.5211564590136,1.17316931708851e-41,3.97338114860066e-41
"PHJJKLOP_03033",125.742783820289,2.75935695943732,0.204176522043713,13.5145653957537,1.28311198659309e-41,4.34083309362678e-41
"PHJJKLOP_01573",818.248896169976,1.11667744322435,0.0826289092763374,13.5143674653846,1.28656744913359e-41,4.34761054481486e-41
"PHJJKLOP_01299",887.844967407195,1.12336360888557,0.0832209708295479,13.498564096139,1.59453636788001e-41,5.38223436914629e-41
"PHJJKLOP_01592",1247.2014972157,0.988756743654174,0.0733785927458156,13.4747302538118,2.20288956624693e-41,7.42731009160283e-41
"PHJJKLOP_00837",319.78269455588,1.71102337324766,0.127084867791654,13.4636279124338,2.56030090677818e-41,8.62265569729344e-41
"PHJJKLOP_00496",230.438319456377,-1.91223520792072,0.142039639705423,-13.4626869786949,2.59312022624687e-41,8.72337298582374e-41
"PHJJKLOP_02153",1954.3015475247,0.951940488587073,0.0707170914211915,13.4612505895825,2.64402942271885e-41,8.88465105681283e-41
"PHJJKLOP_01079",219.364471966598,-2.26766007292853,0.168492687266804,-13.4585073673717,2.74403401551873e-41,9.21035632563124e-41
"PHJJKLOP_00512",279.853558905826,-2.06008843052616,0.15338161247084,-13.431130350894,3.97300388216953e-41,1.3320463183892e-40
"PHJJKLOP_00976",350.333263511113,1.53178799862633,0.114060569606196,13.4296015171147,4.05588071612939e-41,1.35831172976414e-40
"PHJJKLOP_02788",433.392897678473,1.42856490825354,0.106455035433867,13.4194207200373,4.65336336372078e-41,1.55666702915978e-40
"PHJJKLOP_00970",1511.2443973639,0.934242786013498,0.0699138231676606,13.3627763964944,9.97721578296579e-41,3.33390447033477e-40
"PHJJKLOP_02643",7443.51331062533,-0.730575346299406,0.0546758748951268,-13.3619324373083,1.00909988602343e-40,3.36816617475377e-40
"PHJJKLOP_02496",705.760927913186,1.15684740218084,0.0865932981058933,13.3595489198963,1.04193622987805e-40,3.47389428981613e-40
"PHJJKLOP_00442",4983.19102276437,0.823804081141708,0.0616656294268584,13.3592098029069,1.0466935981291e-40,3.4858738963276e-40
"PHJJKLOP_02207",1011.7839749744,-1.05732487265761,0.0791704504492483,-13.3550442956668,1.10692279172765e-40,3.682363153814e-40
"PHJJKLOP_01987",11331.0926271797,0.701396151969938,0.0525258241272791,13.353358345608,1.13226867069892e-40,3.76249988909275e-40
"PHJJKLOP_02613",990.805827499641,1.02214061352127,0.0766137532352102,13.3414768283603,1.32802292687301e-40,4.4080938393102e-40
"PHJJKLOP_02687",1823.27329436794,0.935278714129134,0.0702346727269049,13.3164814160351,1.85653040679278e-40,6.15553935541259e-40
"PHJJKLOP_02488",4446.99768927796,0.787305591248657,0.0591769349383959,13.3042644413445,2.1863415794544e-40,7.24104722221954e-40
"PHJJKLOP_00450",13774.2963619729,0.894644982545512,0.0672535221611027,13.302574404987,2.23633538846936e-40,7.39843994815168e-40
"PHJJKLOP_02408",1626.82805674524,1.30781334801944,0.0983604789752238,13.296126265803,2.43774666213196e-40,8.05586479737648e-40
"PHJJKLOP_02365",2786.09354646782,1.02368588257373,0.0771098925341398,13.2756751297572,3.20370585974729e-40,1.05754083176223e-39
"PHJJKLOP_00973",921.850481842836,1.15844690518038,0.0872719261023995,13.2739926447954,3.27647540339235e-40,1.08037085437849e-39
"PHJJKLOP_00630",3768.07570900121,-0.853401902756163,0.064352626651801,-13.2613375266521,3.8791475727212e-40,1.27768623022302e-39
"PHJJKLOP_00215",317.061105166291,1.56642920015207,0.118237976283603,13.2481056373536,4.62736533569366e-40,1.52245404561174e-39
"PHJJKLOP_02315",77854.0111183567,0.701284141889225,0.053067445619251,13.2149594484123,7.19250707894813e-40,2.36381626721962e-39
"PHJJKLOP_02258",503.352305038036,1.31263016257573,0.0993350321876006,13.2141716136634,7.26820713112056e-40,2.3860758937034e-39
"PHJJKLOP_00545",633.928977685965,-1.2449959760068,0.0942552212328902,-13.2087746410419,7.80852091371766e-40,2.56064749350172e-39
"PHJJKLOP_00162",118.416968353589,6.09061720084156,0.461203535244734,13.2059204568101,8.11022378572023e-40,2.65667505628516e-39
"PHJJKLOP_01113",1316.78777347052,-1.23186698736881,0.0934378201278009,-13.1838155650881,1.08748538841708e-39,3.55839481193523e-39
"PHJJKLOP_01069",2941.79435572593,0.926743742676045,0.0703199698447547,13.1789553482747,1.15985735800874e-39,3.79106215052201e-39
"PHJJKLOP_01741",361.309726280951,-1.6298653044374,0.123747956305922,-13.1708462352958,1.29142000312061e-39,4.21647926864024e-39
"PHJJKLOP_00866",693.098959518662,1.38089312443829,0.105140803802694,13.1337508797218,2.10943539276776e-39,6.87979255549747e-39
"PHJJKLOP_01613",2193.30413561803,0.886245853250487,0.0675094095873475,13.1277381726145,2.28376270735999e-39,7.44024542528381e-39
"PHJJKLOP_00511",323.851297752675,-1.83427314042057,0.139811798971947,-13.1195875734967,2.54315174972335e-39,8.27630036812144e-39
"PHJJKLOP_02260",136.084651118118,-2.62321703688348,0.199999041669916,-13.1161480324136,2.66121515484782e-39,8.65111636657368e-39
"PHJJKLOP_02860",1532.46871461864,0.982873486574632,0.075074131673045,13.0920393572468,3.65656482659485e-39,1.18739209228037e-38
"PHJJKLOP_02601",3480.22286826161,0.864133557733967,0.0660580959591727,13.081417882042,4.20522124777984e-39,1.36407718481613e-38
"PHJJKLOP_00297",36884.7138602375,0.686035051923235,0.0525032463091445,13.0665263607471,5.1148307437004e-39,1.65733801370552e-38
"PHJJKLOP_00325",5222.99131138301,0.870169633678017,0.0666120939269176,13.0632379554486,5.34069486002122e-39,1.72865301739498e-38
"PHJJKLOP_01365",102.109100314596,5.51927153073252,0.423232314370708,13.0407611690496,7.17372626042981e-39,2.3194531775083e-38
"PHJJKLOP_01344",3706.49278747394,-0.784301936974365,0.0601736232011194,-13.0339822542009,7.84062435679757e-39,2.53234404792362e-38
"PHJJKLOP_01712",49917.0791706342,-0.681032886309246,0.0523219881869895,-13.0161889849322,9.89894070581193e-39,3.19368841306044e-38
"PHJJKLOP_02002",1684.44464453311,-0.869678653528319,0.0668833278017364,-13.0029213873198,1.17757392612179e-38,3.79510907944954e-38
"PHJJKLOP_02166",3374.89090740818,-0.801438941310647,0.0616624890058152,-12.997187661936,1.26925619068587e-38,4.08618605904676e-38
"PHJJKLOP_00351",891.737562831852,-1.11957188259415,0.0861623466016816,-12.9937487400361,1.32761358327517e-38,4.26946838703099e-38
"PHJJKLOP_02325",226.771179533141,-1.93012315716086,0.148629618830082,-12.9861273436181,1.46662590274306e-38,4.71145703091494e-38
"PHJJKLOP_01676",912.645978825247,-1.14290975093242,0.088111527590545,-12.9711716751017,1.7828404914645e-38,5.72114086971565e-38
"PHJJKLOP_00166",129.483471570077,6.51420900708308,0.503186117196025,12.9459235548531,2.47765531524538e-38,7.94229123537973e-38
"PHJJKLOP_02998",1779.34040505531,-0.928060467963919,0.0718397287538058,-12.9184851343798,3.54043288352929e-38,1.13369583457612e-37
"PHJJKLOP_00478",2913.52827407438,-1.07727303463284,0.0834882578259554,-12.9032879914513,4.31294495227846e-38,1.37958944306856e-37
"PHJJKLOP_01762",3952.43270693097,0.974996857988639,0.0756369458716224,12.8904842303322,5.09230608024829e-38,1.62714668135148e-37
"PHJJKLOP_00938",1638.39360704648,0.894106821043099,0.0694253995301864,12.8786701566527,5.93493645672772e-38,1.89437097563356e-37
"PHJJKLOP_00071",77640.3771742548,-0.622993719084699,0.0484079207122152,-12.8696649209205,6.66908400178483e-38,2.12643636862021e-37
"PHJJKLOP_01000",507.668559235014,-1.39050118471527,0.108307872901828,-12.8384128268833,9.99016271630906e-38,3.1819731034712e-37
"PHJJKLOP_01465",312.112591732638,-1.61231759258319,0.12562165098894,-12.8347110541092,1.04793210838884e-37,3.3342281960852e-37
"PHJJKLOP_01295",945.80560208658,-1.0131784950817,0.0791173080732802,-12.806028412181,1.51702581484957e-37,4.82162981917155e-37
"PHJJKLOP_01017",1607.89007394289,0.907815440230067,0.0709000718097822,12.8041540305579,1.55410215947579e-37,4.93423315532399e-37
"PHJJKLOP_02162",641.078158287243,-1.15055153932323,0.0899285695539018,-12.7940602750676,1.76980315831651e-37,5.61312569491487e-37
"PHJJKLOP_01077",750.962183175899,1.14390101560416,0.0894221932389429,12.7921377699557,1.81414017502879e-37,5.74765680850391e-37
"PHJJKLOP_01033",567.898898878659,-1.62246208481967,0.126838390889758,-12.7915694407527,1.82745722944939e-37,5.78372827164005e-37
"PHJJKLOP_00283",7415.38737135463,-0.837499942144007,0.0654845684430631,-12.7892717636551,1.88229405232031e-37,5.95099091092608e-37
"PHJJKLOP_01616",576.408380032339,1.1815765913311,0.092437357192662,12.7824575173477,2.05472891982868e-37,6.48930209490196e-37
"PHJJKLOP_00752",2536.22307998814,0.912929008655019,0.0716358428664995,12.7440255062868,3.36570090041898e-37,1.06184494160742e-36
"PHJJKLOP_01307",3044.79958296497,0.866146061649632,0.0679671989650416,12.7435891847644,3.38458215611425e-37,1.06667778688485e-36
"PHJJKLOP_02621",4528.30848107441,-0.949550151914187,0.0745179498267337,-12.7425694630897,3.42912085613092e-37,1.07957811180399e-36
"PHJJKLOP_00286",572.367682797982,-1.20018570650292,0.094288843175353,-12.7288199333497,4.08973598870557e-37,1.28620478468324e-36
"PHJJKLOP_01281",255.18897551901,-1.95757350604978,0.153852528702202,-12.7237005628869,4.36679052557343e-37,1.37189620499127e-36
"PHJJKLOP_01413",81.9606982010275,4.66071471499358,0.367172810104661,12.6935181111724,6.42342662075326e-37,2.01590558726785e-36
"PHJJKLOP_01882",331.719727639098,-1.66406463823846,0.131318271171105,-12.671996237829,8.45353653313264e-37,2.65025009216745e-36
"PHJJKLOP_00421",2244.37970359337,-0.857259585920208,0.0676875879732454,-12.6649451042494,9.24850407794014e-37,2.8964457331959e-36
"PHJJKLOP_02452",7185.48026928526,0.787208830583834,0.0622103101864689,12.6539930153741,1.06330184023519e-36,3.32656813966997e-36
"PHJJKLOP_01959",555.375013689309,-1.19187941204554,0.0942019170313643,-12.6523902018757,1.08522230369462e-36,3.39160289902055e-36
"PHJJKLOP_01820",774.222836190468,-1.14844061278117,0.0911907682578529,-12.5938253917744,2.28333656625588e-36,7.12858152176236e-36
"PHJJKLOP_02391",5585.33827443451,0.75225411061191,0.0597569552990121,12.5885615632152,2.44080671310224e-36,7.6122659364876e-36
"PHJJKLOP_00694",4928.78765754129,-0.760316325052035,0.0605219532485545,-12.5626534545164,3.38777624866816e-36,1.05546327664021e-35
"PHJJKLOP_03078",1700.36539462466,0.87364666903096,0.0695528894977412,12.5608968274328,3.46384140927763e-36,1.07803962363588e-35
"PHJJKLOP_01392",104.908517853223,2.87854918259492,0.229291528921606,12.5541017417137,3.77440197856633e-36,1.17347450922405e-35
"PHJJKLOP_01235",886.45510081863,1.04034195027462,0.0828745426657243,12.5532149778594,3.81692014614339e-36,1.18546254331466e-35
"PHJJKLOP_01438",378.378378850401,1.38759926805969,0.110762052120849,12.5277497255624,5.26349894517008e-36,1.63304827376572e-35
"PHJJKLOP_01182",825.742404427208,1.05492738660118,0.0842105276449619,12.5272625181597,5.29592633246086e-36,1.64140822353911e-35
"PHJJKLOP_01497",7089.67295615481,0.775372255582993,0.0620146109538303,12.5030576449194,7.18342202053194e-36,2.22411225744288e-35
"PHJJKLOP_00431",487.653769695903,-1.23909452530132,0.0992646037874057,-12.4827428713167,9.27360525304778e-36,2.86830311235796e-35
"PHJJKLOP_00971",1484.91882381612,0.967565938665687,0.077828886270441,12.4319643390961,1.75273694822028e-35,5.41557731988805e-35
"PHJJKLOP_03079",446.206273044726,1.35787972000866,0.109334789740175,12.4194661482914,2.0492435052599e-35,6.32519077809088e-35
"PHJJKLOP_02625",1993.41793442958,-0.801153244387459,0.0645304111553887,-12.4151269152507,2.1634351483762e-35,6.67077737820631e-35
"PHJJKLOP_02813",613.24448613708,1.14234097930725,0.0920202347471366,12.414019399606,2.19357959565156e-35,6.75676677919831e-35
"PHJJKLOP_02816",546.46752340939,1.3676428883141,0.110220071537997,12.4082925117919,2.35624123185031e-35,7.25034557878709e-35
"PHJJKLOP_01137",6220.82365407112,-0.88985981039922,0.0717686528789225,-12.3990039481507,2.64592084830879e-35,8.13335422981161e-35
"PHJJKLOP_02092",455.430632179777,-1.29197595079207,0.104245552735854,-12.3935833892673,2.83104456981416e-35,8.69348455592164e-35
"PHJJKLOP_00385",3236.04583772641,-0.981885143059388,0.0793349279996231,-12.3764547068607,3.50485921253982e-35,1.07515865597789e-34
"PHJJKLOP_02779",143.745479749515,2.18031596437725,0.176419425697823,12.3587068473501,4.37132117072149e-35,1.3395839902907e-34
"PHJJKLOP_02503",925.14447692563,1.34810091265926,0.109230672840915,12.3417798096205,5.3949940715844e-35,1.65159634461387e-34
"PHJJKLOP_01387",96.965778737012,3.23567867138629,0.262208490116359,12.3400987891369,5.50882501106681e-35,1.68472135680634e-34
"PHJJKLOP_01407",102.313358507209,6.01233190269341,0.487402981002003,12.3354434360111,5.83667075557013e-35,1.78316247369153e-34
"PHJJKLOP_00219",3877.003059589,-0.727512932166084,0.0589829896584259,-12.3342837719681,5.92130979779881e-35,1.80717650709578e-34
"PHJJKLOP_01808",1510.91342033725,-0.843743321686161,0.0684283858901134,-12.3303116201089,6.2205692625631e-35,1.89657681997087e-34
"PHJJKLOP_00966",1886.60021187915,0.815664037085091,0.0661632764339479,12.3280478393386,6.397794077152e-35,1.94862619196268e-34
"PHJJKLOP_01075",5053.60288751948,0.778299618660346,0.0631502990048486,12.3245595179302,6.68075332550899e-35,2.03274140818841e-34
"PHJJKLOP_01115",2135.22330930924,-0.895322175106818,0.0727354828022226,-12.3092903300211,8.07299109975802e-35,2.45386145712442e-34
"PHJJKLOP_02479",3135.93741600448,-0.761975644812615,0.0619343161636015,-12.3029637204653,8.73106753221569e-35,2.65119839669916e-34
"PHJJKLOP_01233",955.316989177176,0.95686772103788,0.0778335074498997,12.2937761947038,9.7827117616336e-35,2.96752168331621e-34
"PHJJKLOP_02814",1043.54532073311,0.956379174978626,0.0778423538160477,12.2861029772903,1.07567820460373e-34,3.25969690747326e-34
"PHJJKLOP_01292",2573.01470810169,-0.802513965078017,0.0653554426477415,-12.2792216312186,1.17119624368725e-34,3.54556274378123e-34
"PHJJKLOP_02012",2546.01630101764,0.859980914708425,0.0701159982551364,12.2651168935675,1.39410960112907e-34,4.21612539977821e-34
"PHJJKLOP_02938",131.155428198435,2.38092601438863,0.194160139895465,12.262692103902,1.43646968149567e-34,4.33984886619377e-34
"PHJJKLOP_00133",2594.46465317882,-0.845970904212281,0.0690485144385863,-12.2518335273485,1.64240132026643e-34,4.95700559765898e-34
"PHJJKLOP_02404",8214.03473413376,0.70054838590261,0.0572295738916311,12.2410204770903,1.87658226164547e-34,5.65809394900959e-34
"PHJJKLOP_02666",10724.8674676407,0.656019295289463,0.053727821235956,12.2100483548072,2.74725849136124e-34,8.27494157257097e-34
"PHJJKLOP_00025",16461.3649626115,-0.710376312227176,0.0583112574795432,-12.1824900187822,3.8533486559403e-34,1.15949003777741e-33
"PHJJKLOP_02309",219.450928769277,-1.73806328434028,0.142744065777549,-12.176080840018,4.16835359833077e-34,1.25301713588377e-33
"PHJJKLOP_00115",1808.56720894368,-0.85809688783525,0.0705596119992585,-12.1613039460062,4.99548786808452e-34,1.49874462042897e-33
"PHJJKLOP_01390",105.804928045331,2.65954895176915,0.218689552925835,12.1612985905691,4.9958154014299e-34,1.49874462042897e-33
"PHJJKLOP_03082",2416.35405625869,0.791101901149199,0.0650870560652282,12.1545196383807,5.4279894663076e-34,1.62676681302552e-33
"PHJJKLOP_00198",75.7354028949854,4.26844204408653,0.351214387846374,12.1533803619503,5.50418118599531e-34,1.647951847087e-33
"PHJJKLOP_02577",5000.81880569733,0.771639104630857,0.0635298920222878,12.1460792717883,6.01831511592935e-34,1.800083462247e-33
"PHJJKLOP_02698",1368.46700246633,-0.912936697770045,0.0752377392583571,-12.1340261784732,6.97346566322999e-34,2.08368824308489e-33
"PHJJKLOP_00887",19758.226017808,0.745916394330024,0.0614811085051351,12.132448689791,7.10913570766345e-34,2.12210890416195e-33
"PHJJKLOP_00210",318.814779752395,1.42560948107915,0.117618623997493,12.120610092408,8.21453531128963e-34,2.44963333884474e-33
"PHJJKLOP_00068",4098.31675492269,0.770876464409894,0.0636028725494337,12.1201517087259,8.26060880391151e-34,2.46092166755334e-33
"PHJJKLOP_00126",14809.4783137861,-0.699158412527391,0.0578524502428652,-12.0851996690255,1.26462572510335e-33,3.76370717789207e-33
"PHJJKLOP_01819",477.246817729018,-1.28452124164161,0.106464378725195,-12.0652678109098,1.61137329391605e-33,4.7909152353373e-33
"PHJJKLOP_00317",594.686878028274,-1.28946481568269,0.107061802974683,-12.0441163875001,2.08296415499234e-33,6.18689948417367e-33
"PHJJKLOP_01167",1710.08985779126,0.990747532822965,0.0824026091712971,12.0232543943289,2.68196327864831e-33,7.95817448589993e-33
"PHJJKLOP_01859",2647.61312454091,0.791882657411223,0.0659173183923956,12.0132717277312,3.02630652873735e-33,8.97105123469269e-33
"PHJJKLOP_00466",25514.9023632109,0.651458779046198,0.0543185563758156,11.9933006786655,3.85242412217546e-33,1.14086625339202e-32
"PHJJKLOP_00026",1597.70357306423,-0.927124003459701,0.077332265344346,-11.9888380268106,4.06568288168229e-33,1.20283147705106e-32
"PHJJKLOP_00258",970.578405664165,-1.11978355695399,0.0934770007989495,-11.9792413896806,4.564815981826e-33,1.34916673737286e-32
"PHJJKLOP_01183",260.334220315211,1.54325558692368,0.128892302519518,11.9732176146825,4.90873617797574e-33,1.44938423243189e-32
"PHJJKLOP_02746",410.566597315647,1.25292316081027,0.104847304931333,11.9499796549929,6.4941132933904e-33,1.91560346802077e-32
"PHJJKLOP_00811",17890.20326499,-1.08603557237099,0.0909713912197096,-11.9382099999774,7.48159523909747e-33,2.20471418758443e-32
"PHJJKLOP_01304",1416.83136320076,-0.988789947928642,0.0829282713063882,-11.9234361497232,8.93460291062761e-33,2.63030492767149e-32
"PHJJKLOP_02119",589.23301090109,-1.29780620282635,0.108870605831977,-11.9206299341191,9.24071884903643e-33,2.71775169292879e-32
"PHJJKLOP_01032",217.050151899204,-1.79796680813262,0.150932787678542,-11.9123673244673,1.02038489155833e-32,2.9980690533127e-32
"PHJJKLOP_02147",254.793350245145,1.58379716744142,0.133097470150785,11.8995287111554,1.19017385800199e-32,3.49351032437055e-32
"PHJJKLOP_00870",3626.73858534122,-0.762850485980347,0.0641691891333582,-11.8881116667217,1.36456878208438e-32,4.00148769202803e-32
"PHJJKLOP_01420",306.576831311371,1.53462559545131,0.129326490537785,11.8662896446799,1.77151504126577e-32,5.18974171580207e-32
"PHJJKLOP_00827",1007.4691964892,-0.917660487702088,0.077354123040866,-11.8631102212521,1.84010444870615e-32,5.38540832788485e-32
"PHJJKLOP_02971",115.777278832644,2.33375330291551,0.197246373590078,11.8316664607764,2.67772166487578e-32,7.82919791468564e-32
"PHJJKLOP_00649",13210.2573023303,-0.701138102342723,0.0593146135790586,-11.8206637460126,3.0526307120821e-32,8.91665985558422e-32
"PHJJKLOP_03065",330.815496680172,1.42645537163065,0.120729005349579,11.8153493230583,3.25194442091061e-32,9.48959219903154e-32
"PHJJKLOP_00805",2227.59673115847,0.752369510021453,0.0636857719330262,11.8137770366145,3.31335150632584e-32,9.65937138260913e-32
"PHJJKLOP_01287",6265.99418562152,-0.687211355866323,0.058211744586767,-11.8053729663093,3.66163763974495e-32,1.06643415305412e-31
"PHJJKLOP_01305",787.649183923558,-1.07641348142929,0.0912720769413997,-11.7934588266287,4.21852732550206e-32,1.22743156584579e-31
"PHJJKLOP_00635",3147.45937428186,-0.851953175313087,0.0722675416650705,-11.7888772149125,4.45439749851673e-32,1.29480253500574e-31
"PHJJKLOP_01338",778.876672498114,1.04155240543759,0.0884268081558505,11.778695026534,5.02652356528822e-32,1.4596907424319e-31
"PHJJKLOP_00096",2276.17992182427,0.766952351464262,0.0651940254871598,11.7641508670962,5.97242106358217e-32,1.73269657600436e-31
"PHJJKLOP_00268",790.705062144757,-1.41364546177871,0.120414656315671,-11.7398122872418,7.96630670442451e-32,2.30891793543533e-31
"PHJJKLOP_01419",173.954960382239,1.91997334574781,0.163735595878823,11.7260595378951,9.37209652186317e-32,2.7137385866981e-31
"PHJJKLOP_03084",475.996122099017,1.29770851321883,0.110785052931167,11.7137508976515,1.0837673886813e-31,3.13507204030128e-31
"PHJJKLOP_02809",267.401668871669,1.51663123735816,0.129477887684037,11.7134382131656,1.08777276585438e-31,3.14362129437068e-31
"PHJJKLOP_01223",341.547613720545,-1.34941666041191,0.115264434905009,-11.7071381256845,1.17167990206008e-31,3.3828443845399e-31
"PHJJKLOP_01297",1019.89775323059,-1.06279585209945,0.0909635949272375,-11.6837494488821,1.54334335562889e-31,4.45160886970414e-31
"PHJJKLOP_03130",489.542951942318,1.16203706021595,0.0995310814689709,11.6751173911258,1.70829746475122e-31,4.922658911901e-31
"PHJJKLOP_01950",944.008473910268,0.892059694334846,0.0764997974235027,11.6609419159165,2.01797549503072e-31,5.80944099242496e-31
"PHJJKLOP_01624",3856.31611903801,0.717224017473476,0.0615263494620091,11.6571846655122,2.10900966258146e-31,6.06568196903832e-31
"PHJJKLOP_01076",6786.9532446634,-0.944744089525726,0.0810694114662739,-11.6535210067333,2.20169955133788e-31,6.32618853810519e-31
"PHJJKLOP_01601",208.902300389214,-1.67552349610448,0.144071764008691,-11.6297840012801,2.90832551553879e-31,8.34853939935103e-31
"PHJJKLOP_02156",10262.7515687366,0.86511476684009,0.0744005992254812,11.6277929995999,2.97694973842262e-31,8.5373443647867e-31
"PHJJKLOP_01342",1425.36099128641,0.924944422725008,0.0795491728947364,11.6273292237613,2.99316422506837e-31,8.5756303252198e-31
"PHJJKLOP_00184",72.9342725490079,3.50503142979865,0.30160133824671,11.621405429347,3.20814786964416e-31,9.18278654083615e-31
"PHJJKLOP_01381",69.2205928543527,3.8374507017103,0.330524369685934,11.6101899093149,3.65802259138608e-31,1.04604772097516e-30
"PHJJKLOP_00546",438.50080720742,-1.25160085851097,0.107916297494286,-11.5978854683857,4.22385866622348e-31,1.20670160750698e-30
"PHJJKLOP_02576",2734.72779159501,0.81813221718203,0.0706100698513848,11.5866224024984,4.81757677897457e-31,1.37500713786939e-30
"PHJJKLOP_02238",1937.72800859275,0.791012729291053,0.0684402474766554,11.5577128729826,6.74822284233479e-31,1.92420754190004e-30
"PHJJKLOP_02855",185.488870632598,-1.8761607245145,0.162583980893138,-11.5396407088079,8.32723116339001e-31,2.37219125625021e-30
"PHJJKLOP_00936",362.727363166372,1.27220601702016,0.110546601640483,11.5083231699659,1.19784822199646e-30,3.40908514891389e-30
"PHJJKLOP_00236",4998.03816011483,0.764195078278903,0.0665551833974414,11.4821271502691,1.62239191448668e-30,4.6129547881986e-30
"PHJJKLOP_00459",2950.89068268435,-0.735355927922008,0.0640910209159042,-11.4736185726686,1.79013739909648e-30,5.08507720388507e-30
"PHJJKLOP_00267",1321.92835883139,-0.814640850294283,0.0711190062722486,-11.4546152005524,2.22951166891079e-30,6.32716392106057e-30
"PHJJKLOP_01529",2002.37468986867,-0.744300729563009,0.0649816656586762,-11.4540112509971,2.24510515200676e-30,6.36538335711007e-30
"PHJJKLOP_02865",701.175018362804,1.00260258135398,0.0880743052860457,11.383599088267,5.0472842641929e-30,1.42966594957365e-29
"PHJJKLOP_02907",254.465983218901,1.45174070660925,0.127775897379104,11.3616162076485,6.49321104690074e-30,1.83749280476567e-29
"PHJJKLOP_01023",93.3580110394658,2.85429900863498,0.251445209266913,11.3515744322856,7.2839155748927e-30,2.05930530984219e-29
"PHJJKLOP_03091",531.644485891337,1.10848487365782,0.0977785115739828,11.3366920380977,8.63469765710131e-30,2.43889479107182e-29
"PHJJKLOP_02312",158.380042943437,-2.07927363405644,0.183899950885827,-11.3065480661675,1.2178715531558e-29,3.43667052794389e-29
"PHJJKLOP_01266",1349.9868967122,-0.794860774377446,0.0703149819487422,-11.3042875408384,1.24964289619709e-29,3.52300454916581e-29
"PHJJKLOP_02684",336.532856142202,-1.31553250979526,0.116435299778807,-11.298399302397,1.33631522846491e-29,3.7638078965418e-29
"PHJJKLOP_00266",3296.671257364,-0.789445499785206,0.0699957941534921,-11.2784705042999,1.67635144796421e-29,4.71710172481659e-29
"PHJJKLOP_02490",6110.58485942643,0.634945187908517,0.0563416206116985,11.2695584723149,1.85497750581411e-29,5.21483817127459e-29
"PHJJKLOP_00495",254.492098831922,-1.57322157187055,0.140052907338332,-11.2330518642505,2.80615401684221e-29,7.88144946193769e-29
"PHJJKLOP_02692",5986.71063836016,-0.746962469453476,0.066592857199755,-11.21685569389,3.37041863526144e-29,9.45738837298291e-29
"PHJJKLOP_00380",727.292381126447,-0.980546876795686,0.0874490497486212,-11.2127790938191,3.52934825748412e-29,9.89407180047514e-29
"PHJJKLOP_00633",8189.31125584146,-0.657282306256193,0.0586246655249961,-11.211702452715,3.5725489659502e-29,1.00058106679653e-28
"PHJJKLOP_01309",4905.28459769456,0.669257341812525,0.0598523205657138,11.1818110891411,5.00578541725716e-29,1.40068425600635e-28
"PHJJKLOP_02323",170.699893073085,-1.91908057740272,0.171777712043878,-11.1718834449985,5.59810775367803e-29,1.56496121517386e-28
"PHJJKLOP_00253",989.880097366593,0.937849535246755,0.0840810592835769,11.154111796852,6.83721809029455e-29,1.90957378380055e-28
"PHJJKLOP_00923",1444.3473710032,1.064477580133,0.0954401639330816,11.1533502905481,6.89600177819951e-29,1.92419658191326e-28
"PHJJKLOP_02035",1189.63972009818,0.923019321558671,0.0828793545139753,11.1369028749256,8.29541715374625e-29,2.31252131827898e-28
"PHJJKLOP_02606",2302.96401921363,0.751541832527699,0.0675632405132777,11.123531476854,9.63798903839738e-29,2.68429201683365e-28
"PHJJKLOP_01348",21308.4294360041,-0.623802348981643,0.0561046885654181,-11.1185422276124,1.01923736509513e-28,2.83605638577584e-28
"PHJJKLOP_01343",9627.09574671443,-0.753420467156584,0.0679289753610829,-11.0912973904244,1.38267708407961e-28,3.84376526437729e-28
"PHJJKLOP_00458",10587.2913787724,-0.607944424260489,0.0548372378015121,-11.0863429420168,1.4614079668032e-28,4.05886405622336e-28
"PHJJKLOP_02295",91.6694395526756,-2.76815308277879,0.250271744074072,-11.0605897322533,1.94812394522627e-28,5.40563771270384e-28
"PHJJKLOP_02656",994.713473021709,0.969264687150862,0.0877275868098807,11.0485734578726,2.22725883601296e-28,6.17445643983592e-28
"PHJJKLOP_00428",693.793682364946,-1.1299244900995,0.102533916727602,-11.0200070977619,3.06034946118362e-28,8.47612052431429e-28
"PHJJKLOP_00952",378.093318051598,-1.48513333023246,0.134785756046791,-11.0184738639362,3.11291978506163e-28,8.61375400783227e-28
"PHJJKLOP_00610",4753.29490270176,-0.911387177675798,0.0827559311565077,-11.0129529683158,3.3097444193822e-28,9.14993055552199e-28
"PHJJKLOP_02772",622.669097575214,-1.06384601524357,0.0966119061027285,-11.0115415186237,3.36201448695207e-28,9.28585920104657e-28
"PHJJKLOP_00609",595.170111521944,-1.00596814115767,0.0914006482337344,-11.0061379278751,3.56980390160613e-28,9.85068468332604e-28
"PHJJKLOP_02538",2541.43471626427,-0.686001845077378,0.0624205926401316,-10.9899925018708,4.26961564518791e-28,1.17709293201589e-27
"PHJJKLOP_00658",4023.86570682285,-0.892764045721673,0.0813608325553306,-10.9728971260777,5.15923172876189e-28,1.42104321949523e-27
"PHJJKLOP_00436",3054.78847256413,0.662748341693541,0.0607375930768017,10.911666204084,1.01380908858375e-27,2.78983861325344e-27
"PHJJKLOP_00190",64.457510093822,3.34902995235519,0.306938914894398,10.9110633739857,1.02055507203386e-27,2.80582358647325e-27
"PHJJKLOP_01466",690.305796100903,-1.0256780075494,0.0940509016492241,-10.9055627278813,1.0842034382849e-27,2.97807806809632e-27
"PHJJKLOP_01097",146.039978126762,1.86982659664316,0.171730528453645,10.8881432642181,1.31289630245242e-27,3.60294365677593e-27
"PHJJKLOP_01224",851.366897588824,-0.983759753137727,0.0904397435756409,-10.8775159486708,1.47528555243025e-27,4.04487632232249e-27
"PHJJKLOP_00613",163.899873404224,-1.83833346441611,0.169044192644791,-10.8748690839617,1.51873657481923e-27,4.16019881519558e-27
"PHJJKLOP_00441",1446.20704645701,0.766575305961774,0.070589643298308,10.8596002209881,1.79533439379636e-27,4.9133740173915e-27
"PHJJKLOP_01794",406.156132068853,-1.27755286892815,0.117725796019895,-10.8519365518858,1.95244174229808e-27,5.3384571474342e-27
"PHJJKLOP_00650",29767.5218256152,-0.65587968181598,0.0605682423741331,-10.8287719125904,2.51505743277375e-27,6.87051273150055e-27
"PHJJKLOP_01874",171.897049966466,-1.71414612249467,0.158363313250326,-10.8241365207175,2.64560993845574e-27,7.2205616734152e-27
"PHJJKLOP_00269",432.273040456795,-1.1371077609032,0.105129983553111,-10.8162079215844,2.88467197675538e-27,7.86585418798325e-27
"PHJJKLOP_02465",1568.26151914757,-0.755032374468358,0.0699376192404251,-10.7957974930885,3.6032063352846e-27,9.81619633106652e-27
"PHJJKLOP_02183",443.969615401808,1.21142410547588,0.112288358627805,10.7885102274164,3.90061214481414e-27,1.06167570559759e-26
"PHJJKLOP_01213",1028.95050290202,-0.923806121065037,0.0857877504756224,-10.7685085101695,4.84790789124856e-27,1.31831391702072e-26
"PHJJKLOP_01509",648.23380039474,-0.949084927170002,0.0881669593160732,-10.7646326303212,5.05628091597319e-27,1.37373004196223e-26
"PHJJKLOP_01524",15693.2735471745,-0.581193060485805,0.0542491320150384,-10.7134075495382,8.805962456325e-27,2.39030386167154e-26
"PHJJKLOP_01660",493.872781889249,1.16533858744802,0.108928743655933,10.6981733960772,1.03804255023115e-26,2.81512626394208e-26
"PHJJKLOP_02157",12047.3347331023,0.771488388237169,0.0721635399490608,10.6908334704998,1.12356700943663e-26,3.04430735407535e-26
"PHJJKLOP_02517",1011.53277850647,0.841258046125535,0.078703686290616,10.6889281274471,1.14688731638271e-26,3.10468410962915e-26
"PHJJKLOP_01752",17325.7169147073,0.596482698631327,0.0559723630227,10.6567360464917,1.62189911872341e-26,4.38659978451481e-26
"PHJJKLOP_02237",1268.70728196862,0.899108980589559,0.0845325386051335,10.6362472418989,2.02106290119357e-26,5.46124758679924e-26
"PHJJKLOP_02805",192.480562079225,1.56666316006574,0.147548347200166,10.6179648216621,2.45862915087434e-26,6.63763361381223e-26
"PHJJKLOP_01815",1138.19415429233,-0.842064258955344,0.0795800587840081,-10.5813475363323,3.63689474245534e-26,9.80978635937953e-26
"PHJJKLOP_02463",1450.05928820685,0.92601216719745,0.0876936049210514,10.5596316633478,4.58457218700544e-26,1.23548236974746e-25
"PHJJKLOP_00685",2312.98669013273,-1.11184294523937,0.105414464721559,-10.5473470664219,5.22516390813393e-26,1.40684718893462e-25
"PHJJKLOP_00828",412.114922264751,-1.16524799677241,0.110889966031295,-10.5081463948104,7.92355622947699e-26,2.13145798302373e-25
"PHJJKLOP_00842",953.242680973776,0.928389376688169,0.0884558838124533,10.4955073272069,9.05897553892864e-26,2.434701325274e-25
"PHJJKLOP_00605",2142.61517337455,0.824084879623565,0.0785945140633589,10.4852722794269,1.00954453136124e-25,2.7108307864534e-25
"PHJJKLOP_02219",2363.09336968778,0.764526190487289,0.0729347098062604,10.4823367710399,1.04138305742931e-25,2.79381798740444e-25
"PHJJKLOP_02477",1444.51265562592,-0.750354838110774,0.071608646325933,-10.4785507981183,1.08391914834742e-25,2.90533028661789e-25
"PHJJKLOP_01175",725.518116874356,0.887956262269669,0.0848424765252094,10.4659399234513,1.23841295431929e-25,3.31646546085147e-25
"PHJJKLOP_02888",592.459297311046,-0.976480473683235,0.0935780530766646,-10.4349304305706,1.7173950996509e-25,4.59506785375763e-25
"PHJJKLOP_00175",57.3292269638988,4.8938124752172,0.469294257450883,10.4280254819214,1.84686162071613e-25,4.93705686823579e-25
"PHJJKLOP_01814",2004.72139327043,-0.745705729384648,0.0716175619911725,-10.4123305604366,2.17822714990864e-25,5.81767358325288e-25
"PHJJKLOP_00284",1556.05138927171,-0.757572422756322,0.0727963957280827,-10.4067298274779,2.31021558839343e-25,6.16469293373435e-25
"PHJJKLOP_02106",739.841576616348,-0.955987917277142,0.0919137703283637,-10.4009215796703,2.45546771220595e-25,6.54645621580108e-25
"PHJJKLOP_00105",9135.30643903942,-0.611756541327032,0.0589960084149049,-10.3694564727955,3.41461382176969e-25,9.0955104825431e-25
"PHJJKLOP_01190",498.773283540143,-1.00151857034551,0.0966312471301287,-10.364334520042,3.60257341331177e-25,9.58764871062706e-25
"PHJJKLOP_01306",4016.56125617962,0.587225404182184,0.0566933495555291,10.3579239679077,3.85232427601586e-25,1.02432139275235e-24
"PHJJKLOP_00300",388.817529467261,-1.26331387046199,0.122141854356734,-10.3430054923866,4.50192656841556e-25,1.19598652580623e-24
"PHJJKLOP_01181",730.89940048354,0.94943417293728,0.0918444126332389,10.3374189644899,4.77217379855637e-25,1.26665676887214e-24
"PHJJKLOP_00967",765.60523429483,1.03436074700577,0.100107127216957,10.3325385091119,5.02138151931171e-25,1.33162234444812e-24
"PHJJKLOP_02255",1606.16486385824,2.45652314956535,0.2379517140434,10.3236203170081,5.51053054145752e-25,1.46004676470122e-24
"PHJJKLOP_00090",413.221459766894,1.089208567973,0.105623635525804,10.3121669932191,6.20853643965882e-25,1.64353298853568e-24
"PHJJKLOP_00461",627.179239568246,-0.931008336989896,0.0906388935676917,-10.2716207175962,9.46018265628707e-25,2.5021013138625e-24
"PHJJKLOP_02233",338.789297342123,-1.16726768835825,0.113821948140645,-10.2552074307839,1.12134980831305e-24,2.96060081665722e-24
"PHJJKLOP_02616",730.031313815161,0.928919272465173,0.0905799915801536,10.255236904534,1.12100775723749e-24,2.96060081665722e-24
"PHJJKLOP_00695",2423.2835434872,-0.735589026518393,0.0718153790766026,-10.242778579972,1.27520503711168e-24,3.3638448291739e-24
"PHJJKLOP_01122",1460.94882404265,-0.76664747101923,0.0749862228090273,-10.2238443583391,1.55066405448704e-24,4.08687339712516e-24
"PHJJKLOP_01189",436.181062831758,-1.12648860116787,0.110322723185688,-10.2108483967699,1.77307650501057e-24,4.66894551979036e-24
"PHJJKLOP_02520",502.301375928975,-1.03070525379023,0.100985032203662,-10.2065150775172,1.85404612718618e-24,4.87786828189404e-24
"PHJJKLOP_00732",870.106215512081,-0.87774500263308,0.0861135844422042,-10.192875007104,2.13359351236814e-24,5.60840998773503e-24
"PHJJKLOP_02393",436.897190343534,1.0521840072938,0.103307515220917,10.1849706194536,2.31429789976931e-24,6.07807711570992e-24
"PHJJKLOP_01979",1172.45165617007,-0.758247483588719,0.0745215379328144,-10.1748770170622,2.56724081562328e-24,6.73647590006669e-24
"PHJJKLOP_00648",5308.45535063479,-0.624297030740495,0.0613713661774299,-10.1724479936718,2.6320897819722e-24,6.90059265080977e-24
"PHJJKLOP_00186",55.1049064510563,3.5461646972182,0.348797856832962,10.1668190550736,2.78867243126163e-24,7.30471151285854e-24
"PHJJKLOP_02493",1615.0889346316,-0.807269374039447,0.079460498016612,-10.1593797445201,3.009850963605e-24,7.87717988202219e-24
"PHJJKLOP_01566",746.190162268128,-0.902449109661833,0.0890152083567694,-10.1381452262051,3.74135627821951e-24,9.78307484453205e-24
"PHJJKLOP_01587",514.135199727176,1.02109419682893,0.100739425769832,10.1359938179707,3.82464422789048e-24,9.99213334930549e-24
"PHJJKLOP_02626",2596.06857291039,-0.747139679758363,0.0738278283293325,-10.12002786301,4.50287415650336e-24,1.17537970571675e-23
"PHJJKLOP_01114",376.680614118516,-1.09017541977456,0.107729835676521,-10.1195310744557,4.52578689189405e-24,1.18033152912289e-23
"PHJJKLOP_02702",136.608368470459,-1.92228626183202,0.190161760075607,-10.1086898915309,5.05557841068767e-24,1.31735437437762e-23
"PHJJKLOP_00278",10421.2363914219,0.568127277077743,0.0563076860439268,10.0896932016445,6.13609958740395e-24,1.59752018823369e-23
"PHJJKLOP_01852",1313.53708093086,0.742924787615915,0.0736334540556901,10.0895007187091,6.14814302422483e-24,1.59926500560635e-23
"PHJJKLOP_02385",73.3441201229642,2.86780773445221,0.284242136810308,10.0893124665963,6.15994438851874e-24,1.60094388014107e-23
"PHJJKLOP_02256",118.509427874266,1.87880819068824,0.186605252650217,10.0683564047899,7.62414806248599e-24,1.97976576748335e-23
"PHJJKLOP_00285",3451.63511968832,-0.610433819790865,0.0607207969718642,-10.053125950796,8.89986011306323e-24,2.30902783176008e-23
"PHJJKLOP_00792",922.084003860435,-0.801466460860028,0.0797318103716653,-10.0520288843817,8.99951760732081e-24,2.33286196678082e-23
"PHJJKLOP_01410",58.8182991178533,5.53328721132311,0.55051420195808,10.0511252782257,9.08243059280021e-24,2.35231809643978e-23
"PHJJKLOP_01527",938.923130425098,-0.882349869605376,0.0879610032461658,-10.0311483162152,1.11215550863382e-23,2.877954704278e-23
"PHJJKLOP_01083",168.926278995611,1.56784234061807,0.156343605705381,10.0281833308397,1.14605757954331e-23,2.96312296472597e-23
"PHJJKLOP_01138",799.054796386745,-0.932873373085951,0.0931489110068135,-10.0148607536347,1.31146458190974e-23,3.38785587423449e-23
"PHJJKLOP_02029",160.61513661013,1.5825256960913,0.158401071172971,9.99062496467096,1.67522187538314e-23,4.32380542663545e-23
"PHJJKLOP_00992",655.796655304613,0.913201056637547,0.0914227699037648,9.98877038618298,1.70685825022775e-23,4.40166546182765e-23
"PHJJKLOP_01207",720.452007451348,0.850021920565561,0.0853094140785453,9.96398732480963,2.19095211061619e-23,5.64518986160488e-23
"PHJJKLOP_01091",557.596125608297,-0.980266721041666,0.0985403754516103,-9.94786874465523,2.57641652311883e-23,6.63266644042801e-23
"PHJJKLOP_02970",322.243084797982,1.17115140175774,0.117893956070343,9.93393928573363,2.96312693535209e-23,7.62165124093141e-23
"PHJJKLOP_01901",160.903409123085,-1.64540730424181,0.165795332239437,-9.92432827882975,3.26292271662832e-23,8.38557134213321e-23
"PHJJKLOP_00032",871.922010378894,0.834020556751995,0.0842867393910155,9.89503880180821,4.37440750681891e-23,1.12323980063601e-22
"PHJJKLOP_00296",3396.7156006162,0.600303629595492,0.0607270103334446,9.88528212239164,4.82221565298339e-23,1.23716483847749e-22
"PHJJKLOP_01663",312.9865155496,1.18699707382167,0.120277849159273,9.86879198554539,5.68450551503528e-23,1.4571412253438e-22
"PHJJKLOP_01139",2011.48152944886,-0.744583008064714,0.0755027313574768,-9.86166983204085,6.10259231074009e-23,1.56297359951718e-22
"PHJJKLOP_02695",332.5572338392,-1.117604393877,0.113471486502482,-9.84920906850504,6.90854821931049e-23,1.76787977509535e-22
"PHJJKLOP_00785",1628.765836404,-0.670518785961238,0.068093188910491,-9.84707570154542,7.05672873550159e-23,1.80425668950399e-22
"PHJJKLOP_02662",530.482828443272,0.993243171395827,0.10091392448534,9.84247888942337,7.38679494993625e-23,1.88703618430965e-22
"PHJJKLOP_00960",1604.54658287372,-0.707879607458624,0.0719228534138604,-9.84220694617501,7.40679324745133e-23,1.89053188259755e-22
"PHJJKLOP_00790",1844.78177294716,-0.773820182926815,0.0786515072958311,-9.83859317554148,7.67768870408468e-23,1.95800681260899e-22
"PHJJKLOP_00440",4032.35446688462,0.698896896525724,0.0711323905556,9.82529746388093,8.76149828109729e-23,2.23250432796641e-22
"PHJJKLOP_02910",147.152515129901,1.60370558920425,0.163956968609669,9.78125908769504,1.35514104717439e-22,3.45007848234706e-22
"PHJJKLOP_02513",915.948752278433,-0.848267847772513,0.0867360540655158,-9.7798759340813,1.37378839523153e-22,3.49458152533832e-22
"PHJJKLOP_01243",1174.4499046954,0.74714432500187,0.0764011146536476,9.77923330554706,1.38253835945666e-22,3.51385386096201e-22
"PHJJKLOP_01351",11003.2341040845,0.5569026079077,0.0569606436296667,9.77697182511555,1.41377137176782e-22,3.59018786011269e-22
"PHJJKLOP_01721",1253.05498734837,0.723903279776861,0.0741460305049795,9.76321017924548,1.6194617984005e-22,4.10904120712805e-22
"PHJJKLOP_02675",1436.18741270462,-0.858248491551201,0.0879080910888091,-9.76302045603693,1.62249519025036e-22,4.11325198950853e-22
"PHJJKLOP_03001",254.559045748984,-1.31698106475129,0.134907609596876,-9.76209621300551,1.637353082839e-22,4.14740704739422e-22
"PHJJKLOP_01314",127.545543719207,-1.79105777620002,0.183904014513573,-9.73909014948577,2.05384978351605e-22,5.19799345042016e-22
"PHJJKLOP_00444",5524.68833198428,-0.556400238973135,0.0571835080355162,-9.73008229274005,2.24411336695264e-22,5.67472586204071e-22
"PHJJKLOP_01257",218.243189437148,1.39138826447707,0.143006469314876,9.7295476990867,2.25593798382624e-22,5.69981293128757e-22
"PHJJKLOP_01219",3611.0204145324,-0.579896870363835,0.0596725293656869,-9.71798709604037,2.52727955004542e-22,6.37999576124452e-22
"PHJJKLOP_01725",8314.29456393332,0.593103637779236,0.0611097467103938,9.70554894606293,2.85535101775097e-22,7.20212379709049e-22
"PHJJKLOP_00164",49.5921177843434,4.94966958128935,0.511378700229532,9.67906871965471,3.70071525206756e-22,9.32655005445308e-22
"PHJJKLOP_01681",2411.40903454028,0.628242042640557,0.0649486620137329,9.67290199923933,3.93070811447517e-22,9.89784700987272e-22
"PHJJKLOP_02634",1301.15527636372,-0.746743198027843,0.0774542392026223,-9.64108879921141,5.36162286109863e-22,1.3489662895907e-21
"PHJJKLOP_01112",2958.38043477708,0.590319055244976,0.0612749471918087,9.63393821290621,5.74831833689123e-22,1.44504324942505e-21
"PHJJKLOP_03138",349.983021822392,-1.12217759178325,0.116488565634321,-9.63337118688521,5.78013787161982e-22,1.45182322043874e-21
"PHJJKLOP_02409",1344.14227780612,0.972014934609726,0.100921433021748,9.63140242370774,5.89197719736069e-22,1.47867390854132e-21
"PHJJKLOP_02093",5399.85005817806,-0.70066149679968,0.0727878908701995,-9.62607225491874,6.20562816160862e-22,1.5560846495692e-21
"PHJJKLOP_02831",546.308203412916,-1.05039163946982,0.109202863631656,-9.61871881870075,6.66561911587946e-22,1.67003042953499e-21
"PHJJKLOP_01259",152.693726508101,-1.63264186428332,0.169767658392036,-9.61691926334482,6.78323347117926e-22,1.69807700775173e-21
"PHJJKLOP_00460",456.288458301378,-1.08130526510565,0.112480640669965,-9.61325663389806,7.02899335973421e-22,1.75812916616911e-21
"PHJJKLOP_02420",1510.31323870934,0.685954997745024,0.0713645272698919,9.61198825224227,7.11613836904241e-22,1.77844059072729e-21
"PHJJKLOP_00548",127.693241883084,-1.78579968001058,0.185857210025612,-9.60844984041504,7.36493884715517e-22,1.83908481304275e-21
"PHJJKLOP_01021",444.196960262708,-0.96278890706419,0.100316624121463,-9.59750106720547,8.19060861193493e-22,2.04355684867777e-21
"PHJJKLOP_01548",54.2693875065691,-3.25167829270569,0.339712363050033,-9.57185738991425,1.05002052685371e-21,2.61761986461282e-21
"PHJJKLOP_02734",105.341648696922,1.91505217456124,0.200106560693518,9.57016185738317,1.06738438129001e-21,2.65869287652437e-21
"PHJJKLOP_01350",5042.29796550488,0.58858798314965,0.0615300935002319,9.56585549715493,1.11277310024628e-21,2.76944527193462e-21
"PHJJKLOP_00489",677.000969669437,1.05833735049305,0.110720192350584,9.55866611161525,1.19284141640843e-21,2.96625182784621e-21
"PHJJKLOP_02810",175.089931719295,1.46898702280554,0.15374918080768,9.55443804701017,1.24256420774598e-21,3.08733380746181e-21
"PHJJKLOP_02411",430.145961317662,1.38691015498406,0.145163206854772,9.55414381532356,1.24609976368821e-21,3.09355115462894e-21
"PHJJKLOP_00130",1620.13599455017,-0.721675712854496,0.075560470904962,-9.55096896844649,1.284888352384e-21,3.18720441345293e-21
"PHJJKLOP_02011",368.915014337941,-1.05194128057847,0.110871497136835,-9.48793249612376,2.35661819830137e-21,5.84082358088932e-21
"PHJJKLOP_00290",16995.8261914049,0.477968706985344,0.050402084462655,9.48311388469442,2.46805887278854e-21,6.11196713410165e-21
"PHJJKLOP_01754",4075.98301103941,0.609618596624903,0.0644037310479436,9.46557888348253,2.91939473378427e-21,7.22369242392571e-21
"PHJJKLOP_01813",725.880885790785,-0.857390175933659,0.0906422930358615,-9.45905214020173,3.10747210054582e-21,7.68271797608107e-21
"PHJJKLOP_02239",5990.07999899783,-0.525586154589524,0.0555826299774368,-9.45594252742054,3.20124740435677e-21,7.90803195432686e-21
"PHJJKLOP_02701",541.624661421163,-0.950590559904213,0.100744705348169,-9.43563789897459,3.88622293223917e-21,9.59221060109157e-21
"PHJJKLOP_00608",584.414939875006,-0.904760838863565,0.0960044700778335,-9.42415325171891,4.3358977034325e-21,1.06933094926498e-20
"PHJJKLOP_01696",85.5279204645096,-2.18206339026335,0.232163776884653,-9.39881069968758,5.51832705155672e-21,1.35982478949472e-20
"PHJJKLOP_00446",3086.94025043145,-0.610072192128671,0.0650206129435809,-9.38275055416714,6.42737040596309e-21,1.58252853581032e-20
"PHJJKLOP_02774",177.403112370992,1.40348524318894,0.149607531002823,9.38111359622969,6.52795712058355e-21,1.60597400320683e-20
"PHJJKLOP_02891",305.683983232145,-1.13429888379553,0.120934121446798,-9.37947760504083,6.63003962733373e-21,1.62974865716233e-20
"PHJJKLOP_02685",2182.8154064394,-0.610804175628549,0.0652062913406138,-9.367258328463,7.4441021322404e-21,1.82835453518686e-20
"PHJJKLOP_01461",1083.28607931939,0.805713567024189,0.0860416989524769,9.36422196253012,7.66126466218365e-21,1.88014970480146e-20
"PHJJKLOP_00324",3744.85277922547,0.578823714519607,0.0618392721539428,9.36013142390618,7.96375715129357e-21,1.95278369459238e-20
"PHJJKLOP_00091",527.407311683545,-0.944534395488013,0.100959228772783,-9.35560232550671,8.31247260069851e-21,2.03662381067851e-20
"PHJJKLOP_02489",10192.1322839213,0.505228051055228,0.0540097061846068,9.35439362192312,8.40806140365975e-21,2.0583594311167e-20
"PHJJKLOP_01822",392.205946346821,-1.12020554901284,0.119785650453355,-9.35175077125833,8.62087127466347e-21,2.10873272845935e-20
"PHJJKLOP_01812",853.106937288908,-0.926851888159745,0.099135513958538,-9.34934264372087,8.81941395878336e-21,2.15553676674264e-20
"PHJJKLOP_00660",2535.32620964759,0.721690789854765,0.0772028683181041,9.34797897509629,8.93384260091721e-21,2.18172306257309e-20
"PHJJKLOP_01037",467.075782170207,-1.30098129321565,0.139253499490272,-9.34253931124029,9.40509087737086e-21,2.29493415540736e-20
"PHJJKLOP_02827",122.386244247266,-1.89846225019497,0.203535611622228,-9.32742056814413,1.08478691274704e-20,2.64483063254449e-20
"PHJJKLOP_00835",3190.28055620498,0.554767694096766,0.0595664130722596,9.31343126912444,1.23767919476675e-20,3.01514362012339e-20
"PHJJKLOP_01336",9815.33638920266,0.497143738986509,0.0537894356383575,9.24240481586303,2.41018316360073e-20,5.86673852993542e-20
"PHJJKLOP_00640",76.9510609178719,-2.33612604923482,0.252904544520663,-9.2371849373547,2.53067424550132e-20,6.155027368831e-20
"PHJJKLOP_00171",44.3150498874932,4.9367408809383,0.534815288411681,9.23074001044297,2.68768560469479e-20,6.53159959452613e-20
"PHJJKLOP_01765",9318.1018515073,0.519754672823401,0.0563483089940339,9.22396221115405,2.86319977145433e-20,6.95248995598886e-20
"PHJJKLOP_02369",457.582249874625,0.924230653926728,0.100410607375906,9.20451213353086,3.43226802846389e-20,8.32756116468467e-20
"PHJJKLOP_01401",41.500856398438,4.17633049581273,0.454133055173388,9.19627067053775,3.70588360702831e-20,8.98414212100628e-20
"PHJJKLOP_01837",393.457778214435,-1.07511507563432,0.117006542776997,-9.18850390856673,3.98342821572155e-20,9.64917805652938e-20
"PHJJKLOP_00134",6609.75280090924,-0.578285862192911,0.0629491246396968,-9.18655923339454,4.05607800018009e-20,9.81721708370186e-20
"PHJJKLOP_02647",3837.38263793037,-0.557701227075422,0.0607297495006208,-9.18332829727415,4.17968691835152e-20,1.01082250674834e-19
"PHJJKLOP_02005",188.565588484655,1.32585504628806,0.144884374526389,9.15112516875707,5.63435997017556e-20,1.36042530247626e-19
"PHJJKLOP_02955",73.1240990930274,2.27883151472956,0.249019816532895,9.15120550025996,5.63017121489944e-20,1.36042530247626e-19
"PHJJKLOP_02608",1252.42575258022,0.669749625549253,0.0732949318484907,9.13773447437955,6.37742929365637e-20,1.53859978285312e-19
"PHJJKLOP_01600",1222.36112768539,0.694515366639143,0.0760360901407305,9.13402261154811,6.60002415046158e-20,1.59102031453156e-19
"PHJJKLOP_02077",479.339638127696,-0.909887578525887,0.0997323863939266,-9.12329095317122,7.28769914581299e-20,1.75537982643315e-19
"PHJJKLOP_01034",868.360464835485,-1.02862147451701,0.11278030266438,-9.1205773545232,7.47251686641064e-20,1.79844979887729e-19
"PHJJKLOP_00348",234.567011491581,-1.21765233075462,0.133918437767365,-9.09249205004807,9.67945407733747e-20,2.3277337757067e-19
"PHJJKLOP_00327",331.386904007542,-1.03827382236729,0.114301138548728,-9.08366999270674,1.04974209711571e-19,2.52241399579809e-19
"PHJJKLOP_02866",1521.80840366004,0.61436841772122,0.0676750289638483,9.07821432997705,1.10370653514742e-19,2.64995779168514e-19
"PHJJKLOP_00521",143.656534643104,1.52055435141269,0.167514559625986,9.07714741218713,1.11457600793223e-19,2.67391071133743e-19
"PHJJKLOP_00577",368.158682234055,1.02391908756123,0.11286471117061,9.07209239222201,1.16753038026404e-19,2.79870773299482e-19
"PHJJKLOP_01639",1821.94884953948,0.607765824261952,0.0671132898474462,9.05581928174661,1.35546367362597e-19,3.24660659106892e-19
"PHJJKLOP_01486",2877.16248827012,0.615956176938868,0.0680265975862521,9.05463743292301,1.37022233081107e-19,3.27933306031042e-19
"PHJJKLOP_01825",529.538448483701,-0.889269978025018,0.0983365885379257,-9.04312414378756,1.52256803090273e-19,3.64102930073705e-19
"PHJJKLOP_02206",749.256146817497,-0.812837713108518,0.0899220824918901,-9.03935596889481,1.57597563192766e-19,3.7657390598495e-19
"PHJJKLOP_00191",41.8553990380002,4.8531525703959,0.537795027286514,9.02416780401048,1.81066313062904e-19,4.32306651762626e-19
"PHJJKLOP_00576",668.415451854174,0.779789505509137,0.0866292144974685,9.00146111254332,2.22733365931125e-19,5.31365496093856e-19
"PHJJKLOP_01371",755.047351343535,0.775229490154497,0.0861610856298645,8.99744338743329,2.31034893734512e-19,5.50731267389434e-19
"PHJJKLOP_01166",180.287133052242,1.35592789176283,0.15089814622364,8.98571603227822,2.57054989803591e-19,6.12269402921201e-19
"PHJJKLOP_01329",4549.80332534686,0.725209099656556,0.0807265647177268,8.98352484330734,2.62228225590094e-19,6.24094838964023e-19
"PHJJKLOP_00982",1140.95791113919,-0.697074491136182,0.0777046696382456,-8.97081854129765,2.94318979901971e-19,6.99913443865369e-19
"PHJJKLOP_00366",3145.75301910714,-0.614753537310359,0.0686170476618887,-8.95919539324344,3.27056136978384e-19,7.77147677867685e-19
"PHJJKLOP_02906",110.943649889048,1.77313765515371,0.198062968084601,8.95239363673642,3.47855995616738e-19,8.25916614493666e-19
"PHJJKLOP_00776",405.454896907743,-1.02000776229523,0.114113019145422,-8.93857484390422,3.94221433130479e-19,9.35260674162167e-19
"PHJJKLOP_00240",551.498298451301,0.830447150047352,0.0930521536479939,8.92453444107099,4.47577739797467e-19,1.06100376322535e-18
"PHJJKLOP_01368",403.479089961772,0.985382133607411,0.110558231648181,8.9127884818482,4.97648636949239e-19,1.17876583783704e-18
"PHJJKLOP_01655",199.537333069178,-1.2638739151462,0.141939789682058,-8.9042960960929,5.37258688015283e-19,1.27158301337372e-18
"PHJJKLOP_00802",1602.31061477592,0.815620796392113,0.0916267794849625,8.90155477445293,5.50697733712058e-19,1.30236099110103e-18
"PHJJKLOP_02440",6653.65137959066,-0.485576599991716,0.0546084507875385,-8.89196805602336,6.00359551347936e-19,1.4186870534615e-18
"PHJJKLOP_02594",331.976943285227,-1.04763908414296,0.117956898879921,-8.88154142819106,6.59401694527074e-19,1.55697844906472e-18
"PHJJKLOP_01610",995.392801497016,-0.757023932194183,0.0855580343296362,-8.84807532250609,8.90415495021188e-19,2.10079116792233e-18
"PHJJKLOP_02082",256.732871581061,1.14118044544847,0.129278880730701,8.82727665182722,1.07255270656829e-18,2.5285218924925e-18
"PHJJKLOP_02330",185.544030179798,1.35773015421382,0.153815981329738,8.82697716112627,1.07542750909839e-18,2.53330445494932e-18
"PHJJKLOP_00476",48.3205576222031,-3.06411878627926,0.347415906757604,-8.81974235110982,1.14723388921407e-18,2.70032882414067e-18
"PHJJKLOP_00825",407.389612883673,-1.04241695093251,0.118270081264473,-8.81386856073496,1.20899794370027e-18,2.84347199013244e-18
"PHJJKLOP_02318",748.616631574239,0.745476093005318,0.0845999075564237,8.81178377775561,1.23170024784864e-18,2.89459226221257e-18
"PHJJKLOP_02414",2083.30182690982,1.77586816569546,0.202106321756752,8.78680167081972,1.53878093712082e-18,3.61341970646254e-18
"PHJJKLOP_00365",156.90838685804,1.39481892101648,0.158840516836003,8.78125398229835,1.61662027352985e-18,3.7932297013702e-18
"PHJJKLOP_01990",822.049876281299,0.730500351296495,0.0833440944108695,8.76487238190238,1.86988355059698e-18,4.38404960883897e-18
"PHJJKLOP_03149",230.942634217539,1.16586461922914,0.133568158145733,8.72861193426868,2.57817205144261e-18,6.03994297497589e-18
"PHJJKLOP_01693",6449.90407862425,0.569489644140334,0.0652678676178489,8.72542132791535,2.65191412705458e-18,6.20784276497374e-18
"PHJJKLOP_01593",25938.357192048,-0.463777728667414,0.0532074167486339,-8.71641130142484,2.87158744153633e-18,6.71682249996858e-18
"PHJJKLOP_02257",112.863021171798,1.62583297904697,0.186609619326808,8.71248215880909,2.97292112414708e-18,6.94841986393157e-18
"PHJJKLOP_00692",7556.54863163307,0.531343535926027,0.0611197225552774,8.69348736728107,3.51480763727985e-18,8.20852891264888e-18
"PHJJKLOP_02515",2678.02687682112,0.528367868459347,0.0607917149856269,8.69144534883199,3.57857275756573e-18,8.3509328418954e-18
"PHJJKLOP_01800",1559.97879745509,0.579331347663065,0.0667161453714439,8.68352547104787,3.83686956718544e-18,8.9467192244184e-18
"PHJJKLOP_01418",44.9197986634393,2.95577087665814,0.340525557993719,8.68002652744396,3.95676525593102e-18,9.21910908658169e-18
"PHJJKLOP_03136",1019.44033398463,0.72060180782291,0.0832192156372089,8.65907954437287,4.75588873165726e-18,1.10724190222254e-17
"PHJJKLOP_01514",329.699570974628,1.04487516834127,0.120752221531409,8.65305130696486,5.01404693633628e-18,1.16643795861623e-17
"PHJJKLOP_02854",415.764326712429,-0.883731860276354,0.102486416730825,-8.62291695296004,6.52697915690379e-18,1.51721860215605e-17
"PHJJKLOP_01157",1645.6075155363,-0.616563389720526,0.0715834016736957,-8.61321724456537,7.10382963867413e-18,1.65002838930879e-17
"PHJJKLOP_01341",7887.25906062567,0.551229741856775,0.064178028391207,8.58907254826635,8.76741484251064e-18,2.03485581693619e-17
"PHJJKLOP_00787",441.395921770408,-0.856488567681607,0.0998250064788988,-8.57989994583825,9.49556998192694e-18,2.20214845281869e-17
"PHJJKLOP_01325",554.688851827356,0.852584579031921,0.0993859467742865,8.57852248435294,9.60995336623116e-18,2.22695049369165e-17
"PHJJKLOP_02777",277.055172796991,1.08031312264319,0.126389932393143,8.54746182854832,1.25824884711562e-17,2.91353213322827e-17
"PHJJKLOP_02030",154.770154897279,1.41575652773533,0.165749337040872,8.54155167683245,1.32431349042787e-17,3.06413801417392e-17
"PHJJKLOP_02589",6464.96763477425,-0.474819179566977,0.0555969570041484,-8.54038071780706,1.33780324719866e-17,3.09295978541528e-17
"PHJJKLOP_00116",333.194054580181,-0.991703914108475,0.116154869438993,-8.53777305160106,1.36833338224138e-17,3.16110350804837e-17
"PHJJKLOP_01633",675.49399141496,0.738661119408734,0.0865285846861228,8.5366139072791,1.38212422880127e-17,3.19050111104936e-17
"PHJJKLOP_01131",6672.13091183941,0.493302651081049,0.0578414931938216,8.52852552454061,1.48224796443668e-17,3.41899106742946e-17
"PHJJKLOP_01845",2576.72263624895,-0.522006453267454,0.061285102256625,-8.51767287719626,1.62791243667507e-17,3.75032377474015e-17
"PHJJKLOP_03073",64.2306641898447,2.19086465615411,0.25721503487754,8.51763839231707,1.62839709658056e-17,3.75032377474015e-17
"PHJJKLOP_01781",3410.15172954285,-0.695681044121751,0.0817274545334348,-8.51220741051156,1.70652966850559e-17,3.9272481379752e-17
"PHJJKLOP_02152",76.4633634493239,1.98855571774827,0.233829964617676,8.50428096758112,1.82724521179923e-17,4.20182193865354e-17
"PHJJKLOP_02783",98.7071436706578,1.72551572169555,0.203262213378238,8.48911213263553,2.08221741632032e-17,4.78446580542059e-17
"PHJJKLOP_02735",137.958731590665,1.43189365218382,0.168693065072055,8.48815955517915,2.09935210203285e-17,4.82013818518893e-17
"PHJJKLOP_01352",16864.0201646882,0.479924821278289,0.0567168940720621,8.46176133461252,2.63369091783229e-17,6.04235295631409e-17
"PHJJKLOP_01766",1903.265701133,0.606492391331789,0.0718227488344381,8.44429378120632,3.05889037220012e-17,7.01249446735618e-17
"PHJJKLOP_03034",64.4483009590905,2.24239228532257,0.265653016457668,8.44105711737665,3.14480418790398e-17,7.2039355306691e-17
"PHJJKLOP_01724",938.061974548491,0.669898692120576,0.0794906095131963,8.42739408117591,3.53447958249929e-17,8.09039133792268e-17
"PHJJKLOP_01421",156.592391748286,1.36981410205524,0.162547399667604,8.42716712082997,3.54133916273872e-17,8.09990026985464e-17
"PHJJKLOP_01561",87.2306998562296,-1.98737441099367,0.235938874821575,-8.42325967900199,3.66151695261401e-17,8.36838301994378e-17
"PHJJKLOP_03148",162.946411613685,1.43045219973687,0.169920004779729,8.41838606108324,3.81706148485622e-17,8.71722508440849e-17
"PHJJKLOP_02319",207.333590015213,-1.19817222079097,0.142342692077352,-8.41751833764575,3.84543101165701e-17,8.77532046410144e-17
"PHJJKLOP_02811",171.878532353919,1.31049812045488,0.15583021892284,8.40978168107289,4.1077459045178e-17,9.36678692926603e-17
"PHJJKLOP_01367",34.864230574704,3.90692646394153,0.465393973862846,8.39487978650304,4.66371160376345e-17,1.06264479008126e-16
"PHJJKLOP_00607",1595.57976911389,-0.615395104806388,0.0734601158774794,-8.37726836468345,5.41702357322424e-17,1.23335122267934e-16
"PHJJKLOP_00435",226.575963039507,-1.12282942793832,0.134065926997585,-8.375203551597,5.51285041280375e-17,1.25421535987344e-16
"PHJJKLOP_02622",14798.3091919373,-0.4935867157595,0.0589631037205712,-8.3711115021799,5.70772688566261e-17,1.29756524644448e-16
"PHJJKLOP_01595",526.291746631063,-0.821167846215474,0.0982847222341235,-8.35498974356742,6.54383980434786e-17,1.48651414068418e-16
"PHJJKLOP_00890",2928.85279697932,-0.574014162493657,0.0687169018098653,-8.35331843222376,6.63714040321599e-17,1.50656545619626e-16
"PHJJKLOP_01197",1149.33905010207,-0.626020380916303,0.0752060110208774,-8.32407373318228,8.49906938962268e-17,1.92774346610078e-16
"PHJJKLOP_01027",382.936219376467,-0.94970567983028,0.11424022469703,-8.3132336473334,9.31289037929564e-17,2.11073382252923e-16
"PHJJKLOP_02905",94.6667699715838,1.73601945030274,0.208905840222078,8.31005704989989,9.5656073797997e-17,2.16637129312559e-16
"PHJJKLOP_00349",6407.43837792468,-0.686987040412256,0.0828710141849252,-8.2898350788764,1.13405600359581e-16,2.56641245258191e-16
"PHJJKLOP_01146",1966.00372203504,0.573585452298439,0.0692696823185364,8.28046893099363,1.22691177095439e-16,2.7744515424754e-16
"PHJJKLOP_01503",93.0276245067351,-1.81101310341669,0.218826539864499,-8.27602129311234,1.27359233397505e-16,2.87783807390287e-16
"PHJJKLOP_02540",1052.92928435474,-0.704084187480966,0.0851549153360803,-8.26827417656587,1.35912046950168e-16,3.06878332254e-16
"PHJJKLOP_00809",1970.89670107709,0.548850858814723,0.0664468195337498,8.26000194841454,1.45670089791998e-16,3.28663337480965e-16
"PHJJKLOP_01562",58.6385306283178,-2.32306922745385,0.281509365198906,-8.25219163068497,1.55515784669902e-16,3.50613147064524e-16
"PHJJKLOP_00754",2357.14202789098,-0.520695850915475,0.0631015420169774,-8.25171357580108,1.56139285654228e-16,3.51753966327131e-16
"PHJJKLOP_01260",142.637143796056,-1.4993020481125,0.181826559393027,-8.24578132654255,1.64084498033034e-16,3.69375178278874e-16
"PHJJKLOP_02142",3059.65938703824,0.527549804692202,0.0641207968274621,8.22743681916098,1.91261953345401e-16,4.30231621574854e-16
"PHJJKLOP_02963",113.208861875295,1.51679820459764,0.184601370363924,8.2166140024173,2.09329470828434e-16,4.7051984659184e-16
"PHJJKLOP_00028",325.053905365847,0.957458028066866,0.11661906105216,8.21013322717995,2.20943205430746e-16,4.9625203080244e-16
"PHJJKLOP_00354",123.918246833628,-1.50805325359588,0.183697804527725,-8.20942448100011,2.22251198823405e-16,4.98815659128392e-16
"PHJJKLOP_01311",128.948684365029,-1.47731579875203,0.180119404034406,-8.20186923597547,2.36677667861658e-16,5.30796207923449e-16
"PHJJKLOP_01179",210.858154044082,1.1412649187945,0.139392052193698,8.18744613364761,2.66827589572222e-16,5.97965421541342e-16
"PHJJKLOP_00092",742.985903488343,0.763230211926225,0.0933594500429952,8.17517896233034,2.95427043141107e-16,6.61562129517183e-16
"PHJJKLOP_00457",7372.61884979514,-0.492834035440536,0.0603832568459346,-8.1617663766958,3.30160321377561e-16,7.38789239315707e-16
"PHJJKLOP_00241",660.183516509655,-0.779403068595123,0.0957399627782501,-8.14083321089597,3.9256687111236e-16,8.77778351090669e-16
"PHJJKLOP_00251",1680.88420982812,0.5691245763295,0.0701059635640682,8.1180622502876,4.736858287511e-16,1.05836968006029e-15
"PHJJKLOP_00857",132.122605169874,1.47046006535739,0.1813356863838,8.10904954607301,5.10172424572443e-16,1.13904268394474e-15
"PHJJKLOP_02787",74.4622353288558,1.91549864886152,0.236347365091229,8.1045906651938,5.29233920002488e-16,1.18072008680138e-15
"PHJJKLOP_02676",2065.8143968805,-0.572770349355442,0.0706785170863122,-8.10388181540337,5.32328190704928e-16,1.18673909379788e-15
"PHJJKLOP_00983",9088.35584525155,-0.460800387866649,0.0569000965862787,-8.09841134747335,5.56815177321778e-16,1.24040523876593e-15
"PHJJKLOP_02523",1533.66550378114,0.564332343765174,0.0696889769421579,8.09787097654729,5.59293398938551e-16,1.24499958098292e-15
"PHJJKLOP_02890",124.496436319836,-1.45427699887707,0.179621748938703,-8.09633024658581,5.66419245796738e-16,1.2599251277232e-15
"PHJJKLOP_01283",482.796333328229,-0.787251796898283,0.0972913241335692,-8.09169577975402,5.88397216255998e-16,1.3078405831258e-15
"PHJJKLOP_02027",86.5680150095399,1.77763592733038,0.219941687234136,8.08230558601666,6.35536067877687e-16,1.41156898162151e-15
"PHJJKLOP_02442",630.525226368015,-0.766184479879184,0.0948864725389985,-8.07474932282134,6.76154086907995e-16,1.50067111653264e-15
"PHJJKLOP_00666",201.885396985013,-1.23018598677778,0.152685160433196,-8.05701080109892,7.8182744304921e-16,1.73391952925136e-15
"PHJJKLOP_01855",66.9296435769232,1.97790423256345,0.245841166430044,8.0454557765299,8.59250273991039e-16,1.9042156331082e-15
"PHJJKLOP_00079",517.587063419808,-0.832477196478593,0.103485649651606,-8.04437329505301,8.66878987935333e-16,1.91970095405206e-15
"PHJJKLOP_02446",64.4072599091652,-2.09095659686072,0.260103386929649,-8.03894413503452,9.06158781194988e-16,2.00520280184611e-15
"PHJJKLOP_00746",8717.03140368242,-0.484499311033634,0.0604827956604583,-8.01053102362435,1.14214199064092e-15,2.52553406202284e-15
"PHJJKLOP_02396",2230.99813120655,0.662944873412604,0.0833247098734006,7.95616179666091,1.77458309503646e-15,3.9211083295492e-15
"PHJJKLOP_00557",98.2502391832254,-1.64167805900138,0.206439226720778,-7.95235520438108,1.82998660040741e-15,4.04054563541283e-15
"PHJJKLOP_01848",7261.69911697576,-0.479338141409935,0.0603543001273202,-7.94207107693651,1.98832939597327e-15,4.38692572700366e-15
"PHJJKLOP_01809",1101.96084525895,-0.669737631114082,0.0843848660025991,-7.93670314169194,2.07626185602173e-15,4.57756111703171e-15
"PHJJKLOP_01559",3710.3784210843,-0.457184801732652,0.0576519859332896,-7.93007897874793,2.19006560235244e-15,4.82491273984047e-15
"PHJJKLOP_02578",1313.28944283182,0.765043397141971,0.0965222427832255,7.92608392720571,2.26164769174653e-15,4.97895087433024e-15
"PHJJKLOP_02216",2560.49979684531,0.543868971764353,0.068710843306028,7.91532959859101,2.46598928264555e-15,5.42481404279263e-15
"PHJJKLOP_01838",1434.12735656705,0.549602551916529,0.0694912614602004,7.90894481360511,2.59579643485122e-15,5.70617806603858e-15
"PHJJKLOP_00343",123.354099914727,1.43389266224203,0.181327863347641,7.90773483881505,2.62114365126221e-15,5.75766991333754e-15
"PHJJKLOP_01324",6267.99861492376,0.493344460094758,0.0624293215725172,7.90244788295024,2.73478694882459e-15,6.00289745218535e-15
"PHJJKLOP_00488",1668.60785150842,-0.54559602260117,0.069090287204065,-7.89685561719693,2.86027376416662e-15,6.27374333327096e-15
"PHJJKLOP_01684",1426.9835218391,0.58849466002533,0.0745794224315704,7.8908449655171,3.00147333711482e-15,6.57863189701446e-15
"PHJJKLOP_00846",571.538447756897,0.724047777268757,0.0917842627261257,7.88858302898001,3.05636853865697e-15,6.69405077157203e-15
"PHJJKLOP_02078",437.542957769763,-0.860028288205733,0.1090352301749,-7.8876184039433,3.08007873410295e-15,6.74104951016392e-15
"PHJJKLOP_01700",1657.95563355568,-0.589141376775589,0.074776170501707,-7.87873159086343,3.30721059177984e-15,7.23286231686548e-15
"PHJJKLOP_01484",533.517606472448,0.767013094271235,0.0975135275580942,7.86570964540569,3.67010906672421e-15,8.02066171224255e-15
"PHJJKLOP_02833",198.167146499492,-1.10565162459075,0.140651063715687,-7.8609545877714,3.81216987320764e-15,8.32504493098736e-15
"PHJJKLOP_00132",2123.02552595486,-0.776620497535337,0.0988397595447534,-7.8573693533086,3.92284819816099e-15,8.56050109715306e-15
"PHJJKLOP_00131",2344.11643395824,-0.680870317413868,0.0867249733265111,-7.85091411732648,4.13015727224276e-15,9.006329842021e-15
"PHJJKLOP_02732",289.317117302455,0.943454798934665,0.120188101933997,7.84981860727592,4.16639432373482e-15,9.07873697617325e-15
"PHJJKLOP_02683",241.023064197929,1.06469854220441,0.135638143389894,7.8495511335917,4.17528919498121e-15,9.09150243619908e-15
"PHJJKLOP_00150",47.8277206802427,2.39951249741112,0.305786720451024,7.84701341468307,4.26061693310856e-15,9.27055748381325e-15
"PHJJKLOP_02497",475.390757070346,0.782146137782593,0.100237089272417,7.80296139343127,6.04710538896812e-15,1.31481725015037e-14
"PHJJKLOP_02863",500.772899320128,-0.770040416287674,0.098760677578865,-7.79703456036702,6.33788871973039e-15,1.37704200485289e-14
"PHJJKLOP_02220",647.331290876312,0.782189705553172,0.100346334021003,7.79490066263361,6.44591679107501e-15,1.39949781526313e-14
"PHJJKLOP_00494",384.722336170887,0.82314850703054,0.105620233477457,7.7934736548961,6.51916788190362e-15,1.41437598829126e-14
"PHJJKLOP_00998",112.478814700747,-1.45828514492273,0.187163327992881,-7.79151108585865,6.62125027923523e-15,1.43548322491168e-14
"PHJJKLOP_01702",285.523336066997,-0.949561680871779,0.12193856903907,-7.78721358102481,6.85031000132155e-15,1.48406860665389e-14
"PHJJKLOP_01607",663.780683980938,0.7164675107772,0.0920500282250883,7.78345780650099,7.05686953603759e-15,1.52771275422246e-14
"PHJJKLOP_02176",2015.53194141413,-0.750957905629973,0.0966817910798747,-7.76731478846478,8.01674364746557e-15,1.73425798269595e-14
"PHJJKLOP_01756",1459.70498422316,0.52399560729405,0.0675007302866713,7.76281389947448,8.306545635633e-15,1.79565325870651e-14
"PHJJKLOP_01015",1603.70760004328,-0.547023184013475,0.0706561344952179,-7.74204798948488,9.78280484918059e-15,2.11325524664117e-14
"PHJJKLOP_03066",698.704750830515,0.670360038816237,0.0865984615913694,7.74101556190977,9.86258250322352e-15,2.12895256053722e-14
"PHJJKLOP_02953",2488.27416348744,0.480145333451425,0.0620700749219729,7.73553655372588,1.02967909074315e-14,2.22108011360591e-14
"PHJJKLOP_01673",605.604882261244,-0.709829342731683,0.0917930674601886,-7.73292975571975,1.05099296017671e-14,2.26542327053209e-14
"PHJJKLOP_01263",122.121889926693,-1.40897744495449,0.182300967561907,-7.72885335606361,1.08519593675427e-14,2.33746520477863e-14
"PHJJKLOP_01574",5498.43098736201,-0.594116739593255,0.0770080937813986,-7.71499085900974,1.20990904437958e-14,2.6042183169464e-14
"PHJJKLOP_03081",270.405797213725,0.980860582131051,0.12719526888987,7.71145492038948,1.24391397507568e-14,2.6754873860464e-14
"PHJJKLOP_01877",3485.47987487591,0.460154243206444,0.0596916774012379,7.70885093600841,1.26955593579637e-14,2.72867944850993e-14
"PHJJKLOP_01402",45.8917571013805,2.39645295841971,0.31186995897724,7.68414170534009,1.54026103525111e-14,3.30813596810747e-14
"PHJJKLOP_01393",47.5675132031453,2.35031833745232,0.305918566005702,7.68282346553793,1.55619972059349e-14,3.33997273366086e-14
"PHJJKLOP_01247",969.97823882983,0.593981706856884,0.0773564846228318,7.67849922023952,1.60963137920119e-14,3.4521750353355e-14
"PHJJKLOP_00789",4878.07119279502,-0.50405942850594,0.0658037392435715,-7.66004233650268,1.85871800573343e-14,3.98353737234495e-14
"PHJJKLOP_00532",166.410979906203,1.17223871524547,0.153069833271965,7.65819554505365,1.88563630836874e-14,4.03833698659229e-14
"PHJJKLOP_01604",1810.81449615823,-0.692858922336843,0.0904866556881305,-7.65702873056595,1.9028407703546e-14,4.07226966865023e-14
"PHJJKLOP_00262",88.1204937471161,1.58808879863003,0.207420383530834,7.65637769826006,1.9125071407988e-14,4.09003312825115e-14
"PHJJKLOP_01689",5147.43836328494,0.516121087779299,0.0675070159727339,7.64544366748133,2.08226098603562e-14,4.44988536202045e-14
"PHJJKLOP_00897",361.612234007189,-0.87257291216882,0.11415687979265,-7.64362965905979,2.11182259191909e-14,4.5098408275362e-14
"PHJJKLOP_00482",15660.745577835,-0.439874695682135,0.0575803750998062,-7.63931625870245,2.18378302943929e-14,4.66018987180415e-14
"PHJJKLOP_02107",4036.92814695803,-0.531104160214106,0.0695656170804804,-7.63457843836377,2.26560520860822e-14,4.83135469698932e-14
"PHJJKLOP_00742",5596.00465103505,-0.576998431047824,0.0757393799105215,-7.61820907075671,2.57219447955783e-14,5.48124574505063e-14
"PHJJKLOP_01980",278.848663290328,-0.980451845376116,0.128774632180934,-7.6137033262773,2.66351786493193e-14,5.67181542503996e-14
"PHJJKLOP_01415",31.9679838009483,5.3240936483081,0.699345079354161,7.61297077148931,2.67866382096807e-14,5.70001384504507e-14
"PHJJKLOP_01391",40.8631153771161,2.61385622874326,0.343763322911146,7.60365069376199,2.87891664667806e-14,6.12178724442764e-14
"PHJJKLOP_01346",2679.93032359429,-0.55439488865319,0.0729423337802949,-7.60045449495829,2.95092517267971e-14,6.27045419943439e-14
"PHJJKLOP_02174",4647.94518037952,-0.4348836877125,0.0574045550534446,-7.5757696807791,3.57004678100898e-14,7.5806525264829e-14
"PHJJKLOP_01799",8850.56845462078,0.464825737774797,0.0613715462958617,7.57396164558005,3.62011334756655e-14,7.68151620312846e-14
"PHJJKLOP_00977",574.897275042224,0.687618734557119,0.0908034050623326,7.57260957433368,3.65800437913861e-14,7.75642005038315e-14
"PHJJKLOP_01031",532.04523217517,0.74751869175927,0.098764315216774,7.56871234431758,3.76941781794926e-14,7.98700420873324e-14
"PHJJKLOP_00298",946.056728572157,-0.626539942987843,0.0827932635602818,-7.56752320231535,3.80407247052772e-14,8.05473336404526e-14
"PHJJKLOP_02659",24146.6600341345,0.462814528740651,0.0612764199607813,7.55289765682894,4.25679491277487e-14,9.00695686844379e-14
"PHJJKLOP_02416",1142.3053796222,1.5334390855615,0.203444019345809,7.53740065936765,4.79431596294387e-14,1.01371341758856e-13
"PHJJKLOP_01016",965.951824989428,-0.61682776097643,0.0818855732335261,-7.53280140345754,4.96631172978988e-14,1.0493392603381e-13
"PHJJKLOP_02235",2736.71509393777,-0.483940363812126,0.0643138021541981,-7.52467351645352,5.28522217666515e-14,1.11593478116611e-13
"PHJJKLOP_00807",780.029776954382,-0.637572259086,0.0847572970874618,-7.52232882589547,5.38090427154955e-14,1.13533667294005e-13
"PHJJKLOP_02026",58.6953157686991,1.96549439212675,0.262293652817171,7.49348819926183,6.70668660006916e-14,1.41407180849346e-13
"PHJJKLOP_01930",2114.43902105764,-0.618175161586891,0.0825347250126129,-7.4898797020578,6.89367695691464e-14,1.4524749337792e-13
"PHJJKLOP_01483",683.381555371222,0.647390522751176,0.0864376118325181,7.48968543931504,6.90388764339239e-14,1.4536033477016e-13
"PHJJKLOP_00469",3396.53755201709,-0.457012920140141,0.0610598946222017,-7.48466604745774,7.17292929931827e-14,1.50918835714398e-13
"PHJJKLOP_02087",1598.90926695617,-0.542661478320251,0.0726481980544561,-7.46971697651026,8.03674882813104e-14,1.68974901625171e-13
"PHJJKLOP_02903",191.325057620956,1.06386342672275,0.142445968863305,7.46854007320953,8.10894227789398e-14,1.70373145122909e-13
"PHJJKLOP_00803",5187.82255352278,0.465871367885845,0.062475571255335,7.45685647245783,8.86111385606406e-14,1.8604610718833e-13
"PHJJKLOP_02109",9460.98788269817,-0.402123481348731,0.0539840948685344,-7.4489251385618,9.41037470551557e-14,1.9743981687676e-13
"PHJJKLOP_01258",209.036238378267,-1.01630953844155,0.136759034689319,-7.43138865194787,1.07463444238506e-13,2.25312011239556e-13
"PHJJKLOP_00629",1694.08538257369,0.539431818822445,0.0726531323137256,7.42475653345693,1.12987554044651e-13,2.36728297277596e-13
"PHJJKLOP_01582",124.361374065785,1.31118053870067,0.177354027370336,7.39301248548907,1.4353899243761e-13,3.00528491858884e-13
"PHJJKLOP_02801",176.859175348979,1.08763621171655,0.147224500944274,7.38760331833789,1.49498958698999e-13,3.12788177739204e-13
"PHJJKLOP_02392",88.3552054065018,1.5434474238246,0.209488203582468,7.3677056628012,1.73589517622258e-13,3.62937860168325e-13
"PHJJKLOP_02360",1335.93498856236,-0.611049482340038,0.0829933112285455,-7.36263529307008,1.80314521181516e-13,3.76735294080571e-13
"PHJJKLOP_01864",68.6566316051817,1.91222498641147,0.259803547461664,7.36027281033808,1.83534749703412e-13,3.83195983690388e-13
"PHJJKLOP_01576",688.768575203487,-0.662023441684555,0.0899588444542932,-7.35918125338882,1.85041637529796e-13,3.86072935724188e-13
"PHJJKLOP_01894",693.124060043805,0.630446547692502,0.0856751065396424,7.35857325605764,1.85886238126823e-13,3.87565039659964e-13
"PHJJKLOP_00589",82.6945430574401,-1.71207499571108,0.232865059999902,-7.35221933128054,1.94942572712905e-13,4.06164274671146e-13
"PHJJKLOP_01554",13731.6275950714,0.421769512033712,0.0574791554021932,7.33778200258,2.17162495192301e-13,4.52145000421243e-13
"PHJJKLOP_02791",118.875568043582,1.3102052115004,0.178661678243237,7.33344287585076,2.24314118575689e-13,4.66710542748863e-13
"PHJJKLOP_02280",237.03735792066,0.938075765674081,0.127990311127179,7.32927170355847,2.31406812786097e-13,4.81133331584426e-13
"PHJJKLOP_01798",2744.21942693881,0.522739861513796,0.0714077503991542,7.32049194368666,2.47063546060627e-13,5.13329810482662e-13
"PHJJKLOP_03118",70.799859935264,-1.79992096413952,0.245892350618243,-7.3199550926005,2.48053952066567e-13,5.15030188964842e-13
"PHJJKLOP_01504",365.273567151069,0.898908001817456,0.1229007442868,7.31409729887211,2.59117345176898e-13,5.37628088329613e-13
"PHJJKLOP_01506",369.626276115106,0.786770222518342,0.107746469447477,7.30205107000621,2.83413646434401e-13,5.87631895723404e-13
"PHJJKLOP_02333",50.2710182846036,2.16092930170053,0.296222700775773,7.29494834812222,2.9877367676683e-13,6.19050787709265e-13
"PHJJKLOP_02231",1050.99100013278,0.548314245626551,0.075328913809638,7.27893471306627,3.36466453784343e-13,6.96667055760942e-13
"PHJJKLOP_01826",1037.48875832317,-0.672492788373819,0.0929796132080439,-7.23269074984321,4.73516852056546e-13,9.79757743647062e-13
"PHJJKLOP_01468",1139.99044405721,-0.565844416484621,0.0783081469558655,-7.22586906319634,4.97907308454981e-13,1.02951276347667e-12
"PHJJKLOP_01632",292.71272301213,0.903849091456099,0.125111339153578,7.22435790049853,5.03475005856124e-13,1.04030653383936e-12
"PHJJKLOP_00581",294.59809994054,0.885700543159533,0.122603490722409,7.22410543077341,5.04411140822425e-13,1.04152203836024e-12
"PHJJKLOP_00766",58.3374709723319,-1.93905648767885,0.268508227377413,-7.22159058818459,5.13829743821217e-13,1.06023863060008e-12
"PHJJKLOP_02194",296.235335543185,-0.86527774272285,0.120096754565521,-7.20483868072207,5.81126081665114e-13,1.19827237500368e-12
"PHJJKLOP_01064",162.140109556979,-1.15940326705867,0.161864411296535,-7.16280532435659,7.90425620663086e-13,1.62872285496578e-12
"PHJJKLOP_01567",88.1569405050195,1.64768531628082,0.230774452091878,7.13980816050135,9.34612646593742e-13,1.92450499580582e-12
"PHJJKLOP_02536",5403.824758752,-0.418650938833144,0.0586678271319391,-7.13595439441847,9.61178773516472e-13,1.97784828034936e-12
"PHJJKLOP_02422",1776.67838455517,0.599706326723015,0.0841386358297171,7.1275974563781,1.02135955315308e-12,2.10024072949197e-12
"PHJJKLOP_00940",108.310014440186,-1.3791128248007,0.193625204830587,-7.12258936540497,1.0591803265863e-12,2.1765174315713e-12
"PHJJKLOP_02598",113.454644641828,1.27745187746905,0.179616525404586,7.11210660929775,1.14284924457903e-12,2.34683857220138e-12
"PHJJKLOP_00794",2510.25237666282,-0.491189594155805,0.069168510733098,-7.10134697060586,1.2354676323921e-12,2.53529135804108e-12
"PHJJKLOP_00618",942.607488711962,0.670346142179107,0.0948803611357588,7.06517275181898,1.6041630135137e-12,3.28963291949317e-12
"PHJJKLOP_01262",39.1154808673158,-2.5130746472877,0.356555151311867,-7.04820737560903,1.81237404439488e-12,3.71406426346219e-12
"PHJJKLOP_02531",1015.99043770204,-0.533748313391765,0.0757634388714047,-7.04493250758733,1.85551423691592e-12,3.79986978476489e-12
"PHJJKLOP_01507",200.971317085634,-0.987779493922102,0.140294357657829,-7.04076422183169,1.9118828932459e-12,3.91262978973221e-12
"PHJJKLOP_00474",1250.10758447707,0.526333003303383,0.0750858701548594,7.00974766914012,2.3874831193389e-12,4.88259867438571e-12
"PHJJKLOP_01951",114.144605669493,1.28486200607582,0.183309698500204,7.00924182729149,2.39612993181488e-12,4.89693721218686e-12
"PHJJKLOP_00741",4403.27353507933,0.407210803521336,0.058124678585954,7.0058160049721,2.45550438591359e-12,5.01485684271848e-12
"PHJJKLOP_02324",72.1496210293613,-1.63553121419111,0.233543894281664,-7.00309986361102,2.50360242055897e-12,5.10960166813467e-12
"PHJJKLOP_00978",79.5238732041056,-1.57750115265776,0.225305922861725,-7.00159646324923,2.53062097512847e-12,5.16122561276201e-12
"PHJJKLOP_00733",992.827769864662,-0.574766654956234,0.0820973197083103,-7.001040435892,2.54068596027575e-12,5.1782258441563e-12
"PHJJKLOP_02918",2003.43142186898,-0.454864747209214,0.065015545559543,-6.99624594848068,2.62911843426668e-12,5.35481672938398e-12
"PHJJKLOP_00826",666.591977938135,-0.60947935002007,0.0872247989208705,-6.98745491603809,2.79917478941732e-12,5.69730069307644e-12
"PHJJKLOP_01695",124.556055878568,-1.23988610701964,0.177701652946807,-6.97734706716987,3.00805970926382e-12,6.11829535973904e-12
"PHJJKLOP_01234",1173.70408740645,0.529725607974905,0.0759393078539875,6.97564440531163,3.04471955257374e-12,6.18865603557759e-12
"PHJJKLOP_02181",63.4206215401266,-1.8330939000159,0.262978671888273,-6.9705040597159,3.15807408728218e-12,6.41470408230858e-12
"PHJJKLOP_00445",5441.10063194082,-0.419922647867247,0.0602439433531287,-6.97037120239306,3.16105804325232e-12,6.4164120552525e-12
"PHJJKLOP_01366",27.9279070629248,5.45062630569808,0.782537997480108,6.96531839124736,3.27661858242829e-12,6.64647427899073e-12
"PHJJKLOP_02177",4013.97444929765,-0.508964995624102,0.0731605357081707,-6.95682434112165,3.48028451645885e-12,7.05482182957196e-12
"PHJJKLOP_00170",23.7101909953049,4.17328360959204,0.600110618641723,6.95419057746013,3.54591992550013e-12,7.18300693974789e-12
"PHJJKLOP_00731",1635.98147138046,0.461106598700919,0.0663362959399502,6.95104530886572,3.6258938337389e-12,7.34004471819761e-12
"PHJJKLOP_01847",5176.73015641667,-0.467361945704086,0.0672870280593808,-6.9457956337682,3.76333235788985e-12,7.61311964832581e-12
"PHJJKLOP_01119",2227.35072572374,0.508916220607917,0.0732993108245114,6.94298779733867,3.83892593795049e-12,7.76079963418215e-12
"PHJJKLOP_02143",5024.64694447605,0.399257828949877,0.0576190838740263,6.92926374571977,4.23036465626973e-12,8.54636422460971e-12
"PHJJKLOP_00916",2125.47303772703,0.445368966160641,0.0642777939880792,6.92881535796388,4.24379261099199e-12,8.56771077364129e-12
"PHJJKLOP_02704",341.143975292024,-0.790600343900069,0.114181754204054,-6.92405147749956,4.38906300581685e-12,8.8550233419243e-12
"PHJJKLOP_00989",302.367158952288,-0.882081866267294,0.127426712480264,-6.92226809511319,4.44469047043666e-12,8.9612143222137e-12
"PHJJKLOP_01481",1412.25933258517,-0.473400724843909,0.0684708014240913,-6.91390658496577,4.71485714881179e-12,9.49951702795592e-12
"PHJJKLOP_02700",64.1368002582592,-1.73947017465269,0.251725592037998,-6.91018406420161,4.8402526246829e-12,9.74560615891097e-12
"PHJJKLOP_01891",5475.50700035683,0.413469693554023,0.0598475487652113,6.90871559629137,4.89061302226363e-12,9.84038668592562e-12
"PHJJKLOP_01989",767.645886272506,0.564969559365857,0.0817803163623573,6.90838070205738,4.90216978403571e-12,9.85701567051908e-12
"PHJJKLOP_02856",344.415494247491,-0.818183904081288,0.118452482692056,-6.90727526757158,4.94050722024802e-12,9.92743531370643e-12
"PHJJKLOP_01745",865.89869494975,0.550945754314376,0.0797919099157096,6.90478213764256,5.02805323660178e-12,1.0096573702472e-11
"PHJJKLOP_01791",10602.5516356452,-0.476465915766825,0.0690178822986944,-6.90351398648808,5.07316588749802e-12,1.01803342273251e-11
"PHJJKLOP_00804",7977.92394212566,0.380910228924837,0.0552314900774033,6.89661329779473,5.32568939126054e-12,1.06799156312351e-11
"PHJJKLOP_01225",1222.6825471958,-0.545836830170009,0.0791873916589245,-6.89297650465663,5.46369017058298e-12,1.09493228719715e-11
"PHJJKLOP_01792",338.840717280209,-0.776523874479785,0.112916339239209,-6.8769841434086,6.11329118823047e-12,1.22429390084027e-11
"PHJJKLOP_00561",915.912574715482,0.535018318768723,0.0779111855208075,6.86702833736033,6.5553052421965e-12,1.31193742614548e-11
"PHJJKLOP_02966",287.199541360446,0.87567615591141,0.127568008105489,6.86438683895802,6.67774500375292e-12,1.33554900075058e-11
"PHJJKLOP_01834",929.530591614588,0.696423507373785,0.10149041126533,6.86196359529082,6.79203751084909e-12,1.35750068808292e-11
"PHJJKLOP_01220",2228.41844658222,-0.457702514218165,0.0667909217830853,-6.85276534593475,7.24358540363918e-12,1.44678416934595e-11
"PHJJKLOP_02447",2025.69285894957,0.533753004798118,0.0779091576980019,6.85096618380982,7.33528562570875e-12,1.46412301089147e-11
"PHJJKLOP_02205",1026.30093455536,-0.542921547788579,0.0792578908686788,-6.85006302638229,7.38174590527033e-12,1.47241487277677e-11
"PHJJKLOP_01569",2158.90862244923,-0.450034322991528,0.0657660062437089,-6.8429626291102,7.75718937532547e-12,1.54627330157952e-11
"PHJJKLOP_00220",4428.35679413977,-0.41634741088893,0.0610962183597957,-6.81461835226952,9.45143375527497e-12,1.88274069616056e-11
"PHJJKLOP_01821",455.191966616124,-0.732431587997148,0.107521102765657,-6.81197987332301,9.6264577596893e-12,1.91633075349134e-11
"PHJJKLOP_02081",1309.57782616912,-0.602309300040612,0.088538183236537,-6.80281973294497,1.02590991517342e-11,2.04091314686326e-11
"PHJJKLOP_01249",968.206134814598,-0.717072507094871,0.105570902177619,-6.79233095771435,1.10336066579835e-11,2.19353375391784e-11
"PHJJKLOP_01828",34.7159864745785,2.52517714652237,0.372688828466662,6.77556436803218,1.23921553967042e-11,2.46198495406321e-11
"PHJJKLOP_01441",4741.78013756553,-0.429489719441285,0.0634878202041835,-6.76491519255191,1.33387309025921e-11,2.64828649352526e-11
"PHJJKLOP_02278",13686.0059551833,-0.615987401202103,0.0910706734199108,-6.76383931369316,1.34382122318803e-11,2.66626954421799e-11
"PHJJKLOP_01776",11795.6599163161,-0.345273738482799,0.0511242975168601,-6.75361335515529,1.44207738343538e-11,2.85932429536789e-11
"PHJJKLOP_01549",8109.86043515965,-0.378944152601538,0.0561934778289024,-6.74356112564068,1.54550911381827e-11,3.06237874703633e-11
"PHJJKLOP_01658",2363.37697247822,-0.424507947689172,0.062956240200895,-6.74290501361829,1.55250712235271e-11,3.07421053196033e-11
"PHJJKLOP_02799",105.840693333642,1.272609360419,0.188894888891193,6.73712966978183,1.61546005361387e-11,3.19675307370783e-11
"PHJJKLOP_02264",257.255698728269,-0.840655938704366,0.124819950763296,-6.7349484883114,1.63988021111449e-11,3.24293352184729e-11
"PHJJKLOP_00275",727.477074888882,-0.568919555705309,0.084561021917947,-6.72791722239775,1.72108778917713e-11,3.40127844276986e-11
"PHJJKLOP_01404",35.6656163568123,2.37089883583435,0.352530037421109,6.72538105739407,1.75133504011567e-11,3.45877118080891e-11
"PHJJKLOP_01232",806.172355115267,0.650594673157573,0.0967527434769004,6.72430206914909,1.76436073038325e-11,3.4821990947709e-11
"PHJJKLOP_00680",3972.16394236174,-0.40671935237613,0.0606036962986225,-6.71113112263046,1.93121467669525e-11,3.80899653624874e-11
"PHJJKLOP_01374",868.714569978499,-0.562408285677061,0.0838907966813988,-6.70405226705595,2.02717699532777e-11,3.99563391969147e-11
"PHJJKLOP_00279",458.331612754343,-0.668511820584217,0.0998872634432774,-6.69266328398157,2.19145001381147e-11,4.31657982983655e-11
"PHJJKLOP_01723",2008.41565557488,0.565455731057088,0.0844993547216808,6.69183490121971,2.20389436754791e-11,4.33823782803316e-11
"PHJJKLOP_00847",203.001399510653,0.954372000223775,0.14268801553157,6.68852248500588,2.25435013697008e-11,4.4346414652355e-11
"PHJJKLOP_02829",1140.83411077293,0.49844302658927,0.0748397463811292,6.6601378370645,2.73570894035673e-11,5.37801219135131e-11
"PHJJKLOP_01347",6444.16963359562,-0.412686667890604,0.0620249736226224,-6.65355652388516,2.86093867695461e-11,5.62050551102501e-11
"PHJJKLOP_01669",516.992903152036,0.626421016813467,0.0942830075616067,6.64405000449471,3.05178962640046e-11,5.99151353537244e-11
"PHJJKLOP_02175",4074.51932902898,-0.496325634734958,0.0747894068492769,-6.63630928020599,3.21634624073369e-11,6.31044603195064e-11
"PHJJKLOP_02108",10936.1670886633,-0.481900621231042,0.0726668300889826,-6.63164501108609,3.31966184490518e-11,6.50888511044276e-11
"PHJJKLOP_00957",279.191711642271,0.797673947545611,0.120394457037031,6.62550392415712,3.46065539639406e-11,6.78089152932188e-11
"PHJJKLOP_00250",1337.42152583524,0.520700042093163,0.078638793110826,6.62141446346128,3.55777874434666e-11,6.96663803830863e-11
"PHJJKLOP_01550",4906.15597197396,-0.456732649091766,0.0690042805557821,-6.6189031377923,3.61873859248515e-11,7.08137473588271e-11
"PHJJKLOP_00299",987.581634507362,-0.538854281283985,0.0815751408770253,-6.60561876437711,3.95860402679072e-11,7.74138501385461e-11
"PHJJKLOP_01991",1225.64181961901,0.539408540000985,0.0816974837773963,6.60251105738738,4.04251113201724e-11,7.90031222536528e-11
"PHJJKLOP_00347",207.064583307971,-0.900543214706351,0.136437490882788,-6.60040879438336,4.10025575982082e-11,8.00793590665593e-11
"PHJJKLOP_00555",77.6980931323802,-1.4929522473524,0.22623451351125,-6.59913566759193,4.13561736772174e-11,8.07173298497972e-11
"PHJJKLOP_02927",103.595340414339,-1.32809632041677,0.201364725069744,-6.59547654117063,4.23892062549289e-11,8.26796635356724e-11
"PHJJKLOP_00232",397.624083320447,-0.696872072029316,0.106149658570146,-6.56499588803486,5.20342981847991e-11,1.01426229664901e-10
"PHJJKLOP_00273",1497.76320378448,0.488271542116837,0.0744232973616657,6.56073513840758,5.3543150866739e-11,1.04299410341585e-10
"PHJJKLOP_01279",114.54180705893,1.19072325574391,0.181527901083252,6.55945035798009,5.40064681294618e-11,1.05133527685051e-10
"PHJJKLOP_01596",2408.09888931996,-0.46076095728821,0.0703195484225659,-6.55238788678497,5.66242280942745e-11,1.10157855045002e-10
"PHJJKLOP_00547",91.010504782088,-1.35581290270428,0.207027227446325,-6.54895937808851,5.79393874960416e-11,1.12643198807239e-10
"PHJJKLOP_01720",7014.90958278955,-0.538066949661548,0.0822486208201586,-6.54195710877709,6.07189191484054e-11,1.17970437333112e-10
"PHJJKLOP_01403",50.7998114015063,1.96502609297269,0.300486101905233,6.53949078015068,6.17286470332546e-11,1.19854454745502e-10
"PHJJKLOP_02532",2601.63752992141,0.412734622950508,0.0631674799400193,6.53397323025107,6.40473980008996e-11,1.24276026969989e-10
"PHJJKLOP_01757",1271.33206851478,0.510430826942625,0.0781365535556253,6.53254851558368,6.4659841096001e-11,1.25383137462064e-10
"PHJJKLOP_02375",39.9251556747446,-2.16598396543966,0.332055285034798,-6.52296187730509,6.89323881668324e-11,1.33581598816502e-10
"PHJJKLOP_01308",2544.90029576376,0.446731820972833,0.0686795257849731,6.50458511276699,7.79080965280547e-11,1.50877646186931e-10
"PHJJKLOP_00604",2243.06494291368,0.431984315495033,0.0664262630644831,6.50321567955262,7.86209456237442e-11,1.52159735744984e-10
"PHJJKLOP_00772",98.1176728917693,-1.27303479956736,0.19610550582104,-6.49158112230208,8.4940152391261e-11,1.64283473035811e-10
"PHJJKLOP_00739",50.3965563644614,-1.84358250247648,0.284493240602548,-6.48023305781122,9.15810466959107e-11,1.77013333639481e-10
"PHJJKLOP_02263",354.810892022105,0.762237973964201,0.117705014336323,6.47583264198272,9.42905132610637e-11,1.82132772066855e-10
"PHJJKLOP_01288",1099.56571995814,-0.526189179165765,0.0812604100279901,-6.47534486946989,9.45956314353878e-11,1.82604333022277e-10
"PHJJKLOP_00690",7999.07472584971,-0.369474146296117,0.0571119880128148,-6.46929233514361,9.84629443745355e-11,1.89947200681288e-10
"PHJJKLOP_02936",31.43576136538,2.40527289165099,0.371816205867778,6.46898347541723,9.86643839054826e-11,1.90213242377988e-10
"PHJJKLOP_01289",3790.4657485664,-0.405105831723701,0.0627325256430381,-6.4576681326182,1.06328593213629e-10,2.04857019357532e-10
"PHJJKLOP_00935",379.188551621778,0.701352317620025,0.108681877331948,6.45325913425176,1.09469933659813e-10,2.10773621464618e-10
"PHJJKLOP_00562",608.977376871207,0.584740406706073,0.0907609280998862,6.4426446373768,1.1740938280127e-10,2.25914969220438e-10
"PHJJKLOP_00097",5590.14210359726,0.393385575814004,0.0612408935383701,6.42357668356898,1.33109040938529e-10,2.55959196255592e-10
"PHJJKLOP_02965",187.040733627303,0.93285662160175,0.145299531877383,6.42023143191529,1.36067324753127e-10,2.61479826900424e-10
"PHJJKLOP_01282",22.3381196865699,-4.08253354792887,0.635903052449528,-6.4200565356665,1.36223744500684e-10,2.6161250226751e-10
"PHJJKLOP_00981",238.776943380713,-0.839899833118303,0.130933601952512,-6.41470043284169,1.41100040113617e-10,2.7080353852575e-10
"PHJJKLOP_02417",1293.76535083191,1.24744712813508,0.194693422322982,6.40723817605744,1.48179245724181e-10,2.84207983150671e-10
"PHJJKLOP_00836",762.176012242365,0.555557052067564,0.0867407479812348,6.40479895547766,1.50567651325909e-10,2.88604064065154e-10
"PHJJKLOP_02893",187.739063220187,-0.912319134619329,0.142921274326585,-6.38336831880337,1.73234565342054e-10,3.31838956259827e-10
"PHJJKLOP_01074",2052.56640511051,0.436280520916733,0.0684593425706365,6.37284123005677,1.8555795750516e-10,3.55217726835326e-10
"PHJJKLOP_01844",12023.619912014,-0.491402221749314,0.0773437057504633,-6.35348690602881,2.10488112903228e-10,4.0268460704937e-10
"PHJJKLOP_01217",144.695095003616,-1.08733379446962,0.171559484736029,-6.33794043006512,2.3285681842904e-10,4.45193687341345e-10
"PHJJKLOP_01898",905.479307731488,-0.64107745366465,0.10148611035581,-6.31689845454745,2.66864805236109e-10,5.09887190093752e-10
"PHJJKLOP_03085",369.68057246254,-0.690701935780312,0.109390103225984,-6.31411723191651,2.71707919634188e-10,5.18809637362728e-10
"PHJJKLOP_03095",903.56691500454,0.529199722140672,0.0839011340983564,6.30742036836232,2.83724470059626e-10,5.41409218201734e-10
"PHJJKLOP_00779",1706.77180714289,-0.443660340932613,0.0703910266088631,-6.30279685218784,2.92321933417783e-10,5.57459788950854e-10
"PHJJKLOP_02421",760.471336049463,0.620629751038897,0.098478072685355,6.30221260545844,2.93426287036177e-10,5.592096138678e-10
"PHJJKLOP_01156",39.9034087242269,-2.08535332550071,0.330951143393911,-6.30109116444005,2.95557481822761e-10,5.62912913853274e-10
"PHJJKLOP_02925",30.9004831532118,-2.79247497719551,0.443409293275323,-6.29773669507101,3.02022968499943e-10,5.74861263629263e-10
"PHJJKLOP_03061",165.580701511729,0.971985964751799,0.154457382773296,6.29290712622282,3.11574774504972e-10,5.92665104744528e-10
"PHJJKLOP_01489",1836.3537178069,0.459167398312193,0.0730099390746163,6.2891080876389,3.1929510642592e-10,6.06964792786797e-10
"PHJJKLOP_02173",1456.85808223988,-0.434035865149936,0.0690558786580882,-6.28528480969664,3.27253176466397e-10,6.2169797610431e-10
"PHJJKLOP_00244",345.170149731117,-0.704329454947952,0.112289640466067,-6.27243485707653,3.55445184884969e-10,6.7482744676322e-10
"PHJJKLOP_02798",77.1212780634427,1.37791741433568,0.219856942105597,6.26733639219759,3.67276177679501e-10,6.9684719643373e-10
"PHJJKLOP_02386",92.7792643568846,1.3333384419633,0.212904232219914,6.26262065371278,3.78560761244198e-10,7.17802988704958e-10
"PHJJKLOP_01707",480.065245496083,0.621361018266332,0.099317989458619,6.25627866264071,3.94271998827592e-10,7.4712048385431e-10
"PHJJKLOP_00641",4974.1413352562,-0.366142520350259,0.0585881749059453,-6.24942696948739,4.11961311147075e-10,7.80146847295599e-10
"PHJJKLOP_00841",569.088383724816,0.655864329570551,0.105009192616281,6.24578013819396,4.21689999944363e-10,7.98065650969294e-10
"PHJJKLOP_01389",24.4803845427079,2.7779073403712,0.444899993954642,6.24389161186281,4.26815814161005e-10,8.07256189259665e-10
"PHJJKLOP_01719",2291.8656321204,-0.585062159113749,0.0938112791581077,-6.23658652098429,4.4722200906985e-10,8.45317358052481e-10
"PHJJKLOP_00291",6731.02844642124,-0.395055097106833,0.0633749051831882,-6.23362032597773,4.55776967154142e-10,8.60943999785174e-10
"PHJJKLOP_01692",12212.2128852003,0.415993157891102,0.0667573281070367,6.23142312143037,4.62216812149104e-10,8.72558093048182e-10
"PHJJKLOP_00069",3213.68039464723,0.386940727147467,0.0622501678937874,6.21589853071037,5.10317746827642e-10,9.62754463769351e-10
"PHJJKLOP_00212",26521.0148715456,0.326389844768444,0.052562317946641,6.20957860153315,5.31268714014932e-10,1.00164894821203e-09
"PHJJKLOP_02664",844.849365942282,0.540579974125163,0.08721805651539,6.19802820336608,5.71748973707753e-10,1.07729164712462e-09
"PHJJKLOP_00197",19.8570577316945,4.94529899355088,0.798825151680422,6.19071518109798,5.98918447527384e-10,1.12777473704213e-09
"PHJJKLOP_01333",2073.56827233532,0.411040447158798,0.0665668110442135,6.17485561815161,6.62239610723684e-10,1.24622589221038e-09
"PHJJKLOP_01316",430.542605048491,0.651497202299888,0.105662328371184,6.16584181271516,7.01091460589115e-10,1.31850994535415e-09
"PHJJKLOP_00306",648.337256827481,-0.545398653094346,0.0885909126429081,-6.15637244073483,7.44300712721361e-10,1.39889286496406e-09
"PHJJKLOP_02428",1771.64847076735,0.414627646851606,0.0674772146018708,6.14470602110642,8.01117482035556e-10,1.50473384015963e-09
"PHJJKLOP_00645",8766.79932572281,-0.324219997536507,0.0527682935234415,-6.14421986931369,8.0357469564917e-10,1.50840290832202e-09
"PHJJKLOP_01735",1406.44788919475,0.489431486584301,0.0797786575948615,6.13486741115365,8.52302479150623e-10,1.59886818457203e-09
"PHJJKLOP_03071",635.239057773173,0.544214288145887,0.0887622339095386,6.13114681972199,8.72478405041073e-10,1.63569213819222e-09
"PHJJKLOP_02344",223.600633324396,-0.837794124737122,0.136834397887686,-6.12268652963116,9.20106029925758e-10,1.72390328760808e-09
"PHJJKLOP_00353",205.776568997311,-0.868878487129751,0.142154999985936,-6.11219082843174,9.82725698743036e-10,1.84007551096726e-09
"PHJJKLOP_02075",146.589996659301,0.995032053941114,0.162914138624504,6.10770840604899,1.010717911282e-09,1.89130589148644e-09
"PHJJKLOP_02834",659.50697640745,-0.573110334718736,0.0940740039508627,-6.09212227235578,1.11423524144496e-09,2.08371037656852e-09
"PHJJKLOP_02482",696.865991901511,-0.547413730575559,0.0899438794069141,-6.08616988932633,1.15643731669005e-09,2.16128172669788e-09
"PHJJKLOP_03020",213.357122125486,-0.830510391454013,0.136607345780134,-6.07954416148819,1.20524685584384e-09,2.25109737142637e-09
"PHJJKLOP_02610",57.4076893892526,-1.69668024685278,0.279990943266321,-6.05976831628778,1.363177544862e-09,2.54448476890076e-09
"PHJJKLOP_01202",1842.94631324015,0.401793129538563,0.0664184057296824,6.04942447992246,1.45364186287265e-09,2.71165341896617e-09
"PHJJKLOP_01227",612.512759134359,0.542522474237839,0.0897073437841635,6.04769299092337,1.46934607984192e-09,2.7392416955459e-09
"PHJJKLOP_02370",359.760957121085,0.694069626246066,0.114796760717874,6.04607326814581,1.48418621863736e-09,2.7651857738645e-09
"PHJJKLOP_00544",85.8301626550651,-1.2894837076904,0.213528825167399,-6.03892100600231,1.55148169640117e-09,2.88876629292606e-09
"PHJJKLOP_01526",1711.80612679597,-0.453328144046885,0.0751144185273054,-6.03516811998076,1.58797274210207e-09,2.95487283396743e-09
"PHJJKLOP_01411",20.6341004743111,5.42968145722726,0.900081267341515,6.03243468588609,1.61507628763722e-09,3.00344000322102e-09
"PHJJKLOP_00038",8034.80060437513,0.319357395950744,0.0530186977593366,6.02348623122311,1.70699637537135e-09,3.17240667154676e-09
"PHJJKLOP_01334",2547.6261928155,0.401126247878321,0.0666016085648546,6.02277116907344,1.71455772539765e-09,3.184482524715e-09
"PHJJKLOP_03115",153.297414551062,-1.00980346309539,0.168137897706136,-6.00580521626527,1.9038464704496e-09,3.53386009456051e-09
"PHJJKLOP_01067",512.890563520342,-0.578691538654112,0.0964192276674517,-6.00182715267134,1.95109343316707e-09,3.6193145842021e-09
"PHJJKLOP_02587",94.2049498374518,1.20744269435131,0.201204440582061,6.00107378772714,1.96016881926385e-09,3.63389810828233e-09
"PHJJKLOP_00188",22.4140882849708,3.1021114499205,0.517412577047463,5.99543108832458,2.02946344155285e-09,3.76003313366908e-09
"PHJJKLOP_02904",92.4933027048666,1.25947969688434,0.210112371297423,5.99431479977679,2.0434519319442e-09,3.78360858641988e-09
"PHJJKLOP_01510",1887.62059301726,0.443669672433131,0.0741846570025745,5.98061230393953,2.2230039943639e-09,4.11351913419378e-09
"PHJJKLOP_00211",897.414293122114,-0.500388061142348,0.0837267458385217,-5.97644224830395,2.28063350876108e-09,4.2175520229961e-09
"PHJJKLOP_02329",894.623723162407,-0.47142665881476,0.0789319295833898,-5.97257233293287,2.33541542205529e-09,4.31619368742811e-09
"PHJJKLOP_02210",1388.57766511543,0.501905635440472,0.084193561494349,5.96133037410656,2.5019254565565e-09,4.62107638305377e-09
"PHJJKLOP_02475",4632.58924377113,-0.351849067998735,0.0590470249254271,-5.9587941719858,2.54105901305723e-09,4.69046281448419e-09
"PHJJKLOP_02696",13733.3634402008,-0.309555109015735,0.0520492441751326,-5.94735070453971,2.72517127655524e-09,5.02721059889488e-09
"PHJJKLOP_00777",1441.13402072269,-0.416803060759856,0.070261222879495,-5.93219194995673,2.9891686611726e-09,5.5108195637628e-09
"PHJJKLOP_02668",1078.77719020813,0.595691285333919,0.100474673651767,5.92877054170401,3.05211228611195e-09,5.62339949822719e-09
"PHJJKLOP_02650",2093.75504213354,0.406005551273459,0.0685160900659578,5.92569644418724,3.10976578009126e-09,5.72610008954073e-09
"PHJJKLOP_00812",22807.2426735542,0.315330673898476,0.0533312909782936,5.91267655656075,3.36592737435638e-09,6.19016373392077e-09
"PHJJKLOP_01173",184.77065725535,-0.921474392062372,0.155845082636971,-5.91275885302633,3.36424546100041e-09,6.19016373392077e-09
"PHJJKLOP_02682",923.854955074699,0.539601855822288,0.0913073737700118,5.90972923152358,3.42670519523536e-09,6.2980695853497e-09
"PHJJKLOP_00869",483.639080525483,-0.59249547002391,0.100303806858045,-5.90700880239212,3.48375144607459e-09,6.39898885248302e-09
"PHJJKLOP_02240",53.5687954917549,-1.59970933664921,0.271100553630554,-5.90079701138949,3.61749757059078e-09,6.64058107072275e-09
"PHJJKLOP_01836",5290.99051312607,0.328135856642332,0.055793049638469,5.88130347361554,4.07048057323883e-09,7.46753605164036e-09
"PHJJKLOP_01135",113.568163291057,-1.11910108483313,0.190571783382235,-5.87233358985006,4.29702965157019e-09,7.8783262564612e-09
"PHJJKLOP_01823",689.347718357768,-0.511259757849581,0.0872912315755798,-5.85694288671954,4.71465170697233e-09,8.6387192231794e-09
"PHJJKLOP_01732",11006.7566376027,-0.391403137459033,0.0670064093451864,-5.84127908485147,5.180153879063e-09,9.48585976386215e-09
"PHJJKLOP_00925",339.601718801551,-0.660885169514714,0.113272636450424,-5.83446444105647,5.39636145141601e-09,9.87573727722465e-09
"PHJJKLOP_02373",20.3736145386225,-3.23486542901088,0.554671403783775,-5.83203930641412,5.47540159830607e-09,1.00142653545072e-08
"PHJJKLOP_00968",333.519069013851,0.715441636279815,0.122767158612276,5.82763048658092,5.62198884361639e-09,1.02722498003825e-08
"PHJJKLOP_01261",393.065126877069,-0.695373920778265,0.119324420989041,-5.82759099113607,5.62331911250063e-09,1.02722498003825e-08
"PHJJKLOP_00039",1002.92897546976,0.457116875134122,0.0784769770797854,5.82485325179362,5.71628059038178e-09,1.04356976143921e-08
"PHJJKLOP_01088",283.575114265849,0.697058767881721,0.119761153172784,5.82040794877826,5.87041670268202e-09,1.07105591760085e-08
"PHJJKLOP_02236",755.973248159113,0.505295759488818,0.0869792743760441,5.80938117860394,6.27041780031701e-09,1.14333927491773e-08
"PHJJKLOP_02144",2512.24471114222,0.375177513988207,0.0646988660360358,5.79882673336564,6.67804863738635e-09,1.21692499210802e-08
"PHJJKLOP_03006",964.70900797918,0.530999735473902,0.0916872864355889,5.79142164761233,6.97931167622869e-09,1.2710498271672e-08
"PHJJKLOP_01746",586.069628265534,0.556103267820549,0.096330374950809,5.77287556603534,7.79299929110864e-09,1.41837324483764e-08
"PHJJKLOP_00681",1356.53025435469,-0.45238754212629,0.0784040137560408,-5.7699538640193,7.92932383544238e-09,1.44230835743101e-08
"PHJJKLOP_02526",234.698064319017,-0.737735451102682,0.127915335448604,-5.76737299335857,8.05167207156619e-09,1.46367372084209e-08
"PHJJKLOP_03113",88.6052957301859,-1.18403128709788,0.205348106448856,-5.76597129417784,8.11888788367989e-09,1.47499698566369e-08
"PHJJKLOP_03096",1827.29369528065,0.381204610345354,0.0661469949662249,5.76299211385187,8.26356579195571e-09,1.50037089030415e-08
"PHJJKLOP_00070",3192.76089559803,0.354100736405432,0.0616701155630829,5.74185297323172,9.36461151844657e-09,1.69925132643812e-08
"PHJJKLOP_00443",16500.4852527145,-0.293254195574276,0.051096512935011,-5.73922130356062,9.51128646453021e-09,1.72482081616011e-08
"PHJJKLOP_00580",486.131179583848,0.552156538023817,0.0963815044749118,5.72886407025888,1.01105367484689e-08,1.83238178116924e-08
"PHJJKLOP_02305",148.775974377796,0.924807771722958,0.161719176944378,5.71860300798487,1.07403399386306e-08,1.94534650794072e-08
"PHJJKLOP_02654",2705.15274091591,0.428191797112042,0.0749890855999421,5.71005491914375,1.1293972285388e-08,2.04438651889068e-08
"PHJJKLOP_00424",4983.87919945071,-0.372248693194397,0.0653005621541616,-5.70054347029344,1.19426072980856e-08,2.16049342903133e-08
"PHJJKLOP_00634",728.828367061773,-0.557498133708308,0.0979562690929027,-5.69129611479558,1.26078640062982e-08,2.27946526780536e-08
"PHJJKLOP_01538",16.7953164048885,3.84004874376585,0.674857946811163,5.6901585910203,1.26921437077675e-08,2.29331793971369e-08
"PHJJKLOP_01340",3713.51098184855,0.384668532228773,0.0677813891195538,5.67513497768966,1.38579342377882e-08,2.50245205717357e-08
"PHJJKLOP_02775",57.4631481502342,1.44863730399039,0.255327133867166,5.67365200106013,1.39784954864149e-08,2.52270135541448e-08
"PHJJKLOP_00256",426.883594903122,-0.608812657961024,0.107516471021752,-5.66250596002031,1.49178193399346e-08,2.69059946408217e-08
"PHJJKLOP_01528",867.989964751053,-0.524123889594202,0.0925908856561119,-5.66064236107245,1.50807423122594e-08,2.71834692853128e-08
"PHJJKLOP_01983",926.745153551694,0.453467814619679,0.0803817145662558,5.64142998275934,1.686436190815e-08,3.03802043038514e-08
"PHJJKLOP_01068",129.982655614537,-0.973596635577496,0.172912466727314,-5.6305751343706,1.79609675777664e-08,3.23362218447581e-08
"PHJJKLOP_00328",148.003546920889,-0.922763993069743,0.163991837045011,-5.62688978730368,1.83487878416275e-08,3.30145858160053e-08
"PHJJKLOP_02398",656.801675182757,-0.530154883412937,0.0942981919437344,-5.62211080069561,1.88638205322124e-08,3.39208880921586e-08
"PHJJKLOP_00452",1573.25612928904,-0.401665269250948,0.0715993669029718,-5.60989973270667,2.02443872932322e-08,3.6381569961547e-08
"PHJJKLOP_01039",934.425712033187,-0.534247037719782,0.0953514386322203,-5.60292582244537,2.10763437610432e-08,3.78539731377104e-08
"PHJJKLOP_00231",4140.76939306534,-0.404678835129351,0.072295491759061,-5.59756667093466,2.17381266032835e-08,3.90191553058938e-08
"PHJJKLOP_02848",255.150283956045,0.75505532891934,0.134957075786382,5.59478133710075,2.20899995900845e-08,3.96269974671738e-08
"PHJJKLOP_01769",2226.8097310917,0.456565695560629,0.0818667621603037,5.57693603011471,2.44791835217348e-08,4.38866320144156e-08
"PHJJKLOP_00867",433.190572998091,0.575776866869845,0.103763880514008,5.54891416953238,2.87449242861056e-08,5.15034729578696e-08
"PHJJKLOP_01192",1412.77683003658,-0.410513551932509,0.0740277994436057,-5.54539720237447,2.93287606476674e-08,5.25181276190886e-08
"PHJJKLOP_01291",1702.49878222521,0.412580100971863,0.0744881215100777,5.53887106571809,3.04427657211374e-08,5.44803589773373e-08
"PHJJKLOP_02074",374.161377108828,0.588899564355773,0.106640828638207,5.52227108393628,3.34645645063535e-08,5.98523931493563e-08
"PHJJKLOP_01472",80.5109287342065,1.16775320253726,0.211658939594075,5.51714567207415,3.44549827618161e-08,6.15869960530611e-08
"PHJJKLOP_00795",4586.81063804798,-0.362853762820936,0.0657960545732839,-5.51482554955918,3.49126088491045e-08,6.23677511302022e-08
"PHJJKLOP_02665",340.44268915588,-0.605420044704325,0.109872789446161,-5.51019090127848,3.58444735479774e-08,6.39942479443318e-08
"PHJJKLOP_02714",70.4236868146632,-1.39463986334313,0.253361674854804,-5.50454153787218,3.70130189610455e-08,6.60411077290645e-08
"PHJJKLOP_01656",74.1444393354967,-1.26949940392361,0.231038754231881,-5.49474657679935,3.91271879310159e-08,6.97717693064095e-08
"PHJJKLOP_01228",2778.87810902717,0.332019642074313,0.0605313566957628,5.48508508975075,4.13270445422261e-08,7.3650697237753e-08
"PHJJKLOP_01729",4079.34272217578,-0.37114812085488,0.0677501577395505,-5.47818829118703,4.29702743501823e-08,7.65336117813479e-08
"PHJJKLOP_02283",223.458070849215,0.793391640653009,0.145063376071613,5.4692759960401,4.51877624390054e-08,8.04352917612261e-08
"PHJJKLOP_01539",23.3867879977485,2.47472086809798,0.453144613924356,5.46121655660038,4.72882781917053e-08,8.41242453392548e-08
"PHJJKLOP_00939",434.401828084163,0.575950535468817,0.105614985840335,5.45330315472009,4.94426722381373e-08,8.79046084803937e-08
"PHJJKLOP_02511",217.847766693315,0.7186348070547,0.131800298708944,5.45245203610401,4.96799744633332e-08,8.82740911235724e-08
"PHJJKLOP_02244",247.063382064674,0.709151276683062,0.130160589414213,5.44827954355917,5.08593793729016e-08,9.03161220892451e-08
"PHJJKLOP_03150",36.4016814925766,1.76821747688827,0.325398555121038,5.43400531151881,5.51029394038439e-08,9.77938355513389e-08
"PHJJKLOP_01750",69.8425141390428,-1.26814232440976,0.233605726319745,-5.42855838505431,5.68110616677261e-08,1.00765591607329e-07
"PHJJKLOP_01443",350.97675588589,0.602295980150971,0.111779431982017,5.38825407743948,7.11454272757733e-08,1.26115695241957e-07
"PHJJKLOP_00319",1469.62763204254,0.405803427411774,0.0753406719483955,5.38624645781934,7.19442956699325e-08,1.27456343926496e-07
"PHJJKLOP_02680",6786.57892728263,-0.401895226458276,0.0747188214878924,-5.37876827357883,7.49971641209992e-08,1.32786226716896e-07
"PHJJKLOP_00965",372.738942811806,0.567437536583798,0.105845017053771,5.36102267615989,8.27521281292854e-08,1.46430184172033e-07
"PHJJKLOP_01009",322.844733459754,0.608798942606661,0.113701245143938,5.35437357643677,8.58533218213516e-08,1.51828024532266e-07
"PHJJKLOP_02419",4426.51477977356,0.348424044948544,0.0651039440140675,5.3518116333053,8.70780177072105e-08,1.53902942748163e-07
"PHJJKLOP_01008",2811.42507443755,0.333962570898333,0.062494545953125,5.34386746563175,9.09841038599559e-08,1.60711744517232e-07
"PHJJKLOP_03132",585.64528139124,0.518544355581778,0.0971935685937219,5.33517148392134,9.54543023847059e-08,1.68508361639039e-07
"PHJJKLOP_02652",814.337771671142,-0.474091898433488,0.0890202451638107,-5.32566381457485,1.00585017610445e-07,1.77461133014538e-07
"PHJJKLOP_02991",310.684443305435,-0.713036168516028,0.134207080572821,-5.31295491618369,1.07861730505649e-07,1.90187291598299e-07
"PHJJKLOP_00748",55.213838165755,1.50158960303457,0.283244490202927,5.30139033581476,1.14924074108692e-07,2.02520705050867e-07
"PHJJKLOP_01372",179.970527921116,0.772195617015125,0.145688629858191,5.3003149097274,1.1560310964973e-07,2.03597476641937e-07
"PHJJKLOP_00756",1858.28723153353,-0.395642289759359,0.0746972066687874,-5.29661425645626,1.17969535054918e-07,2.07643026428233e-07
"PHJJKLOP_03000",335.495594624532,-0.615844910507462,0.116384483182558,-5.29146922052711,1.21337613553188e-07,2.13445837237511e-07
"PHJJKLOP_01706",337.341782159323,0.606877562978851,0.114723949174133,5.28989428404097,1.22387078267336e-07,2.15165538656726e-07
"PHJJKLOP_00067",6305.36565568127,0.320091071386078,0.0605506027621568,5.28633996664572,1.2478788559014e-07,2.19257587709435e-07
"PHJJKLOP_02817",40.7068123218164,1.62739320867533,0.308015022871435,5.28348647901696,1.26748222656204e-07,2.22571365766965e-07
"PHJJKLOP_01767",201.73738841727,0.722937412264129,0.136867331342508,5.28203045367338,1.27759954370454e-07,2.24216473262099e-07
"PHJJKLOP_02943",55.4695071671308,1.34182208569906,0.254250489155971,5.27755950501206,1.30915699659433e-07,2.29620155114437e-07
"PHJJKLOP_00157",14.3446420021572,4.89665293153361,0.927851767302193,5.27740863798863,1.31023491177968e-07,2.29674667790888e-07
"PHJJKLOP_02719",120.648397780303,-0.944185325871574,0.179121699670964,-5.2711945431848,1.35538710614717e-07,2.37450497121394e-07
"PHJJKLOP_02950",290.38148727571,0.615190264229278,0.116943092838319,5.2605951262108,1.43589894274593e-07,2.51408271028148e-07
"PHJJKLOP_00552",151.792325596452,-0.819523817816956,0.156099818335198,-5.24999853655928,1.52100418688929e-07,2.66153508798745e-07
"PHJJKLOP_02771",281.023236856914,-0.651278707240739,0.124161201939921,-5.24542849992608,1.55919519234378e-07,2.72677009689093e-07
"PHJJKLOP_02912",18.6395579414264,2.82098205778932,0.537895425961193,5.24448047266505,1.56723302509553e-07,2.73922689850322e-07
"PHJJKLOP_01452",190.00065554675,0.763074296143101,0.145910715303028,5.22973446164214,1.69753687323883e-07,2.96524235617098e-07
"PHJJKLOP_01748",474.978533699347,0.551555498901397,0.105544191229629,5.22582524415194,1.73380057146621e-07,3.02682152243139e-07
"PHJJKLOP_02876",188.602304317965,0.74688517040424,0.142943816461313,5.22502608992799,1.74130555271653e-07,3.03815199582359e-07
"PHJJKLOP_01476",34.5759099814616,-1.78206321293417,0.341246997324499,-5.22220921182075,1.76801057171547e-07,3.08294912738271e-07
"PHJJKLOP_00350",4032.0925012974,-0.31284336087333,0.0599417924823659,-5.219119214117,1.79776023099464e-07,3.1330000765995e-07
"PHJJKLOP_01246",1272.29504184915,0.40175923969049,0.0770571100026209,5.21378545960036,1.85025446207e-07,3.22260724807305e-07
"PHJJKLOP_02778",329.186182460073,0.610196829467115,0.117055372010019,5.21289043799616,1.85920712897112e-07,3.23631752566252e-07
"PHJJKLOP_02076",237.606688033058,0.665922575416721,0.12784572842017,5.20879800714295,1.90067889780908e-07,3.30658490414898e-07
"PHJJKLOP_02352",3481.79575367454,0.355620621053083,0.0683584458481851,5.20229236695739,1.96845227795805e-07,3.42250065052637e-07
"PHJJKLOP_00483",3902.93201793327,0.308805837498919,0.0593838906568038,5.20016176244826,1.99115156425467e-07,3.45995808669674e-07
"PHJJKLOP_01252",1828.60168294745,-0.40749508572135,0.0785288138359854,-5.18911550825715,2.11295304463459e-07,3.66947877937121e-07
"PHJJKLOP_02884",125.496717209253,-1.00564944107702,0.193834348911094,-5.18819005365392,2.12347828464838e-07,3.6856197010071e-07
"PHJJKLOP_01995",53.4937254675005,1.34215096391334,0.258991412005338,5.18222188728666,2.19258154947563e-07,3.80335408987835e-07
"PHJJKLOP_01098",81.0229192065501,1.09373462010513,0.211584846599173,5.16924835443016,2.35037382735256e-07,4.07470714481388e-07
"PHJJKLOP_01136",1367.14808668969,0.383317185915433,0.0742412143334485,5.16313195247312,2.42851819624592e-07,4.20774506918998e-07
"PHJJKLOP_01511",5873.71016129474,-0.341196677555773,0.0664494160131174,-5.13468286144786,2.82620186883912e-07,4.89395511584981e-07
"PHJJKLOP_01664",221.415890433686,0.882812274489956,0.1721960319478,5.12678639864114,2.94729574533789e-07,5.10069564250962e-07
"PHJJKLOP_00146",18.3244853407014,2.57429543514713,0.502824341692821,5.11967146713789,3.06068377261073e-07,5.29386898624871e-07
"PHJJKLOP_02962",351.292541105714,0.574884359392453,0.112317205620506,5.11839976979892,3.08138919590112e-07,5.32660464926557e-07
"PHJJKLOP_01603",10663.4867425174,-0.286223956311755,0.0559268010414357,-5.11783171899451,3.09068167924401e-07,5.3395850823177e-07
"PHJJKLOP_00274",931.651774272935,0.422909235989849,0.0826551631147396,5.11654953003696,3.11175599044538e-07,5.37289356135725e-07
"PHJJKLOP_00900",1160.59405856199,-0.391816567844531,0.0766200728987971,-5.11375874520582,3.15810659785295e-07,5.44978164494048e-07
"PHJJKLOP_00078",3399.82391754951,0.311340830497878,0.0612143404091924,5.08607670060142,3.65546269376072e-07,6.30440973797211e-07
"PHJJKLOP_00086",7863.00222888655,0.282349946703981,0.0555249993849576,5.08509589971239,3.6744036292605e-07,6.33342801727457e-07
"PHJJKLOP_00549",71.9713631051869,-1.15147660522808,0.226623310717778,-5.08101572420345,3.7542203757047e-07,6.46728182097807e-07
"PHJJKLOP_01269",41539.1342362095,0.327976763403946,0.064774256481,5.06338136818522,4.11884728531286e-07,7.09133339403491e-07
"PHJJKLOP_00996",492.924424534371,0.484181854421975,0.0958095705866889,5.0535854764518,4.33592131096186e-07,7.46077494541368e-07
"PHJJKLOP_02377",108.714174715584,-0.930566294743497,0.184735714173447,-5.03728420304152,4.72183430190429e-07,8.12014468690491e-07
"PHJJKLOP_02397",3755.10074370391,-0.35216948269954,0.0699446796508343,-5.03497170131566,4.7791943071718e-07,8.21406874608057e-07
"PHJJKLOP_02448",1321.24168496391,-0.36903319401002,0.0733893044392427,-5.02843291443828,4.94504454810375e-07,8.49424175388562e-07
"PHJJKLOP_02197",78.2949247900866,-1.08161908006189,0.215145737036703,-5.02737862696934,4.97229996692382e-07,8.53616175514331e-07
"PHJJKLOP_02640",1942.08744735337,0.321437016093241,0.0639533696683628,5.0261153987677,5.0051477302609e-07,8.58762882773704e-07
"PHJJKLOP_01749",59.5891964205747,-1.25214057881023,0.249278503610563,-5.02305879036564,5.08549691434313e-07,8.72049127236158e-07
"PHJJKLOP_02999",22.19549154829,-2.22503942839047,0.443747644622219,-5.01419997459307,5.32545782601125e-07,9.12674340645546e-07
"PHJJKLOP_00472",1340.41329103781,-0.363836809827833,0.0727318569996527,-5.00244081255302,5.66089650129157e-07,9.69606643299026e-07
"PHJJKLOP_02491",2474.10878362446,0.346477186575291,0.0692894479835016,5.00043219651266,5.72019421369634e-07,9.79203057507538e-07
"PHJJKLOP_00958",69.6505982673096,1.23127575854607,0.246397634789888,4.99710867596606,5.81962750975718e-07,9.95333860470259e-07
"PHJJKLOP_01924",93.024234765046,-0.982032086632971,0.19652194358031,-4.99706072890358,5.82107411383909e-07,9.95333860470259e-07
"PHJJKLOP_00771",36.9553210462058,-1.61661627068673,0.323542594173679,-4.99661033755241,5.83467974037356e-07,9.9709081864603e-07
"PHJJKLOP_02115",6279.82136409261,-0.329907089819911,0.0660434454721229,-4.99530403753943,5.8743146630504e-07,1.00329139196651e-06
"PHJJKLOP_00517",52.3698325474505,1.33787679427745,0.267852599812058,4.9948247477015,5.88892195144701e-07,1.00521278920367e-06
"PHJJKLOP_01120",7627.22920722854,0.331681589359053,0.0667276869474392,4.97067416139144,6.67204973032745e-07,1.13824027878065e-06
"PHJJKLOP_00578",101.028325483684,0.98388373064549,0.198372332861667,4.95978303250378,7.05719565337692e-07,1.20325989670903e-06
"PHJJKLOP_01251",771.134651204034,-0.44737329562926,0.0902515046116646,-4.95696218643916,7.16039056168393e-07,1.22015989423345e-06
"PHJJKLOP_02669",3427.85001197033,-0.313242730243997,0.0632404824969305,-4.95319956262511,7.30030365840485e-07,1.24329403602185e-06
"PHJJKLOP_01508",172.980458349337,-0.782219198772686,0.15881930092198,-4.92521497218371,8.42676605003972e-07,1.43432277167817e-06
"PHJJKLOP_02042",333.498388705009,0.545111996516819,0.110733068014847,4.92275709766958,8.53333453942906e-07,1.45163656880969e-06
"PHJJKLOP_01827",27.0597537932628,1.89146005038049,0.384767897695553,4.91584683054069,8.83994952603087e-07,1.50294201481751e-06
"PHJJKLOP_01473",286.291440982459,0.588397445322585,0.120004909249099,4.90311145605906,9.43304251893791e-07,1.60286772427356e-06
"PHJJKLOP_01705",124.8091977635,0.833036348340862,0.170012899431572,4.89984201861193,9.59137472334759e-07,1.62884718784474e-06
"PHJJKLOP_00470",4667.16043881982,-0.317542504132675,0.0648421882226178,-4.89715897684515,9.72321732126616e-07,1.65030117119449e-06
"PHJJKLOP_01412",7.25623818576383,6.40012317960461,1.30752490928347,4.89483843417706,9.83865246626626e-07,1.66894761949015e-06
"PHJJKLOP_01244",524.799619379986,0.470637258853819,0.096210225714403,4.89175922163295,9.99386580507902e-07,1.69431677352246e-06
"PHJJKLOP_01588",1058.48303206371,0.370467348965729,0.0761642525372048,4.86405809319487,1.15003135499755e-06,1.94861000388379e-06
"PHJJKLOP_01028",139.099943191889,-0.800795596989909,0.164782581765691,-4.8597102218521,1.1755769433524e-06,1.99076774230604e-06
"PHJJKLOP_02449",339.588442535933,0.535011414984153,0.110118682206445,4.85849816093094,1.18279507373321e-06,2.00185893202783e-06
"PHJJKLOP_02306",43.7650006200308,-1.46881266721649,0.302539660792699,-4.85494253337888,1.20421660205872e-06,2.03696299805865e-06
"PHJJKLOP_02430",234.915458091944,0.629657520950269,0.129869507284937,4.84838615402447,1.24469929890826e-06,2.10425166625146e-06
"PHJJKLOP_01496",230.414213949727,-0.849248642364326,0.175337839866875,-4.8434989447179,1.2757239917647e-06,2.15548399060017e-06
"PHJJKLOP_01623",185.144624231835,0.71216871243905,0.147271547999542,4.83575220137745,1.3264307889289e-06,2.23989497013713e-06
"PHJJKLOP_02600",807.032417848169,0.388975745723135,0.0805516786379342,4.82889683120712,1.3729151143867e-06,2.31708447151848e-06
"PHJJKLOP_02224",302.659668505583,0.582767765952912,0.121389578594892,4.80080557736968,1.58028636232715e-06,2.66556471482113e-06
"PHJJKLOP_01690",1391.28984938698,0.346993570747374,0.0722998447409036,4.79936813129922,1.59166994470502e-06,2.68325440002636e-06
"PHJJKLOP_01739",405.267348196039,0.545614301977799,0.113930227823458,4.78902142479048,1.67596588773163e-06,2.8237714506857e-06
"PHJJKLOP_02707",111.116994272598,-0.944106128376183,0.197895205828381,-4.77073774690092,1.83552393755405e-06,3.09086539315907e-06
"PHJJKLOP_01150",102.545196146204,-0.887064702360093,0.185999715678072,-4.76917235666868,1.84984341931283e-06,3.11322720484688e-06
"PHJJKLOP_02806",41.5266953606695,1.40843416104874,0.295762657315506,4.76204188125846,1.91643895228182e-06,3.2234933837819e-06
"PHJJKLOP_00352",248.017107871222,-0.599596877672514,0.126089166668528,-4.75534015740445,1.98112557279134e-06,3.33042670687102e-06
"PHJJKLOP_01536",28.2170121868991,1.72369459156987,0.363367039819176,4.74367348350484,2.0987704223316e-06,3.52621697220023e-06
"PHJJKLOP_00854",11130.1996896306,-0.300529471246618,0.0633642533422491,-4.74288664972299,2.10694172717036e-06,3.53796047736852e-06
"PHJJKLOP_02673",3236.08370920041,-0.321063777205313,0.0678305663824362,-4.73332001085057,2.20876832478445e-06,3.70686791726718e-06
"PHJJKLOP_01478",21.2990419728529,2.22067976595866,0.469442137277168,4.73046535370454,2.24005755754421e-06,3.75727301248592e-06
"PHJJKLOP_02638",3306.68520025729,0.309619646030966,0.065634891576678,4.71730262050106,2.38992073190966e-06,4.00639567264139e-06
"PHJJKLOP_01558",1784.41889212985,0.339449199393631,0.0719786405355921,4.71597125019025,2.40560404842934e-06,4.03043006211384e-06
"PHJJKLOP_02214",1416.2430392534,-0.364860156888251,0.077493812597249,-4.70824888671439,2.49853917725864e-06,4.18379546795994e-06
"PHJJKLOP_01487",555.750946435954,0.434394712044228,0.0922753579218457,4.70759173226016,2.50660492617996e-06,4.19495536555773e-06
"PHJJKLOP_00451",707.624133524612,-0.430751849477547,0.0915420034670367,-4.70551040138264,2.53231593052506e-06,4.23561670167152e-06
"PHJJKLOP_00346",117.032549978313,-0.840010623678149,0.178754814939323,-4.69923355051042,2.61139681355486e-06,4.36545061964447e-06
"PHJJKLOP_01738",490.14028648995,0.471926704930755,0.100476484752902,4.69688709842255,2.64156364640046e-06,4.41341604761327e-06
"PHJJKLOP_03097",124.454508535986,-0.826427943559435,0.17743413728052,-4.65766033653866,3.1982331683911e-06,5.34049643400054e-06
"PHJJKLOP_00288",385.458828638167,-0.485623139715343,0.104404907418692,-4.65134400021889,3.29778691669903e-06,5.50366445295256e-06
"PHJJKLOP_01974",30.406695697528,1.66129496775964,0.358377506598168,4.63560055297324,3.55902661801122e-06,5.93633743416468e-06
"PHJJKLOP_01850",338.686154112944,0.521579158476112,0.112824128022406,4.62293985886186,3.78339439648119e-06,6.30706170549258e-06
"PHJJKLOP_02934",779.813440869526,0.378841878107884,0.0822884850755488,4.60382613387608,4.14798798073999e-06,6.91100501632473e-06
"PHJJKLOP_00289",338.061003250369,-0.542872518291408,0.118128345407228,-4.59561603457615,4.31472599607214e-06,7.18481069646272e-06
"PHJJKLOP_03023",71.3394737947134,-1.0316382368556,0.224719238969813,-4.59078733794652,4.41577084298983e-06,7.34898160306368e-06
"PHJJKLOP_01972",1026.6345406719,0.343239820097846,0.074813418920195,4.58794458336394,4.47631418502306e-06,7.44560259442169e-06
"PHJJKLOP_03119",18.3337530333833,-2.25879167077693,0.492615309494415,-4.58530546501933,4.53323182811266e-06,7.53608889137663e-06
"PHJJKLOP_02957",62.4496937528951,1.1213924645762,0.245234686919114,4.57273185398146,4.81406057620339e-06,7.9985002026376e-06
"PHJJKLOP_00490",16.5876748166476,-2.37530079546841,0.521791295687893,-4.55220471306825,5.30866416937368e-06,8.81538575879357e-06
"PHJJKLOP_01697",142.122059772007,-0.7335231476493,0.161330402522087,-4.54671367691452,5.4490046452167e-06,9.04341458302594e-06
"PHJJKLOP_00264",220.099145576957,0.60005472601409,0.132182417733994,4.53959563080205,5.6362213562646e-06,9.34894556269042e-06
"PHJJKLOP_03117",77.5565159300874,-0.978797184461823,0.216479648843128,-4.52142817901145,6.14238006713803e-06,1.01828825697737e-05
"PHJJKLOP_00682",828.934877448108,-0.38165601444834,0.0844846568609015,-4.51745948470515,6.25859982107795e-06,1.03640751461877e-05
"PHJJKLOP_01458",1057.66719277147,-0.390432083915268,0.0864269428331605,-4.51748113628133,6.25796010243631e-06,1.03640751461877e-05
"PHJJKLOP_02826",35.4042152758944,-1.52650980176238,0.338707027197436,-4.5068737262205,6.57897585632845e-06,1.08885869064938e-05
"PHJJKLOP_00556",19.6239782071076,-2.26957035685647,0.503690099165344,-4.50588637858346,6.60964497725879e-06,1.09333022441507e-05
"PHJJKLOP_03075",444.08019305674,0.456066971825851,0.101218744463339,4.50575606567653,6.61370297640806e-06,1.09339738881092e-05
"PHJJKLOP_00775",275.360327699264,-0.577714408399716,0.128450014161077,-4.49758150805075,6.8730815097121e-06,1.13565154746568e-05
"PHJJKLOP_00889",47.28252477382,1.22759230546906,0.272971409199288,4.4971460896582,6.88716679843009e-06,1.13735120763926e-05
"PHJJKLOP_01851",113.681641710716,0.813371274560931,0.181035033828605,4.49289431641719,7.02616576348935e-06,1.15966594795409e-05
"PHJJKLOP_02947",284.146570035225,0.546672760998109,0.12194250166087,4.48303711628321,7.35881238519105e-06,1.21389996040011e-05
"PHJJKLOP_01565",300.35533119644,0.551994699251708,0.123203118040989,4.48036306246781,7.45161758308781e-06,1.22853210593419e-05
"PHJJKLOP_00439",5466.59491023433,0.272991758864309,0.0609704246245081,4.47744559014561,7.55414718760005e-06,1.24475050521049e-05
"PHJJKLOP_00543",26.9386616768827,-1.73231826870192,0.387356173256991,-4.47215867023918,7.74339363820045e-06,1.27523215361783e-05
"PHJJKLOP_02051",212.059546854073,0.632876146669652,0.142065167240596,4.45482984296805,8.39597569844749e-06,1.38194344371368e-05
"PHJJKLOP_02529",2608.71799936554,-0.275315033227633,0.0618582766479574,-4.45073882019835,8.55753676422682e-06,1.40776181714808e-05
"PHJJKLOP_01889",1544.06471073907,0.369187685700825,0.0830341175139347,4.44621676913552,8.73957623487207e-06,1.43691879446496e-05
"PHJJKLOP_02387",110.553603810932,-0.806559507153198,0.182058504298249,-4.43022153929095,9.41363306941126e-06,1.54689447913377e-05
"PHJJKLOP_01154",45.3541589488174,-1.30506746973798,0.294998677792784,-4.42397735306021,9.69001825577337e-06,1.59143799549015e-05
"PHJJKLOP_02433",59.2686269535181,1.10313354107397,0.249459635621236,4.42209232899265,9.77496664954251e-06,1.60450932832951e-05
"PHJJKLOP_01861",115.427508031103,0.806115416599356,0.182461355818452,4.41800628403439,9.96155253853854e-06,1.63334547099586e-05
"PHJJKLOP_02807",56.9469899634488,1.11701145894753,0.252826074310898,4.41810229420384,9.95712954737844e-06,1.63334547099586e-05
"PHJJKLOP_01862",24.9020543102689,1.72382427299612,0.390242307787425,4.41731775001477,9.99332691431953e-06,1.63765849925959e-05
"PHJJKLOP_01029",909.377058892237,-0.344016718601498,0.0778898697506733,-4.41670681569633,1.00216012609959e-05,1.64139355445414e-05
"PHJJKLOP_00647",972.589645718573,-0.364740960214722,0.0826004048756835,-4.41572847934183,1.00670383650322e-05,1.64793400026825e-05
"PHJJKLOP_02533",1946.95368641393,0.30484635146013,0.069123575270728,4.41016469802343,1.0329202874769e-05,1.68992532279008e-05
"PHJJKLOP_01923",35.9002859318716,-1.49148388615081,0.338319349227527,-4.40850897105433,1.04084709781375e-05,1.70196406928147e-05
"PHJJKLOP_02812",35.0556986427459,1.42315618902357,0.323529810930509,4.39884097521154,1.08830533655625e-05,1.77859507513615e-05
"PHJJKLOP_02327",116.618169257313,-0.784243842249571,0.178821165256095,-4.38563209856301,1.15649447305471e-05,1.88900406564419e-05
"PHJJKLOP_02861",811.64337064399,-0.372887598564466,0.0854101504232872,-4.36584640954804,1.26631439849079e-05,2.06725480320688e-05
"PHJJKLOP_00554",16.8220124836766,2.14721897665897,0.49269209804251,4.35813560881123,1.3117510021382e-05,2.14026294299824e-05
"PHJJKLOP_01123",449.009649703012,0.444831684566877,0.102111470418363,4.35633413899876,1.32258827697216e-05,2.15676977192518e-05
"PHJJKLOP_01659",221.310547041221,0.585505977292206,0.134897276187199,4.34038398580924,1.42233947850086e-05,2.3181733253302e-05
"PHJJKLOP_03074",338.093876836891,0.502881254131866,0.116154057042568,4.32943340022614,1.49493471080511e-05,2.43516568234521e-05
"PHJJKLOP_01544",2611.19565839518,-0.265134145260956,0.0612691329442353,-4.32736897880162,1.50901053652881e-05,2.45675777398981e-05
"PHJJKLOP_01560",5731.25622472497,0.248092307197169,0.0575996551520097,4.30718389793195,1.65346139554123e-05,2.69046924904916e-05
"PHJJKLOP_01099",67.5175080082756,0.976920686757175,0.226916950633039,4.3051904409601,1.6684214460879e-05,2.7133372132467e-05
"PHJJKLOP_02374",272.459593676291,0.512787142173491,0.119163300587916,4.30323043792472,1.68325614838741e-05,2.7359766060108e-05
"PHJJKLOP_02597",324.369451521077,-0.527745557977796,0.123005413264707,-4.29042546966686,1.78331128716197e-05,2.89703418001245e-05
"PHJJKLOP_00041",1193.0567670366,-0.337542859563013,0.0787279688823026,-4.28745799434551,1.80729419577803e-05,2.93440283197366e-05
"PHJJKLOP_02065",37.8055735190529,-1.3166274270634,0.308000773305506,-4.274753640821,1.91348758518543e-05,3.10513920327652e-05
"PHJJKLOP_00509",105.768471273104,0.836027993521669,0.195790252390577,4.27001846779327,1.95456782409567e-05,3.17008454243903e-05
"PHJJKLOP_00359",43.3531231836161,-1.23252995600667,0.28917830031814,-4.26217995835339,2.02442309829157e-05,3.2816040911126e-05
"PHJJKLOP_01460",1030.20707527263,0.360231391705693,0.0845442486383932,4.2608621817251,2.03639784968639e-05,3.29922898374515e-05
"PHJJKLOP_02045",694.308515775322,0.355690837893332,0.0836400835240752,4.25263609153318,2.11268744851542e-05,3.42097686363179e-05
"PHJJKLOP_00261",173.849384267179,0.626341251541321,0.147310124055854,4.25185475577929,2.12007346579804e-05,3.43108105762126e-05
"PHJJKLOP_00358",214.999988454887,-0.566083630271703,0.133246077506018,-4.24840746434834,2.15295542534578e-05,3.48241412397907e-05
"PHJJKLOP_02553",54.0295176628103,-1.09096075089291,0.257350625545848,-4.23919991870603,2.24317826788336e-05,3.62639078512029e-05
"PHJJKLOP_03022",113.66672331895,-0.751802944088486,0.177520956149872,-4.23500954700681,2.28541995999888e-05,3.69268610914013e-05
"PHJJKLOP_00342",449.591733723149,-0.445908447423102,0.105471074187034,-4.22777952021578,2.36008887119975e-05,3.81127620300542e-05
"PHJJKLOP_01388",13.7532948132386,2.53951585453464,0.601219169177409,4.22394358784205,2.40064163915146e-05,3.87467442998354e-05
"PHJJKLOP_01790",3687.6188784746,-0.265188767430571,0.0628830626064515,-4.21717321705899,2.47383944628714e-05,3.99066557229725e-05
"PHJJKLOP_01456",265.803044272616,0.541958274405794,0.128618382828103,4.2136921837224,2.5122962388184e-05,4.05051962252142e-05
"PHJJKLOP_00673",578.497945122186,0.398939344407336,0.0947562572568809,4.2101635918969,2.55185841069372e-05,4.11209046373359e-05
"PHJJKLOP_00947",79.6057524113733,0.893488984121502,0.212612556653974,4.20242810764771,2.64067126812281e-05,4.25291542590624e-05
"PHJJKLOP_02715",194.194861004578,-0.596434862419193,0.142022262115648,-4.19958711778242,2.6740213346017e-05,4.30431176118144e-05
"PHJJKLOP_02498",412.50384064881,-0.436413437794341,0.103998922581768,-4.19632652877931,2.71279063031039e-05,4.36437138481961e-05
"PHJJKLOP_01525",567.243843157623,0.410067884720451,0.0977700849716149,4.19420607887887,2.73828954335756e-05,4.40302840645141e-05
"PHJJKLOP_02929",136.907343695073,-0.719373095197377,0.171780052994731,-4.18775685917061,2.8172509436799e-05,4.52756270820055e-05
"PHJJKLOP_02915",65.8047375949958,1.00026601399533,0.239535334075743,4.17585997429104,2.96862396281113e-05,4.76827260979427e-05
"PHJJKLOP_02607",146.745599381625,0.846161178880897,0.203089319892767,4.16644843425384,3.09381833855616e-05,4.96669817996629e-05
"PHJJKLOP_01116",1536.70804996149,-0.375090601974214,0.0900911266930918,-4.16345777594739,3.13464015082428e-05,5.02953516161195e-05
"PHJJKLOP_01245",779.9804428208,0.347749156460983,0.0835715628855768,4.16109432986324,3.16726217670037e-05,5.07915530639576e-05
"PHJJKLOP_01459",77.2960212879362,0.890768956839557,0.214100831594643,4.16051142914779,3.17535724994878e-05,5.08941092416844e-05
"PHJJKLOP_01209",1247.374400472,0.310964448615881,0.0749342928065349,4.14982829582082,3.32724766986946e-05,5.33000509555332e-05
"PHJJKLOP_03094",13.3615043701458,2.35292156801186,0.567078625873169,4.14919811937702,3.33641961168601e-05,5.34183974191867e-05
"PHJJKLOP_00501",281.181736569301,-0.511395847586365,0.123315438112476,-4.14705454089147,3.36779857818837e-05,5.38919772479742e-05
"PHJJKLOP_01092",376.006495628054,-0.432749058861028,0.104599011890053,-4.13721937752054,3.51539977204064e-05,5.62238617387268e-05
"PHJJKLOP_02337",24.004699398432,-1.64124294965795,0.396911423762255,-4.13503580748794,3.5489929412373e-05,5.67308321733287e-05
"PHJJKLOP_02281",318.262994649061,0.472220228731911,0.114349981688569,4.12960476039253,3.63387394806094e-05,5.80566627561071e-05
"PHJJKLOP_02595",307.720555194577,-0.493631236331313,0.119980548670812,-4.11426053472783,3.88422542135207e-05,6.20233115281498e-05
"PHJJKLOP_02527",130.438835962322,-0.696349013297065,0.170296998630079,-4.0890269288285,4.33186566953845e-05,6.91343593528685e-05
"PHJJKLOP_01734",7094.45572342764,0.2900824580209,0.071155108596764,4.07676221344552,4.56671513959608e-05,7.28436075010691e-05
"PHJJKLOP_02815",122.805269035075,0.686471645299982,0.168543442738952,4.07296560545058,4.64182813455395e-05,7.40023079598217e-05
"PHJJKLOP_02453",1297.67572379353,-0.342536624537454,0.0841107438385486,-4.0724479288277,4.65216027603894e-05,7.41275565005885e-05
"PHJJKLOP_01080",744.064759179959,0.372860236466084,0.0916481473352769,4.06838814866652,4.73394758818025e-05,7.53906333989982e-05
"PHJJKLOP_02296",42.1943355994129,-1.22046701867087,0.300225383196349,-4.06516932604821,4.79976022160706e-05,7.63980973072384e-05
"PHJJKLOP_01442",5379.12955640635,0.272147985430723,0.0670498804902482,4.05888844903019,4.9306859065476e-05,7.84403485876914e-05
"PHJJKLOP_00876",464.352337327451,-0.403650975257115,0.0996073077249065,-4.0524233058473,5.06898433537855e-05,8.05976585242877e-05
"PHJJKLOP_02372",9.02586205008531,-4.59714541652754,1.13919560566385,-4.03543113550603,5.45021240315249e-05,8.66132480628373e-05
"PHJJKLOP_00568",156.524576529618,0.678099635302597,0.168282075816854,4.02954166099419,5.58857111427804e-05,8.87648908018486e-05
"PHJJKLOP_00834",491.428449202007,0.391284679433932,0.0973239880232824,4.02043409216161,5.80910001412153e-05,9.22186926950151e-05
"PHJJKLOP_02716",60.6820575021174,-1.00109727949053,0.249042177691365,-4.0197900964839,5.82500162606737e-05,9.24221243690816e-05
"PHJJKLOP_02196",75.1563168484575,0.914758295373486,0.227656793577962,4.01814626744368,5.86577835280576e-05,9.301981137871e-05
"PHJJKLOP_03090",68.3116302651056,0.969163649941947,0.2412817954996,4.01672926851024,5.90114515104494e-05,9.35311200753232e-05
"PHJJKLOP_00729",2779.52575156737,0.277882333565056,0.0692550126697073,4.0124508371739,6.00915964572358e-05,9.51927194671766e-05
"PHJJKLOP_00330",109.898899983233,-0.759094902540178,0.189244118113259,-4.01119416607639,6.04123992382477e-05,9.56503031831379e-05
"PHJJKLOP_02450",155.240058951819,0.644204111000412,0.160668545413611,4.00952227047321,6.08417149259096e-05,9.62791197083369e-05
"PHJJKLOP_02901",174.876297837251,0.64270507180186,0.16046934414764,4.00515796469223,6.19760510906122e-05,9.80223438802393e-05
"PHJJKLOP_01677",586.163313551118,-0.370274169836485,0.0924686754683774,-4.00432003552502,6.21961177962175e-05,9.83184670970829e-05
"PHJJKLOP_01059",9.3148458869093,-3.2318522294592,0.808300563236433,-3.99832980014127,6.37910265505867e-05,0.000100786455668843
"PHJJKLOP_00796",1662.45402542941,-0.321196053920848,0.0803493189240004,-3.99749566296457,6.40161635550115e-05,0.000101088815234021
"PHJJKLOP_02862",52.1690255476374,-1.07165257737239,0.268572593613294,-3.99017845772983,6.6023599992436e-05,0.000104203826240039
"PHJJKLOP_00320",860.163855672909,0.368100925293012,0.0924547630587347,3.98141656649063,6.85057681054395e-05,0.000108061532644167
"PHJJKLOP_01375",290.007925626675,-0.465945460629902,0.117033563239718,-3.98129773828652,6.85400302242064e-05,0.000108061532644167
"PHJJKLOP_00287",1374.49515750111,-0.287239960319953,0.0721960391301661,-3.97861106759711,6.93190277805694e-05,0.000109232194302645
"PHJJKLOP_00881",120.937487096853,-0.68374324781276,0.172690337625059,-3.95936018897182,7.5150823471556e-05,0.000118359582048311
"PHJJKLOP_00043",4377.91700060261,-0.225849550052647,0.0570996506692361,-3.95535782453271,7.64201847628972e-05,0.000120295495888598
"PHJJKLOP_02478",288.260922989426,-0.490694648960246,0.124263695451742,-3.94881744966942,7.85382141437988e-05,0.000123564589146891
"PHJJKLOP_02706",673.236625547909,-0.354508336632425,0.0898892613860963,-3.94383412618917,8.01891336804369e-05,0.000126095728066821
"PHJJKLOP_01988",1268.28062644517,-0.297234744073879,0.0754348244218662,-3.94028548951882,8.13846967761999e-05,0.000127908547059287
"PHJJKLOP_01608",644.799308832688,0.372735297167451,0.0946809558431858,3.93675046737793,8.25924105289734e-05,0.000129738550432186
"PHJJKLOP_01337",96.1439702346832,0.759255011727464,0.192952093486022,3.93494052337123,8.32173015141509e-05,0.000130651599755306
"PHJJKLOP_01151",410.786862270028,-0.420030339220436,0.106826491993532,-3.93189302936079,8.42795685900523e-05,0.000132250014863007
"PHJJKLOP_02159",815.404125931778,0.340078567216827,0.0865480998012038,3.92935914246493,8.51725509291581e-05,0.000133581255883656
"PHJJKLOP_00487",4086.78943922909,-0.241936446331861,0.0616857812034194,-3.92207801558084,8.77885556049526e-05,0.000137612008105355
"PHJJKLOP_01298",7124.1589585847,-0.250261764820948,0.0638316878046375,-3.92065090910483,8.83101132227511e-05,0.000138357131862332
"PHJJKLOP_02792",34.9419623679774,1.27057732246589,0.324898028145952,3.91069570263786,9.20306578711932e-05,0.00014411076865395
"PHJJKLOP_02926",500.281830826969,-0.367518497292827,0.0942114462714561,-3.90099623599746,9.5797640577161e-05,0.000149931069465771
"PHJJKLOP_03068",33.0235236798665,-1.38287202009897,0.354512979436166,-3.90076555814221,9.5888977054678e-05,0.000149995609875499
"PHJJKLOP_02864",350.98969801011,0.451515974628893,0.116072948026437,3.88993285951568,0.000100271960780355,0.00015676984364302
"PHJJKLOP_02808",15.3692495219421,1.99090066427953,0.511889037480434,3.88932076779555,0.000100525178054922,0.000157083707252837
"PHJJKLOP_01849",479.314509820197,0.377587279164035,0.0973142065650989,3.88008382837141,0.000104420470063747,0.000163085491586259
"PHJJKLOP_03040",53.1983169604329,-1.11075996314363,0.286460713158337,-3.87752983959679,0.000105522388703419,0.00016472055879981
"PHJJKLOP_01680",2249.38902882086,0.253488081762355,0.0654619710438173,3.87229528412277,0.000107815221707054,0.000168211971751391
"PHJJKLOP_01764",76.499330489393,-0.863088147818059,0.223131969999494,-3.86806134423505,0.000109704069954417,0.000171069784085169
"PHJJKLOP_02282",207.870987815541,0.546867907698703,0.141405369296167,3.86737724614482,0.00011001217452476,0.000171460932080756
"PHJJKLOP_01726",1208.28083693638,0.304633482383222,0.0788949227232859,3.86125585611746,0.000112805697950109,0.000175723340095018
"PHJJKLOP_00564",250.154378032113,0.478433091683176,0.124262638694904,3.85017650283325,0.000118032734703299,0.000183770154811065
"PHJJKLOP_01200",101.637593098474,-0.743822699820309,0.193390588443609,-3.84621974526543,0.000119954191078013,0.000186664681958198
"PHJJKLOP_02439",7595.89249746202,0.214603940095398,0.0559132824052516,3.83815671095785,0.000123961363924361,0.000192800168098461
"PHJJKLOP_00799",71.0036473291805,1.00563909309617,0.262076298168691,3.83719970147347,0.000124445269959172,0.000193452304391361
"PHJJKLOP_01117",126.628163562352,-0.682039094912656,0.177779205154074,-3.83643910614608,0.000124831129778255,0.000193951428415203
"PHJJKLOP_02655",5570.07740443585,0.249996797885006,0.0651660596658301,3.836303731835,0.000124899925029565,0.000193957663661057
"PHJJKLOP_02935",39.6892392455908,1.18807816287272,0.309725276563764,3.83590960367785,0.000125100418756724,0.000194168301585086
"PHJJKLOP_00655",2353.14486878662,-0.247966312839052,0.0646506339547517,-3.83548153623058,0.000125318521128661,0.000194406037440005
"PHJJKLOP_01198",72.4432627295253,-0.862697822397452,0.225084402474963,-3.83277478542039,0.000126705943594249,0.000196456548483264
"PHJJKLOP_01770",1347.00341972172,0.271467936453815,0.0711653165769762,3.81461011502957,0.000136398107532099,0.000211374707014029
"PHJJKLOP_01278",53.3330651005035,0.980464388716128,0.257262138392922,3.81114918363402,0.000138322254652322,0.000214245644298526
"PHJJKLOP_00663",530.982023837961,-0.462785937088743,0.121602276779681,-3.80573414696189,0.000141384186743816,0.000218875002642702
"PHJJKLOP_01035",278.974150030937,-0.54566498557407,0.143822289285017,-3.79402238892686,0.000148226299755113,0.000229348600241245
"PHJJKLOP_02434",71.4149728390034,-0.91138337281001,0.240508516483546,-3.78940166500242,0.000151010573778685,0.00023353598031683
"PHJJKLOP_00302",1030.47782565874,-0.295522611672451,0.0779975543026724,-3.78887023208015,0.000151333933518978,0.000233915228165111
"PHJJKLOP_02949",522.041764022874,0.374319264744196,0.098941902344449,3.78322283961216,0.00015481069547572,0.000239165749357227
"PHJJKLOP_00066",483.135870597014,0.359429733788028,0.0952266455858884,3.77446597616257,0.000160350790280727,0.000247596836565496
"PHJJKLOP_01575",1161.10267035865,0.289725455312515,0.0768888683793845,3.76810663778992,0.000164490436561729,0.000253857921167946
"PHJJKLOP_02149",135.342441221194,0.611713648521133,0.162366442630796,3.76748814970409,0.000164898365694506,0.000254356366249022
"PHJJKLOP_00730",3372.79981972639,0.249998069336612,0.0663601814874641,3.76729031978067,0.000165029046900301,0.000254426862213956
"PHJJKLOP_03083",30.5216847143909,1.29261853678279,0.343795014249493,3.75985247954973,0.0001700135810366,0.000261976665786712
"PHJJKLOP_01984",510.950487706147,0.38362847903503,0.10238084954993,3.74707262853821,0.000178910296968708,0.000275543945022794
"PHJJKLOP_02186",102.711911558346,0.692292500195778,0.18484438143464,3.74527207601692,0.000180198380674539,0.000277385065161733
"PHJJKLOP_00757",3875.27824006501,-0.240075012112527,0.0641037428088927,-3.74510132471115,0.000180320984763808,0.000277431155386867
"PHJJKLOP_00080",9076.71576311353,-0.198974855430539,0.053197924369471,-3.74027479058423,0.000183819183683696,0.000282668020518226
"PHJJKLOP_01753",2674.80621953124,-0.266338432610558,0.0712385122799201,-3.73868605739582,0.000184984561491452,0.000284314053955547
"PHJJKLOP_02868",31.3320397837751,1.30609852705672,0.349525605900604,3.73677494583371,0.000186395614572113,0.000286335797859879
"PHJJKLOP_01169",23.3418741889125,1.56100660462286,0.417956617739218,3.73485318420497,0.000187824728807051,0.000288383198999134
"PHJJKLOP_02653",283.399964261956,-0.443931753710689,0.11916572782482,-3.72533077936044,0.000195059270742421,0.000299337496977349
"PHJJKLOP_00377",1247.53550346455,-0.269970115661689,0.0724899981636963,-3.72423951580251,0.000195904868598024,0.000300481135544306
"PHJJKLOP_02839",154.452180907613,-0.598166703046692,0.160701132823654,-3.72223078043321,0.0001974704096108,0.000302727294610719
"PHJJKLOP_00588",35.4372025950157,-1.21292346539027,0.327001320480848,-3.70923109303256,0.000207889619569623,0.000318537114120497
"PHJJKLOP_00830",69.0433252377844,0.826005218367941,0.222808111952975,3.70724930581645,0.000209522658080548,0.000320875109101361
"PHJJKLOP_01290",4785.84721558765,-0.218357434278318,0.0589591103495297,-3.70354018206551,0.000212611486239303,0.000325439054090221
"PHJJKLOP_00376",97.3736096822373,-0.806755627647573,0.218146669208687,-3.69822574222209,0.000217111764058391,0.000332157701374973
"PHJJKLOP_01464",146.888478570441,0.59448997397165,0.160780774220378,3.69751904016084,0.000217716894017693,0.000332913371138393
"PHJJKLOP_00948",104.445168321547,0.69749588774478,0.188724985131236,3.69583225697305,0.000219167647810417,0.000334960662350377
"PHJJKLOP_02335",94.9073367764827,0.711981873776634,0.193114415201857,3.68683960248343,0.000227056369238894,0.000346840188521045
"PHJJKLOP_01557",1218.9941513142,0.300674659942858,0.0816281146413848,3.68346936914819,0.000230080942675895,0.000351281153682626
"PHJJKLOP_02379",87.9893978668515,-0.762903002295637,0.207210398703757,-3.68177952008258,0.000231611670364165,0.000353437992390577
"PHJJKLOP_01918",35.1581696881077,-1.19462554455267,0.324527236976711,-3.68112567586553,0.000232206506911374,0.000354165196990653
"PHJJKLOP_02213",1626.57361679195,-0.270448949661284,0.0735052996658742,-3.6793122521864,0.000233863784795522,0.000356511289041646
"PHJJKLOP_02067",53.3407855126853,-0.934360866129968,0.254575503185514,-3.67027013376492,0.000242294274429395,0.000369175092947383
"PHJJKLOP_02948",299.268425058507,0.427506070837293,0.116716158854349,3.66278392840858,0.000249488975477163,0.000379944045055252
"PHJJKLOP_02464",1554.65182916929,0.262061251445171,0.0715723920912139,3.66148515912662,0.000250757389349102,0.000381681557555268
"PHJJKLOP_01100",98.6154059196197,0.712328304221848,0.194754779799388,3.65756519534771,0.000254622506578902,0.00038736777677705
"PHJJKLOP_02968",412.476051350645,0.375915956655234,0.102791907723697,3.65705788500092,0.000255126782281904,0.00038793782943221
"PHJJKLOP_01963",336.714321477326,0.441547838763375,0.120769205937871,3.65612935296211,0.000256052186662074,0.000389147333434645
"PHJJKLOP_02932",421.227770884821,0.412768102083573,0.112952907117078,3.65433801235174,0.000257846393812579,0.000391675344025805
"PHJJKLOP_02804",29.4537405652862,1.2901165076328,0.353530528299098,3.64923649971557,0.000263020876199433,0.000399332912444778
"PHJJKLOP_01649",44.2634684196058,-1.02300281068269,0.280514244711577,-3.64688364305541,0.000265440049361428,0.000402801575158701
"PHJJKLOP_02835",350.588253046539,-0.444429460765616,0.122075785189101,-3.64060292610179,0.000272000345083871,0.000412547635856692
"PHJJKLOP_03166",423.26561839043,0.371314135891003,0.102174963906011,3.63410097440863,0.000278951607299943,0.000422876512534698
"PHJJKLOP_00612",1325.72373152843,-0.260148545423287,0.0716301793286435,-3.63182876074776,0.000281419844528693,0.000426402335282847
"PHJJKLOP_01061",437.877517629229,-0.381991256780452,0.105510331261642,-3.62041567126918,0.000294130105218655,0.000445435273153592
"PHJJKLOP_00467",14967.2416985183,0.206048070911142,0.0570242831543179,3.61333908141448,0.000302278983559376,0.000457544629310804
"PHJJKLOP_01803",814.189386736489,-0.300589612889931,0.0834780673314126,-3.60082141931453,0.000317213409162118,0.000479907502289734
"PHJJKLOP_02667",10829.6153357941,-0.209713564144621,0.0583302034839014,-3.59528257436133,0.000324039663414696,0.00048998724861798
"PHJJKLOP_02952",2116.39686518215,0.243244060918,0.0677675886088601,3.58938640006732,0.000331457232245933,0.000500950506483757
"PHJJKLOP_01785",34.2992743341831,1.1933972318047,0.332679081976836,3.5872325507012,0.000334206241073733,0.000504850396455477
"PHJJKLOP_01867",2027.3737195515,0.244513908173804,0.0681777680199476,3.58641702823513,0.000335252668500004,0.000506175738521943
"PHJJKLOP_00073",12135.0700179468,0.201846089455117,0.0563347425905639,3.58297704352919,0.000339700471983205,0.000512632667902074
"PHJJKLOP_01237",47.2443893589621,1.00300543288863,0.280226590667801,3.57926573098717,0.000344560971025817,0.000519705565365892
"PHJJKLOP_02212",3211.52605869884,-0.218285940713476,0.0610248481127644,-3.57700096705064,0.000347558888428105,0.0005239633997753
"PHJJKLOP_02441",5525.37822575056,-0.290099789106254,0.0814633973548735,-3.56110595096485,0.000369296017173686,0.000556453082746863
"PHJJKLOP_02126",284.878192945169,0.423522009359166,0.119287031790976,3.55044469629604,0.000384580927719425,0.000579192805629758
"PHJJKLOP_00508",225.14410979489,0.468698134100749,0.132111759987876,3.54773968754759,0.000388552034789582,0.000584879231855208
"PHJJKLOP_02204",458.695464530635,-0.347506655399941,0.0980432208464463,-3.54442308606121,0.000393473288121705,0.000591989459616274
"PHJJKLOP_02822",20.1526067017744,1.49741963934903,0.422765517457814,3.54196257148256,0.000397161824140297,0.00059723882545256
"PHJJKLOP_01449",198.376179624821,0.493102353418201,0.13929076393721,3.54009368230963,0.000399985020593458,0.000601182305048601
"PHJJKLOP_02266",7.6383680406949,2.85319557939217,0.806071945852284,3.53962893023823,0.000400689993294333,0.000601939708942917
"PHJJKLOP_00931",162.751636712291,-0.576630492762154,0.163048289557681,-3.5365626608316,0.000405370325797292,0.000608665373840067
"PHJJKLOP_01606",2603.02320350878,-0.222579581022943,0.062940333680511,-3.53635845263819,0.000405683834569445,0.000608830777293693
"PHJJKLOP_01542",31.3044499124509,-1.28798030075279,0.364478381348571,-3.53376322619535,0.000409687912632416,0.000614531868948625
"PHJJKLOP_02646",1706.04586037639,-0.24915696211805,0.0706022287834576,-3.52902403240319,0.000417095251248378,0.000625329585497068
"PHJJKLOP_02786",111.632718097994,0.652840937277956,0.185185886238066,3.52532771551876,0.000422959195770397,0.000633803719788072
"PHJJKLOP_02671",2443.91802724271,-0.257107270931852,0.0730503035656345,-3.51959209451943,0.000432210954801165,0.000647343471072881
"PHJJKLOP_01801",862.617176977723,0.313507123661158,0.0892054360022543,3.51443967667212,0.000440682748203894,0.000659372387867296
"PHJJKLOP_02037",886.040699397457,0.298388561839303,0.0849004882845845,3.51456826536864,0.000440469445188017,0.000659372387867296
"PHJJKLOP_01858",1695.74781462049,0.24746314683385,0.0704936045454328,3.51043400929174,0.000447375836667493,0.00066905257491632
"PHJJKLOP_02546",511.279241805764,0.350391582576332,0.0998790904066254,3.50815752476145,0.000451221785564574,0.000674467312022134
"PHJJKLOP_02873",50.3290736589284,0.916240705629131,0.261314694032832,3.50627318919162,0.000454428545604381,0.000678921689390977
"PHJJKLOP_01294",944.423068008696,0.334619829202104,0.0954956175227616,3.50403335652913,0.000458267951773718,0.000684316332972824
"PHJJKLOP_02672",774.6750396767,-0.330643425448404,0.0948026258354641,-3.48770324170404,0.000487188488590293,0.000727139748175143
"PHJJKLOP_00036",2839.71892041707,0.221641389488185,0.0640423662357388,3.46085571967043,0.000538461316777075,0.000803265163144276
"PHJJKLOP_01158",1868.28759826748,-0.245110882318168,0.0708425832637692,-3.45993710316213,0.000540301575393277,0.000805609022274637
"PHJJKLOP_00764",23.021145209931,-1.38474867103141,0.400796408538263,-3.45499271333717,0.000550307694871246,0.000820074460335436
"PHJJKLOP_02978",14.0773421884197,1.83081770771831,0.529923219328225,3.4548735381688,0.000550550990405553,0.000820074460335436
"PHJJKLOP_02670",1942.54431894,-0.310144910975521,0.0900258457449306,-3.44506522998131,0.0005709215978898,0.000849994661403312
"PHJJKLOP_01612",1253.77966322779,0.249542727337615,0.0726181458067641,3.43636875556757,0.000589567922817185,0.000877319264868117
"PHJJKLOP_01265",447.460889414691,-0.343424132997593,0.100082179865966,-3.43142139247487,0.000600427115450144,0.000893034666496638
"PHJJKLOP_01534",1964.68043989294,0.228699011916883,0.0667110102015099,3.42820489790315,0.000607586697347545,0.000903234643425297
"PHJJKLOP_00560",50.0314582252614,0.913125900362747,0.266583762583532,3.42528701490821,0.00061415025095027,0.000912086235786264
"PHJJKLOP_01439",471.134482532332,0.347315906275332,0.101395245358796,3.42536679157217,0.000613969925592528,0.000912086235786264
"PHJJKLOP_02326",111.54719932688,-0.638817728297857,0.186596322331848,-3.42352796836888,0.000618138905219491,0.000917554725943062
"PHJJKLOP_02164",9532.63416619865,-0.209667301573673,0.0612788122015455,-3.42153011850293,0.000622698276408049,0.000923864538932457
"PHJJKLOP_00243",36.994207748892,-1.06198735144444,0.312748686686001,-3.39565726941221,0.000684640291331124,0.00101526153157275
"PHJJKLOP_02849",145.147651679752,0.546583810186756,0.161356959750225,3.38742010901078,0.00070553261808917,0.00104572507849454
"PHJJKLOP_02930",135.955782940143,0.568359546828214,0.168220443905187,3.37865917859874,0.000728402499547341,0.00107908811659809
"PHJJKLOP_01440",441.434406467609,0.343308501921381,0.101742360842167,3.37429266511669,0.000740056415116986,0.00109581053751744
"PHJJKLOP_00367",147.251813808089,-0.541713345299947,0.161305182000999,-3.35831334480371,0.000784196630966723,0.00116059550821274
"PHJJKLOP_03178",30.6483515429293,1.16374298223876,0.346672930257353,3.35689025784289,0.000788243924090878,0.00116600904581427
"PHJJKLOP_01654",34.0369593397543,-1.07016155261734,0.319262585019928,-3.35197922597332,0.000802360392479259,0.00118630469880637
"PHJJKLOP_02304",85.2748335984436,0.711199173738877,0.212304615997373,3.34989972025704,0.000808408215174597,0.00119465656279997
"PHJJKLOP_02988",45.3911333080196,-0.977504573767768,0.29206983822171,-3.3468179382006,0.000817448788217123,0.00120742065709031
"PHJJKLOP_02262",105.87700606726,0.601875548246138,0.180069382358251,3.34246466758406,0.000830379259952078,0.001225914942947
"PHJJKLOP_02154",5924.19204494846,-0.227958446779364,0.0685081496226811,-3.32746465982338,0.000876401045422862,0.00129322066535044
"PHJJKLOP_02736",144.674985373376,-0.53179704020869,0.160122261134116,-3.32119367064936,0.000896333161447212,0.00132198102727732
"PHJJKLOP_01071",754.390788711013,-0.28703862013581,0.0864950042921404,-3.318557210152,0.000904837850424697,0.00133386731864675
"PHJJKLOP_00345",146.432816010005,-0.519777394445278,0.156723747483159,-3.31651969017096,0.000911461644611401,0.00134297055313314
"PHJJKLOP_02924",433.596433588227,-0.346408214450923,0.104670005490657,-3.30952704957911,0.000934537355291787,0.00137629357685372
"PHJJKLOP_02481",1166.572799342,-0.249536495409024,0.0754519736726313,-3.30722290303107,0.000942258819274898,0.00138698274577632
"PHJJKLOP_01250",556.81320903154,-0.322539771319471,0.0976373168894091,-3.30344771441028,0.000955037770936456,0.00140510225365295
"PHJJKLOP_02200",57.3624140477658,0.807433381629956,0.245182485632871,3.29319355559101,0.000990562571604935,0.00145665242602415
"PHJJKLOP_01602",32405.582786191,-0.180260760978611,0.0548249246466328,-3.28793449586041,0.00100925318986302,0.00148340895947466
"PHJJKLOP_01652",12.6136646940956,-1.91542379653862,0.583880382973732,-3.28050719358522,0.00103620622329444,0.0015222774448202
"PHJJKLOP_02380",232.865216062217,-0.428562740828292,0.130876205961802,-3.27456574461955,0.00105824511373245,0.00155389204046835
"PHJJKLOP_03112",41.0843443276303,-0.95639374541123,0.292272167752319,-3.27227102315712,0.00106687251704428,0.00156579231177969
"PHJJKLOP_02872",399.995921054645,-0.335547568064456,0.102679524770609,-3.26791119080543,0.00108344356850012,0.00158933368157244
"PHJJKLOP_02591",3935.81074292651,-0.191056118233795,0.0585271335191125,-3.26440245311868,0.00109695228349256,0.00160836196707969
"PHJJKLOP_02184",137.641252857726,-0.542354392763048,0.166565162362567,-3.25610941129748,0.00112950217307599,0.00165527631237861
"PHJJKLOP_00586",79.0890820769482,-0.747011312771386,0.229727297819893,-3.25173072534482,0.00114704635444372,0.00168016476771257
"PHJJKLOP_02624",1279.52687887423,0.282215566273851,0.0869294245309066,3.24649067673873,0.00116837274844266,0.00171056626349013
"PHJJKLOP_02528",53.5488912010226,-0.835220570045308,0.257787046518198,-3.23996330043041,0.00119545084745432,0.00174935475917802
"PHJJKLOP_01477",22.5459787508608,-1.28401190792093,0.396620713813803,-3.23737985233852,0.00120632724144362,0.00176440828572653
"PHJJKLOP_01568",1098.68073383511,0.258678067478749,0.0799163856178464,3.23685894299232,0.00120853132936926,0.00176676894537674
"PHJJKLOP_00906",76.6810767158432,0.690071207575136,0.213406363696536,3.23360182715272,0.00122239750380712,0.00178616794846194
"PHJJKLOP_00814",7452.71891445063,0.172348215973348,0.0533216321132201,3.23223819569877,0.00122824626622505,0.00179383869320868
"PHJJKLOP_01687",818.668068268815,0.279738461791934,0.0867798571921603,3.2235413936266,0.00126615997391498,0.0018483095864951
"PHJJKLOP_01159",7989.94984419158,0.187169360157633,0.0581623341169913,3.21805104625183,0.00129064846074591,0.00188313912839828
"PHJJKLOP_02535",20034.9235228322,-0.214700534013853,0.0667600401017788,-3.21600367055699,0.00129989169517725,0.00189570177075533
"PHJJKLOP_00891",329.732756697988,0.426975230749651,0.132879896226815,3.21324175344657,0.00131245766492573,0.00191309554468727
"PHJJKLOP_01737",772.872646005151,0.32222287914522,0.100325308752336,3.21178058809331,0.0013191508178269,0.00192098129794442
"PHJJKLOP_01868",186.723162382453,-0.480471317663255,0.149595587129464,-3.21180140994027,0.00131905521848026,0.00192098129794442
"PHJJKLOP_02198",52.1717255640801,-0.835817217611072,0.2604554153636,-3.20906062346316,0.00133169410252855,0.00193830439619372
"PHJJKLOP_02699",18.5770898474931,-1.49214685920989,0.465531923660357,-3.20525141966103,0.00134944551091644,0.00196318749255773
"PHJJKLOP_02942",73.0048836283123,-0.720940165675171,0.22546722726836,-3.19753861529985,0.0013860585220895,0.00201547314965321
"PHJJKLOP_01226",4386.52309414998,-0.195450039482225,0.0612268559946244,-3.19222727195702,0.00141180199263549,0.00205191027473332
"PHJJKLOP_00229",37.447062787088,0.972555840332724,0.305443940370421,3.18407312043342,0.00145218324655279,0.00210957624462836
"PHJJKLOP_01353",18209.724920949,0.219134244051893,0.0688459919164519,3.18296298668807,0.00145776247946549,0.00211665415301633
"PHJJKLOP_01547",582.362561778926,-0.28845294276675,0.0907621322527848,-3.17811994503798,0.001482334140553,0.00215128861697319
"PHJJKLOP_00471",2430.2420598023,-0.199499038476744,0.0628736356956913,-3.17301578426799,0.00150864322248729,0.00218735002814864
"PHJJKLOP_00646",4699.69745106538,-0.186077553747998,0.0586434737371656,-3.17303089141648,0.0015085647228961,0.00218735002814864
"PHJJKLOP_02525",512.552207205489,-0.312833104428027,0.0986500607172003,-3.17113950213193,0.00151842204618001,0.00220046253933346
"PHJJKLOP_01358",1563.85391755009,-0.253277120312143,0.0801663921553035,-3.15939277673215,0.00158098262975116,0.00229001547821722
"PHJJKLOP_00423",28669.5925412581,0.264027124205798,0.0835824124649951,3.15888374622322,0.00158374652061554,0.0022929096144695
"PHJJKLOP_01264",30.1173591507087,-1.09702539413015,0.347932158747639,-3.15298648471825,0.00161609288965563,0.00233860904380326
"PHJJKLOP_01006",265.165219863661,-0.396966466560508,0.12612876964337,-3.14731101938863,0.00164779584417376,0.00238333369925422
"PHJJKLOP_02146",55.4452511320373,0.775125077237931,0.247021551457613,3.13788441803604,0.00170171965837315,0.00246013938057422
"PHJJKLOP_02483",5321.74818660663,-0.241428408045636,0.0773017806573763,-3.1231933597457,0.00178900174294702,0.00258507298184526
"PHJJKLOP_02402",611.67418642855,0.28368479262135,0.0911831340007798,3.11115422528605,0.00186357581520142,0.00269153207463244
"PHJJKLOP_01890",802.671872548645,0.25563556020716,0.0822097051984192,3.10955451780498,0.00187369702782519,0.00270484517903019
"PHJJKLOP_02297",107.919426311725,-0.574495163611257,0.185211755694027,-3.10182883078077,0.00192329132211185,0.00277510082814596
"PHJJKLOP_01168",113.313318306405,0.550893540675623,0.177759309029663,3.09909812140243,0.00194110721895917,0.00279945809901915
"PHJJKLOP_01625",3405.67170640293,0.191912231765601,0.0619417635999643,3.09826877072825,0.00194654805329012,0.00280595323618229
"PHJJKLOP_02914",23.8320215677244,-1.20209457586261,0.388558869959182,-3.09372573579105,0.00197660119155442,0.00284790373797591
"PHJJKLOP_02992",44.141416434672,-0.89003733413612,0.287879401609254,-3.09170204314997,0.00199012497225978,0.00286600970031062
"PHJJKLOP_02797",44.5374438834616,0.86771878724647,0.280840125076908,3.08972511320754,0.00200341820667411,0.00288376639941456
"PHJJKLOP_01125",6209.38276571491,0.190468377242181,0.0617501114718151,3.08450256529687,0.00203892851680921,0.00293347043696625
"PHJJKLOP_00883",508.924719778137,0.29958631579758,0.0972962998717943,3.07911314399766,0.0020761781611706,0.00298562796087646
"PHJJKLOP_01647",43.1812472856737,-0.919753604984117,0.299255610762331,-3.07347154708683,0.00211583863293731,0.00304120060826419
"PHJJKLOP_02840",234.700278575428,0.406341481445486,0.132254443933119,3.07242213842715,0.00212329217965661,0.00305044951338382
"PHJJKLOP_02609",1892.15390934218,0.217555169916161,0.0708470685404767,3.07077165503138,0.00213506365602003,0.00306588996936401
"PHJJKLOP_00575",48.7353617371541,0.831293826939727,0.270752837530164,3.07030513335659,0.00213840178408558,0.00306921138137691
"PHJJKLOP_02989",135.750571695,-0.582359421498069,0.189949394061383,-3.0658661712281,0.00217040436787713,0.00311365149852618
"PHJJKLOP_01211",229.587879305692,-0.39905623378012,0.131023108335195,-3.04569353338205,0.00232144322913932,0.00332873612454172
"PHJJKLOP_03028",62.323798293026,-0.729166926866689,0.239506648520033,-3.04445380273316,0.00233103227865096,0.00334088589865054
"PHJJKLOP_01920",25.2806009371392,-1.17101321159763,0.385247566225598,-3.03963818141786,0.00236862517355706,0.0033931405596315
"PHJJKLOP_01856",317.645789761421,-0.351288093571193,0.115745039977802,-3.03501639153231,0.00240522614476552,0.00344392495333715
"PHJJKLOP_01063",242.656928774477,-0.383611267664793,0.12701315921265,-3.0202482171358,0.00252567604963485,0.00361466256816766
"PHJJKLOP_02887",48.6371641827485,-0.823683892396088,0.273702284114731,-3.009415486101,0.00261750890485199,0.00374430084143663
"PHJJKLOP_02019",32.7873667481217,0.968024258345118,0.321770456326979,3.00843113253823,0.00262600311163417,0.00375465774414169
"PHJJKLOP_02407",1452.45494867998,0.230208001853194,0.0766925099130167,3.00170123672171,0.00268475523865092,0.00383682920502188
"PHJJKLOP_02388",24.4089822282105,-1.1462034592891,0.382095439940647,-2.99978314179081,0.00270171885405679,0.00385923008065172
"PHJJKLOP_02641",1676.32607987276,0.20953089752417,0.0700916333589937,2.98938528727102,0.00279539391523928,0.00399113466009843
"PHJJKLOP_01840",50.5761245007388,0.808076249556621,0.271208236061066,2.97954170305754,0.00288679931603636,0.00411967452441033
"PHJJKLOP_00740",29.5222711909458,-1.05588244043651,0.354525707430396,-2.97829584232283,0.00289856059336156,0.00413448804979728
"PHJJKLOP_00662",970.58264912381,-0.236474889423696,0.0794574440498586,-2.97612001306398,0.00291920597852146,0.00416195366652059
"PHJJKLOP_01699",341.121722134262,0.339350363876038,0.114330964438764,2.96814048181842,0.00299607364095951,0.00426951189006795
"PHJJKLOP_00505",147.987660747491,0.459591138232853,0.154919886257823,2.96663746233317,0.00301075740035729,0.00428839565017589
"PHJJKLOP_00464",5196.92878315261,0.163414776695435,0.0552009147692129,2.96036356242734,0.00307276191519131,0.00437463108610688
"PHJJKLOP_00567",323.061202963278,0.333718977626742,0.113226904653496,2.94734699891346,0.00320513318386992,0.00456091670746508
"PHJJKLOP_01688",1866.94660755074,0.199107223190119,0.067643945793073,2.94345962311542,0.0032456615754365,0.00461639465883938
"PHJJKLOP_02802",32.7082106723734,0.974385908629551,0.332003168802595,2.9348693030364,0.00333688206514279,0.00474163498008425
"PHJJKLOP_02921",127.356017026698,0.517851161358565,0.176447775694377,2.93486930804686,0.00333688201126261,0.00474163498008425
"PHJJKLOP_03030",56.9031260602907,-0.733102069962994,0.250323464684363,-2.92861906049189,0.00340471410079239,0.00483572771241576
"PHJJKLOP_02911",180.129009478066,0.474128153992553,0.161908043802067,2.92837923835443,0.00340734165271847,0.00483716496360318
"PHJJKLOP_01163",40.2944070336499,-0.866665670269363,0.297365501732877,-2.91447953854408,0.00356282163436024,0.00505549193046188
"PHJJKLOP_02919",244.062095050462,-0.398915747908222,0.137021830133233,-2.91132987729281,0.00359893832161375,0.0051043208597402
"PHJJKLOP_00375",1372.15961894097,-0.225413428099764,0.0774890535041729,-2.90897124053302,0.00362620216286124,0.00514055363428341
"PHJJKLOP_01193",103.796198426936,0.527825168315689,0.182231055594952,2.89646112509437,0.00377397397612655,0.00534750500923942
"PHJJKLOP_00597",23.542107628311,-1.11996132700572,0.38683390188014,-2.89519951990334,0.00378917606218464,0.00536650573802309
"PHJJKLOP_00559",18.0048329307934,-1.31565120886039,0.457398825759936,-2.87637644603596,0.00402269645530224,0.0056945405140307
"PHJJKLOP_01556",1267.38157722507,0.243080491932544,0.084710573731853,2.86954132434521,0.00411067614094997,0.00581633476654263
"PHJJKLOP_01611",848.830905972293,-0.2402803359796,0.083747045221524,-2.86912016231762,0.00411615390428324,0.00582133433605292
"PHJJKLOP_01270",305.504653828102,-0.331832878101056,0.116219519785745,-2.85522499759768,0.00430063495695534,0.00607936782867058
"PHJJKLOP_02129",91.71441941539,-0.597010230044324,0.210285170925976,-2.83905054938221,0.00452479883014331,0.00639322685108498
"PHJJKLOP_02823",13.0514444379805,1.492217535348,0.526615774190181,2.83359824844347,0.00460271568653759,0.00650025036108186
"PHJJKLOP_02579",1489.48579669752,0.193692344003643,0.0684436357708075,2.82995404645432,0.00465546902950077,0.00657165218025709
"PHJJKLOP_01155",13.8006430442066,-1.44249952646991,0.511460274761454,-2.82035496724099,0.00479705525722367,0.00676832395858985
"PHJJKLOP_01960",52.33714918389,-0.730494920451451,0.259853024720907,-2.81118498134103,0.0049359398994113,0.00696100049874584
"PHJJKLOP_02314",213.826405321558,0.368631852841059,0.131178307485129,2.8101586299461,0.00495170874835339,0.00697995103228344
"PHJJKLOP_01172",399.089722299749,0.310805826494068,0.110969789266385,2.80081478525631,0.00509737657824164,0.0071819037530614
"PHJJKLOP_03145",2.0043921673608,4.53292370273179,1.62003434892428,2.79804172407931,0.00514134706566359,0.00724044831354505
"PHJJKLOP_03035",6.91138726445609,2.18383832302662,0.781352520445212,2.7949462833783,0.00519083394547531,0.00730670278925862
"PHJJKLOP_02997",41.8199840733777,-0.797778790080099,0.285668778869833,-2.79267056496787,0.00522748999316495,0.00735484259376685
"PHJJKLOP_02990",58.4740285115547,-0.679249325267571,0.243358872181755,-2.79114264122767,0.0052522320160238,0.00738618255329979
"PHJJKLOP_02086",6195.46031702234,-0.195828536059138,0.0703386765844685,-2.78408047418934,0.00536797138552295,0.00754540203204493
"PHJJKLOP_01293",5587.78815493333,0.171432530007594,0.0616097126157333,2.78255688476974,0.0053932409870939,0.00757736439012629
"PHJJKLOP_02708",39.609233634481,-0.807916085087326,0.290626048553131,-2.7799162845502,0.00543729135306479,0.00763567087761538
"PHJJKLOP_00524",110.395288411845,-0.507789550057019,0.183114390895251,-2.77307287305177,0.00555296840911597,0.00779080947370816
"PHJJKLOP_02995",24.5486333546178,-1.05495990138448,0.380427441820011,-2.77309096404147,0.00555265970407216,0.00779080947370816
"PHJJKLOP_00178",25.8856513022002,1.0423636730911,0.378955408350992,2.75062355654691,0.00594819548782871,0.00834140388316589
"PHJJKLOP_02803",29.4507419974933,0.998168824163836,0.36326302746421,2.7477853475253,0.00599992750073459,0.00841001073838922
"PHJJKLOP_02541",362.889254837565,-0.325348864074467,0.118445760756385,-2.74681729423505,0.00601766469431041,0.00843092564097584
"PHJJKLOP_01540",12.8199182286408,1.52623918800724,0.556533055536768,2.74240527642191,0.00609910381942591,0.008541027518878
"PHJJKLOP_02265",13.2903595107027,1.45349316563783,0.530338683052855,2.74068856767321,0.00613105898687036,0.00858176278947632
"PHJJKLOP_00033",2970.17243962058,0.169145602353497,0.0618448628355514,2.73499842344648,0.00623805748323835,0.00872745051626898
"PHJJKLOP_01728",1636.49543717014,-0.18720318329228,0.0684794355868353,-2.73371387611536,0.00626244372179176,0.00875747618077746
"PHJJKLOP_00515",502.056675378318,-0.26479340235446,0.0970128806390346,-2.72946644414882,0.00634369048143856,0.00886695112111441
"PHJJKLOP_02277",294.128872048119,0.359927583380314,0.132007980703756,2.72655926907966,0.00639984577572833,0.00894126843328541
"PHJJKLOP_01187",636.310933966785,-0.254149853944703,0.0935263331404625,-2.71741492915164,0.00657940668423568,0.00918784683423584
"PHJJKLOP_02674",3.1108740971378,-3.94703237773258,1.45337694585665,-2.71576646993401,0.00661225410342733,0.00922941202128737
"PHJJKLOP_01450",150.871000140997,0.439818566585435,0.162090748728086,2.71340943290508,0.00665947690507447,0.00929099434007128
"PHJJKLOP_01605",1661.19276812443,-0.19442816727586,0.071776965908038,-2.70878219518173,0.00675306558367175,0.00941717669190183
"PHJJKLOP_01060",577.066228391904,0.244057323089951,0.0902024921639757,2.70566053370553,0.00681686908844466,0.00950172534953599
"PHJJKLOP_01892",366.913720723881,-0.297187044102262,0.109930760622634,-2.70340205433887,0.00686336722549673,0.00956208537605268
"PHJJKLOP_01142",2823.28717470563,-0.181410297816165,0.0671186136239918,-2.70283142069131,0.00687516057876453,0.00957406082456791
"PHJJKLOP_00595",22.1180439331994,-1.07735973336654,0.399525169796428,-2.6966004017106,0.00700512763158497,0.00975051237980726
"PHJJKLOP_00851",3891.90120203842,0.167831530434596,0.0623264160569541,2.69278326995781,0.00708583137597708,0.00985826168200529
"PHJJKLOP_01736",15880.2686311576,0.151946132459304,0.0564474937375495,2.69181362003018,0.00710646472271522,0.00988237593117017
"PHJJKLOP_01470",601.468687138767,0.238699487856082,0.0886855018277948,2.69152773493436,0.00711255840849999,0.00988625806641085
"PHJJKLOP_01671",383.51991930554,-0.301474531263476,0.112144159271663,-2.68827670760071,0.00718218529140737,0.00997840499418732
"PHJJKLOP_00334",32.5421019817483,-0.888175327617724,0.332191816620533,-2.67368214140054,0.00750235230749878,0.0104183872025285
"PHJJKLOP_02361",4994.56071266204,0.158217051959605,0.059247253173827,2.67045379294477,0.00757487965332374,0.0105142279471726
"PHJJKLOP_02881",197.060054651502,-0.367815099307804,0.137857291270846,-2.66808593087155,0.00762847445226053,0.0105837129333031
"PHJJKLOP_00357",285.062579585632,-0.328405802234598,0.123128405217563,-2.66718148143248,0.00764903554246483,0.0106073239528206
"PHJJKLOP_03139",3.70379646274791,3.45450278293621,1.29590535183325,2.6657060857487,0.00768268272987625,0.0106490518950229
"PHJJKLOP_00519",1083.21092396138,-0.213761418484393,0.0802044876058721,-2.66520521314001,0.00769413552248559,0.0106599915568357
"PHJJKLOP_00941",15.3930673039544,-1.30005858982985,0.488443371343895,-2.66163626348923,0.00777618590527655,0.010768686679185
"PHJJKLOP_03060",47.5826337223623,0.72126873323259,0.27144996772526,2.65709640445639,0.0078816900726532,0.0109097457593729
"PHJJKLOP_01672",390.123478183228,0.288196235936201,0.108869986388028,2.64715965802576,0.00811710199694276,0.0112304082157332
"PHJJKLOP_02875",485.511970472831,0.264594201704037,0.100252253445953,2.639284331366,0.00830812670948109,0.0114893909321877
"PHJJKLOP_01865",44.204970374171,0.768063508835257,0.291113360693709,2.63836571088665,0.00833066877577457,0.0115152457593117
"PHJJKLOP_01863",10.800545388438,1.50676136492717,0.573623451883428,2.62674296174588,0.00862064253964104,0.0119003315125024
"PHJJKLOP_02877",21.8808177617602,1.05836296239766,0.402895936073371,2.62688914838029,0.00861694002773694,0.0119003315125024
"PHJJKLOP_03032",18.3097352365676,-1.21841006126033,0.463851986109601,-2.62672166498483,0.00862118204763452,0.0119003315125024
"PHJJKLOP_00880",73.6419568716272,-0.565041710421992,0.215132875258798,-2.62647775121429,0.00862736323517762,0.0119033758184893
"PHJJKLOP_02737",29.6206376627552,0.897685994603412,0.341915616366786,2.6254606447704,0.00865318115563668,0.0119334981022461
"PHJJKLOP_01730",2856.28303014228,-0.201296384936751,0.0767799809816884,-2.62173007029996,0.00874846909738052,0.0120593538110301
"PHJJKLOP_02712",5.23168868585967,2.49799761456614,0.95326461743999,2.62046610024671,0.00878096598548706,0.0120985789970309
"PHJJKLOP_03128",6.10745801360815,2.20616050542427,0.848978603900753,2.59860554233964,0.0093603265410383,0.01289090048936
"PHJJKLOP_01274",2366.6874248826,-0.186691543180551,0.0722150116170494,-2.58521793461119,0.00973174631134556,0.0133962521637557
"PHJJKLOP_00539",17.6801442556845,-1.17052806133162,0.45467256474842,-2.5744418117229,0.0100401973262975,0.0138144994462016
"PHJJKLOP_01926",51.6915077900583,-0.685532025264716,0.267203747349399,-2.56557788603281,0.010300409333268,0.0141660200017475
"PHJJKLOP_00961",709.433436196821,0.226202069687299,0.0886908347662591,2.55045597759278,0.0107582109842219,0.0147888354851976
"PHJJKLOP_00551",74.8082811029253,-0.586106424302417,0.230356259044169,-2.54434772788195,0.0109482034902484,0.0150293082300796
"PHJJKLOP_00839",7078.84141221906,-0.14174383114724,0.0557092035872063,-2.54435213609465,0.0109480653077917,0.0150293082300796
"PHJJKLOP_03087",538.772558207204,-0.246365407337846,0.0968282687062596,-2.54435415018342,0.0109480021734833,0.0150293082300796
"PHJJKLOP_01846",1272.16545423011,-0.25057676776319,0.0985853659202964,-2.54172376826977,0.0110307312374075,0.0151356596355628
"PHJJKLOP_01796",32930.6128974486,0.1602937194037,0.0631686866568344,2.53755029409587,0.0111631326854819,0.0153103157399601
"PHJJKLOP_00486",1473.06858721233,-0.17344859311808,0.0683791976097717,-2.53656958813587,0.0111944491810129,0.015346236651993
"PHJJKLOP_01694",5631.92804778235,0.191775517465127,0.0758902257165767,2.52701208428791,0.0115037544413986,0.015763039266612
"PHJJKLOP_00687",18178.299397926,0.175549238145209,0.0695290025678369,2.52483469720325,0.0115752722202545,0.0158537808908701
"PHJJKLOP_01335",1655.19341551644,0.2065745037337,0.0818709108694906,2.5231733901556,0.0116301040581279,0.0159215965020735
"PHJJKLOP_00590",59.4023370855922,-0.609964799571912,0.2418285267505,-2.5223029216947,0.0116589259848669,0.0159537588659468
"PHJJKLOP_00675",34.5225155255563,-0.835809716750799,0.331417159971239,-2.52192649536714,0.0116714093844517,0.0159635448593186
"PHJJKLOP_00755",15416.2690500019,0.137056437629758,0.0543626488678979,2.52115083580286,0.0116971699248382,0.0159914734040939
"PHJJKLOP_01349",17694.6645614437,-0.150747393306479,0.0600612150073025,-2.5098958335783,0.012076678007738,0.0165027722296521
"PHJJKLOP_00570",21.6163317397053,1.02165106295964,0.407574451247499,2.50666119976997,0.0121877469821354,0.0166469500294313
"PHJJKLOP_03037",18.6390662391009,-1.06763685073875,0.427171672514748,-2.49931566026745,0.0124433418085018,0.0169883107043567
"PHJJKLOP_01668",224.251047128649,-0.330018510910331,0.132080688923188,-2.49861288278299,0.0124680426635161,0.0170142751752813
"PHJJKLOP_00573",222.35980514847,0.339256684250292,0.136031251987581,2.49396134559775,0.0126326300587029,0.0172310225037615
"PHJJKLOP_00309",11.6571285143322,-1.41016319671826,0.566597454020879,-2.48882727359784,0.0128165215658521,0.0174738914244815
"PHJJKLOP_00765",66.3028691273213,-0.567640681276709,0.228992889391239,-2.47885723781966,0.0131804049101733,0.017961826263568
"PHJJKLOP_00506",387.059852045231,0.263597656017913,0.106424927843808,2.47684129421986,0.013255082771292,0.0180553766229518
"PHJJKLOP_02135",6.66939583129368,-1.91635639604499,0.777324118409858,-2.465324760494,0.0136889116634252,0.0186378360710755
"PHJJKLOP_02830",124.252893900441,-0.413109112450443,0.168268737859725,-2.45505563127731,0.014086278731449,0.0191701447827083
"PHJJKLOP_03039",24.302354736536,-0.922242687645342,0.376038786212473,-2.45252011616761,0.0141859447340868,0.0192970097836691
"PHJJKLOP_02331",78.2162865954981,0.516665810585692,0.210744567505697,2.45162101543484,0.01422143572419,0.0193365025241711
"PHJJKLOP_00917",82.3147825425266,-0.511195891538065,0.208648331524251,-2.45003584645798,0.0142841993352114,0.0194130244256119
"PHJJKLOP_00819",2230.33715349558,0.168218092482918,0.0688235158656758,2.44419498723711,0.0145175779284074,0.0197212469680816
"PHJJKLOP_00678",108.958314172783,-0.479262624184892,0.196465087349668,-2.43942896241866,0.0147104946012849,0.0199742498123569
"PHJJKLOP_02267",1.57824995231984,4.2023362837648,1.7229755911002,2.43899931343857,0.0147279962384705,0.0199889486572895
"PHJJKLOP_00824",10.5299160037252,-1.47114330396471,0.604640465497554,-2.43308774042126,0.0149706726792502,0.0203091046677278
"PHJJKLOP_00972",590.15197354972,-0.283205121044086,0.116507825154407,-2.43078197253065,0.0150662776872991,0.0204282048818203
"PHJJKLOP_01273",4679.29656980322,-0.184873097631475,0.0760593796687801,-2.43064167018653,0.015072112419486,0.0204282048818203
"PHJJKLOP_00670",86.7693608532989,-0.498075489014801,0.205317985331956,-2.42587364282538,0.0152715863611446,0.0206891988983108
"PHJJKLOP_02307",36.4383780402326,-0.756177741831782,0.312478780264224,-2.41993309495249,0.015523362935382,0.0210207818310871
"PHJJKLOP_00820",833.124757017359,0.194620665381274,0.080447984984596,2.41921118867724,0.0155542068475956,0.0210530268090874
"PHJJKLOP_01938",21.0344989047213,0.95605832237052,0.395768886141017,2.41569854490751,0.0157050576620895,0.0212476017353348
"PHJJKLOP_00875",826.920541377469,-0.205628984726462,0.0853691197710486,-2.40870452076744,0.0160092535069136,0.0216493699185633
"PHJJKLOP_01162",77.0665330441599,-0.514393002005802,0.213722041024668,-2.40683178739824,0.0160915797513143,0.0217508757451174
"PHJJKLOP_02590",2971.58654661277,-0.155923830997152,0.0648250001329009,-2.40530398268391,0.0161590181747562,0.0218321752776263
"PHJJKLOP_02145",40.2977616554077,0.705888312681634,0.293954463245151,2.40135259348976,0.0163345886999344,0.0220594310183147
"PHJJKLOP_01437",33.2776329507388,0.799052297736411,0.332954431445653,2.3998848559156,0.016400229757204,0.0221380919265414
"PHJJKLOP_00937",371.579899872202,-0.256652821745136,0.107331673544853,-2.39121233526543,0.0167928377815232,0.0226578442171611
"PHJJKLOP_02130",863.219280085551,0.229629520639784,0.0960858157922246,2.38983786260746,0.0168558122454177,0.0227325684066579
"PHJJKLOP_01964",304.799817562485,0.275737892385356,0.115591193045647,2.3854576211223,0.0170578876001828,0.0229947390702149
"PHJJKLOP_00473",2246.72239043287,0.16523624110164,0.0693242739708072,2.38352645671013,0.0171476518382319,0.0231053418558354
"PHJJKLOP_01480",25.2679094424792,-0.885509614240199,0.371683197155253,-2.38243111611612,0.017198749338196,0.0231637676646688
"PHJJKLOP_00665",7.14702401840757,-1.80456532763053,0.759047413255413,-2.37740791433712,0.0174347956247752,0.0234609851104895
"PHJJKLOP_01665",9.69015461818624,1.42317462523509,0.598626126154507,2.3774014581979,0.0174351008252635,0.0234609851104895
"PHJJKLOP_03031",48.759579185029,-0.621959695191145,0.262081284478591,-2.373155704073,0.017636827300748,0.0237217704125963
"PHJJKLOP_00845",159.199564365462,0.365771036706431,0.154334135767687,2.3699943948694,0.0177883549317348,0.0239148337070562
"PHJJKLOP_01646",8.48582171605299,-1.57501389392262,0.664979067191807,-2.3685165016906,0.017859583658464,0.0239998175374511
"PHJJKLOP_02651",3198.92842997896,0.146108829085719,0.0618315694559927,2.36301343102262,0.0181270126365026,0.0243482619262848
"PHJJKLOP_01373",693.563751670194,0.202776267388371,0.0863444155408998,2.34845839326249,0.0188513052056133,0.0253097792760566
"PHJJKLOP_00388",496.980601858864,0.25654431225626,0.109894222705102,2.33446587037328,0.0195713411571464,0.0262647222879857
"PHJJKLOP_01543",51.7767184088436,-0.631042838314048,0.270532916787698,-2.33259170753428,0.019669584584008,0.0263847384608065
"PHJJKLOP_01553",20.8323978030181,-0.985223101880504,0.422908937170561,-2.32963414883606,0.0198254956826561,0.0265819677894636
"PHJJKLOP_02246",15.1271578590278,-1.16566221547335,0.501272576875867,-2.32540591535693,0.0200502654800091,0.0268713047659567
"PHJJKLOP_01570",2760.91758602218,0.140486832830045,0.0605679165503422,2.31949257678818,0.0203683431668677,0.02728537782622
"PHJJKLOP_02663",66.0364454683668,0.537032868342253,0.231662352693745,2.31817065698286,0.0204400480814723,0.0273691878157103
"PHJJKLOP_03168",11.8394709510624,-1.30267986381707,0.561996333154255,-2.31795082452881,0.0204519937833835,0.0273729411656013
"PHJJKLOP_01014",543.501410915261,-0.217818615743479,0.0940051782681433,-2.317091672569,0.0204987385461249,0.0274232454008481
"PHJJKLOP_02800",11.7134112700177,1.2625938344695,0.545675632562501,2.31381751195366,0.0206777343611081,0.0276503513520132
"PHJJKLOP_00255",109.132004452349,0.475273261648925,0.205462365690324,2.31318889010197,0.0207122561288688,0.0276841494865327
"PHJJKLOP_02034",3.93667076152133,2.43752556416343,1.05607586364806,2.30809702983208,0.0209937403543906,0.0280478619460265
"PHJJKLOP_01775",4083.99200436224,0.139414996952999,0.0605639239560725,2.30194788987117,0.0213381110496613,0.0284952294748822
"PHJJKLOP_00138",28.819260991636,-0.804414717257252,0.349718144714014,-2.30018010050657,0.0214380187287102,0.0286158841167001
"PHJJKLOP_03012",517.169580303509,0.228865516405692,0.0995634075004719,2.29869107688592,0.0215224875870555,0.0287158323688254
"PHJJKLOP_02376",17.6210667465429,-1.03074693015464,0.449569719788891,-2.29274100274961,0.0218629204170038,0.0291570528857502
"PHJJKLOP_00594",12.7576554368465,-1.18433039064349,0.518976057318583,-2.28205207917033,0.0224862657249602,0.0299750131703164
"PHJJKLOP_03163",46.2583553305789,0.629435069618994,0.27621515288069,2.27878544335645,0.0226798226359279,0.0302195767565501
"PHJJKLOP_01899",2426.71045771335,-0.148127677732322,0.0650949925895301,-2.27556178808364,0.0228722505852087,0.0304624191512967
"PHJJKLOP_02882",134.223126849378,-0.371390780863116,0.163234957167328,-2.27519146209848,0.0228944468259138,0.0304784232088866
"PHJJKLOP_02316",538.184453029652,0.212217850686328,0.0935472133447925,2.26856410895046,0.0232948462891276,0.0309976754620658
"PHJJKLOP_00245",125.484123879644,0.381757156508708,0.168746873816939,2.26230654158872,0.0236784705441241,0.0314941540689061
"PHJJKLOP_02944",11.5286864028357,-1.3551305464761,0.601383692043098,-2.25335433003226,0.0242368166739582,0.0322224818480599
"PHJJKLOP_00534",10.2125081000044,1.30514421030202,0.580063869672073,2.25000086807657,0.024448890205247,0.0324900032288102
"PHJJKLOP_03176",104.327878915007,0.424678297448318,0.188871796919279,2.24850032866379,0.0245443041588564,0.0326023277070169
"PHJJKLOP_00221",3270.15815140753,-0.144757217758975,0.0645106148954611,-2.24392866187297,0.024836991672276,0.0329764758611061
"PHJJKLOP_02008",48.9003116259688,0.579854511222877,0.258817103585787,2.24040259777763,0.0250647977927977,0.0332641864324629
"PHJJKLOP_01171",135.280843980982,0.369537045630588,0.164978096812178,2.23991579955788,0.0250963897248565,0.0332913561525123
"PHJJKLOP_00934",63.0122637506609,0.534215849331643,0.238535362721084,2.23956667572302,0.0251190681706504,0.0333066829508093
"PHJJKLOP_02537",1126.17928590778,-0.172314022295211,0.0771956430208665,-2.23217289929994,0.0256035378289903,0.0339340381850363
"PHJJKLOP_01326",675.561058388752,-0.202513360148789,0.0912869201285703,-2.21842691004982,0.026525737992814,0.0351407343143739
"PHJJKLOP_00991",251.83160135182,0.275292181624436,0.124129689156273,2.21777870786301,0.0265699245826113,0.0351837037595481
"PHJJKLOP_00913",122.343326021521,0.378918953439264,0.172035972921778,2.20255651770896,0.027626021498457,0.0365660072353582
"PHJJKLOP_00914",469.204311647141,-0.218590769085248,0.0993786220682022,-2.19957536677488,0.0278370364844107,0.0368290266170242
"PHJJKLOP_01106",7.17611829887955,-1.64121003591655,0.747178523672097,-2.19654337473543,0.0280530741429386,0.0370984558233031
"PHJJKLOP_00369",10.7802117986047,1.28857806216116,0.588654601437493,2.18902232143342,0.0285952176760683,0.0377987115771075
"PHJJKLOP_00926",4350.63915745564,0.147904280695559,0.0678209896680152,2.18080392839375,0.0291979218953546,0.0385783663524676
"PHJJKLOP_01860",43.6557668327928,0.620215751544769,0.28484556956786,2.17737545465671,0.0294525655176063,0.0388976537978444
"PHJJKLOP_00767",9.34834494555684,-1.32928705643983,0.611971973424625,-2.17213714706749,0.0298453197971295,0.039381616338742
"PHJJKLOP_00903",220.461647239451,0.301270106507536,0.138694538366486,2.1721843560376,0.0298417601856585,0.039381616338742
"PHJJKLOP_00569",57.8161257323345,0.541309388025993,0.249945776401999,2.16570728186813,0.0303335622415513,0.0400082314322487
"PHJJKLOP_01952",55.3819012055114,-0.532436784055057,0.245904815392017,-2.16521495606442,0.0303712275117777,0.0400402708807849
"PHJJKLOP_01628",97.9632756588481,-0.423039646454864,0.195487737448794,-2.16402139579561,0.0304627073759513,0.0401431980121471
"PHJJKLOP_00331",4.19416633916765,-2.24515690839072,1.04131650410408,-2.15607540987011,0.0310777772668261,0.040935708375221
"PHJJKLOP_02642",3332.17561682874,0.141549040479128,0.0657665234707314,2.15229622928332,0.0313740306256822,0.0413077606390908
"PHJJKLOP_01622",107.069477607362,0.395158856367336,0.183614735575523,2.15210862640598,0.0313887998914099,0.0413090403845631
"PHJJKLOP_02218",5284.17223328858,0.124004405714422,0.0576849554507964,2.14968365226864,0.0315802464252691,0.041542731896861
"PHJJKLOP_01829",23.1191697903883,0.81457477172826,0.379758153469089,2.14498296952185,0.0319542086692361,0.0420162058654778
"PHJJKLOP_01277",30.0368515934473,0.726268278223848,0.339662428100151,2.13820610741705,0.0325000189171413,0.0427151258287626
"PHJJKLOP_00333",22.1284228131034,-0.82565284814495,0.386247480025584,-2.13762649814637,0.032547069339546,0.0427581946479161
"PHJJKLOP_00315",32.0494969685517,-0.696821396560866,0.327139712465765,-2.13004221134964,0.0331681285944877,0.0435549899174983
"PHJJKLOP_01935",24.1468735978681,-0.801550893359597,0.376660500070921,-2.12804606060013,0.0333332648207963,0.0437526500979676
"PHJJKLOP_01670",346.986505402203,0.229439950201693,0.107838599297137,2.12762361248311,0.0333683028761663,0.0437794473318325
"PHJJKLOP_03102",2.78840386186656,3.00618368773024,1.41952168990928,2.11774410289029,0.0341967455801118,0.0448467175938916
"PHJJKLOP_01580",1.90550317273032,3.39432140788052,1.606745073655,2.11254508480251,0.0346397232183486,0.0454077632730892
"PHJJKLOP_01377",1106.88250680011,-0.172978040771016,0.0820284329130113,-2.10875710565449,0.0349655528490462,0.0458148206696037
"PHJJKLOP_02853",106.714922593069,-0.392281523671224,0.1865210406882,-2.10314891137126,0.0354527545384477,0.0464328727419564
"PHJJKLOP_00808",1770.49435645907,0.149498881252471,0.0711071791818395,2.10244426754946,0.0355143768760158,0.0464932419618677
"PHJJKLOP_01170",26.4105239577892,0.771238869811812,0.3688249317016,2.09107032502832,0.0365217603707805,0.0477911497159602
"PHJJKLOP_00951",213.505193774996,-0.30007567199898,0.143543636628169,-2.09048397440485,0.0365743464849111,0.0478390534625704
"PHJJKLOP_01153",5.96929111928939,-1.66401627411596,0.796157652073751,-2.09005875881705,0.0366125217496291,0.0478680742875063
"PHJJKLOP_01648",143.699412872544,-0.328688847581693,0.157446665310973,-2.0876202549765,0.036832103409037,0.0481341412512688
"PHJJKLOP_00535",4.6508629366226,1.96802520480665,0.944358896169832,2.08398016134401,0.0371619718550435,0.048544041768761
"PHJJKLOP_00434",1779.37256767641,-0.187355324850996,0.0899667646745237,-2.08249485828237,0.0372972920528312,0.0486995605783588
"PHJJKLOP_01535",2039.1196591364,-0.145744413798274,0.07004529362286,-2.08071672285358,0.0374598424898302,0.0488904831798394
"PHJJKLOP_02406",2281.37370472122,0.147975287001349,0.0714060164615248,2.07230838988311,0.0382366904988485,0.0498826367553606
"PHJJKLOP_00736",36.3720075185184,0.624768929695012,0.30242777366115,2.06584508470119,0.038843109513207,0.0506516854889119
"PHJJKLOP_00602",180.622991261324,-0.298873827975773,0.14499766153973,-2.06123205575892,0.0392809067084014,0.0512002763103847
"PHJJKLOP_01629",11.0777427749602,-1.19578349710442,0.581116451325336,-2.05773471801948,0.0396156057353795,0.0516140659581053
"PHJJKLOP_01962",133.318155767496,0.334926181097944,0.163276355493424,2.05128403366055,0.0402392944259426,0.0524038484172563
"PHJJKLOP_02824",17.7628198175096,0.886068884673962,0.43258497656513,2.04831173682832,0.0405294636888282,0.0527587888192833
"PHJJKLOP_00484",5222.18116975931,-0.148858853441847,0.0727265316503155,-2.04683009163137,0.0406747699969218,0.0529249288877809
"PHJJKLOP_01360",3130.56445709091,-0.123777877854446,0.0605549698204954,-2.04405812142858,0.0409478056765134,0.0532570504758823
"PHJJKLOP_01199",31.5978150241304,-0.667030274347913,0.326653872172866,-2.04200939027877,0.0411505998757342,0.0534975666643283
"PHJJKLOP_02378",60.5433813494181,-0.508059229841187,0.248841214141667,-2.04170049400235,0.041181249745187,0.0535141761011675
"PHJJKLOP_01453",30.3758997225131,-0.678615331807733,0.335645762027568,-2.02182005131945,0.0431949455132333,0.0561065799855187
"PHJJKLOP_02203",749.658218937811,-0.171493267521714,0.0848604490248674,-2.02088569518952,0.0432915990406197,0.0562077396043432
"PHJJKLOP_00525",8.1238628215645,1.31461968084243,0.652739747232035,2.01400280344061,0.044009239157096,0.057114721298806
"PHJJKLOP_02050",138.634364341714,0.322861495554067,0.16154952629348,1.99852950956686,0.0456592839614246,0.0592059395226052
"PHJJKLOP_02858",124.1467949795,-0.3562060386456,0.178234785174771,-1.99852143506284,0.045660158436104,0.0592059395226052
"PHJJKLOP_00574",17.6009800153904,0.87045626014388,0.437021546213721,1.99179255047117,0.0463938239560278,0.060131215984566
"PHJJKLOP_01876",16.6122440385893,-1.11927123200163,0.563184638597667,-1.98739659304029,0.0468784649418319,0.0607330696823214
"PHJJKLOP_02438",925.377911274427,-0.16126223793774,0.0812465221192049,-1.98485096631134,0.0471610551345633,0.0610727504640496
"PHJJKLOP_01599",2499.83006821841,0.139198365034778,0.0702225351125269,1.9822463659525,0.0474516736171763,0.0614225295329986
"PHJJKLOP_00601",438.672335895601,-0.201475354794741,0.101698625670719,-1.98110204013061,0.0475798315590681,0.0615618045323465
"PHJJKLOP_00962",71.5763006778415,0.437870774432813,0.221747576054685,1.97463612555941,0.0483094563461815,0.0624788390066814
"PHJJKLOP_02195",45.1974861039304,0.525210278031374,0.268556788261622,1.95567679160553,0.050503240381299,0.0652878677468088
"PHJJKLOP_01645",3.16501488522409,-2.30482906603467,1.18012709625811,-1.95303461240972,0.0508154939790957,0.0656631803942221
"PHJJKLOP_00806",794.863652538729,-0.177508128734331,0.0908986370939791,-1.9528139739962,0.0508416420973761,0.0656686265916929
"PHJJKLOP_01982",1081.32548114552,0.152978887757646,0.0784703577007773,1.9495117932428,0.0512343358242408,0.0661473055014131
"PHJJKLOP_01357",318.622018832757,0.221233020528687,0.113547781568159,1.94836937783666,0.0513707811750121,0.0662948788094769
"PHJJKLOP_00603",357.810566649435,0.219204032093834,0.11280995881928,1.94312660325492,0.0520008634172969,0.0670790974025795
"PHJJKLOP_02769",1.26461540689833,-3.68243640638852,1.90653355652696,-1.93148260820367,0.0534233980508305,0.0688844331456445
"PHJJKLOP_00453",392.314012617902,-0.252235841490981,0.130630400853944,-1.93091225198797,0.0534939047714215,0.0689159857511343
"PHJJKLOP_02351",2021.16884638696,0.127429489530663,0.0659889023270438,1.9310745449154,0.0534738344175537,0.0689159857511343
"PHJJKLOP_01004",70.3357786399671,-0.445433555282557,0.232339025485456,-1.91717062749943,0.0552162582987719,0.0711042913318379
"PHJJKLOP_01857",125.298871770794,0.332557488371832,0.174320979285706,1.90773072601195,0.0564260283041907,0.0726309237930984
"PHJJKLOP_03140",3.84555962290948,1.97959067986219,1.038250686227,1.90665964022235,0.0565646765624356,0.0727781012582433
"PHJJKLOP_00758",6246.31826123032,-0.112334367425079,0.0589790094157127,-1.90464995153262,0.0568255888004614,0.0730823938438923
"PHJJKLOP_02317",180.52659974251,-0.273868745498648,0.143924884115242,-1.90285889186028,0.0570589602220553,0.0733510205688422
"PHJJKLOP_02996",50.6336078658119,-0.505503459673051,0.266107351992326,-1.89962229862641,0.0574827037870388,0.0738640408319289
"PHJJKLOP_02322",173.577512936948,-0.301966915413785,0.159141810857681,-1.89747065077594,0.0577658487664185,0.0741960322636881
"PHJJKLOP_01740",161.008000141721,0.287491786003731,0.151962114064236,1.89186487549262,0.0585089867343648,0.075118313157242
"PHJJKLOP_02505",51.274956426835,0.497390730092522,0.26373213104375,1.88596940434994,0.0592990777257258,0.0761000594559893
"PHJJKLOP_02003",730.542874879766,0.165730783680008,0.0881033537038056,1.88109506293231,0.059958988484822,0.0768810327724013
"PHJJKLOP_02738",15.1917759971044,0.940225379090692,0.499805266676817,1.88118341637776,0.0599469728173069,0.0768810327724013
"PHJJKLOP_02063",13.3524830835084,-1.05435871979197,0.560929250406486,-1.87966435879019,0.0601538359347348,0.0770978530773099
"PHJJKLOP_00896",6856.13490732368,0.100777868861168,0.0536622688475779,1.87800238464417,0.0603808388678344,0.0773556831708585
"PHJJKLOP_03015",10.5324450106072,1.05187504451577,0.560571260511675,1.87643412820637,0.060595691948097,0.0775977338291713
"PHJJKLOP_01985",73.7202307243167,-0.407899520274485,0.217602674212593,-1.87451519955117,0.0608594490848964,0.0779021763831465
"PHJJKLOP_01878",9.63455651667785,-1.15308160742615,0.615477950562471,-1.87347346297682,0.0610030338799178,0.0780525997591768
"PHJJKLOP_02276",13.5503616544182,-0.944658279396859,0.504305010683762,-1.87318836692906,0.0610423781531663,0.0780695771852115
"PHJJKLOP_00447",1738.09109024086,-0.143452402980847,0.076611587396232,-1.8724635248571,0.0611425036121798,0.0781642424487046
"PHJJKLOP_01782",1486.25210310986,-0.144370862174909,0.0771421418112171,-1.87149149330356,0.0612769878653147,0.0783027322529886
"PHJJKLOP_01215",1004.22708434852,0.142128935452289,0.0760414594019894,1.86909794433233,0.0616091889773797,0.0786936483781036
"PHJJKLOP_01917",8.74168191320064,-1.19623018371119,0.640475718454912,-1.86772136591998,0.0618009189160268,0.0789048832556862
"PHJJKLOP_02832",34.3661231409171,-0.586110203178125,0.313900607468065,-1.86718403607344,0.0618758921393447,0.0789669314003401
"PHJJKLOP_02550",5.18774675366166,-1.65647548162121,0.888127352232792,-1.86513282971947,0.0621627878575815,0.0792992700662969
"PHJJKLOP_01545",5.42136437302338,1.51780784674317,0.817229151588267,1.85726101888722,0.0632740274506461,0.0806824694153469
"PHJJKLOP_01618",22.3348949643492,0.759126144904514,0.409518639273035,1.85370352434285,0.063781587233028,0.0812950498832209
"PHJJKLOP_01954",16.0133623668081,-0.863460868613659,0.467713152425894,-1.84613339209115,0.0648728394042091,0.0826291989356505
"PHJJKLOP_03002",9.04559925989993,-1.15052339935044,0.623231906672747,-1.84605984872107,0.0648835159311003,0.0826291989356505
"PHJJKLOP_03092",198.707793855058,0.257100947473783,0.139358960261398,1.84488279039636,0.0650545906220497,0.0828118385724561
"PHJJKLOP_00433",3995.37239054146,-0.109135759058312,0.059299294040064,-1.84042256868315,0.0657062225920864,0.0836057927924805
"PHJJKLOP_02994",34.4670731278053,-0.614276646680818,0.334243438858812,-1.83781213111649,0.0660900934339739,0.0840585130591835
"PHJJKLOP_01968",17.6112972697891,0.818791671938961,0.446332609572934,1.83448767662844,0.066581635429999,0.0846477352345719
"PHJJKLOP_00770",10.1447562099949,-1.10469833574429,0.602470016908334,-1.83361545760106,0.0667110960467877,0.08477632494231
"PHJJKLOP_01727",5278.40013318638,-0.10721428887209,0.058599018572684,-1.82962601564915,0.0673058808030852,0.0854958876217383
"PHJJKLOP_01993",20657.2573858089,0.11652815897691,0.0637561654011406,1.82771592745171,0.0675921964718923,0.085823170583904
"PHJJKLOP_00520",492.4913503033,-0.185787443198473,0.101732848138349,-1.82622866260281,0.0678158256040157,0.086070615455033
"PHJJKLOP_02867",461.932304281192,-0.192685006987905,0.105739346833653,-1.82226401767956,0.0684149351090489,0.0867942015747849
"PHJJKLOP_01879",15.4184618947079,-0.861545326725026,0.473144601546465,-1.82089222598986,0.0686232411542049,0.0870215942463742
"PHJJKLOP_00311",12.0530957520208,-0.962060807589342,0.529638578086453,-1.81644775776191,0.0693017148999409,0.0878447647800266
"PHJJKLOP_01922",9.84236334935031,-1.06492978132864,0.586488767297719,-1.81577182839386,0.0694053804535217,0.0879389374006958
"PHJJKLOP_02405",3929.87761457013,0.125749805247391,0.0698659499240603,1.79987254712879,0.0718807653831619,0.0910368069192837
"PHJJKLOP_00572",22.3029708679772,-0.701037260349669,0.390128784101728,-1.79693805973278,0.0723454536078585,0.0915865911636061
"PHJJKLOP_00332",30.1356921738336,-0.613113406349802,0.341385326117384,-1.79595711779066,0.0725013372807572,0.0917451410898508
"PHJJKLOP_01966",15.3367418272497,-0.837035976509781,0.466950828279591,-1.79255700133077,0.0730437870454347,0.0923925215099414
"PHJJKLOP_02148",7.67526570644385,1.2019776167455,0.671719663767074,1.78940364795141,0.0735498322643957,0.09299332677348
"PHJJKLOP_00208",781.57215208937,-0.149194130167083,0.0834753905843086,-1.7872828042224,0.0738917918591382,0.093346845918253
"PHJJKLOP_01931",128.315735138539,-0.296823682924413,0.166073661126477,-1.78730137525155,0.0738887918812006,0.093346845918253
"PHJJKLOP_00341",76.3260714769016,-0.375343197231488,0.210321151047483,-1.78461935645621,0.0743230795566656,0.0938520878079531
"PHJJKLOP_01332",390.333910571276,0.203633063569776,0.114464570861802,1.77900517196391,0.0752389140373524,0.0949685112258993
"PHJJKLOP_02894",241.077001787382,-0.229047129948128,0.129358082250477,-1.77064413729188,0.0766198973854816,0.0966708692676493
"PHJJKLOP_00822",4.81260876245966,-1.54993250899638,0.878230215762121,-1.76483623676209,0.0775912925765709,0.09785523587795
"PHJJKLOP_00859",93.8380316744845,0.340647914525558,0.193113282601589,1.7639797218317,0.0777353933258518,0.0979956916284633
"PHJJKLOP_03014",29.5288525231064,0.58376224679565,0.332302946440025,1.75671703501133,0.0789660524500685,0.0995052024560207
"PHJJKLOP_00523",3.32742468035058,-1.89835711244535,1.0820489076736,-1.75440971196654,0.0793603283849366,0.0999599592698781
"PHJJKLOP_02922",25.7357144944518,0.658591695338935,0.375968312068258,1.75172128660504,0.0798217447821427,0.100498866222765
"PHJJKLOP_01893",369.748790103372,-0.188936322187754,0.107920302499875,-1.75070230356307,0.079997202440767,0.100677437624067
"PHJJKLOP_02185",78.9060466787025,0.373927762803974,0.213723490549287,1.74958663571772,0.0801896674546357,0.100877253932428
"PHJJKLOP_01802",6012.76087294043,0.111250023915738,0.0636226652861714,1.7485910628758,0.0803617322499908,0.101051250044718
"PHJJKLOP_00691",7030.76639625459,-0.102240013815039,0.0586535255698025,-1.74311795960781,0.0813130120880416,0.102204516453231
"PHJJKLOP_00454",700.657730696491,-0.150991564711389,0.086660930446846,-1.74232568162882,0.0814514720696491,0.102335588492039
"PHJJKLOP_00585",993.61483120646,-0.131850555564572,0.0759350020248766,-1.73636073021209,0.0825000712575898,0.103609569356218
"PHJJKLOP_00843",27.7432184483488,-0.599814350881484,0.346001287066122,-1.73356103951965,0.0829959983331864,0.104188687215748
"PHJJKLOP_01005",150.142268901658,-0.276717632328806,0.159674146605746,-1.73301463142969,0.0830930682417799,0.104266825782016
"PHJJKLOP_03172",12.5952129217327,0.936637554462113,0.543090407662631,1.72464389215277,0.0845916682596438,0.106102829815406
"PHJJKLOP_01675",585.044656282592,-0.154970668331166,0.0899405117793144,-1.72303520699788,0.0848821584808978,0.106422605733588
"PHJJKLOP_02054",562.064409214772,0.159269367647378,0.0926215367176686,1.71957163842862,0.0855103352503735,0.107165317597161
"PHJJKLOP_00734",199.526385559713,-0.244340688758114,0.143338529801888,-1.70464067892857,0.088261459685289,0.11056686623337
"PHJJKLOP_00593",7.98486479515489,-1.16198666762147,0.682829548927042,-1.70172288157029,0.0888073289551612,0.11120415846581
"PHJJKLOP_01909",6.68244725300461,-1.2435960077408,0.732584900605272,-1.69754523566255,0.0895936264721526,0.112141855208037
"PHJJKLOP_00335",21.811575091865,-0.714186217416635,0.421411808031156,-1.69474657284362,0.0901235066031626,0.112757951846999
"PHJJKLOP_01679",2008.19283376343,0.107149837447259,0.0632854914611623,1.69311851695133,0.0904329103346083,0.113097800142781
"PHJJKLOP_00844",39.8625266371382,-0.488361807911874,0.289994750003378,-1.68403672103093,0.092174572254027,0.11517974512878
"PHJJKLOP_01174",32.83463741057,-0.548782287605859,0.325869133458543,-1.68405728330718,0.0921705987050606,0.11517974512878
"PHJJKLOP_01013",402.684446236242,-0.200072428369828,0.119299401789993,-1.67706145519507,0.0935304651029637,0.116825286824478
"PHJJKLOP_00023",9294.01863768277,0.100177978036732,0.0601551144300531,1.66532769467535,0.0958473961376881,0.11966935114105
"PHJJKLOP_02125",55.8023823639557,-0.411878262212265,0.247604259195995,-1.66345386605905,0.0962216182770669,0.120086504844326
"PHJJKLOP_03120",57.4900970417972,-0.416701611467487,0.250656178469844,-1.66244300863152,0.0964239814882013,0.120288916906531
"PHJJKLOP_00676",17.5057788740152,-0.759810071651733,0.457661421853744,-1.66020126532436,0.0968739702005418,0.120799944514961
"PHJJKLOP_01733",15170.4713851649,-0.0977516278770867,0.0589048160714549,-1.65948447676177,0.0970182061378034,0.120929437625555
"PHJJKLOP_00899",10.0295120366923,-1.01287369137276,0.61083592101475,-1.65817637196274,0.0972818724235103,0.121207626315435
"PHJJKLOP_00526",8.55559697466477,1.03419799497892,0.625031464546096,1.6546334922994,0.097998865403232,0.122050167644458
"PHJJKLOP_01768",0.963343982737861,-3.28395714346643,1.98582702984951,-1.65369747420313,0.0981889961160197,0.122236114083727
"PHJJKLOP_03024",55.734911361339,-0.428720149753132,0.259626799505635,-1.65129389789295,0.0986785776941894,0.122794539325188
"PHJJKLOP_01488",85.7985178055104,0.343707194213716,0.209025043245382,1.64433499870264,0.100107023751077,0.124520327839936
"PHJJKLOP_00797",4380.73521717991,-0.102492781064207,0.0627175723934114,-1.63419560344741,0.102217785430422,0.127093043844968
"PHJJKLOP_01998",223.900035363111,-0.246967884333499,0.15231132325566,-1.62146765620934,0.104917381132419,0.130395450025099
"PHJJKLOP_01614",16.6620949626549,0.74778912699387,0.462061907065949,1.61837432508181,0.105581951727866,0.131166955798021
"PHJJKLOP_03122",2.00218350866305,2.48136414376468,1.54128264568174,1.60993452480426,0.107412150908976,0.133385308926369
"PHJJKLOP_02820",1.92056436505672,2.38379597435966,1.48775738396557,1.60227467196683,0.109094883964292,0.135418773876074
"PHJJKLOP_03159",18.2914668321899,0.675506313693425,0.421876662801879,1.60119383994145,0.109333992799949,0.135659334622067
"PHJJKLOP_02717",402.247517700271,0.171932224016201,0.107436493374216,1.60031492667336,0.109528737139964,0.135844672326865
"PHJJKLOP_02739",18.668423764233,0.71406997732973,0.447485144243354,1.59574007431496,0.110546837483853,0.137050613427187
"PHJJKLOP_00672",111.708588548333,-0.303700537974745,0.190528063406452,-1.59399372745874,0.11093743982105,0.13747793659943
"PHJJKLOP_00858",802.723402030941,-0.42849978801838,0.268998793835301,-1.59294315750998,0.111172943370134,0.137712781319893
"PHJJKLOP_02062",199.722317321873,-0.21968178817234,0.138170971718014,-1.58992721438391,0.111851212478539,0.138495670041665
"PHJJKLOP_02471",851.849946466167,-0.127603885287003,0.0811182039269041,-1.57306102834806,0.115704687726298,0.143207868975832
"PHJJKLOP_02059",12.883984880436,0.811946316876822,0.516485637104461,1.57205981840808,0.115936679068728,0.143435709558583
"PHJJKLOP_00921",239.093722380858,0.210298167272064,0.133876940886476,1.57083188396418,0.116221703936244,0.143728947370969
"PHJJKLOP_00426",8238.84429943772,0.0968069240739551,0.0618493833545978,1.56520435327442,0.117535001120133,0.145293060839668
"PHJJKLOP_02951",14.2437893306043,-0.812579801164912,0.519392032445561,-1.56448260736476,0.117704274369798,0.145442260612123
"PHJJKLOP_02336",23.0845299997771,-0.607320676908981,0.388299927157432,-1.5640504528417,0.117805720405238,0.14550756059954
"PHJJKLOP_01641",5.90854643178311,-1.23114262675893,0.789547292732423,-1.55930194187387,0.118924932347765,0.146829380391427
"PHJJKLOP_02720",327.421538820525,-0.177612745454614,0.113927740822863,-1.55899471166351,0.118997631828215,0.146858577779751
"PHJJKLOP_01523",320.471300161865,0.493213725955819,0.317272982230513,1.55454058044399,0.120055524730399,0.148103107145783
"PHJJKLOP_01631",378.780945266722,0.16980589856284,0.109259152803217,1.55415719604445,0.120146924829513,0.148154815872966
"PHJJKLOP_02456",247.444844825992,0.213933043341284,0.138025711316853,1.54995066716358,0.121153357225632,0.149334356333282
"PHJJKLOP_00919",26.4066953338147,-0.569717265046988,0.368747895401952,-1.54500479094524,0.122345104526292,0.150741252243505
"PHJJKLOP_00563",40.5494360020404,0.44588126935213,0.288939209702086,1.5431663629587,0.122790416382906,0.151227686816298
"PHJJKLOP_02959",15.1617912954072,0.708827743934098,0.459785790358474,1.54164778207142,0.12315920755042,0.151619517847844
"PHJJKLOP_02980",410.277300426462,-0.159044378302643,0.103392071311886,-1.53826474588057,0.123983895869973,0.152572044486107
"PHJJKLOP_00553",15.5418583440584,0.716439759053038,0.465966383062267,1.53753529244899,0.12416227941384,0.152679540236633
"PHJJKLOP_00942",9.2626645648466,-0.920371147517815,0.598619079771171,-1.53749049874862,0.124173239972011,0.152679540236633
"PHJJKLOP_01621",101.564343419243,0.298909733435296,0.195157365346862,1.53163439619115,0.125612679643011,0.154322676590552
"PHJJKLOP_02993",7.38603320860089,-1.09588967369479,0.71543570003033,-1.53177940889493,0.125576878959642,0.154322676590552
"PHJJKLOP_02657",25791.4644150661,0.118966593691957,0.0780817600464031,1.52361567696805,0.127604744675445,0.156705744691667
"PHJJKLOP_03153",28.1855679074666,0.544775727645648,0.362648502974636,1.50221419136466,0.133041800935695,0.163315765478258
"PHJJKLOP_02339",2549.12534553738,-0.0957073719800388,0.0637476018750585,-1.50134858669067,0.13326542432164,0.163523229679914
"PHJJKLOP_01201",117.934519673126,-0.270752310729198,0.18097449302073,-1.49607995143373,0.13463282171879,0.1651334159058
"PHJJKLOP_00340",18.0851658952269,0.701948767130914,0.470020614490155,1.49344251186161,0.135321391938075,0.165910011245945
"PHJJKLOP_02127",567.00264821845,0.143067173116723,0.0960784556806984,1.4890661189662,0.1364699585639,0.167249715898616
"PHJJKLOP_03167",3.94710750020473,-1.46890558739296,0.98958983068513,-1.48435800555467,0.137713969350747,0.168705247232462
"PHJJKLOP_00628",2188.41248178527,-0.116974789091781,0.079336303437933,-1.47441693175551,0.14036936839693,0.171887889153541
"PHJJKLOP_03088",995.145389863002,-0.110391004382324,0.0750569033424676,-1.47076417313188,0.141354904517379,0.173023950991428
"PHJJKLOP_01212",666.222186580405,-0.147008040508583,0.100173592409965,-1.46753287939346,0.142231151793204,0.17402536512826
"PHJJKLOP_01161",259.882189550816,-0.18134741489322,0.123719775224998,-1.46579166154658,0.142705053411749,0.174533876599174
"PHJJKLOP_01650",39.113937208612,-0.426073508197369,0.29098553336564,-1.46424292393252,0.143127585910279,0.174979171994845
"PHJJKLOP_02838",10.1899707270871,0.857691856173324,0.586048582817441,1.46351664575307,0.143326062224455,0.175150298081641
"PHJJKLOP_01102",78.9260591540618,-0.304610962675975,0.209059599276274,-1.45705322181083,0.14510168953346,0.177174248063804
"PHJJKLOP_01164",123.367018153598,0.261941498724335,0.179756282188224,1.45720358440689,0.145060191470893,0.177174248063804
"PHJJKLOP_01276",12.8663785183211,0.74310865171685,0.510081585341829,1.45684273471441,0.145159796426357,0.177174248063804
"PHJJKLOP_02097",31.2430742742052,-0.476516432869696,0.327143968139248,-1.456595503136,0.14522806972967,0.177185346687299
"PHJJKLOP_00427",3603.06057732739,0.0894275833927972,0.0616229754462554,1.45120521599597,0.146722724898969,0.17893598303361
"PHJJKLOP_03041",26.2342872021189,-0.511634324886168,0.354122331392569,-1.44479542669391,0.14851535605416,0.181048443007392
"PHJJKLOP_00598",1309.12850442994,0.105236736754948,0.0735067345491996,1.43166115867262,0.152240817457371,0.185514451553671
"PHJJKLOP_00225",137.044789578903,-0.240071173576712,0.167945542703156,-1.42945844059129,0.152872511746274,0.186208421549367
"PHJJKLOP_01036",3386.28698182253,-0.292877429391697,0.205484225725959,-1.42530371057431,0.154069428016419,0.187590023375827
"PHJJKLOP_00485",1813.24437782074,-0.100713664598974,0.0708721792776598,-1.42106064220775,0.155299130604545,0.189010405296751
"PHJJKLOP_02551",29.7875281499411,-0.472481146448903,0.335156672569632,-1.40973217936081,0.158618779116391,0.192972216446353
"PHJJKLOP_02099",46.1912151170849,-0.399979407067001,0.284414557003638,-1.40632536984345,0.159627530018993,0.194120562500758
"PHJJKLOP_00863",34.7262866240565,0.437287763280614,0.31114291221969,1.40542415111117,0.159895189278976,0.194209410426472
"PHJJKLOP_01447",34.9662383522311,0.429662379045918,0.305634856600743,1.40580293695753,0.159782649704623,0.194209410426472
"PHJJKLOP_02043",255.588679491127,0.182523014659966,0.129856161866355,1.40557838793829,0.159849357349487,0.194209410426472
"PHJJKLOP_03154",22.4806763568946,0.584263544327113,0.416069002779174,1.40424674855485,0.16024538543763,0.194555832927925
"PHJJKLOP_00537",3.43707574740843,-1.47857380346396,1.05429806986635,-1.40242484144109,0.160788419583017,0.19513600657947
"PHJJKLOP_02041",112.080265251747,0.253435497643187,0.180946215298565,1.40061231579236,0.1613300360654,0.195713990267345
"PHJJKLOP_02933",22.3249970554874,-0.548357535224654,0.393013199851144,-1.39526493113297,0.162935963096719,0.197582127789217
"PHJJKLOP_03013",98.8538885623646,0.263099407678963,0.188767700420876,1.39377344266184,0.163386030216996,0.198047681971533
"PHJJKLOP_01620",19.8168782084704,-0.562970636114816,0.404312971106761,-1.39241299771746,0.163797370762812,0.19846593608412
"PHJJKLOP_02039",52.8215861028662,0.369512228076487,0.266715331151916,1.3854180278299,0.165924681663029,0.200962175120999
"PHJJKLOP_03127",1.20523120685672,2.65825249075292,1.92632078569628,1.37996356084175,0.167597864604089,0.202906593863583
"PHJJKLOP_02340",6020.57283339139,0.0795327871084619,0.0581121920840553,1.3686075891514,0.171121970463435,0.207089401603688
"PHJJKLOP_02298",34.5899094351004,0.443257209591192,0.324066064749345,1.36779890833074,0.171375029525844,0.207311853899143
"PHJJKLOP_03169",10.2710493948928,-0.820322963788809,0.603901788186231,-1.35837147668097,0.174345840300584,0.210820454709188
"PHJJKLOP_03005",270.524267182012,0.184080964532313,0.136486491931529,1.34871196355944,0.177429501319576,0.214462626948248
"PHJJKLOP_02747",4.8995470143906,1.11805261203373,0.833773536334924,1.34095478365556,0.179935133642376,0.2174034665558
"PHJJKLOP_02896",41.5961231441228,-0.375008406044126,0.280367205620054,-1.33756159253635,0.181039391616321,0.218649430616888
"PHJJKLOP_00990",54.1718271513839,-0.356789404459494,0.267201592129173,-1.33528173098239,0.181784155614133,0.219460387866417
"PHJJKLOP_03038",24.7810688077848,-0.518410987109342,0.389523506850172,-1.33088498638093,0.183226858064586,0.221112943589427
"PHJJKLOP_02427",1691.17357462425,0.087774391914148,0.0663162265611211,1.32357337661922,0.185644771996231,0.223940550909232
"PHJJKLOP_01921",7.30197538812185,-0.936725760526324,0.712422745465672,-1.31484538707988,0.188561870183216,0.227367796749314
"PHJJKLOP_01617",68.7026229594792,0.289706695982983,0.22145864427893,1.30817515354286,0.190813907453533,0.229990675892061
"PHJJKLOP_01997",6.00183964159496,-1.05525414313277,0.807343014188963,-1.3070703834514,0.19118880866733,0.230349816156936
"PHJJKLOP_03146",2.52347535868135,1.60842445519804,1.23199401215387,1.30554567581547,0.191707104579493,0.230881364083267
"PHJJKLOP_02437",20.4903157259489,0.53242223822386,0.408053377818092,1.30478576374195,0.191965808079962,0.231099971608929
"PHJJKLOP_00677",35.398391065173,-0.406272150151856,0.311700920206462,-1.30340375601956,0.192436954880503,0.231574052617454
"PHJJKLOP_03135",12.9075767457536,0.663274076573231,0.509642506507149,1.30144967914667,0.193104578288399,0.232284092967242
"PHJJKLOP_00329",25.7186751927303,-0.482320446892289,0.372185614241375,-1.29591372808807,0.195005209063783,0.234476142946573
"PHJJKLOP_00533",5.95968348675848,0.9632753943519,0.743958518920346,1.29479718271098,0.195390204129303,0.234844749563683
"PHJJKLOP_03121",5.14061307701071,-1.14934894132063,0.889338428283001,-1.29236396940545,0.196231128283664,0.235760833901
"PHJJKLOP_00491",1.76122346487316,-1.95218882728255,1.51656746724186,-1.28724166214178,0.198010070088786,0.237707357596562
"PHJJKLOP_01662",42.2851050665323,0.380367868031344,0.295463703850218,1.28735903285152,0.197969176432805,0.237707357596562
"PHJJKLOP_01627",69.6039877896243,-0.288100775810399,0.224280637538846,-1.28455482814694,0.198947892422473,0.238737470906968
"PHJJKLOP_01691",10171.6046139904,0.0779088469927857,0.0606734324954785,1.28406855831985,0.199117968195372,0.238845832042045
"PHJJKLOP_00928",59.5764715838851,-0.323872930999502,0.252764313270326,-1.28132380243538,0.200079955759378,0.239903639384693
"PHJJKLOP_00904",136.45222978382,-0.21596740916137,0.168937385314785,-1.27838730757525,0.201112897098275,0.241045642078557
"PHJJKLOP_02061",19.6972807633902,0.51638029261075,0.404211160403204,1.27750132404968,0.201425313271394,0.241323484567648
"PHJJKLOP_00024",4276.99278303773,0.0898395476177313,0.0704237400487888,1.27569975061664,0.202061676782288,0.241989064114468
"PHJJKLOP_02014",221.260908116369,0.166822442238076,0.131061726049549,1.2728539999161,0.203069855022691,0.2430992186877
"PHJJKLOP_00195",1.0424076138482,2.39475468914601,1.88707310105634,1.2690312250254,0.204429927553765,0.244629577576328
"PHJJKLOP_02639",434.757372031857,0.132763774558031,0.104740568723609,1.2675487270684,0.204959152052042,0.245164882638359
"PHJJKLOP_00964",83.1323061752449,-0.254861943620587,0.201480864774936,-1.2649436655202,0.20589152294003,0.246083520831317
"PHJJKLOP_02984",1.04144807408564,2.40969437422106,1.9047049015344,1.26512740754741,0.20582565947144,0.246083520831317
"PHJJKLOP_01642",8.63002090442583,-0.772699840594466,0.6123759914192,-1.26180622921501,0.207018520157572,0.247331783460403
"PHJJKLOP_01490",32.256234122273,-0.414381314096685,0.329673764514762,-1.25694355662969,0.208774074840628,0.249329708844371
"PHJJKLOP_00239",835.874539834097,-0.103458550152976,0.0824132777900163,-1.25536264212888,0.209347144431606,0.249884588614892
"PHJJKLOP_02249",8.48282966493654,-0.836730391987234,0.666610415839625,-1.25520149716433,0.2094056221893,0.249884588614892
"PHJJKLOP_02548",17.6171940847262,0.559517014705629,0.446266000233615,1.25377468687449,0.209923912315577,0.250403264331808
"PHJJKLOP_02916",1.11354018467898,-2.29000625405177,1.82992990427088,-1.25141747162398,0.210782206173766,0.251326931614598
"PHJJKLOP_01666",10.8567216175871,-0.697015359756583,0.557965003805017,-1.24920981603383,0.211588342663503,0.252187698222344
"PHJJKLOP_03164",1.5357770155384,1.97144493875019,1.5838002727595,1.2447560293163,0.213221443536077,0.254033029027861
"PHJJKLOP_03007",219.54787426845,0.165104794239629,0.132746244260721,1.2437624518804,0.213587003433014,0.254367338217361
"PHJJKLOP_00902",1917.15521675774,-0.0867270884134644,0.0698152299937741,-1.2422373803137,0.21414899167132,0.254935221098979
"PHJJKLOP_01090",20.9623402105979,-0.499435388548528,0.40324683383517,-1.23853517657791,0.215517687233215,0.256462621453197
"PHJJKLOP_01957",55.5845291739942,-0.30793565467271,0.25045880279479,-1.22948625177695,0.218889549367106,0.260371597459323
"PHJJKLOP_01214",4204.92217209729,-0.0784030981133778,0.0639886594885253,-1.22526551954784,0.220475195323754,0.262153588085512
"PHJJKLOP_01094",48.4115026824249,-0.333546044175849,0.272761859072398,-1.22284708466999,0.221387457769978,0.263133802526127
"PHJJKLOP_02436",58.827034801064,-0.295402581397366,0.241991026883934,-1.22071708691517,0.222193155955356,0.263986630527911
"PHJJKLOP_02645",1035.97357696792,-0.103776850181882,0.085125902219441,-1.21909838810709,0.222806851627456,0.26461075516565
"PHJJKLOP_01359",2220.21670279763,-0.0803732917667478,0.0660194583850614,-1.21741822385102,0.223445132798576,0.265263571609412
"PHJJKLOP_00611",7411.80442402867,0.0903182038663628,0.0745689511747125,1.21120389174779,0.225817271591107,0.267973409093846
"PHJJKLOP_00674",471.920126433168,-0.116675487549133,0.0968582478981228,-1.20460043497643,0.228357588723198,0.270679970246142
"PHJJKLOP_00909",4.39783275453881,-1.0596514131488,0.879692548327817,-1.20457018211995,0.22836927349424,0.270679970246142
"PHJJKLOP_00995",156.128737289203,0.181017964053261,0.150219694986199,1.20502151245808,0.22819499724792,0.270679970246142
"PHJJKLOP_02403",2.7589709458491,1.33282071727328,1.10675035616134,1.2042649996482,0.228487170056406,0.270712539433669
"PHJJKLOP_00176",376.477434074185,-0.137055635628391,0.113921239378237,-1.20307360046658,0.228947840290756,0.27115104186334
"PHJJKLOP_01651",2.10367098979398,-1.552303020272,1.30241765136132,-1.19186270137655,0.233315085273929,0.276214062993335
"PHJJKLOP_00310",24.6409060811824,-0.44649273829043,0.375318471282246,-1.18963699485672,0.234189098767506,0.277139194351744
"PHJJKLOP_02819",3.51329562613707,1.18214937871472,0.99412637551849,1.18913390472934,0.234386978436061,0.277263774570354
"PHJJKLOP_00374",1043.90915166588,-0.0896333446394317,0.0754062724554765,-1.18867226453019,0.234568658850083,0.277369101341685
"PHJJKLOP_01683",1982.78050136885,0.0780850660757468,0.0658715163284391,1.18541473504891,0.235853508584459,0.278778288472906
"PHJJKLOP_00238",8537.64070638189,0.0628388915714136,0.0530430557600996,1.18467706414989,0.236145154238937,0.279012861796123
"PHJJKLOP_03156",52.8480816651082,0.29905999224683,0.252783189698541,1.18306914555306,0.236781744840348,0.279654652485996
"PHJJKLOP_02679",13292.6093385633,0.085369584457536,0.0723250662715563,1.18035957460449,0.237857232994097,0.280814099205176
"PHJJKLOP_00104",0.618876625541572,-2.6583595548382,2.25456452719776,-1.17910111809589,0.238357913449493,0.281294281776816
"PHJJKLOP_03103",1.48122493704246,1.95975359208004,1.67370350787221,1.17090845712063,0.2416355753628,0.285050004978812
"PHJJKLOP_02015",1026.81429085252,-0.0951921553225853,0.081709466737102,-1.16500766831417,0.244015888848002,0.287744612528916
"PHJJKLOP_00465",1504.45865056233,-0.108220510652779,0.0929588339385527,-1.16417672283104,0.244352401368151,0.288027988069388
"PHJJKLOP_00228",33.768087807996,0.369898665207929,0.317814780193297,1.16388125493394,0.244472137102055,0.288055717624381
"PHJJKLOP_02273",1.11628703106965,-2.27633955957171,1.96214044476044,-1.16013079779803,0.245995556763918,0.289736702183781
"PHJJKLOP_01786",108.24527024048,-0.218530760601066,0.18920407056508,-1.15500031235268,0.248090298556642,0.292089010569637
"PHJJKLOP_02570",61.7164337293999,0.276236100208399,0.239453477652265,1.15361072604487,0.248659798919377,0.292644433162192
"PHJJKLOP_00860",33.1369069170568,-0.368566410974059,0.319742260448377,-1.15269845924407,0.249034174078369,0.292969869230112
"PHJJKLOP_00930",100.126169696856,-0.233134393474765,0.202931948238864,-1.14883041087425,0.250625916915071,0.294610912934323
"PHJJKLOP_01939",11.0231582569971,0.627165982047642,0.545883003587778,1.14890183047583,0.25059646277943,0.294610912934323
"PHJJKLOP_01914",5.27736033591953,-0.936578688562436,0.81688897912748,-1.14651894258972,0.25158049396121,0.295616954050182
"PHJJKLOP_01787",98.3853962381157,-0.221992342043925,0.194210908918896,-1.14304774783084,0.253018767114881,0.29719034473988
"PHJJKLOP_00313",3.88740506898517,-1.08605181390344,0.958754546694527,-1.1327735734321,0.257309351804779,0.301955179102456
"PHJJKLOP_01571",881.773487574558,-0.091300330248062,0.0806036064273443,-1.1327077570699,0.257336999058862,0.301955179102456
"PHJJKLOP_02902",20.6605020865977,-0.457047093317241,0.403534307277217,-1.1326102516564,0.257377961613049,0.301955179102456
"PHJJKLOP_02432",2127.36508082679,0.0727383328256649,0.0644779227019016,1.12811222473704,0.259272526981716,0.304058733170097
"PHJJKLOP_03069",291.551785711592,-0.144897392882162,0.128738049258203,-1.12552111607307,0.260368274349559,0.305224202585192
"PHJJKLOP_00979",1.5549471620546,-1.83550031114882,1.63170534622403,-1.1248969156082,0.260632719156891,0.305414622761539
"PHJJKLOP_00571",23.3280453049279,0.425667879635621,0.379214851879229,1.12249791253214,0.26165079461294,0.306487667868209
"PHJJKLOP_00778",111.666555920492,-0.200090650740413,0.178302267573348,-1.1221991366885,0.261777779635689,0.306516492854616
"PHJJKLOP_03165",56.2781935867265,0.296152558913205,0.263993315903399,1.12181839869602,0.261939661731449,0.306586140431571
"PHJJKLOP_00671",5.51153147071404,-0.87180426548109,0.778972386376537,-1.11917223348105,0.263066668621298,0.307784918269701
"PHJJKLOP_01149",384.065805797874,-0.124535096266254,0.111458608260353,-1.11732147215903,0.263856897821339,0.308588887530112
"PHJJKLOP_00504",12.1949415486729,0.583336405703066,0.524590614304488,1.11198406871321,0.266145000213733,0.311143354408401
"PHJJKLOP_01908",34.9469495836043,-0.366483639175311,0.329954252483,-1.11071045885124,0.266692998879013,0.311662310165404
"PHJJKLOP_00338",13.5307177342343,-0.553923723343888,0.498879074968162,-1.11033665498846,0.266853983460342,0.311728765696552
"PHJJKLOP_00037",0.62032797519809,-2.66072843502855,2.39901525824341,-1.10909191839687,0.267390530896913,0.312233716655756
"PHJJKLOP_02053",81.2583937068347,-0.236935377052954,0.214769190516147,-1.10320934061136,0.269936265940171,0.315083501062329
"PHJJKLOP_01905",0.534881459422145,2.63535958690737,2.39031618600423,1.1025150573543,0.270237816038309,0.315312556983125
"PHJJKLOP_01129",913.405788362263,0.0905317079085958,0.0822099759935402,1.1012253295842,0.270798600229021,0.315843790060651
"PHJJKLOP_01143",1831.2392155709,-0.0759593978236474,0.069158422965339,-1.09833906799345,0.27205645835594,0.31718731943835
"PHJJKLOP_02961",5.0302209774723,-0.880792221721619,0.80364945181271,-1.09599057118114,0.273082900755707,0.318260103099489
"PHJJKLOP_00081",1818.6331250205,-0.0723372586083173,0.066176001206128,-1.09310410556537,0.274348093606142,0.319610191539606
"PHJJKLOP_02592",86.637490470868,0.221679182139739,0.204081748362013,1.08622737662219,0.277378408069647,0.323014762256135
"PHJJKLOP_01552",19.9915821162666,-0.434209941326526,0.400324593028029,-1.08464468306129,0.278079056642283,0.323704780554819
"PHJJKLOP_00093",1.35928847968798,1.78158643052803,1.6434715517076,1.08403849684951,0.278347730314091,0.3238916069026
"PHJJKLOP_02459",2301.37000432228,-0.0715748895103835,0.0660635033175136,-1.08342558169192,0.278619565950226,0.324081965988724
"PHJJKLOP_01007",168.192495625225,-0.158173792976768,0.146314085242334,-1.08105650057403,0.279671981470776,0.325179771853787
"PHJJKLOP_01667",6.64918947228993,-0.765323849214624,0.709369111930779,-1.07887957953448,0.28064141313509,0.326180275980769
"PHJJKLOP_01933",10.0074520405155,-0.621455136401587,0.576324817592527,-1.07830708904326,0.28089673449464,0.326350338795868
"PHJJKLOP_00513",986.399435763645,0.0831200277639766,0.077215438744265,1.07646902116645,0.28171754838013,0.327177013130376
"PHJJKLOP_01400",19.3239351743221,-0.461862927757621,0.429624375919887,-1.07503892619851,0.282357300946787,0.327792849567538
"PHJJKLOP_01471",4304.91470713659,0.0632228628907141,0.0593045944365808,1.06607023437827,0.286391893862264,0.332347802412255
"PHJJKLOP_00855",2.84375973714872,-1.22008193910345,1.14716625376101,-1.06356156756126,0.287527360492498,0.333506731555834
"PHJJKLOP_03131",56.0469402969812,0.258634078084371,0.24322073059201,1.06337184932733,0.287613353666387,0.333506731555834
"PHJJKLOP_00584",19055.5188368829,-0.0726272277103101,0.0684083381903041,-1.06167215330198,0.288384545278386,0.334271517059035
"PHJJKLOP_01003",90.8891305992183,-0.205245246364744,0.193574391887724,-1.06029131417233,0.289012089534379,0.334869270923347
"PHJJKLOP_02313",861.303495113187,-0.0854233461168535,0.0806261106963542,-1.0594997746892,0.28937223179797,0.335156851838732
"PHJJKLOP_02897",82.5843993737488,0.225523974756096,0.213099122939471,1.05830550424252,0.28991618435281,0.33565702086323
"PHJJKLOP_02870",14.70846244856,-0.503258451566719,0.478965074243007,-1.05072056112256,0.293386949806708,0.339544077201887
"PHJJKLOP_03155",44.1713410231025,0.297424426489168,0.285341730162504,1.04234465221678,0.2972519173144,0.343884173276397
"PHJJKLOP_00911",0.962385782262248,-2.01417070010572,1.93801831429999,-1.03929394538938,0.298668049841867,0.345389007812496
"PHJJKLOP_01919",0.521684246448847,2.60779596076847,2.54980009421757,1.02274526018036,0.306428305743015,0.354226388955439
"PHJJKLOP_02730",1.3320903669012,1.75514413019411,1.71890777800046,1.02108103335003,0.307216048307054,0.354999941579051
"PHJJKLOP_01956",48.1770149656446,-0.266166931890701,0.26126748286,-1.01875261696201,0.308320425849266,0.356138640043481
"PHJJKLOP_01206",4408.81751315151,-0.0665859671850692,0.0655614953455413,-1.01562612069979,0.309807461330219,0.357718295110943
"PHJJKLOP_00566",93.9867408234049,0.20227392617872,0.200212256422511,1.01029742031306,0.312352816719824,0.360518247208617
"PHJJKLOP_03116",2.41878862903102,-1.2438301599612,1.23194810392782,-1.0096449322788,0.312665434270298,0.360740003932668
"PHJJKLOP_02825",20.8607319058953,0.393590544987,0.389941171373876,1.00935877994177,0.312802599460128,0.360759238360409
"PHJJKLOP_01842",37.7787019992635,-0.300805752223439,0.298723552648475,-1.00697032274992,0.313949035920243,0.361942015227265
"PHJJKLOP_03162",39.2974199569272,0.296814072062274,0.295586109804124,1.00415433004942,0.315304231388639,0.36336446065342
"PHJJKLOP_03019",467.029657354514,-0.109282503637491,0.108964103846142,-1.00292206130378,0.315898467331507,0.363909200150263
"PHJJKLOP_01967",6.50148351106676,-0.718863045376229,0.72151889302967,-0.996319087858823,0.319095132299866,0.367450317733
"PHJJKLOP_00530",46.4465064480685,-0.268157599952991,0.271269721653705,-0.988527574394438,0.322894336786041,0.371682293093966
"PHJJKLOP_01685",1557.99549144372,-0.0764446629436669,0.0774696221198369,-0.98676953432683,0.323755633172468,0.372397798935485
"PHJJKLOP_02733",2.15390639369873,1.30065690930733,1.31812059444227,0.986751071784649,0.323764686248853,0.372397798935485
"PHJJKLOP_02046",14.0899761848539,0.482446642168189,0.494446209308412,0.975731299149797,0.32919763752135,0.378501431159341
"PHJJKLOP_02913",2.8553394048356,1.0627326675699,1.09366662181543,0.971715371367754,0.331192167544776,0.380648502736683
"PHJJKLOP_02426",435.635104800843,-0.103676117446875,0.106790699177872,-0.970834709811117,0.331630595034018,0.381006140265483
"PHJJKLOP_02242",5.70225477131224,-0.757386111654932,0.78092341127733,-0.969859656808216,0.332116451697081,0.381417973295382
"PHJJKLOP_02713",3.28236197944174,0.981984777167049,1.01514364039039,0.967335791799285,0.333376196691934,0.38271791905508
"PHJJKLOP_01130",1201.00915910853,-0.0812778912323559,0.0842155989946989,-0.965116821617241,0.334486302354327,0.383845147278212
"PHJJKLOP_01955",13.9553602684665,-0.477813997785618,0.495234524814867,-0.964823682202365,0.334633132018547,0.383866512361506
"PHJJKLOP_01994",5.812966130883,-0.745481768506201,0.773847290755598,-0.963344806413033,0.335374514678487,0.384569627325695
"PHJJKLOP_00591",13.9595827156405,-0.461264816216929,0.479584975730086,-0.961799971975211,0.33615009213838,0.385311399641006
"PHJJKLOP_02389",4.41157687757808,-0.829710648254246,0.864980846871308,-0.959224301041304,0.337445760797262,0.386648529593189
"PHJJKLOP_02917",28.4178522684627,-0.327995452086339,0.342599334207,-0.957373291006346,0.338378874515945,0.387569376549633
"PHJJKLOP_01678",11937.4019877652,-0.0562195105805629,0.0588853211500695,-0.954728775908128,0.33971487381949,0.388950796258338
"PHJJKLOP_01866",21.1052265099892,0.374204126096305,0.3926165755588,0.953103229438826,0.340537770040564,0.389743915711563
"PHJJKLOP_01947",2.05893418419674,1.20575655087416,1.26577740914393,0.95258182217807,0.340801990977033,0.389897272061611
"PHJJKLOP_03010",57.5546867472332,-0.230659095652419,0.242324680912989,-0.951859689996831,0.341168145214989,0.390167084329136
"PHJJKLOP_02425",1545.94387769872,0.0688960939999648,0.0724433126109514,0.951034560911971,0.341586831815115,0.390496744732514
"PHJJKLOP_03160",3.26932061939081,0.960896165425192,1.01385502762411,0.947764857148239,0.343249174873859,0.392247339531425
"PHJJKLOP_01763",218.87541287535,-0.123963108161784,0.131322731149012,-0.943957737378486,0.345191245475276,0.394316134663478
"PHJJKLOP_01229",525.256677027777,-0.0875987943746283,0.0935770832455326,-0.936113750679554,0.349214623931667,0.398759948150805
"PHJJKLOP_01653",3.19942855506821,-1.02410264539804,1.0973193839057,-0.933276729107749,0.350677107067174,0.400277262126999
"PHJJKLOP_03027",6.84532845365754,-0.66246510241901,0.712763319262669,-0.929432091292673,0.352665203171304,0.402393147216038
"PHJJKLOP_00927",84.4125386005964,-0.193832076587988,0.210336563857595,-0.921532961426616,0.356772240528409,0.406924224054117
"PHJJKLOP_02731",16.7558613694292,0.435777618119098,0.474185299433959,0.919002800464906,0.358094107410612,0.408276373795648
"PHJJKLOP_02252",22.6660120441697,0.349657991494261,0.38100044997134,0.917736426611999,0.358756872176682,0.408876313398167
"PHJJKLOP_01686",7473.35030204944,0.0540032802655881,0.0589664507877011,0.915830604423148,0.35975574893471,0.409858718535206
"PHJJKLOP_02923",480.874644958119,0.0877118872501318,0.096118185105266,0.912542066353752,0.361483435651251,0.411670371373086
"PHJJKLOP_00209",388.745055138798,-0.0982198174371028,0.107812452411184,-0.911024795749049,0.362282309033975,0.412423282603696
"PHJJKLOP_02828",3.87041462552763,0.84389080158459,0.926753045861268,0.910588646407231,0.362512154895328,0.412528085046223
"PHJJKLOP_01897",364.297735922275,-0.101396087117945,0.111514282497797,-0.90926547565733,0.363210009811768,0.413165185933296
"PHJJKLOP_03004",16.9585251799654,-0.40564276107587,0.448789188477618,-0.903860368053629,0.366069446444682,0.416259750343858
"PHJJKLOP_01661",38.638240590122,0.260204578967205,0.288880692881682,0.900733712494168,0.367729919473903,0.417989133980586
"PHJJKLOP_02727",60.7658587400295,0.21700279868541,0.241105789696008,0.900031471492296,0.368103502730926,0.418254985645689
"PHJJKLOP_00592",5.56494524468514,-0.682083937766477,0.759583727733861,-0.897970707984232,0.369201166069617,0.419343054329451
"PHJJKLOP_00565",18.6023409033215,0.376876469292483,0.421434179779882,0.89427124655463,0.371176780356985,0.421267354203493
"PHJJKLOP_01434",34.7992017059353,-0.275934138372989,0.308521114073006,-0.89437683771521,0.37112030098001,0.421267354203493
"PHJJKLOP_02066",7.73221744451341,0.570247097422712,0.639864597237781,0.891199637992788,0.372822078596644,0.422974347600739
"PHJJKLOP_01457",1214.62349400062,0.246124494749929,0.277661935048348,0.886417847326002,0.37539240539466,0.425729114299853
"PHJJKLOP_00910",7.40156954379444,0.574150273685318,0.656258385525973,0.874884475914395,0.381636766691778,0.432319515503286
"PHJJKLOP_01904",1.20942823471846,1.54880882499412,1.76995236637137,0.875056783685864,0.381543009901453,0.432319515503286
"PHJJKLOP_02744",78.7001204924099,0.194085803240329,0.221760962242215,0.875202746587749,0.381463599045244,0.432319515503286
"PHJJKLOP_00536",11.5688462732395,0.491546330813817,0.56278320377201,0.873420399754767,0.382433975867952,0.432895018430491
"PHJJKLOP_02547",2710.4293626201,0.0699979198516983,0.0801271365002832,0.873585690304193,0.38234392184969,0.432895018430491
"PHJJKLOP_02878",4.59909951033635,0.738688968996435,0.846771079166745,0.872359705203127,0.383012175575778,0.433385658984837
"PHJJKLOP_00850",213.392015656089,0.117340513153875,0.134575712304299,0.871929348503452,0.383246921793634,0.433487451397861
"PHJJKLOP_03173",1.19542733490497,1.53145810320384,1.75701691993023,0.871623992821113,0.383413537272109,0.433512133909627
"PHJJKLOP_00227",28.6749460857041,0.289441640466846,0.334944379959812,0.864148371444759,0.387506389540994,0.437974379118813
"PHJJKLOP_02202",28.050540456983,0.292591899499247,0.338901328185226,0.863354242563876,0.387942729318945,0.438302087389027
"PHJJKLOP_02268",1.816400465447,-1.2226255482617,1.41699005625394,-0.862832835605015,0.388229382846026,0.438460494998492
"PHJJKLOP_02470",23.5546944953989,0.322159645193349,0.375635304213489,0.857639422013041,0.391091599740049,0.441526489299286
"PHJJKLOP_01101",9.03720911209124,0.509447584760645,0.59637267307006,0.854243676421433,0.392969987628011,0.443479888035532
"PHJJKLOP_01903",0.468603750875466,-2.25376089461371,2.64162213070517,-0.853173081954788,0.393563328455739,0.443982142199127
"PHJJKLOP_00905",0.467152401218948,-2.25022611452003,2.64425013355716,-0.850988371320578,0.394775812515847,0.445182215695837
"PHJJKLOP_02573",17.9036873703997,0.367695640121386,0.43434137047523,0.846559101010978,0.397240918608134,0.447793415027392
"PHJJKLOP_00448",4572.25674580997,-0.0529447239101031,0.0628486393199076,-0.8424163909199,0.399554921435773,0.45023238042104
"PHJJKLOP_02501",688.571151414869,-0.0968848011308634,0.115084102436901,-0.841860857228166,0.399865842532266,0.450413217660499
"PHJJKLOP_02241",2.32092701456899,1.01681302292033,1.20917160652549,0.840917052164425,0.40039440478753,0.450838980042822
"PHJJKLOP_00929",26.5873779379055,-0.292650693141885,0.348716667885705,-0.839221981892198,0.401344754174652,0.451739170676282
"PHJJKLOP_01579",1.63520419786179,1.37688910792343,1.64231456412405,0.838383302444748,0.401815464211237,0.452099022866758
"PHJJKLOP_02967",136.026184045207,-0.138412671385909,0.166124217118134,-0.833187802398982,0.404738820700033,0.455217140937603
"PHJJKLOP_00339",11.3085587282793,-0.442719236668703,0.531884191552877,-0.832360208669015,0.405205655167824,0.455571059546551
"PHJJKLOP_00943",0.454446998139613,-2.21956102529528,2.66785893873875,-0.831963411957828,0.405429596944631,0.455619340131502
"PHJJKLOP_03152",12.907261022048,0.430564369723258,0.517663975587714,0.831744896357585,0.405552953056264,0.455619340131502
"PHJJKLOP_00140",0.453721323311354,-2.21775168889072,2.6692402080225,-0.830855043403432,0.406055523112807,0.456012841785351
"PHJJKLOP_02818",5.5314649999831,0.64543123732433,0.777419979187674,0.830222086649665,0.406413229888511,0.456243423429397
"PHJJKLOP_02044",241.196066972901,0.109286234966512,0.131720517273448,0.829682704173084,0.406718202836503,0.45641465490723
"PHJJKLOP_02165",11409.3949907611,0.0523341190699663,0.0632527192483048,0.827381331457443,0.408020958423845,0.457705039161106
"PHJJKLOP_00688",9462.33989354026,0.0551857122283977,0.0669843122031519,0.823860250457285,0.410018968418316,0.459774079192673
"PHJJKLOP_00997",79.688502052454,0.170599057267685,0.207368815814063,0.822684243038028,0.410687578110411,0.460351407286623
"PHJJKLOP_00959",12.143313742043,0.426191503209756,0.521052424405986,0.817943614206624,0.413389384715063,0.463206518651534
"PHJJKLOP_00920",104.007423743813,-0.154311898959318,0.189401572026293,-0.814733992481838,0.415224591327855,0.465088823956453
"PHJJKLOP_00932",161.080030391647,-0.129684979017609,0.159626304631777,-0.812428623946184,0.416545727164542,0.466394131312879
"PHJJKLOP_02571",15.9239930746032,0.392569179627677,0.483980734013647,0.811125633807994,0.417293526428527,0.467056754440004
"PHJJKLOP_02253",46.9154119048116,-0.219012792493413,0.270348059421867,-0.810114165279258,0.417874563676343,0.467532303306043
"PHJJKLOP_00912",20.9121910894565,-0.325515449618111,0.403682171332075,-0.806365682546671,0.420032028221428,0.469770598615971
"PHJJKLOP_01940",11.8268161060876,-0.440968298108719,0.548372207675846,-0.804140494241431,0.421315840315328,0.471030480173298
"PHJJKLOP_01975",3.09081091197799,0.835821227078395,1.04406481165509,0.800545347135512,0.423394901179691,0.473178176234414
"PHJJKLOP_01701",1610.75915136309,0.0542143068190045,0.0678148894821084,0.799445479201258,0.424032148405887,0.47371352698777
"PHJJKLOP_00360",98.5877859776194,-0.152898295280369,0.191907192869912,-0.79673040386774,0.425607622209587,0.475296240542896
"PHJJKLOP_03133",129.65301704311,0.134816437062505,0.169595175431363,0.79493085059525,0.426653727328212,0.476286823124783
"PHJJKLOP_01869",0.782737770324581,-1.69558951203001,2.15600779028708,-0.78644869451248,0.431604665251444,0.481634128871719
"PHJJKLOP_00922",2227.79937445813,0.0517663901904073,0.0661636365625319,0.782399409704188,0.433979880614983,0.484104233443092
"PHJJKLOP_01267",2.94070540112723,-0.824789585968305,1.05580209923118,-0.781197145344667,0.434686552437176,0.48453147356549
"PHJJKLOP_02958",7.61977181397901,0.528127580021879,0.675816151736285,0.781466348007562,0.434528261694335,0.48453147356549
"PHJJKLOP_00362",14.7143274087112,-0.36399198918706,0.468469742431252,-0.776980787057931,0.437170105789011,0.487108407894759
"PHJJKLOP_01491",65.5635134115543,0.183376676511247,0.236090991756655,0.776720344756981,0.437323781035775,0.487108407894759
"PHJJKLOP_02770",2.10157314550659,-0.992459581537739,1.28279097438297,-0.773672095732604,0.43912472551561,0.488932476085435
"PHJJKLOP_02842",0.714529471359812,1.72408622579174,2.23089515019685,0.772822615908065,0.439627366963995,0.489310162338365
"PHJJKLOP_01435",78.5290446401932,0.170604565343921,0.221964352109222,0.768612453859132,0.442123410085499,0.491905421700477
"PHJJKLOP_03174",43.568837249528,-0.214163772605683,0.283292249285382,-0.755981757869907,0.449660133030475,0.500104917642364
"PHJJKLOP_00815",976.654014128,0.057571788117056,0.0767031004173086,0.750579674143974,0.452905657487507,0.503527492951206
"PHJJKLOP_02574",23.3559268126385,-0.280995230117895,0.375066768235642,-0.749187221890463,0.453744369756177,0.504272696009649
"PHJJKLOP_00312",12.177797839799,-0.405760811890131,0.542500108391309,-0.747946047593143,0.454492701090516,0.504916937686458
"PHJJKLOP_01108",2045.55994664302,-0.0500835699269261,0.0670166454605137,-0.74733030253559,0.454864205313039,0.505142222072418
"PHJJKLOP_01885",69.8434715465068,-0.174383856252835,0.235306449386283,-0.741092548494342,0.458637327365646,0.509143551402575
"PHJJKLOP_01942",34.6779753946552,-0.225319664542614,0.307050672004061,-0.733819154577959,0.463058964838952,0.513820672998684
"PHJJKLOP_02874",93.4575895085235,-0.139723710735548,0.190463566947785,-0.733598099492975,0.46319371958031,0.513820672998684
"PHJJKLOP_01715",0.672682795943212,1.64815724492098,2.26658773554244,0.727153517631886,0.467131917293144,0.517997392731731
"PHJJKLOP_02052",356.250799452432,-0.101841118508815,0.140226926892499,-0.726259362346923,0.467679786707506,0.518237053627909
"PHJJKLOP_03026",0.671879109103024,1.6465884538018,2.26729176874455,0.726235801011861,0.467694228090384,0.518237053627909
"PHJJKLOP_01093",25.658888455092,0.272123618141101,0.377274070724551,0.721288949485688,0.470731754468601,0.52140986787976
"PHJJKLOP_02032",0.370294639810877,2.09178488984117,2.90583982126534,0.719855538675326,0.471613945385825,0.522193843374689
"PHJJKLOP_01040",2927.3038479442,0.0445681745448608,0.0619653821671349,0.719243115852173,0.471991137994037,0.522418287302827
"PHJJKLOP_02272",1.62091048618267,-1.0269490694654,1.43375333607317,-0.716266210949543,0.473826986411348,0.524256466118099
"PHJJKLOP_02725",116.557954767236,-0.127968886105187,0.178820433029321,-0.715627872818115,0.474221158144471,0.524498761538436
"PHJJKLOP_02068",1.60989029769414,-1.04567904421763,1.47320003744501,-0.70980112519625,0.477827471243073,0.528292263257667
"PHJJKLOP_00735",147.592073230895,0.109646481508046,0.155763188574859,0.703930643120791,0.481475967125152,0.532129584929017
"PHJJKLOP_02049",81.3484794228669,0.147417725483015,0.210642504558558,0.699847952301733,0.484022264482836,0.534746368952624
"PHJJKLOP_00263",321.597766765898,-0.0845016103120436,0.12082243329493,-0.699386761279449,0.484310359037795,0.53486728696391
"PHJJKLOP_01103",9.09920055091881,0.437323161793468,0.625559654557654,0.699091059673131,0.484495125373706,0.534874043277609
"PHJJKLOP_01911",2.55440143017434,0.785171779637444,1.12416312647232,0.698450039098289,0.48489579213103,0.535119056999743
"PHJJKLOP_00438",1104.2608632467,-0.0691405010108198,0.0990870643185601,-0.69777524933564,0.4853177600059,0.535167052618274
"PHJJKLOP_01884",0.357097426837579,2.05153902291064,2.9423825724349,0.697237348443422,0.485654269193003,0.535167052618274
"PHJJKLOP_01977",2.55585277983085,0.78402477807331,1.12406199311732,0.697492471833338,0.48549464902433,0.535167052618274
"PHJJKLOP_03100",0.357097426837579,2.05153902291064,2.9423825724349,0.697237348443422,0.485654269193003,0.535167052618274
"PHJJKLOP_02726",41.0029287351541,-0.199169451092801,0.287829350607681,-0.691970609224888,0.488955786432808,0.538606925893976
"PHJJKLOP_02977",89.5394262859798,-0.140228791293046,0.204859934139379,-0.68451057490646,0.493652814042302,0.543580921383837
"PHJJKLOP_00933",9.78336903826685,-0.394673677285782,0.578365873301364,-0.682394476411531,0.494989547515199,0.544852465169304
"PHJJKLOP_00082",582.021567642623,0.0626836897539488,0.0920558109233645,0.680931373318001,0.495914915327862,0.545670436049841
"PHJJKLOP_02458",1411.85153476496,-0.0741262868267369,0.109407531359268,-0.677524535155848,0.498073208510129,0.547843933240017
"PHJJKLOP_01107",2184.23386814009,-0.0470063896627419,0.0694587440602365,-0.67675265798035,0.498562900074627,0.548181168866483
"PHJJKLOP_00861",21.4688691997479,0.262478458827229,0.389017997600785,0.674720605334531,0.499853290714243,0.549398220410589
"PHJJKLOP_00745",6351.45235433694,-0.0403801159751695,0.0599727164883795,-0.673308103077066,0.500751298724506,0.550183261791255
"PHJJKLOP_02710",4.13897916698777,-0.606394696039193,0.914904466790522,-0.66279564484631,0.507461443296961,0.557351269710602
"PHJJKLOP_00882",10.2067630676302,-0.371332864274663,0.560931712671908,-0.661992994665747,0.507975711277881,0.557711506991557
"PHJJKLOP_01479",2.62456161106264,0.785769577771072,1.18796245148471,0.661443109408905,0.508328187400468,0.557893912418255
"PHJJKLOP_03151",49.2775424653916,-0.173762021753671,0.263115414437154,-0.660402288194996,0.508995704177668,0.558421816895543
"PHJJKLOP_03186",0.658915761064021,1.59105679736491,2.41849543060409,0.657870499663295,0.510621348244243,0.560000115986543
"PHJJKLOP_00901",205.741188214724,0.0970136339581589,0.147636498425656,0.657111452741552,0.511109255353473,0.560124857440812
"PHJJKLOP_02514",1578.28447820958,-0.0449809393900605,0.0684259675364488,-0.657366508790692,0.510945280935375,0.560124857440812
"PHJJKLOP_00314",31.2880339384915,-0.225438693151634,0.343299392016549,-0.656682471318697,0.511385107617807,0.56022210472291
"PHJJKLOP_03157",16.3727334729864,0.295031309818896,0.450061481406972,0.65553557015494,0.512122992655264,0.560825252381076
"PHJJKLOP_01932",33.3859573377903,0.207871293092652,0.318423019681122,0.652814904213962,0.513875613918628,0.562538789057541
"PHJJKLOP_02869",1.09977448908673,-1.17083823425321,1.79531754382869,-0.652162197310387,0.514296543757069,0.562793805558722
"PHJJKLOP_00542",35.3138175484624,-0.209387748319295,0.321220340469999,-0.651850838626613,0.514497401712119,0.562807899424948
"PHJJKLOP_02492",1.15432656758267,-1.11270445549848,1.7147013518776,-0.64892026490798,0.516389915458994,0.564671806750996
"PHJJKLOP_00355",478.488693519502,-0.0619865326106123,0.0957617643745051,-0.64729939987525,0.517438189859323,0.565338095240192
"PHJJKLOP_01104",3.57366344596661,-0.614353894595884,0.948745146396418,-0.647543649555795,0.517280153944912,0.565338095240192
"PHJJKLOP_02530",731.769441820438,-0.0540657959963914,0.0835506098679613,-0.64710235008259,0.517565704426642,0.565338095240192
"PHJJKLOP_02723",124.550825423925,0.112238772499901,0.174358657146969,0.64372354281952,0.519754720585961,0.567522112849879
"PHJJKLOP_02883",3.58621299612357,-0.606485005458007,0.948338393077221,-0.639523834408992,0.522482213478637,0.570292288426919
"PHJJKLOP_00743",2376.88036313779,0.0402804501769446,0.0631689737168205,0.637661937607494,0.523693767533774,0.571406392126865
"PHJJKLOP_02748",19.4183426380184,0.259513523839729,0.407963167691217,0.6361199843319,0.524698220934722,0.572293797259948
"PHJJKLOP_02976",68.4947179608816,-0.152225585506231,0.243742669234708,-0.624534005408988,0.532276945101098,0.580348570150287
"PHJJKLOP_00596",13.7758948680504,-0.299088496223251,0.490112516886744,-0.610244557970278,0.541699817270984,0.590407445543985
"PHJJKLOP_02201",82.6293262425578,0.121781047324366,0.200534869848052,0.607281154727062,0.543664342616371,0.592332984640981
"PHJJKLOP_02928",653.587465106729,0.0518076207043868,0.0853645426879407,0.606898591301252,0.54391821305308,0.59239400868713
"PHJJKLOP_01467",27.908735571036,-0.212695914009553,0.35111220719111,-0.605777610841604,0.54466243898419,0.592988851752241
"PHJJKLOP_02981",87.3469710063197,0.127558147655504,0.211317030928316,0.603634014235112,0.546086993353609,0.594323685241986
"PHJJKLOP_02859",0.329173639222536,1.96023518096966,3.26482593582525,0.600410318804385,0.548232812525077,0.596442238626483
"PHJJKLOP_02085",4771.84296129917,-0.0380426528924215,0.0637414872203729,-0.596827192953579,0.550622760645533,0.598824753132119
"PHJJKLOP_02596",19.5944113321876,0.256194106073584,0.430907546488473,0.594545415046328,0.552147376293211,0.600264794706563
"PHJJKLOP_01779",0.660388683273518,-1.28990738833456,2.18030658243745,-0.591617435238178,0.554106795933141,0.602176314709192
"PHJJKLOP_00337",6.5790265028817,0.406604356760564,0.694366918683111,0.585575645699974,0.558160718546217,0.606361825590484
"PHJJKLOP_02960",118.190389206867,-0.101621703857041,0.174282237491412,-0.583086981896529,0.559834746844618,0.607959823015157
"PHJJKLOP_02724",144.95395556929,0.091384663042793,0.156808631255361,0.582778271267315,0.560042574214844,0.607964998984497
"PHJJKLOP_02785",1034.57902918434,-0.0475639079426486,0.0817649273477278,-0.581715284114056,0.560758474760126,0.608521519910046
"PHJJKLOP_01178",1.70256243218742,0.792520696175246,1.36844152767308,0.579141074096793,0.562493987203762,0.610183694814516
"PHJJKLOP_01619",17.1114255266835,-0.258729432947598,0.448562416663508,-0.57679694806372,0.564076631486241,0.611457434710285
"PHJJKLOP_03070",68.8473550670876,-0.12835155490543,0.222503962315557,-0.576850648274749,0.564040351627506,0.611457434710285
"PHJJKLOP_00773",1.92283091244641,-0.78021654625512,1.35891227669775,-0.574147838410218,0.565867763478402,0.61317701189082
"PHJJKLOP_00868",3.14568754649858,-0.585217498480042,1.02256470878002,-0.572303633652913,0.567116288458601,0.614307585978673
"PHJJKLOP_01630",165.08785120837,-0.085917551827682,0.151045000085067,-0.568820892974241,0.569477694432976,0.616642393176249
"PHJJKLOP_01824",13.6255736622321,-0.295886060788143,0.522365670282791,-0.566434736471024,0.57109828678588,0.61817363363591
"PHJJKLOP_02179",14554.3480007943,-0.0410888325620994,0.0734489226558431,-0.559420493539815,0.575874778296599,0.623118571095056
"PHJJKLOP_02261",54.6818826663245,-0.143651279418205,0.259995921183582,-0.552513588537313,0.580596527075058,0.628000723288556
"PHJJKLOP_01937",12.4177459222282,0.280480240670335,0.508046968544177,0.552075414354029,0.580896685537603,0.628098474719965
"PHJJKLOP_01058",0.316879526552842,-1.68454936445541,3.06566121610488,-0.549489733440192,0.582669408239443,0.629333408466411
"PHJJKLOP_01958",0.316879526552842,-1.68454936445541,3.06566121610488,-0.549489733440192,0.582669408239443,0.629333408466411
"PHJJKLOP_02064",0.316879526552842,-1.68454936445541,3.06566121610488,-0.549489733440192,0.582669408239443,0.629333408466411
"PHJJKLOP_00045",0.63150535589592,-1.25960038770424,2.30600479931942,-0.546226264609678,0.58491041414792,0.631526065618057
"PHJJKLOP_01062",1482.99599917382,0.0370609754060896,0.0679127412173869,0.545714614691496,0.585262124304232,0.631678010153883
"PHJJKLOP_02047",88.8562404432412,-0.123577290537247,0.227006742385829,-0.544377181216979,0.586181945058168,0.632442790451948
"PHJJKLOP_01657",4.60279332735718,-0.45295574884436,0.832745992449272,-0.543930265592904,0.586489460966551,0.632546630451676
"PHJJKLOP_01445",31.3748861807307,0.17279356514904,0.323355927329257,0.53437574680081,0.593081595373628,0.63942610606721
"PHJJKLOP_00034",0.330310604460436,-1.73370490524701,3.25939214018242,-0.531910500695377,0.594787984154382,0.641034998041116
"PHJJKLOP_00898",15.8133559897036,-0.236379873626,0.446129954477311,-0.529845331508716,0.596219172331662,0.6423462403602
"PHJJKLOP_01644",8.52083076085584,-0.348407052522551,0.657955776291974,-0.529529590098076,0.59643812329633,0.642350986024896
"PHJJKLOP_02230",308.909415697313,0.0591428134771673,0.11209428358002,0.527616677570782,0.597765415224955,0.643548958354375
"PHJJKLOP_00980",2.38924478865718,0.604606104066824,1.15282183264185,0.524457541440974,0.599960343654528,0.645473124306241
"PHJJKLOP_01912",0.302722773816989,-1.63396960506884,3.11574319667073,-0.524423709506865,0.599983869386863,0.645473124306241
"PHJJKLOP_01747",140.683202757293,0.0824587646939484,0.157778739511144,0.522622787768717,0.60123677940965,0.646588691649602
"PHJJKLOP_00918",25.3600984094179,0.185845513009225,0.357145614943455,0.520363418261901,0.60281030194518,0.64804813070875
"PHJJKLOP_03189",1.64583332920671,0.777881161260653,1.4968946014109,0.519663281922095,0.60329828309493,0.64833993524272
"PHJJKLOP_01961",217.856224655666,-0.0791535862109119,0.158236377628067,-0.500223699489391,0.616917572594232,0.662738145800908
"PHJJKLOP_01475",98.4905481090738,0.0935196545358638,0.187222985588118,0.499509471244108,0.617420516131752,0.66304053992054
"PHJJKLOP_02104",3771.64266139333,-0.0380858463785049,0.0763900358632762,-0.498570866580969,0.61808173337626,0.663274806354309
"PHJJKLOP_02270",2.62439569648028,-0.543240868506286,1.08904339486697,-0.498823895417543,0.617903452089224,0.663274806354309
"PHJJKLOP_02844",181.948257361057,-0.077645688404322,0.155985483608291,-0.497775091682923,0.618642574028824,0.663638791344428
"PHJJKLOP_02899",16.1508947203538,0.220210175078755,0.444569131369155,0.495333930182165,0.62036442390116,0.665247523338135
"PHJJKLOP_00336",44.9968367960568,-0.132538765244574,0.269000431562192,-0.492708374015868,0.62221865985658,0.666997016688363
"PHJJKLOP_00260",173.449264900437,-0.0705066909945709,0.144205518461994,-0.488931989195361,0.624889847346337,0.669620688244429
"PHJJKLOP_01793",592.213998939909,-0.0440674974483545,0.0913800877758048,-0.482243982479764,0.629632635861186,0.674461578450229
"PHJJKLOP_01703",510.112947271594,-0.047684891202334,0.0989672008721652,-0.481825198470835,0.629930127245337,0.674538913080308
"PHJJKLOP_03036",14.8069590766724,0.220990633450976,0.459374936690391,0.481068111906851,0.630468090784277,0.674873601647525
"PHJJKLOP_03018",332.403608210061,0.0551733541536581,0.115302127473567,0.478511154673243,0.632286436903942,0.676578124406863
"PHJJKLOP_01780",455.483386642955,-0.0505649453943009,0.10589644756492,-0.477494255539611,0.633010210428377,0.677110600222423
"PHJJKLOP_01066",255.773629528,0.0584476160104531,0.123266931101634,0.474154872585112,0.6353894711679,0.67941288452739
"PHJJKLOP_00361",19.6792717720833,0.194758990785754,0.412859530787215,0.471731851301579,0.637118199329432,0.681018168080085
"PHJJKLOP_02871",4.29813124074905,0.401321752850616,0.8557580587104,0.468966372873421,0.639093672412998,0.68276052041653
"PHJJKLOP_02945",4.69409329239132,0.390215912681775,0.832351266123447,0.468811580595231,0.639204321552282,0.68276052041653
"PHJJKLOP_01925",48.6764710674609,-0.122328286658205,0.262409409710713,-0.466173399776566,0.641091387854984,0.684531959785244
"PHJJKLOP_03175",36.8446640651722,0.143306303876473,0.308779068304571,0.464106277227054,0.64257160462116,0.685867873167826
"PHJJKLOP_01674",116.134462477016,0.0804154061933165,0.17419136563496,0.461649783272479,0.644332487864512,0.687502305298057
"PHJJKLOP_02729",35.0182499129521,-0.136460439349494,0.302619831978934,-0.450930259451711,0.652039813821312,0.695478162658001
"PHJJKLOP_00915",759.052771740493,-0.0403032122807307,0.0897032766212098,-0.449294761560597,0.653219036177417,0.696487818488314
"PHJJKLOP_01643",0.962932692328219,-0.883360622554988,1.96858622648283,-0.448728438039132,0.65362756743769,0.696675306838179
"PHJJKLOP_01981",3.85041314590664,-0.421656398069908,0.942036204501977,-0.447601054030428,0.654441142323732,0.697294227799734
"PHJJKLOP_02898",19.8402838159936,-0.182902194296582,0.41382710752637,-0.441977316058077,0.658505620818389,0.701375250348722
"PHJJKLOP_03170",22.5030012450734,-0.169818487911826,0.3870966367014,-0.438697916259141,0.660880437138413,0.703654348788197
"PHJJKLOP_02098",0.508821651160203,1.08884827774864,2.50863867301467,0.434039500969726,0.664259756828296,0.707000964075336
"PHJJKLOP_02985",1013.92001607643,0.0366162558407543,0.084615216296034,0.432738429842796,0.665204807682851,0.707755221820346
"PHJJKLOP_01454",3.75041009787818,-0.41674949411713,0.968014688124659,-0.430519804327041,0.666817563656123,0.70921910678026
"PHJJKLOP_01941",48.799409351931,-0.115922149739433,0.270323926001941,-0.428826820673656,0.668049258841377,0.710276804322117
"PHJJKLOP_00907",12.0967924183375,0.221059867876871,0.516836649745789,0.427717090081753,0.668857105875523,0.710883271207424
"PHJJKLOP_01216",1675.88892941233,-0.0315601850785646,0.0739993020387951,-0.426493010191079,0.669748640224059,0.711578221728472
"PHJJKLOP_00579",0.865528020854178,0.844735451151128,1.98456785543778,0.425652087852036,0.670361379197378,0.711976576557982
"PHJJKLOP_02879",0.494095076518458,1.05068770709477,2.53086291764245,0.415149986895974,0.678032108347546,0.719868132054097
"PHJJKLOP_01555",84.9129513199148,-0.0833289040975218,0.202769645681522,-0.410953541973443,0.681106600944645,0.722875988382937
"PHJJKLOP_00908",0.507292289491756,1.08682472526781,2.6543818349123,0.409445510428502,0.682212746976764,0.723793396331832
"PHJJKLOP_00356",521.199657063611,0.0381077914500578,0.0951197979929217,0.400629440496642,0.688692966887805,0.730409756593017
"PHJJKLOP_00864",309.095235076073,-0.0458435470504431,0.114838469081732,-0.39920026291726,0.689745649517126,0.731267165245848
"PHJJKLOP_02100",1475.10138104582,-0.0278045978034332,0.0698611675600127,-0.397997897466405,0.690631735584916,0.731947404014598
"PHJJKLOP_00654",4621.11135586093,0.0254092236276065,0.0641266399776199,0.396235069176778,0.691931622522515,0.73306556186568
"PHJJKLOP_00963",129.219846508189,0.0683935794233813,0.173660912026191,0.393834044894722,0.69370356736513,0.734682872547294
"PHJJKLOP_01231",402.528037370828,-0.0503415375776108,0.128311915727716,-0.392337198709104,0.694809081787374,0.735593490407142
"PHJJKLOP_01152",317.787356323821,-0.0456430790551882,0.117439015315512,-0.388653455008655,0.697532518044993,0.738215750804776
"PHJJKLOP_02956",53.1364884381292,0.096441373071364,0.249351885753955,0.386768172134565,0.6989278419238,0.739431080819737
"PHJJKLOP_02345",891.287380459796,0.0302069609049054,0.0782199899480917,0.386179554931563,0.699363694332477,0.739630837453704
"PHJJKLOP_00510",3.65642827718389,-0.362014722609968,0.950477354882421,-0.380876746563574,0.703294707860516,0.743525549199995
"PHJJKLOP_02250",28.5782293811338,-0.126163020827822,0.334911977123699,-0.37670501339289,0.706392836730117,0.746537293741606
"PHJJKLOP_01339",112.424524154023,-0.067243148173989,0.179265192716357,-0.375104319779382,0.707582884489498,0.747531106620168
"PHJJKLOP_02247",35.7303941573643,-0.118246131588991,0.319694829164601,-0.369871892823483,0.711477944887498,0.751380940738332
"PHJJKLOP_02740",6.48280651373146,0.257650305607236,0.697927904863365,0.369164642668467,0.712005008466021,0.751672424311448
"PHJJKLOP_00689",6815.90213676739,-0.0230019735759591,0.0627008954533138,-0.366852393568861,0.713729123693169,0.753226999061455
"PHJJKLOP_02588",16.9220359549507,-0.165205180526912,0.453233210707908,-0.364503696163124,0.715481914231126,0.754810729812541
"PHJJKLOP_02271",2.47363101192021,-0.411381564984171,1.13217492352012,-0.36335512864489,0.716339616556916,0.755449387802538
"PHJJKLOP_01830",5.89242081913694,0.264647335923407,0.735125928689167,0.36000272279242,0.718845097403092,0.757824725924245
"PHJJKLOP_01541",12.2504237671192,-0.188825613272691,0.529810248724646,-0.356402341644447,0.721539275982969,0.760397251775082
"PHJJKLOP_03188",284.012127346206,-0.0462886319551958,0.130401028453837,-0.354971371806183,0.722611038414568,0.761258778681639
"PHJJKLOP_00265",649.876099789862,-0.0325933624221716,0.0920187168833192,-0.354203617765073,0.723186292541496,0.761596820214295
"PHJJKLOP_01953",9.33330638402283,-0.209631178925346,0.597593576823361,-0.350792222432655,0.725744232489839,0.764021881882763
"PHJJKLOP_02742",3.18759200066107,0.343829825744153,0.986996899689204,0.348359580311166,0.727570153887349,0.765674882509217
"PHJJKLOP_00527",6.86741241991361,0.240430623217183,0.691949855913082,0.347468275573113,0.728239547973808,0.766110051522692
"PHJJKLOP_00541",17.1024829492163,-0.150442055930375,0.433830391705481,-0.346776202881856,0.728759456404159,0.766387710739042
"PHJJKLOP_03003",173.860391466465,0.0534291080930347,0.154700997958144,0.345370157906095,0.72981610905303,0.767229434868249
"PHJJKLOP_01831",17.5041484785489,-0.147393671957879,0.431065335823895,-0.341928843979453,0.732404442149224,0.76968020350817
"PHJJKLOP_00500",69.2426257566885,-0.0741379919239087,0.219092889118025,-0.338386116602674,0.735072235059313,0.772212726935994
"PHJJKLOP_01854",1.34852238939979,-0.548292478255337,1.63066937867125,-0.336237673575567,0.736691645610903,0.77364250682534
"PHJJKLOP_02228",415.117650702716,-0.0372164554684334,0.110953641347674,-0.335423470707152,0.737305665361855,0.774015835236113
"PHJJKLOP_02709",21.6834664218918,0.134280445759342,0.402340538542015,0.333748237863235,0.738569546005131,0.775070880034827
"PHJJKLOP_01241",856.869161142449,0.0335375410754351,0.102340671493866,0.327704915219802,0.743134786637298,0.779588490256507
"PHJJKLOP_03196",1.17997374614803,0.564260499894511,1.72582957728439,0.3269503010734,0.743705475121455,0.779913902806878
"PHJJKLOP_01871",1.79924276812014,0.430947706929045,1.3251679038532,0.325202342794431,0.745027935677229,0.781027184670036
"PHJJKLOP_02852",1.36026825271657,-0.526958137927447,1.62647042579697,-0.323988760920285,0.745946543188409,0.781716468430555
"PHJJKLOP_00390",84.8187338814195,0.0644386402524678,0.200252792375038,0.321786475425449,0.747614460854337,0.782916297935602
"PHJJKLOP_02728",12.6270796090967,0.16492505337544,0.512290895950141,0.321936334764558,0.747500926169973,0.782916297935602
"PHJJKLOP_02516",1566.6718718565,-0.0278752447449337,0.0868824545396634,-0.320838596154165,0.748332708833382,0.783394451135366
"PHJJKLOP_01934",27.8186599496035,0.108842360475733,0.34350298993987,0.3168600089763,0.751349827801015,0.78627800924021
"PHJJKLOP_02013",980.228993525986,0.0280592145756986,0.0894816093159569,0.313575211601552,0.753843688869985,0.788612160893339
"PHJJKLOP_02572",23.0932019825912,0.118394946884289,0.378125564950935,0.313110135517157,0.754196988970281,0.788706177078946
"PHJJKLOP_01268",8354.00211196566,0.024905101911829,0.0798062879728974,0.312069418894497,0.754987766943665,0.789257463068901
"PHJJKLOP_03177",7.65056148064783,-0.206105090309407,0.662568098531429,-0.311070048144841,0.755747370446946,0.789775786079636
"PHJJKLOP_01444",46.2896948358144,-0.0811124791100915,0.27121811509442,-0.299067335829885,0.764888668555497,0.799049781456789
"PHJJKLOP_01946",7.22615415063686,-0.1975263342059,0.663996240937164,-0.297481103096475,0.766099232900455,0.800035264493883
"PHJJKLOP_03161",60.990838830553,0.0701133181548723,0.237383999356434,0.295358231156923,0.767720237413626,0.801448532362761
"PHJJKLOP_02004",8.2684610117347,0.182973274067757,0.624048106407506,0.293203796612876,0.769366382280271,0.802887050730962
"PHJJKLOP_02275",16.0497357831959,-0.130273714562642,0.44784135420747,-0.290892552326222,0.771133497517277,0.8044507636121
"PHJJKLOP_00141",0.509390133779153,-0.719717814172768,2.50720156589026,-0.287060212455319,0.77406621646347,0.80672569197045
"PHJJKLOP_03052",0.192510607226311,1.15312507490719,4.02792141488055,0.286282912731898,0.774661444360402,0.80672569197045
"PHJJKLOP_03179",0.192510607226311,1.15312507490719,4.02792141488055,0.286282912731898,0.774661444360402,0.80672569197045
"PHJJKLOP_03185",0.192510607226311,1.15312507490719,4.02792141488055,0.286282912731898,0.774661444360402,0.80672569197045
"PHJJKLOP_03200",0.192510607226311,1.15312507490719,4.02792141488055,0.286282912731898,0.774661444360402,0.80672569197045
"PHJJKLOP_03056",0.494663559137408,-0.719870981451959,2.52796137153359,-0.284763442020179,0.775825382117774,0.807656882496737
"PHJJKLOP_00391",0.177784032584566,1.1531240423987,4.0804728567969,0.282595689976942,0.777486784617592,0.808543047289014
"PHJJKLOP_02979",0.177784032584566,1.1531240423987,4.0804728567969,0.282595689976942,0.777486784617592,0.808543047289014
"PHJJKLOP_03147",0.177784032584566,1.1531240423987,4.0804728567969,0.282595689976942,0.777486784617592,0.808543047289014
"PHJJKLOP_02038",68.2413429901879,-0.0613812046699693,0.220114622412967,-0.278860186556844,0.780352123475251,0.811241061696146
"PHJJKLOP_02743",7.6249206563142,0.193461667416969,0.700128985906347,0.27632289379724,0.782300073476407,0.812983831998737
"PHJJKLOP_00540",0.4952333810433,-0.677275904098034,2.5287043319736,-0.26783515001512,0.788826213052958,0.819481499611573
"PHJJKLOP_03016",18.1733928949585,0.11070063302219,0.41844014046007,0.264555481939367,0.791351918676794,0.821820202746556
"PHJJKLOP_00252",1226.44863925574,-0.0200790473437699,0.076112627502852,-0.263807044935055,0.7919286057547,0.822133927056023
"PHJJKLOP_01797",183.03424537062,-0.0372359269984388,0.144750958950727,-0.257241314795806,0.79699249223424,0.827104166984164
"PHJJKLOP_00237",15051.505415739,-0.0138673936816414,0.055482812356425,-0.249940352564617,0.802633476501074,0.832669656494877
"PHJJKLOP_01436",0.479781131573296,-0.673006772524016,2.70154563278461,-0.249119157698742,0.803268610821532,0.833039910218105
"PHJJKLOP_00230",11709.0485340026,0.014774031728356,0.0609619242938317,0.242348513428584,0.80851012562671,0.838185358769518
"PHJJKLOP_00463",3887.37510982941,-0.0144998335669516,0.060545773096641,-0.239485480576943,0.810729153769505,0.840194907021772
"PHJJKLOP_00084",571.0947854599,0.0290364891307503,0.121761912791579,0.238469390510087,0.811517053449526,0.840720435303765
"PHJJKLOP_00744",37504.6985939928,0.0120824950696271,0.0511357400297776,0.23628278504606,0.813213244333792,0.841895039258428
"PHJJKLOP_03011",15.5445333321823,0.112121796535687,0.474037465360504,0.236525179397832,0.813025171147419,0.841895039258428
"PHJJKLOP_02048",13.1720337822569,-0.115933763891901,0.498250059136328,-0.232681886867935,0.816008435393982,0.844496804552223
"PHJJKLOP_02259",9.17679390848109,0.135122607398761,0.582492331073301,0.231973195509345,0.816558832867738,0.844774411059436
"PHJJKLOP_01188",1387.11649545923,0.0181006617292587,0.0792345414816638,0.228444077428624,0.819301026379868,0.847318574432237
"PHJJKLOP_01451",838.201122034,-0.017833765359181,0.0793591827698012,-0.224722139729082,0.822195440073962,0.850018352065416
"PHJJKLOP_01986",117.85243724558,0.0405692530674705,0.181387914350185,0.223660177210859,0.823021734925184,0.850578900367967
"PHJJKLOP_01880",56.3633080228524,0.0539964706421788,0.243203697031289,0.222021586436788,0.824297079121493,0.851602986504399
"PHJJKLOP_01105",26.4960213922233,-0.0788698159510698,0.359566594530833,-0.219346894708003,0.826379834522133,0.853460236136346
"PHJJKLOP_02248",5.26033825824901,0.169085518012561,0.780838375238848,0.216543555458375,0.828564078079616,0.855420982679438
"PHJJKLOP_01936",3.44849083979989,-0.211662657633934,0.98155953641815,-0.21563914340471,0.829269041522451,0.85585367470466
"PHJJKLOP_00425",2288.40366437315,-0.0159200700427682,0.0757592998507911,-0.210140142188788,0.833558295943199,0.859983989680888
"PHJJKLOP_02060",12.2968152113337,0.10890444922123,0.51928150768075,0.209721408543174,0.833885115499263,0.860024814262761
"PHJJKLOP_00924",200.323282788322,0.0322125503534254,0.155939510133551,0.20657080637125,0.836345061628233,0.861968025650578
"PHJJKLOP_02000",12.688968955887,0.106788654757459,0.516120724921936,0.206906348846215,0.83608299814587,0.861968025650578
"PHJJKLOP_02552",42.0176231228072,0.0568809692133748,0.281892196009079,0.201782702815734,0.840086604556327,0.865526253971659
"PHJJKLOP_01717",4.13483723929805,-0.175123333127726,0.87913062573871,-0.19920058294019,0.842105843439759,0.867308185503488
"PHJJKLOP_00669",48.9683403525396,-0.0515379980531389,0.259962052457939,-0.198252004728566,0.842847900978484,0.867773939315537
"PHJJKLOP_01072",682.492308449586,0.0160624816668677,0.084134359345484,0.190914648804892,0.848592463177959,0.872088556059347
"PHJJKLOP_01417",0.151724224322624,-0.770429309243785,4.0804728567969,-0.188808830810005,0.850242650346438,0.872088556059347
"PHJJKLOP_01870",0.165155302230218,-0.770429309243785,4.0804728567969,-0.188808830810005,0.850242650346438,0.872088556059347
"PHJJKLOP_01872",0.151724224322624,-0.770429309243785,4.0804728567969,-0.188808830810005,0.850242650346438,0.872088556059347
"PHJJKLOP_01873",3.10869562342004,0.21404581342592,1.12585524536492,0.190118413807755,0.849216341100549,0.872088556059347
"PHJJKLOP_01943",0.165155302230218,-0.770429309243785,4.0804728567969,-0.188808830810005,0.850242650346438,0.872088556059347
"PHJJKLOP_02303",0.150998549494365,-0.770429309243785,4.0804728567969,-0.188808830810005,0.850242650346438,0.872088556059347
"PHJJKLOP_02390",0.151724224322624,-0.770429309243785,4.0804728567969,-0.188808830810005,0.850242650346438,0.872088556059347
"PHJJKLOP_02931",0.151724224322624,-0.770429309243785,4.0804728567969,-0.188808830810005,0.850242650346438,0.872088556059347
"PHJJKLOP_03101",0.165155302230218,-0.770429309243785,4.0804728567969,-0.188808830810005,0.850242650346438,0.872088556059347
"PHJJKLOP_03199",0.165155302230218,-0.770429309243785,4.0804728567969,-0.188808830810005,0.850242650346438,0.872088556059347
"PHJJKLOP_02279",21.0963162308001,0.0766350626539543,0.413519326325825,0.185324016980941,0.852974901472563,0.874591388701662
"PHJJKLOP_00368",21.2935749263473,0.0720297599083899,0.399963446600589,0.18009085710355,0.85708124023434,0.878500935728043
"PHJJKLOP_01238",122.956397548362,0.0317529355230712,0.176969598240464,0.179425934390865,0.857603269108838,0.878735177177228
"PHJJKLOP_02705",39.1989862324516,-0.0492535842331456,0.288955003360485,-0.170454166428464,0.864652976699276,0.885655495120641
"PHJJKLOP_01376",435.308199843417,-0.0167316999120451,0.0989451051421286,-0.169100835134907,0.865717328047681,0.886442435080287
"PHJJKLOP_01180",322.278192783752,0.0184765217029072,0.114274175315594,0.161685889676124,0.871553216734897,0.892112933642489
"PHJJKLOP_00813",91.8119711416153,-0.0308803010065756,0.194135829291765,-0.159065439487555,0.873617316789299,0.89392011157456
"PHJJKLOP_00862",16.9522112427357,-0.070201717843889,0.442787929998082,-0.158544786539671,0.874027532357356,0.894034312223411
"PHJJKLOP_00888",28.9623080576051,0.0512065295826772,0.346777868163094,0.147663776393579,0.882608120427085,0.902502975600647
"PHJJKLOP_02678",1.70385658963463,0.21240010007531,1.45508355669872,0.145971067501581,0.883944228538012,0.903252225338842
"PHJJKLOP_03134",6.43027426751099,0.103140606257877,0.706375861437178,0.146013775227298,0.883910513917453,0.903252225338842
"PHJJKLOP_01640",814.949311276665,-0.0117284483685228,0.0827246168384725,-0.141777004436584,0.887256148366361,0.906169913929031
"PHJJKLOP_02837",8.41025563500775,0.0881586667320258,0.622639026500791,0.141588726340323,0.887404872291222,0.906169913929031
"PHJJKLOP_03021",4.5481948710623,-0.115066466288637,0.846553997835008,-0.13592336293126,0.891881865928682,0.910431062594775
"PHJJKLOP_01448",16.7784821229358,0.0617748264751973,0.458193488447705,0.134822576122768,0.892752155642754,0.911008845942196
"PHJJKLOP_02178",8064.27677111843,0.00914197185411991,0.0716107178432372,0.127662061343004,0.898416415021829,0.91647657464237
"PHJJKLOP_03114",1.35889608325743,0.195205477109882,1.56071439198164,0.125074439059942,0.900464619043392,0.918253089038118
"PHJJKLOP_01843",83.0886778069091,-0.0300263376180329,0.253088921582769,-0.118639478291875,0.905560987061953,0.923135715105035
"PHJJKLOP_02274",3.27133172929322,-0.114861627539526,0.994740298885869,-0.115468959755801,0.908073422406946,0.925381833453505
"PHJJKLOP_02346",765.214371811899,0.00941135561721491,0.0828857319468637,0.113546148367832,0.909597578514769,0.926619649565573
"PHJJKLOP_02269",1.29171661369409,0.18346012066803,1.63323310451191,0.112329415905917,0.910562218876636,0.927286831060085
"PHJJKLOP_01455",41.3068669590982,0.0317174209638032,0.289091336304269,0.109714187112202,0.912636048654649,0.92908273705271
"PHJJKLOP_02895",260.994550182175,0.0133671510433414,0.123581387733378,0.108164759180245,0.913864999004264,0.930017609455733
"PHJJKLOP_01537",117.640256138801,0.0175734189405087,0.171221703795415,0.102635463559611,0.918252295605848,0.934028147656545
"PHJJKLOP_01902",15.5667493518555,0.0489171041107855,0.477651037283702,0.102411803372115,0.918429815197351,0.934028147656545
"PHJJKLOP_01160",1.30289265510498,0.165060713435048,1.62982047435609,0.10127539568446,0.919331847155359,0.934628030690371
"PHJJKLOP_00118",0.659820200654568,0.215877407509168,2.19495274569255,0.0983517335089847,0.921652999867709,0.936669749356388
"PHJJKLOP_02229",10.8400199681344,0.0520944228159888,0.550153484421557,0.0946907077590573,0.924560498947076,0.939305780063639
"PHJJKLOP_02880",0.660545875482827,0.215602931207159,2.29359311894853,0.0940022576044347,0.925107363370484,0.939542552893904
"PHJJKLOP_00823",1.46934345406935,-0.134809101119182,1.44895883659961,-0.0930385996579099,0.925872896106264,0.94000117020758
"PHJJKLOP_03158",7.00388723955389,0.0647525245984636,0.708098446628766,0.0914456526585368,0.92713848810643,0.940966994369712
"PHJJKLOP_00075",51.2550266532574,-0.0223751395000084,0.259030461450286,-0.0863803406546558,0.931164074395091,0.944732375038598
"PHJJKLOP_01474",207.144804793125,-0.0112961281471638,0.135061726389696,-0.083636781856104,0.933345221683573,0.946624523618095
"PHJJKLOP_03187",154.220089745733,0.0129637987436483,0.15595625936074,0.083124581192102,0.933752480516974,0.946716873236648
"PHJJKLOP_02058",17.343556424835,-0.0376544503600918,0.457957399608931,-0.0822226049677251,0.934469698139793,0.947123316259492
"PHJJKLOP_02946",187.893665378841,0.0111374852966698,0.138228968555833,0.0805727295300707,0.935781754355973,0.948132173448996
"PHJJKLOP_00344",141.086205970988,-0.0129097077438771,0.164010555373307,-0.0787126640385616,0.937261172289304,0.949309861242955
"PHJJKLOP_02969",6.52286320394606,-0.0566492314974801,0.733661789631899,-0.0772143681162716,0.938453011667791,0.950195575560827
"PHJJKLOP_01948",62.4504539580248,0.016524293319167,0.233975439438715,0.0706240507927125,0.943696968439275,0.955182124241782
"PHJJKLOP_01949",65.114410514192,0.0168292028948559,0.241529732114724,0.069677562043841,0.944450301262063,0.955621562006967
"PHJJKLOP_02920",261.428717176284,-0.0082061103376683,0.121261411435044,-0.0676728914875288,0.946046029286106,0.956686417601724
"PHJJKLOP_03183",0.658524703920417,0.148340610559018,2.19592702297309,0.0675526140017977,0.946141777728358,0.956686417601724
"PHJJKLOP_00233",29.9173760483754,-0.0218154381593946,0.345416382842181,-0.0631569295581501,0.949641541505481,0.959434049327125
"PHJJKLOP_01910",0.328782582078931,0.191358392746725,3.08009715501814,0.0621273885581695,0.950461386207165,0.959434049327125
"PHJJKLOP_02007",0.329742121841486,0.191358410827563,3.07710176191287,0.0621878721061879,0.95041322045386,0.959434049327125
"PHJJKLOP_03181",0.329742121841486,0.191358410827563,3.07710176191287,0.0621878721061879,0.95041322045386,0.959434049327125
"PHJJKLOP_03184",0.343509156720676,0.191358659598414,3.03558861470261,0.0630384033829832,0.949735923640983,0.959434049327125
"PHJJKLOP_02484",3967.32042366681,-0.00366170885422818,0.0596216356148748,-0.0614157732585691,0.951028090828565,0.959469192120966
"PHJJKLOP_03072",0.315585369105633,0.191358133417997,3.12274315888717,0.0612788576202309,0.951137128328332,0.959469192120966
"PHJJKLOP_02821",3.2419868869477,0.056555314273421,1.03393614017047,0.0546990399852903,0.956378234200185,0.964431267495909
"PHJJKLOP_01795",46381.9201852083,-0.00332994143568757,0.0619808495229101,-0.0537253274409658,0.957154003559469,0.96488858136601
"PHJJKLOP_01731",17942.0036706468,-0.00280732465233176,0.0544714256725574,-0.0515375652035868,0.958897168907209,0.966320472469937
"PHJJKLOP_01240",406.748607443377,0.00459833673078765,0.100771741734522,0.0456312121993657,0.96360419133795,0.970737196791999
"PHJJKLOP_00528",110.037299660947,0.00807368433353456,0.184376159887811,0.0437891988771608,0.965072436874296,0.971562500336799
"PHJJKLOP_03171",8.75147946030568,0.0263909048947732,0.599520039294405,0.0440200546521074,0.964888418060427,0.971562500336799
"PHJJKLOP_01118",6664.79833560319,-0.0023523899373525,0.05667481892459,-0.0415067922931087,0.966891878055319,0.973066985847941
"PHJJKLOP_02435",32.2972377030842,0.0122844901036014,0.314855108216787,0.0390163277743081,0.968877370843908,0.974737516232077
"PHJJKLOP_00993",84.7297619187062,-0.00769311498666851,0.200598040233456,-0.0383508980332771,0.969407909847161,0.974943662103594
"PHJJKLOP_01446",48.3426455818434,-0.00949382522759154,0.261003661714315,-0.0363742989858247,0.970983907052162,0.976200744699185
"PHJJKLOP_00372",250.882879209955,-0.00415542791810558,0.123494583368164,-0.0336486654294574,0.973157314818693,0.977729194821197
"PHJJKLOP_02040",82.6856453337878,0.00692617355295821,0.204550242653571,0.0338605003010848,0.972988391306262,0.977729194821197
"PHJJKLOP_01210",91.8212352141964,0.00591945314635616,0.190663318763925,0.0310466280810179,0.975232353747022,0.978965705937301
"PHJJKLOP_01546",3018.36212908811,-0.00228119281798846,0.0738840195331375,-0.0308753209747249,0.97536897154675,0.978965705937301
"PHJJKLOP_02534",4129.80641654017,-0.00183497045377931,0.0586036952574845,-0.0313115144995052,0.975021107668719,0.978965705937301
"PHJJKLOP_00095",24.3662727290427,0.0103303960608321,0.363687924621182,0.0284045616075713,0.977339486033901,0.980415933492848
"PHJJKLOP_02741",15.537031659694,0.0130057732011854,0.460504647904407,0.0282424363366799,0.9774687914082,0.980415933492848
"PHJJKLOP_02850",41.7538833198066,0.00772545938932164,0.283788311789245,0.0272226130125435,0.978282179812259,0.980903163549197
"PHJJKLOP_02711",23.9144381258229,-0.00861557528895483,0.365478787043125,-0.0235733935713709,0.981192895106479,0.983492309323334
"PHJJKLOP_01906",35.1701722401892,-0.00601786765538084,0.303339448897333,-0.0198387241661325,0.984172026537673,0.986148275586946
"PHJJKLOP_02549",9.28806770687162,-0.0103021430621096,0.580361241206613,-0.0177512596132208,0.985837287819186,0.987486396698107
"PHJJKLOP_01881",217.200881623042,0.000888402375455176,0.131310609401127,0.00676565571896241,0.994601828940898,0.995932399949515
"PHJJKLOP_02199",22.4987416965926,-0.00165443868682405,0.395817789274043,-0.00417979871460151,0.996665012849128,0.997331232777503
"PHJJKLOP_02851",10.3355525370452,0.00251427582474444,0.565890233337381,0.00444304509359758,0.996454974580389,0.997331232777503
"PHJJKLOP_02581",241.079780618031,-0.000259520840537678,0.129456162611094,-0.00200470055116123,0.99840048145256,0.998734059962901
"PHJJKLOP_01073",2373.88876323334,2.92296793188164e-05,0.0788788116493726,0.000370564397556424,0.999704332395173,0.999704332395173
"PHJJKLOP_00001",0,NA,NA,NA,NA,NA
"PHJJKLOP_00002",0,NA,NA,NA,NA,NA
"PHJJKLOP_00003",0,NA,NA,NA,NA,NA
"PHJJKLOP_00004",0,NA,NA,NA,NA,NA
"PHJJKLOP_00005",0,NA,NA,NA,NA,NA
"PHJJKLOP_00006",0,NA,NA,NA,NA,NA
"PHJJKLOP_00094",0,NA,NA,NA,NA,NA
"PHJJKLOP_00139",0,NA,NA,NA,NA,NA
"PHJJKLOP_00142",0,NA,NA,NA,NA,NA
"PHJJKLOP_00143",0,NA,NA,NA,NA,NA
"PHJJKLOP_00144",0,NA,NA,NA,NA,NA
"PHJJKLOP_00147",0,NA,NA,NA,NA,NA
"PHJJKLOP_00148",0,NA,NA,NA,NA,NA
"PHJJKLOP_00149",0,NA,NA,NA,NA,NA
"PHJJKLOP_00151",0,NA,NA,NA,NA,NA
"PHJJKLOP_00152",0,NA,NA,NA,NA,NA
"PHJJKLOP_00153",0,NA,NA,NA,NA,NA
"PHJJKLOP_00179",0,NA,NA,NA,NA,NA
"PHJJKLOP_00180",0,NA,NA,NA,NA,NA
"PHJJKLOP_00181",0,NA,NA,NA,NA,NA
"PHJJKLOP_00182",0,NA,NA,NA,NA,NA
"PHJJKLOP_00226",0,NA,NA,NA,NA,NA
"PHJJKLOP_00277",0,NA,NA,NA,NA,NA
"PHJJKLOP_00419",0,NA,NA,NA,NA,NA
"PHJJKLOP_00529",0,NA,NA,NA,NA,NA
"PHJJKLOP_00538",0,NA,NA,NA,NA,NA
"PHJJKLOP_01385",0,NA,NA,NA,NA,NA
"PHJJKLOP_01394",0,NA,NA,NA,NA,NA
"PHJJKLOP_01395",0,NA,NA,NA,NA,NA
"PHJJKLOP_01396",0,NA,NA,NA,NA,NA
"PHJJKLOP_01397",0,NA,NA,NA,NA,NA
"PHJJKLOP_01398",0,NA,NA,NA,NA,NA
"PHJJKLOP_01399",0,NA,NA,NA,NA,NA
"PHJJKLOP_01422",0,NA,NA,NA,NA,NA
"PHJJKLOP_01423",0,NA,NA,NA,NA,NA
"PHJJKLOP_01424",0,NA,NA,NA,NA,NA
"PHJJKLOP_01425",0,NA,NA,NA,NA,NA
"PHJJKLOP_01426",0,NA,NA,NA,NA,NA
"PHJJKLOP_01428",0,NA,NA,NA,NA,NA
"PHJJKLOP_01429",0,NA,NA,NA,NA,NA
"PHJJKLOP_01430",0,NA,NA,NA,NA,NA
"PHJJKLOP_01431",0,NA,NA,NA,NA,NA
"PHJJKLOP_01432",0,NA,NA,NA,NA,NA
"PHJJKLOP_01433",0,NA,NA,NA,NA,NA
"PHJJKLOP_01716",0,NA,NA,NA,NA,NA
"PHJJKLOP_01907",0,NA,NA,NA,NA,NA
"PHJJKLOP_01913",0,NA,NA,NA,NA,NA
"PHJJKLOP_01944",0,NA,NA,NA,NA,NA
"PHJJKLOP_01965",0,NA,NA,NA,NA,NA
"PHJJKLOP_01996",0,NA,NA,NA,NA,NA
"PHJJKLOP_02031",0,NA,NA,NA,NA,NA
"PHJJKLOP_02055",0,NA,NA,NA,NA,NA
"PHJJKLOP_02056",0,NA,NA,NA,NA,NA
"PHJJKLOP_02057",0,NA,NA,NA,NA,NA
"PHJJKLOP_02227",0,NA,NA,NA,NA,NA
"PHJJKLOP_02251",0,NA,NA,NA,NA,NA
"PHJJKLOP_02445",0,NA,NA,NA,NA,NA
"PHJJKLOP_02749",0,NA,NA,NA,NA,NA
"PHJJKLOP_02750",0,NA,NA,NA,NA,NA
"PHJJKLOP_02751",0,NA,NA,NA,NA,NA
"PHJJKLOP_02752",0,NA,NA,NA,NA,NA
"PHJJKLOP_02753",0,NA,NA,NA,NA,NA
"PHJJKLOP_02790",0,NA,NA,NA,NA,NA
"PHJJKLOP_02793",0,NA,NA,NA,NA,NA
"PHJJKLOP_02794",0,NA,NA,NA,NA,NA
"PHJJKLOP_02795",0,NA,NA,NA,NA,NA
"PHJJKLOP_02796",0,NA,NA,NA,NA,NA
"PHJJKLOP_02857",0,NA,NA,NA,NA,NA
"PHJJKLOP_02964",0,NA,NA,NA,NA,NA
"PHJJKLOP_02982",0,NA,NA,NA,NA,NA
"PHJJKLOP_03025",0,NA,NA,NA,NA,NA
"PHJJKLOP_03029",0,NA,NA,NA,NA,NA
"PHJJKLOP_03042",0,NA,NA,NA,NA,NA
"PHJJKLOP_03043",0,NA,NA,NA,NA,NA
"PHJJKLOP_03044",0,NA,NA,NA,NA,NA
"PHJJKLOP_03045",0,NA,NA,NA,NA,NA
"PHJJKLOP_03046",0,NA,NA,NA,NA,NA
"PHJJKLOP_03047",0,NA,NA,NA,NA,NA
"PHJJKLOP_03048",0,NA,NA,NA,NA,NA
"PHJJKLOP_03049",0,NA,NA,NA,NA,NA
"PHJJKLOP_03050",0,NA,NA,NA,NA,NA
"PHJJKLOP_03051",0,NA,NA,NA,NA,NA
"PHJJKLOP_03053",0,NA,NA,NA,NA,NA
"PHJJKLOP_03054",0,NA,NA,NA,NA,NA
"PHJJKLOP_03055",0,NA,NA,NA,NA,NA
"PHJJKLOP_03057",0,NA,NA,NA,NA,NA
"PHJJKLOP_03058",0,NA,NA,NA,NA,NA
"PHJJKLOP_03059",0,NA,NA,NA,NA,NA
"PHJJKLOP_03062",0,NA,NA,NA,NA,NA
"PHJJKLOP_03063",0,NA,NA,NA,NA,NA
"PHJJKLOP_03086",0,NA,NA,NA,NA,NA
"PHJJKLOP_03093",0,NA,NA,NA,NA,NA
"PHJJKLOP_03098",0,NA,NA,NA,NA,NA
"PHJJKLOP_03099",0,NA,NA,NA,NA,NA
"PHJJKLOP_03104",0,NA,NA,NA,NA,NA
"PHJJKLOP_03105",0,NA,NA,NA,NA,NA
"PHJJKLOP_03106",0,NA,NA,NA,NA,NA
"PHJJKLOP_03107",0,NA,NA,NA,NA,NA
"PHJJKLOP_03108",0,NA,NA,NA,NA,NA
"PHJJKLOP_03109",0,NA,NA,NA,NA,NA
"PHJJKLOP_03110",0,NA,NA,NA,NA,NA
"PHJJKLOP_03111",0,NA,NA,NA,NA,NA
"PHJJKLOP_03123",0,NA,NA,NA,NA,NA
"PHJJKLOP_03124",0,NA,NA,NA,NA,NA
"PHJJKLOP_03125",0,NA,NA,NA,NA,NA
"PHJJKLOP_03129",0,NA,NA,NA,NA,NA
"PHJJKLOP_03141",0,NA,NA,NA,NA,NA
"PHJJKLOP_03142",0,NA,NA,NA,NA,NA
"PHJJKLOP_03143",0,NA,NA,NA,NA,NA
"PHJJKLOP_03144",0,NA,NA,NA,NA,NA
"PHJJKLOP_03180",0,NA,NA,NA,NA,NA
"PHJJKLOP_03182",0,NA,NA,NA,NA,NA
"PHJJKLOP_03190",0,NA,NA,NA,NA,NA
"PHJJKLOP_03191",0,NA,NA,NA,NA,NA
"PHJJKLOP_03192",0,NA,NA,NA,NA,NA
"PHJJKLOP_03193",0,NA,NA,NA,NA,NA
"PHJJKLOP_03194",0,NA,NA,NA,NA,NA
"PHJJKLOP_03195",0,NA,NA,NA,NA,NA
"PHJJKLOP_03197",0,NA,NA,NA,NA,NA
"PHJJKLOP_03198",0,NA,NA,NA,NA,NA
"PHJJKLOP_03201",0,NA,NA,NA,NA,NA
"PHJJKLOP_03202",0,NA,NA,NA,NA,NA
"PHJJKLOP_03203",0,NA,NA,NA,NA,NA
"PHJJKLOP_03204",0,NA,NA,NA,NA,NA
"PHJJKLOP_03205",0,NA,NA,NA,NA,NA
"PHJJKLOP_03206",0,NA,NA,NA,NA,NA
"PHJJKLOP_03207",0,NA,NA,NA,NA,NA
"PHJJKLOP_03208",0,NA,NA,NA,NA,NA
