"","ERR1797969","ERR1797970","ERR1797971","ERR1797972","ERR1797973","ERR1797974"
"PHJJKLOP_00001",0,0,0,0,0,0
"PHJJKLOP_00002",0,0,0,0,0,0
"PHJJKLOP_00003",0,0,0,0,0,0
"PHJJKLOP_00004",0,0,0,0,0,0
"PHJJKLOP_00005",0,0,0,0,0,0
"PHJJKLOP_00006",0,0,0,0,0,0
"PHJJKLOP_00023",9607.81938545075,9494.02610245637,9748.60964274209,9587.75718339524,8693.89248568756,8632.00702636458
"PHJJKLOP_00024",4450.46021785787,4345.09203773747,4435.35604491975,4566.29225521369,3839.59111654271,4025.16502595488
"PHJJKLOP_00025",13031.4280243635,12348.9490754334,12086.8252392943,21424.9777165977,20008.8177934983,19867.1919264819
"PHJJKLOP_00026",1138.89275235086,1018.1340661153,1147.77371436596,2108.35982118718,1963.28314052573,2209.77794384032
"PHJJKLOP_00027",5463.45103308272,5655.53229548238,5446.59162226077,21313.9155843935,20373.9322861757,22529.8257090374
"PHJJKLOP_00028",450.474820909569,416.73382725573,420.281453029914,198.455285413992,236.463728508176,227.914317077701
"PHJJKLOP_00029",25703.6312556426,27228.9142628489,24959.8114706776,72209.5031849691,61713.409175446,65942.5484532726
"PHJJKLOP_00030",22938.4088934439,22214.2830429328,21466.3552303908,61923.5111212411,55940.4326311774,58192.4707408174
"PHJJKLOP_00031",8436.58485108587,7834.99096077479,7647.20237759252,4093.82302067304,4115.01247082043,4197.58716148322
"PHJJKLOP_00032",1044.17753359551,1125.77384614107,1180.84154442669,594.45551089604,644.159812142961,642.123815071088
"PHJJKLOP_00033",3129.06740985646,3076.12765853459,3227.84689560538,2889.43612800005,2802.23108151643,2696.32546421054
"PHJJKLOP_00034",0,0,0,0,0,1.98186362676262
"PHJJKLOP_00035",26687.7454797835,27697.986698741,26582.2685520443,1520.27672771269,1312.78138930401,1252.53781211397
"PHJJKLOP_00036",3059.76359125499,3086.00286771127,3026.23980265448,2746.51190868814,2476.98020590556,2642.81514628795
"PHJJKLOP_00037",0,0,0,2.73103603780723,0,0.990931813381309
"PHJJKLOP_00038",8925.17677222625,9021.99110381125,8814.17676747762,7271.83862333471,7056.76621206965,7118.85414733132
"PHJJKLOP_00039",1197.80099816211,1130.71145072941,1153.1072353435,869.379805368634,794.554367439349,872.019995775552
"PHJJKLOP_00040",4728.83055590711,4664.06129414411,4326.552216978,16307.016181747,16272.5096848097,16057.0591040307
"PHJJKLOP_00041",1091.53514297319,1092.19813494037,978.167747280282,1289.04900984501,1298.28552855255,1409.10503862822
"PHJJKLOP_00042",622.579303769891,576.712215917882,621.888545980812,1383.72492582233,1317.31134578884,1271.36551656822
"PHJJKLOP_00043",4105.09618849386,4050.81080427252,3952.1390443549,4613.63021320234,4807.1898217026,4738.63593158942
"PHJJKLOP_00044",1046.48766088223,1172.18732927145,1068.83760389841,433.324384665414,492.859265549607,476.63820223641
"PHJJKLOP_00045",0,0,1.0667041955074,0.910345345935743,1.81198259393238,0
"PHJJKLOP_00046",2836.83630808692,2669.26904045554,2770.23079573271,14304.2564206883,14147.960093424,13965.2020459828
"PHJJKLOP_00047",987.579415070977,909.506765171866,920.565720722883,8154.87360889238,7934.67177882989,7724.3134853073
"PHJJKLOP_00048",2396.75705996758,2339.43705395456,2323.28173781511,13400.2834921741,13068.9244587373,13200.2026860524
"PHJJKLOP_00049",1265.94975312022,1314.39034141558,1260.84435908974,7361.96281258235,7713.60990237014,7688.63994002558
"PHJJKLOP_00050",2148.41837664563,2153.78312143305,2056.60568893826,11171.7580853234,11576.756792634,11001.3249921593
"PHJJKLOP_00051",1845.79170208587,1845.67659512076,1841.13144144577,12987.8970504652,10890.0153895336,10594.0520168596
"PHJJKLOP_00052",361.534920371013,334.769591089319,325.344779629756,2235.80816961818,2300.31190299716,2397.06405656939
"PHJJKLOP_00053",2307.81715942902,2195.25899997509,2217.67802245988,17809.9963478869,17640.5565432287,16959.7979860211
"PHJJKLOP_00054",961.012951273746,1004.30877326796,916.298903940854,12092.1172300645,12865.9824082169,12280.6179632346
"PHJJKLOP_00055",982.959160497546,999.371168679618,812.828596976636,28198.8574357056,26670.5718000907,26535.1720987247
"PHJJKLOP_00056",952.927505770241,997.396126844283,813.895301172143,27369.5328255581,26624.3662439454,26292.3938044463
"PHJJKLOP_00057",1453.0700633442,1496.09419026642,1336.58035697077,52251.0918206738,54478.162677874,51842.5796806699
"PHJJKLOP_00058",437.769120832632,397.970929820045,317.877850261204,17434.0237200154,14696.0848280886,14856.0497462126
"PHJJKLOP_00059",590.237521755871,524.373607281499,466.149733436732,22036.7297890665,18870.8927245088,18187.5625028005
"PHJJKLOP_00060",1021.07626072836,1069.48515383402,904.565157790272,41185.8441408249,35887.2212641278,36379.0887328546
"PHJJKLOP_00061",808.544550350508,831.492612676125,705.091473230389,35184.8476204165,36170.7965400782,33902.7501312147
"PHJJKLOP_00062",619.114112839817,691.264642367325,651.756263455019,35233.0959237511,32235.170346057,30276.9306260525
"PHJJKLOP_00063",482.816602923589,475.985082315786,375.479876818603,21418.6052991762,23152.607593971,24750.503902825
"PHJJKLOP_00064",1533.92451837925,1670.88539269359,1527.52040796659,38084.2975472218,33213.6409467805,33753.1194273941
"PHJJKLOP_00065",825.870505000876,957.895290137578,816.028709563158,19554.2180306998,18947.9019847509,18967.4258399316
"PHJJKLOP_00066",539.414721448124,543.136504717184,546.152548099787,413.296787054827,415.850005307481,440.964656954682
"PHJJKLOP_00067",6908.43565092341,7094.35027252409,7001.84633931055,5616.83078442353,5291.89516557952,5918.83572132656
"PHJJKLOP_00068",5000.27051209621,5245.71111465033,5257.78497965596,2916.74648837812,3225.32901719964,2944.05841755587
"PHJJKLOP_00069",3822.10559587119,3554.08778268572,3551.05826684412,2852.11196881668,2726.12781257127,2776.59094109443
"PHJJKLOP_00070",3716.99480432562,3485.94883936665,3545.72474586659,2711.91878554258,2873.80439397675,2822.17380450997
"PHJJKLOP_00071",61216.0629706803,61087.0564460005,61094.4160934906,93395.9704209316,94345.4037095742,94703.3534048517
"PHJJKLOP_00072",10237.3290710808,10817.304132131,10529.4371138535,20023.0458838567,22059.0760985328,24635.5558124727
"PHJJKLOP_00073",13635.5263098396,12719.2694195588,12594.5764363558,11413.9099473423,11377.4387073014,11069.6992872826
"PHJJKLOP_00074",46564.0806546857,39391.2218848432,42219.0853539872,2176.63572213236,2169.84915623403,1883.76137723787
"PHJJKLOP_00075",49.6677366643883,49.3760458833803,53.3352097753698,47.3379579886586,44.3935735513433,63.4196360564038
"PHJJKLOP_00076",2261.61461369471,2134.0327030797,2170.74303785755,7793.46650655589,8008.96306518112,7639.09334935651
"PHJJKLOP_00077",5464.60609672607,5391.86421046513,5328.18745655944,9898.18494635933,9119.70839526167,9456.46229509783
"PHJJKLOP_00078",3768.97266827672,3716.0412131832,3810.26738635242,2899.44992680534,3044.1307578064,3160.08155287299
"PHJJKLOP_00079",332.658329287066,400.933492573048,381.880101991648,694.593498948972,609.732142858246,685.724814859866
"PHJJKLOP_00080",8616.7747794497,8510.45526845943,8228.55616414406,9751.61934566368,9724.00459033812,9628.88443062618
"PHJJKLOP_00081",1774.17775619769,1730.13664775365,1815.53054075359,1911.72522646506,1871.77801953215,1808.45055942089
"PHJJKLOP_00082",635.285003846827,594.487592435899,554.686181663846,559.862387750482,578.022447464429,569.785792694253
"PHJJKLOP_00083",1659.82645550526,1723.22400132997,1714.19364218039,3253.57426637434,3455.45080662905,3420.69661979228
"PHJJKLOP_00084",570.601439818787,580.662299588553,579.220378160516,446.069219508514,682.211446615541,567.80392906749
"PHJJKLOP_00085",3777.05811378023,3535.32488525003,3975.60653665607,718.262477943301,786.400445766653,786.799859824759
"PHJJKLOP_00086",8956.36349059691,8531.19320773045,8403.49565220727,7213.57652119483,7058.57819466359,7014.80630692629
"PHJJKLOP_00087",19433.9457994961,16852.0444599977,17403.2789497032,8731.12221286971,9321.74445448513,8326.80002784314
"PHJJKLOP_00088",18469.4676572923,19183.5813466109,18251.3087851316,9138.95692784892,9682.32899067767,9282.05829594272
"PHJJKLOP_00089",385.791256881528,377.232990549026,392.547143946722,951.310886502851,882.435523245069,899.766086550228
"PHJJKLOP_00090",557.89573974185,550.049151140857,579.220378160516,281.296711894144,269.079415198958,241.787362465039
"PHJJKLOP_00091",329.193138356992,375.25794871369,376.546581014111,639.972778192827,722.075063682053,721.398360141593
"PHJJKLOP_00092",1026.85157894514,846.305426441139,933.366171068972,578.979640015132,547.218743367579,525.193861092094
"PHJJKLOP_00093",2.31012728671574,2.96256275300282,1.0667041955074,0.910345345935743,0.90599129696619,0
"PHJJKLOP_00094",0,0,0,0,0,0
"PHJJKLOP_00095",23.1012728671574,25.6755438593578,24.5341964966701,20.0275976105863,28.0857302059519,24.7732953345327
"PHJJKLOP_00096",2801.02933514283,2891.46124693075,2909.96904534418,1746.95271885069,1702.35764699947,1605.30953767772
"PHJJKLOP_00097",6665.87228581826,6030.79024419607,6347.95666746452,4981.40973296038,4820.7796911571,4694.04399998726
"PHJJKLOP_00098",1257.86430761672,1209.71312414282,1190.44188218625,2965.90513705865,2777.76931649834,2548.67662401673
"PHJJKLOP_00099",1741.83597418367,1599.78388662152,1675.79229114212,4329.60246527039,4267.21900871075,4169.84107070855
"PHJJKLOP_00100",1369.90548102243,1526.70733871412,1560.58823802732,4811.1751532704,4831.65158672069,4496.84856912438
"PHJJKLOP_00101",4006.91577880844,3897.74506203404,3872.13622969185,18327.9828497243,18718.6861866185,19227.0499750375
"PHJJKLOP_00102",3576.07703983596,3494.83652762566,3500.92316965527,9764.36418050678,10159.7864041789,9921.20931557366
"PHJJKLOP_00103",174.414610147038,155.040784073814,140.804953806976,792.000450964096,850.725827851252,934.448700018574
"PHJJKLOP_00104",0,0,0,0.910345345935743,1.81198259393238,0.990931813381309
"PHJJKLOP_00105",7183.34079804258,7418.25713351906,7078.64904138708,10486.2680398338,11567.6968796643,11077.6267417897
"PHJJKLOP_00106",3070.15916404521,3321.03284611616,3064.64115369275,7045.16263219671,7404.66687010467,6791.84664891549
"PHJJKLOP_00107",2903.82999940168,2735.43294193927,2743.56319084502,6669.19000432525,6056.55182021898,5611.64685917835
"PHJJKLOP_00108",1629.79480077795,1695.57341563528,1591.52265969704,4306.843831622,4527.23851094005,4526.57652352582
"PHJJKLOP_00109",711.519204308447,728.790437238694,646.422742477482,1848.00105224956,1876.30797601698,1925.38051339988
"PHJJKLOP_00110",1252.08898939993,1252.17652360253,1264.04447167626,3610.42964198116,3367.56965082333,3202.69162084839
"PHJJKLOP_00111",1613.62390977094,1705.44862481196,1565.92175900486,4309.57486765981,4454.75920718276,4413.61029680035
"PHJJKLOP_00112",1368.75041737907,1358.82878271063,1377.11511640005,3886.26428179969,4246.38120888053,3790.31418618351
"PHJJKLOP_00113",555.585612455135,594.487592435899,550.419364881816,1449.2697907297,1426.93629272175,1370.45869790635
"PHJJKLOP_00114",345.364029364003,394.020846149375,343.478750953382,977.710901534988,899.649357887427,1001.8320633285
"PHJJKLOP_00115",1215.12695281248,1367.71647096964,1273.64480943583,2397.84964119475,2292.15798132446,2304.90739792492
"PHJJKLOP_00116",231.012728671574,234.042457487223,203.740501341913,415.117477746699,458.431596264892,456.819565968783
"PHJJKLOP_00117",2112.61140370154,2001.70490011224,1965.93583232013,6492.58300721372,6734.23331034969,6622.39730882729
"PHJJKLOP_00118",1.15506364335787,0.987520917667607,0,0.910345345935743,0.90599129696619,0
"PHJJKLOP_00119",4801.59956543866,4649.24848037909,4619.89587074253,18999.8177150249,18810.191307612,18861.3961358998
"PHJJKLOP_00120",1697.94355573607,1663.97274626992,1660.85843240502,6738.37625061637,6669.00193696812,7183.26471520111
"PHJJKLOP_00121",1146.97819785436,1166.26220376544,1206.44244511887,5016.00285610594,5042.74755891381,5070.59808907216
"PHJJKLOP_00122",273.750083475815,339.707195677657,297.610470546564,2101.07705841969,2306.65384207592,2426.79201097083
"PHJJKLOP_00123",2422.16846012145,2295.98613357719,2236.87869797901,6709.24519954642,6441.59812142961,6283.49862865088
"PHJJKLOP_00124",6506.47350303487,6780.31862070579,6538.89671846034,12403.4553383745,12768.1353481445,12494.6592349249
"PHJJKLOP_00125",3440.93459356309,3468.17346284863,3394.25275010454,6883.12116062015,7111.12568988763,6924.63151190859
"PHJJKLOP_00126",11390.0825871519,11366.3657623542,11112.9243087961,19436.783481074,17904.2000106458,17646.5137326943
"PHJJKLOP_00127",2047.9278396735,1995.77977460623,2058.73909732927,3933.60223978834,3677.41867438576,3842.83357229272
"PHJJKLOP_00128",2776.77299863231,3092.91551413494,2944.10357960041,7315.53519993963,7718.13985885497,7190.20123789478
"PHJJKLOP_00129",1907.01007518384,1890.1150364158,1891.26653863461,3806.15389135734,3576.85364042252,3636.7197551094
"PHJJKLOP_00130",1317.92761707133,1229.46354249617,1123.23951786929,2082.87015150098,2012.20667056191,1955.10846780132
"PHJJKLOP_00131",1942.81704812793,1711.37375031796,1750.46158482764,3298.1811883252,2685.35820420779,2676.50682794292
"PHJJKLOP_00132",1578.97200047021,1518.80717137278,1597.92288487008,3240.82943153124,2382.75711102108,2418.86455646377
"PHJJKLOP_00133",1912.78539340063,1871.35213898011,1781.39600649735,3511.20199927416,3377.53555508996,3112.51682583069
"PHJJKLOP_00134",5690.99857082422,5002.7809689041,5216.18351603117,8068.39080102849,7920.17591807843,7759.98703058903
"PHJJKLOP_00135",2141.48799478549,2351.28730496657,2332.88207557468,5195.34088925528,4801.75387392081,4760.43643148381
"PHJJKLOP_00136",1091.53514297319,1015.1715033623,1019.76921090507,319.531216423446,303.507084483674,301.243271267918
"PHJJKLOP_00137",8820.06598068068,8560.81883526048,8832.31073880124,3848.94012261632,4063.37096689336,4026.15595776826
"PHJJKLOP_00138",21.9462092237995,21.7254601886873,19.2006755191331,28.220705724008,36.2396518786476,45.5828634155402
"PHJJKLOP_00139",0,0,0,0,0,0
"PHJJKLOP_00140",0,0,0,0.910345345935743,1.81198259393238,0
"PHJJKLOP_00141",1.15506364335787,0,0,0.910345345935743,0,0.990931813381309
"PHJJKLOP_00142",0,0,0,0,0,0
"PHJJKLOP_00143",0,0,0,0,0,0
"PHJJKLOP_00144",0,0,0,0,0,0
"PHJJKLOP_00146",24.2563365105152,32.588190283031,37.3346468427589,5.46207207561446,6.34193907876333,3.96372725352524
"PHJJKLOP_00147",0,0,0,0,0,0
"PHJJKLOP_00148",0,0,0,0,0,0
"PHJJKLOP_00149",0,0,0,0,0,0
"PHJJKLOP_00150",88.9399005385558,80.9767152487437,71.4691810989955,17.2965615727791,15.4018520484252,12.882113573957
"PHJJKLOP_00151",0,0,0,0,0,0
"PHJJKLOP_00152",0,0,0,0,0,0
"PHJJKLOP_00153",0,0,0,0,0,0
"PHJJKLOP_00154",423.908357112338,495.735500669139,457.616099872673,21.8482883024578,18.1198259393238,16.8458408274823
"PHJJKLOP_00155",366.155174944444,395.99588798471,361.612722277007,24.5793243402651,28.0857302059519,38.646340721871
"PHJJKLOP_00156",1741.83597418367,1825.9261767674,1874.1992715065,83.7517718260883,71.573312460329,77.2926814437421
"PHJJKLOP_00157",21.9462092237995,33.5757112006986,27.7343090831923,1.82069069187149,0,0.990931813381309
"PHJJKLOP_00158",301.471610916404,284.406024288271,250.675485944238,1.82069069187149,4.52995648483095,5.94559088028785
"PHJJKLOP_00159",367.310238587802,381.183074219696,408.547706879333,7.28276276748594,4.52995648483095,5.94559088028785
"PHJJKLOP_00160",241.408301461794,261.693043181916,221.874472665538,3.64138138374297,4.52995648483095,5.94559088028785
"PHJJKLOP_00161",365.000111301086,351.557446689668,370.146355841067,8.19310811342168,2.71797389089857,5.94559088028785
"PHJJKLOP_00162",248.338683321942,243.917666663899,208.007318123942,3.64138138374297,3.62396518786476,2.97279544014393
"PHJJKLOP_00163",255.269065182089,307.119005394626,305.077399915115,6.3724174215502,4.52995648483095,4.95465906690654
"PHJJKLOP_00164",102.80066425885,107.639780025769,77.8694062720399,2.73103603780723,4.52995648483095,1.98186362676262
"PHJJKLOP_00165",954.082569413599,964.807936561252,932.299466873464,17.2965615727791,13.5898694544928,16.8458408274823
"PHJJKLOP_00166",280.680465335962,246.880229416902,241.075148184672,5.46207207561446,1.81198259393238,0.990931813381309
"PHJJKLOP_00167",731.15528624553,720.890269897353,674.157051560675,64.6345195614377,44.3935735513433,54.501249735972
"PHJJKLOP_00168",234.477919601647,224.167248310547,246.408669162209,12.7448348431004,19.9318085332562,14.8639772007196
"PHJJKLOP_00169",915.965469182789,884.818742230176,963.233888543179,37.3241591833655,38.05163447258,26.7551589612953
"PHJJKLOP_00170",39.2721638741675,46.4134831303775,49.0683929933402,0.910345345935743,3.62396518786476,2.97279544014393
"PHJJKLOP_00171",88.9399005385558,79.0016734134085,89.6031524226213,4.55172672967871,1.81198259393238,1.98186362676262
"PHJJKLOP_00172",1077.67437925289,942.094955454897,1034.70306964217,58.2621021398875,40.7696083634785,46.5737952289215
"PHJJKLOP_00173",458.560266413074,438.459287444417,497.084155106447,23.6689789943293,21.7437911271886,20.8095680810075
"PHJJKLOP_00174",240.253237818437,232.067415651888,245.341964966701,13.6551801890361,17.2138346423576,12.882113573957
"PHJJKLOP_00175",128.212064412723,106.652259108102,98.1367859866805,3.64138138374297,6.34193907876333,0.990931813381309
"PHJJKLOP_00176",333.813392930424,378.220511466693,362.679426472515,365.048483720233,374.174405647036,444.928384208208
"PHJJKLOP_00177",661.851467644058,716.940186226682,726.425557140537,76.4690090586024,63.4193907876333,64.4105678697851
"PHJJKLOP_00178",31.1867183706624,31.6006693653634,41.6014636247885,10.0137988052932,18.1198259393238,22.7914317077701
"PHJJKLOP_00179",0,0,0,0,0,0
"PHJJKLOP_00180",0,0,0,0,0,0
"PHJJKLOP_00181",0,0,0,0,0,0
"PHJJKLOP_00182",0,0,0,0,0,0
"PHJJKLOP_00183",240.253237818437,252.805354922907,218.674360079016,29.1310510699438,23.5557737211209,22.7914317077701
"PHJJKLOP_00184",146.693082706449,136.27788663813,119.470869896828,11.8344894971647,15.4018520484252,7.92745450705047
"PHJJKLOP_00185",301.471610916404,306.131484476958,272.009569854386,20.9379429565221,25.3677563150533,30.7188862148206
"PHJJKLOP_00186",92.4050914686295,120.477551955448,91.7365608136361,10.0137988052932,9.0599129696619,6.93652269366916
"PHJJKLOP_00187",388.101384168244,409.821180832057,424.548269811944,26.4000150321365,26.2737476120195,27.7460907746766
"PHJJKLOP_00188",57.7531821678934,27.650585694693,35.2012384517441,7.28276276748594,3.62396518786476,2.97279544014393
"PHJJKLOP_00189",321.107692853487,258.730480428913,256.009006921775,19.1172522646506,23.5557737211209,19.8186362676262
"PHJJKLOP_00190",110.886109762355,117.514989202445,123.737686678858,13.6551801890361,9.0599129696619,11.8911817605757
"PHJJKLOP_00191",71.6139458881878,87.889361672417,83.2029272495769,3.64138138374297,1.81198259393238,2.97279544014393
"PHJJKLOP_00192",5613.60930671924,5302.98732787505,5183.11568597044,226.675991138,233.745754617277,204.13195355655
"PHJJKLOP_00193",2516.88367887679,2669.26904045554,2676.36082652806,111.972477550096,117.778868605605,112.966226725469
"PHJJKLOP_00194",1537.38970930932,1740.01185693032,1674.72558694661,75.5586637126667,64.3253820845995,90.1747950176991
"PHJJKLOP_00195",1.15506364335787,1.97504183533521,2.13340839101479,0,0,0.990931813381309
"PHJJKLOP_00196",587.927394469155,674.476786766975,651.756263455019,23.6689789943293,21.7437911271886,21.8004998943888
"PHJJKLOP_00197",38.1171002308096,34.5632321183662,42.6681678202959,0,1.81198259393238,1.98186362676262
"PHJJKLOP_00198",129.367128056081,137.265407555797,165.339150303646,3.64138138374297,10.8718955635943,7.92745450705047
"PHJJKLOP_00199",1466.93082706449,1285.75223480322,1300.31241432352,51.8896847183373,34.4276692847152,21.8004998943888
"PHJJKLOP_00200",2059.47847610708,1997.75481644157,1751.52828902314,63.724174215502,52.547495224039,77.2926814437421
"PHJJKLOP_00201",522.088766797756,527.336170034502,550.419364881816,17.2965615727791,19.9318085332562,12.882113573957
"PHJJKLOP_00202",1106.55097033684,1091.21061402271,893.898115835198,34.5931231455582,31.7096953938166,34.6826134683458
"PHJJKLOP_00203",6402.51777513266,6097.94166659747,6388.4914268938,174.786306419663,173.950329017508,164.494681021297
"PHJJKLOP_00204",4883.60908411707,4557.409035036,4782.03490845966,936.745360967879,902.367331778325,947.330813592531
"PHJJKLOP_00205",2623.14953406572,2510.27817271106,2677.42753072356,48.2483033345944,64.3253820845995,65.4014996831664
"PHJJKLOP_00206",3367.01052038819,3324.98292978683,3488.12271930919,262.179459629494,205.660024411325,215.032203503744
"PHJJKLOP_00207",1402.24726303645,1763.71235895435,1435.78384715296,26.4000150321365,34.4276692847152,24.7732953345327
"PHJJKLOP_00208",705.743886091657,758.416064768722,758.426683005759,804.745285807197,799.990315221146,862.110677641739
"PHJJKLOP_00209",388.101384168244,392.04580431404,346.678863539904,401.462297557663,427.627892168042,376.554089084897
"PHJJKLOP_00210",467.800775559937,487.835333327798,438.41542435354,174.786306419663,177.574294205373,166.47654464806
"PHJJKLOP_00211",754.256559112688,740.640688250705,734.959190704596,963.145376000016,1093.53149543819,1097.95244922649
"PHJJKLOP_00212",29719.7875435979,29614.7647999339,29190.3603100599,22734.0543240533,24255.1990023788,23611.9232492498
"PHJJKLOP_00213",935.601551119873,850.255510111809,834.162680886784,2693.71187862386,2968.9334801582,2950.99494024954
"PHJJKLOP_00214",3629.20996743042,3040.57690549856,3144.6439683558,1470.20773368622,1539.27921354556,1632.06469663902
"PHJJKLOP_00215",479.351411993515,466.10987313911,476.816775391806,171.14492503592,150.394555296388,158.549090141009
"PHJJKLOP_00216",1095.00033390326,1072.44771658702,1018.70250670956,385.076081330819,451.183665889163,469.70167954274
"PHJJKLOP_00217",2112.61140370154,2173.5335397864,2191.01041757219,5584.96869731578,5614.42806729948,5220.22879289274
"PHJJKLOP_00218",1949.74742998808,1895.05264100414,1945.66845260549,3830.73321569761,3569.60571004679,3411.77823347185
"PHJJKLOP_00219",2951.18760877935,2900.34893518976,2907.83563695316,4676.44404207191,4987.48208979888,4838.72004474093
"PHJJKLOP_00220",3936.45689656361,3844.41893247999,3601.19336403297,5206.26503340651,5040.02958502291,4941.77695333259
"PHJJKLOP_00221",3135.99779171661,3159.07941561867,3023.03969006796,3219.89148857472,3511.62226704095,3571.31825542624
"PHJJKLOP_00222",3029.73193652769,2798.63428067,2804.36532998895,11750.7377253386,9930.57060604641,9585.2834308374
"PHJJKLOP_00223",606.408412762881,582.637341423888,622.95525017632,4026.45746507379,3713.65832626441,3680.32075489818
"PHJJKLOP_00225",136.297509916228,116.527468284778,124.804390874365,164.772507614369,154.018520484252,125.848340299426
"PHJJKLOP_00226",0,0,0,0,0,0
"PHJJKLOP_00227",27.7215274405888,30.6131484476958,36.2679426472515,26.4000150321365,26.2737476120195,24.7732953345327
"PHJJKLOP_00228",33.4968456573782,45.4259622127099,35.2012384517441,25.4896696862008,36.2396518786476,26.7551589612953
"PHJJKLOP_00229",42.7373548042411,49.3760458833803,56.535322361892,20.9379429565221,25.3677563150533,29.7279544014393
"PHJJKLOP_00230",11765.4782712432,11500.6686071569,12042.023663083,12421.6622452932,11525.1152887069,10999.3431285325
"PHJJKLOP_00231",3594.55805812969,3515.57446689668,3581.99268851384,5247.23057397362,4431.20343346164,4474.05713741661
"PHJJKLOP_00232",317.642501923414,276.50585694693,316.811146065697,485.214069383751,490.141291658709,499.42963394418
"PHJJKLOP_00233",31.1867183706624,19.7504183533521,38.4013510382663,33.6827777996225,31.7096953938166,24.7732953345327
"PHJJKLOP_00234",1878.13348409989,1849.62667879143,2148.3422497519,294.951892083181,314.378980047268,290.343021320723
"PHJJKLOP_00235",467.800775559937,534.248816458175,516.28483062558,60.082792831759,66.1373646785319,62.4287042430225
"PHJJKLOP_00236",6194.60631932825,6268.78278535397,6410.89221499945,3379.20192411348,3883.98469009406,3850.76102679977
"PHJJKLOP_00237",15474.3876300654,14778.2505328957,14685.3166595503,14542.7669013235,15321.2188229952,15507.0919476041
"PHJJKLOP_00238",8828.15142618419,8807.69906467738,8534.70026825468,8397.02547091129,8247.23877628323,8411.02923198055
"PHJJKLOP_00239",845.506586937959,810.754673405105,761.626795592281,832.965991531205,871.563627681475,892.829563856559
"PHJJKLOP_00240",694.193249658079,736.690604580034,686.957501906763,413.296787054827,391.388240289394,386.46340721871
"PHJJKLOP_00241",537.104594161409,461.172268550772,460.816212459195,774.703889391317,844.383888772489,882.920245722746
"PHJJKLOP_00242",435.458993545916,434.509203773747,451.215874699629,2485.24279440458,2545.83554447499,2413.90989739687
"PHJJKLOP_00243",31.1867183706624,21.7254601886873,19.2006755191331,46.4276126427229,48.9235300361743,54.501249735972
"PHJJKLOP_00244",266.819701615667,260.705522264248,260.275823703805,460.634745043486,400.448153259056,422.136952500438
"PHJJKLOP_00245",132.832318986155,136.27788663813,156.805516739587,114.703513587904,103.283007854146,109.002499471944
"PHJJKLOP_00246",10416.3639358013,10451.9213925939,10590.2392529974,88287.1123395402,89378.7594196055,90123.2665634033
"PHJJKLOP_00247",27222.5399466582,23793.3289902833,27482.5668930526,203788.088450484,198338.708740541,173402.167091782
"PHJJKLOP_00248",7520.61938190308,7404.43184067171,7539.46525384628,41908.6583454979,46394.0023350447,43078.7787231256
"PHJJKLOP_00249",8331.4740595403,8470.95443175273,8584.83536544353,49550.0971792825,54399.3414350379,51933.745407501
"PHJJKLOP_00250",1575.50680954013,1523.74477596112,1629.9240107353,1202.56620198112,1036.45404372932,1056.33331306448
"PHJJKLOP_00251",2007.50061215597,2113.29476380868,1903.0002847852,1338.20765852554,1339.96112821299,1383.34081148031
"PHJJKLOP_00252",1223.21239831598,1175.14989202445,1255.51083811221,1288.13866449908,1154.23291233493,1262.44713024779
"PHJJKLOP_00253",1332.94344443498,1310.44025774491,1258.71095069873,729.18662209453,613.356108046111,694.643201180298
"PHJJKLOP_00254",1577.81693682685,1654.09753709324,1670.45877016458,5007.80974799252,4817.15572596923,5026.00615747
"PHJJKLOP_00255",92.4050914686295,150.103179485476,137.604841220454,99.227642706996,73.3852950542614,102.065976778275
"PHJJKLOP_00256",347.674156650718,309.094047229961,358.412609690485,559.862387750482,493.765256846574,492.493111250511
"PHJJKLOP_00257",3988.43476051472,4433.96892032755,4153.7461373058,1511.17327425333,1583.6727870969,1663.77451466722
"PHJJKLOP_00258",561.360930671924,642.876117401612,629.355475349364,1308.16626210966,1202.25045107413,1479.46119737829
"PHJJKLOP_00259",304.936801846477,299.218838053285,299.743878937578,1032.33162229113,1120.71123434718,1109.84363098707
"PHJJKLOP_00260",170.949419216964,178.741286097837,157.872220935095,180.248378495277,178.480285502339,174.40399915511
"PHJJKLOP_00261",200.981073944269,231.07989473422,200.540388755391,129.269039122875,139.522659732793,141.703249313527
"PHJJKLOP_00262",133.987382629513,130.352761132124,132.271320242917,42.7862312589799,40.7696083634785,48.5556588556841
"PHJJKLOP_00263",296.851356342972,324.894381912643,314.677737674682,301.324309504731,378.704362131867,313.134453028494
"PHJJKLOP_00264",273.750083475815,275.518336029262,246.408669162209,167.503543652177,183.01024198717,174.40399915511
"PHJJKLOP_00265",642.215385706975,636.950991895606,648.556150868497,718.262477943301,605.202186373415,648.069405951376
"PHJJKLOP_00266",2463.75075128233,2491.51527527537,2294.48072453641,4512.58187980348,3962.80593293011,4054.89298035632
"PHJJKLOP_00267",988.734478714335,949.00760187857,937.632987851001,1655.91818425712,1686.95579495105,1713.32110533628
"PHJJKLOP_00268",462.025457343147,418.708869091065,414.947932052377,1421.04908500569,1056.38585226258,971.113177113683
"PHJJKLOP_00269",252.958937895373,273.543294193927,283.743316004967,628.138288695662,572.586499682632,582.66790626821
"PHJJKLOP_00270",531.329275944619,505.610709845815,542.952435513265,1744.22168281288,1758.52910741137,1791.60471859341
"PHJJKLOP_00271",2105.68102184139,1966.1541470762,2015.00422531347,5410.18239089612,4456.57118977669,4902.13968079734
"PHJJKLOP_00272",2254.68423183456,2381.90045341427,2247.54573993408,4500.74739030631,4379.56192953456,4284.78916106078
"PHJJKLOP_00273",1808.82966549842,1776.55013088402,1661.92513660052,1323.64213299057,1239.39609424975,1176.23606248361
"PHJJKLOP_00274",1130.80730684735,1083.31044668136,987.768085039849,816.579775304361,762.844672045532,808.600359719148
"PHJJKLOP_00275",577.531821678934,613.250489871584,566.419927814427,891.228093671092,865.221688602711,851.210427694544
"PHJJKLOP_00276",3331.20354744409,3046.50203100457,3217.17985365031,5896.30680562581,6269.45977500603,6764.10055814081
"PHJJKLOP_00277",0,0,0,0,0,0
"PHJJKLOP_00278",12436.5702480342,12483.2519202362,12420.7036524881,7965.52177693775,8593.32745172431,8628.04329911106
"PHJJKLOP_00279",371.930493161234,341.682237512992,348.812271930919,535.283063410217,572.586499682632,579.695110828066
"PHJJKLOP_00280",11755.082698453,12164.2826638296,12124.1598861371,4340.52660942162,5028.25169816235,4846.64749924798
"PHJJKLOP_00281",27557.508403232,25709.1195705585,25695.8373655777,5393.79617466928,5776.60050945643,5963.42765292872
"PHJJKLOP_00282",195.20575572748,189.60401619218,197.340276168868,599.007237625719,684.023429209473,704.552519314111
"PHJJKLOP_00283",5457.67571486593,5225.96069629697,5282.31917615263,10236.8334150474,9471.23301848455,8818.30220728027
"PHJJKLOP_00284",1246.31367118314,1120.83624155273,1104.03884235016,1925.3804066541,1946.97529718034,1992.76387670981
"PHJJKLOP_00285",2737.50083475815,2616.93043181916,2842.76668102721,4163.00926696415,4206.51759181402,4143.08591174725
"PHJJKLOP_00286",331.503265643708,363.407697701679,345.612159344396,803.834940461261,767.374628530363,822.473405106486
"PHJJKLOP_00287",1287.89596234402,1263.03925369687,1163.77427729857,1528.46983582611,1508.47550944871,1495.3161063924
"PHJJKLOP_00288",323.417820140203,331.807028336316,308.277512501638,444.248528816642,462.055561452757,442.946520581445
"PHJJKLOP_00289",264.509574328952,260.705522264248,300.810583133086,426.951967243863,417.661987901414,357.726384630652
"PHJJKLOP_00290",19824.3573109511,19917.309388438,19615.6234511855,14386.1875018225,14122.592337109,14108.8871589231
"PHJJKLOP_00291",5830.76127167052,5935.00071518232,5680.19984107689,8174.90120650297,7594.92504246757,7170.38260162715
"PHJJKLOP_00292",8168.61008582684,8641.79555050922,8061.08360544939,17728.9756120986,17742.0275684889,16580.2711014961
"PHJJKLOP_00293",2051.39303060357,2159.70824693906,1933.93470645491,7838.98377385268,7180.88701975402,7028.67935231362
"PHJJKLOP_00294",7939.90748444198,7134.83863014846,7153.3183350726,1650.4561121815,1914.35961048956,1735.12160523067
"PHJJKLOP_00295",3638.45047657728,3433.61023073027,3510.52350741484,1108.80063134973,1176.88269475908,1092.99779015958
"PHJJKLOP_00296",4204.43166182264,3972.79665177678,4103.61104011695,2781.10503183369,2621.03282212319,2697.31639602392
"PHJJKLOP_00297",45782.1025681325,44629.0328321521,46068.8207955734,28704.0991026999,28845.8569041065,27278.3709587607
"PHJJKLOP_00298",696.503376944794,806.804589734435,726.425557140537,1121.54546619284,1137.92506898953,1187.13631243081
"PHJJKLOP_00299",784.288213839992,851.243031029477,779.760766915907,1246.26277858603,1145.17299936526,1118.7620173075
"PHJJKLOP_00300",266.819701615667,227.12981106355,193.073459386839,599.007237625719,523.662969646458,523.211997465331
"PHJJKLOP_00301",177.879801077112,175.778723344834,181.339713236257,1028.69024090739,894.213410105629,927.512177324905
"PHJJKLOP_00302",911.345214609358,905.556681501195,958.967071761149,1074.20750820418,1182.31864254088,1150.4718353357
"PHJJKLOP_00303",895.174323602348,929.257183525218,984.567972453327,157.489744846883,154.018520484252,184.313317288923
"PHJJKLOP_00304",14790.5899531975,13419.4217501851,13119.3949005455,2465.21519679399,2800.41909892249,2719.11689591831
"PHJJKLOP_00305",1682.92772837241,1902.95280834548,1952.06867777854,532.552027372409,416.755996604447,473.665406796266
"PHJJKLOP_00306",525.55395772783,512.523356269488,544.019139708772,810.207357882811,756.502732966769,741.216996409219
"PHJJKLOP_00307",1537.38970930932,1521.76973412578,1436.85055134846,8285.96333870713,7943.73169179955,7872.9532573145
"PHJJKLOP_00308",667.626785860848,681.389433190649,649.622855064004,7008.74881835928,7753.47351943665,7640.08428116989
"PHJJKLOP_00309",5.77531821678934,7.90016734134085,5.33352097753698,11.8344894971647,16.3078433453914,22.7914317077701
"PHJJKLOP_00310",20.7911455804416,23.7005020240226,18.1339713236257,35.503468491494,29.8977127998843,19.8186362676262
"PHJJKLOP_00311",6.93038186014721,6.91264642367325,10.667041955074,15.4758708809076,14.495860751459,17.8367726408636
"PHJJKLOP_00312",13.8607637202944,5.92512550600564,11.7337461505814,14.5655255349719,8.15392167269571,18.8277044542449
"PHJJKLOP_00313",1.15506364335787,0.987520917667607,5.33352097753698,4.55172672967871,6.34193907876333,4.95465906690654
"PHJJKLOP_00314",28.8765910839467,25.6755438593578,32.0011258652219,20.9379429565221,42.5815909574109,37.6554089084897
"PHJJKLOP_00315",20.7911455804416,24.6880229416902,27.7343090831923,41.8758859130442,32.6156866907828,44.5919316021589
"PHJJKLOP_00316",4431.97919956414,4447.7942131749,4432.15593233323,546.207207561446,634.193907876333,644.105678697851
"PHJJKLOP_00317",339.588711147213,358.470093113341,337.078525780337,840.248754298691,737.476915730479,955.258268099582
"PHJJKLOP_00318",1247.4687348265,1239.33875167285,1302.44582271453,2603.58768937622,2412.65482382096,2625.96930546047
"PHJJKLOP_00319",1798.4340927082,1591.88371928018,1635.25753171284,1276.30417500191,1205.874416262,1310.01185729009
"PHJJKLOP_00320",993.354733287767,922.344537101545,993.101606017386,852.083243795855,698.519289960932,701.579723873967
"PHJJKLOP_00321",3623.43464921363,3702.21592033586,3827.33465348054,893.048784362964,1055.47986096561,1002.82299514188
"PHJJKLOP_00322",5178.15031317332,4706.52469360381,4774.56797909111,1372.8007816711,1268.38781575267,1346.6763343852
"PHJJKLOP_00323",16982.9007482907,16164.7299013011,16011.229974566,7031.50745200768,7544.18952983746,7182.27378338773
"PHJJKLOP_00324",4667.61218280914,4400.39320912686,4391.62117290395,3135.2293714027,2938.12977606135,2936.13096304882
"PHJJKLOP_00325",7037.80277897949,6585.77699992527,6633.8333918605,4000.05745004165,3537.89601465297,3542.58123283818
"PHJJKLOP_00326",1600.91820969401,1556.33296624415,1565.92175900486,686.40039083555,612.450116749144,634.196360564038
"PHJJKLOP_00327",227.5475377415,208.366913627865,215.474247492494,437.876111395092,430.34586605894,468.710747729359
"PHJJKLOP_00328",105.110791545566,104.677217272766,97.0700817911731,218.482883024578,190.2581723629,172.422135528348
"PHJJKLOP_00329",25.4114001538731,17.7753765180169,21.3340839101479,38.2345045293012,20.8377998302224,30.7188862148206
"PHJJKLOP_00330",92.4050914686295,74.0640688250705,78.9361104675473,161.131126230626,125.026798981334,127.830203926189
"PHJJKLOP_00331",3.4651909300736,0,1.0667041955074,4.55172672967871,8.15392167269571,7.92745450705047
"PHJJKLOP_00332",27.7215274405888,25.6755438593578,18.1339713236257,29.1310510699438,43.4875822543771,36.6644770951084
"PHJJKLOP_00333",16.1708910070102,16.7878556003493,14.9338587371035,29.1310510699438,28.9917215029181,26.7551589612953
"PHJJKLOP_00334",21.9462092237995,17.7753765180169,28.8010132786997,36.4138138374297,40.7696083634785,49.5465906690654
"PHJJKLOP_00335",25.4114001538731,14.8128137650141,9.60033775956657,20.9379429565221,35.3336605816814,24.7732953345327
"PHJJKLOP_00336",43.892418447599,46.4134831303775,38.4013510382663,46.4276126427229,45.2995648483095,49.5465906690654
"PHJJKLOP_00337",8.08544550350508,6.91264642367325,7.46692936855177,4.55172672967871,4.52995648483095,7.92745450705047
"PHJJKLOP_00338",8.08544550350508,9.87520917667607,14.9338587371035,15.4758708809076,19.9318085332562,12.882113573957
"PHJJKLOP_00339",10.3955727902208,9.87520917667607,8.53363356405917,12.7448348431004,15.4018520484252,10.9002499471944
"PHJJKLOP_00340",32.3417820140203,15.8003346826817,19.2006755191331,6.3724174215502,19.9318085332562,14.8639772007196
"PHJJKLOP_00341",69.3038186014721,66.1639014837296,64.0022517304438,81.9310811342169,93.3171035875176,83.2382723240299
"PHJJKLOP_00342",352.29441122415,373.282906878355,416.014636247885,479.751997308136,549.030725961511,527.175724718856
"PHJJKLOP_00343",185.965246580617,155.040784073814,199.473684559883,68.2759009451807,67.9493472724643,63.4196360564038
"PHJJKLOP_00344",136.297509916228,128.377719296789,156.805516739587,156.579399500948,127.744772872233,140.712317500146
"PHJJKLOP_00345",128.212064412723,111.58986369644,121.604278287843,173.875961073727,174.856320314475,168.458408274823
"PHJJKLOP_00346",84.3196459651244,78.0141524957409,89.6031524226213,143.834564657847,166.702398641779,139.721385686765
"PHJJKLOP_00347",152.468400923239,136.27788663813,145.071770589006,272.193258434787,271.797389089857,264.578794172809
"PHJJKLOP_00348",145.538019063091,143.190533061803,134.404728633932,335.917432650289,303.507084483674,344.844271056696
"PHJJKLOP_00349",4863.97300217998,5090.67033057651,4774.56797909111,6710.15554489236,8403.97527065838,8601.28814014976
"PHJJKLOP_00350",3630.36503107378,3628.15185151079,3531.85759132499,4665.51989792068,4422.14352049197,4314.51711546222
"PHJJKLOP_00351",593.702712685944,540.173941964181,553.619477468339,1314.53867953121,1185.03661643178,1163.35394890966
"PHJJKLOP_00352",209.066519447774,187.628974356845,195.206867777854,296.772582775052,286.293249841316,313.134453028494
"PHJJKLOP_00353",139.762700846302,153.065742238479,144.005066393499,281.296711894144,282.669284653451,233.859907957989
"PHJJKLOP_00354",70.45888224483,57.2762132247212,66.1356601214586,168.413888998112,203.848041817393,177.376794595254
"PHJJKLOP_00355",477.0412847068,457.222184880102,470.416550218762,488.855450767494,472.021465719385,505.375224824468
"PHJJKLOP_00356",555.585612455135,493.760458833803,535.485506144713,497.048558880916,519.133013161627,526.184792905475
"PHJJKLOP_00357",252.958937895373,240.955103910896,264.542640485834,284.938093277888,347.900658035017,319.080043908781
"PHJJKLOP_00358",168.639291930249,185.65393252151,165.339150303646,258.538078245751,248.241615368736,263.587862359428
"PHJJKLOP_00359",21.9462092237995,25.6755438593578,29.8677174742071,56.4414114480161,59.7954255997685,66.3924314965477
"PHJJKLOP_00360",103.955727902208,84.9267989194142,91.7365608136361,102.869024090739,116.872877308639,91.1657268310804
"PHJJKLOP_00361",18.4810182937259,15.8003346826817,28.8010132786997,20.0275976105863,18.1198259393238,16.8458408274823
"PHJJKLOP_00362",13.8607637202944,9.87520917667607,14.9338587371035,14.5655255349719,17.2138346423576,17.8367726408636
"PHJJKLOP_00363",1259.01937126008,1216.62577056649,1164.84098149408,2775.64295975808,2526.8097272387,2690.37987333025
"PHJJKLOP_00364",497.832430287241,549.061630223189,553.619477468339,1378.26285374671,1380.73073657647,1492.34331095225
"PHJJKLOP_00365",214.841837664563,225.154769228214,242.141852380179,82.8414264801526,94.2230948844838,82.2473405106486
"PHJJKLOP_00366",2305.5070321423,2565.57934410044,2583.55756151891,3606.78826059741,3893.95059436068,3919.13532192308
"PHJJKLOP_00367",125.901937126008,116.527468284778,117.337461505814,152.938018117205,177.574294205373,193.231703609355
"PHJJKLOP_00368",24.2563365105152,18.7628974356845,22.4007881056553,17.2965615727791,16.3078433453914,28.737022588058
"PHJJKLOP_00369",16.1708910070102,15.8003346826817,13.8671545415962,9.10345345935743,1.81198259393238,7.92745450705047
"PHJJKLOP_00370",857.057223371538,800.879464228429,1195.77540316379,61.9034835236305,56.1714604119038,61.4377724296412
"PHJJKLOP_00371",443.544439049421,392.04580431404,526.951872580654,7.28276276748594,5.43594778179714,8.91838632043178
"PHJJKLOP_00372",266.819701615667,243.917666663899,241.075148184672,244.882898056715,250.959589259635,257.64227147914
"PHJJKLOP_00373",132.832318986155,149.115658567809,142.938362197991,771.062508007574,728.417002760817,790.763587078284
"PHJJKLOP_00374",1007.21549700806,1030.97183804498,996.301718603908,1120.6351208469,1060.91580874741,1047.41492674404
"PHJJKLOP_00375",1259.01937126008,1334.14075976894,1202.17562833684,1589.46297400381,1435.09021439444,1413.06876588175
"PHJJKLOP_00376",99.3354733287767,52.3386086363831,61.868843339429,125.627657739133,134.086711950996,110.984363098707
"PHJJKLOP_00377",1171.23453436488,1131.69897164708,1091.23839200407,1380.08354443859,1387.07267565524,1323.88490267743
"PHJJKLOP_00378",1955.52274820487,1994.79225368857,1976.60287427521,41788.4927598343,43125.1857355906,38354.0158369236
"PHJJKLOP_00379",1813.44992007185,1695.57341563528,1589.38925130602,32116.0734592671,29229.9972140202,29508.958470682
"PHJJKLOP_00380",501.297621217315,488.822854245465,477.883479587314,1024.13851417771,922.299140311581,949.312677219294
"PHJJKLOP_00381",7206.44207090974,7310.61735349329,7113.85027983883,21373.0880318794,21129.5290278455,20512.2885369931
"PHJJKLOP_00382",40376.4047172176,41402.8019941321,42096.4143715039,7659.64574070334,7522.44573871028,7499.37196366975
"PHJJKLOP_00383",418.133038895548,434.509203773747,475.750071196299,1195.28343921363,1224.90023349829,1325.86676630419
"PHJJKLOP_00384",2183.07028594637,2101.44451279667,2115.27441969117,5351.0099434103,4431.20343346164,4507.74881907157
"PHJJKLOP_00385",2218.87725889046,2166.62089336273,2141.94202457885,4336.88522803788,4764.60823074519,3787.34139074336
"PHJJKLOP_00386",1648.27581907168,1818.02600942606,1719.52716315792,5705.1342829793,5965.95269052236,5784.0689947067
"PHJJKLOP_00387",1030.31676987522,1073.43523750469,1045.37011159725,5012.3614747222,4752.83034388463,4604.86013678294
"PHJJKLOP_00388",616.803985553101,536.22385829351,470.416550218762,429.683003281671,441.217761622535,487.538452183604
"PHJJKLOP_00389",363.845047657728,410.808701749724,410.681115270348,1378.26285374671,1580.954813206,1517.11660628678
"PHJJKLOP_00390",87.784836895198,85.9143198370818,86.4030398360991,89.2138439017028,73.3852950542614,86.2110677641739
"PHJJKLOP_00391",0,0,1.0667041955074,0,0,0
"PHJJKLOP_00392",3845.20686873834,4349.04212140814,4234.81565616436,7658.7353953574,7534.22362557084,7747.10491701507
"PHJJKLOP_00419",0,0,0,0,0,0
"PHJJKLOP_00420",16863.9291930249,17063.3739363786,17179.2710686466,35003.6888965752,37518.0055986669,35830.1125082414
"PHJJKLOP_00421",1707.18406488293,1572.13330092683,1511.51984503398,2893.98785472973,2871.08642008586,2910.3667359009
"PHJJKLOP_00422",1075.36425196618,1125.77384614107,1101.90543395914,3318.20878593578,3081.27640098201,2820.19194088321
"PHJJKLOP_00423",31867.0508566002,30683.2624328502,31307.7681381421,30596.7070769003,23707.0742677143,23855.6924753416
"PHJJKLOP_00424",4462.01085429144,4287.81582451275,4284.95075335321,5995.5344483328,5649.76172788116,5223.20158833288
"PHJJKLOP_00425",2354.01970516333,2208.09677190477,2265.67971125771,2494.34624786394,2075.62606134954,2332.6534886996
"PHJJKLOP_00426",8234.44871349824,8667.47109436858,8642.43739200093,7424.77664145192,8290.7263585376,8173.20559676904
"PHJJKLOP_00427",3837.12142323484,3601.48878673376,3705.73037519269,3430.18126348588,3400.18533751411,3643.65627780307
"PHJJKLOP_00428",486.281793853662,372.295385960688,449.082466308614,1002.29022587525,974.84663553562,877.96558665584
"PHJJKLOP_00429",1037.24715173537,1043.80960997466,978.167747280282,2312.27717867679,2069.28412227078,2301.93460248478
"PHJJKLOP_00430",5598.59347935559,5425.43992166583,5427.39094674163,9991.04017164478,9604.41373913858,9195.84722817855
"PHJJKLOP_00431",304.936801846477,279.468419699933,286.94342859149,706.427988446136,671.339551051947,676.806428539434
"PHJJKLOP_00432",21518.8356757571,21893.3387446908,21598.6265506338,69159.8462760843,77610.8384633117,77325.3821935837
"PHJJKLOP_00433",3753.95684091307,3791.09280292594,3987.34028280665,4061.05058821935,4127.69634897796,4251.09747940581
"PHJJKLOP_00434",1791.50371084805,1545.4702361498,1656.59161562299,2172.99434074862,1756.71712481744,1752.95837787154
"PHJJKLOP_00435",142.072828133018,131.340282049792,154.672108348572,315.889835039703,305.319067077606,310.16165758835
"PHJJKLOP_00436",3805.93470486418,3780.2300728316,3647.06164443979,2302.26337987149,2429.86865846332,2363.37237491442
"PHJJKLOP_00437",261050.158717095,262837.579925493,258780.304421703,63467.4568279481,65609.1717524006,65746.3439542231
"PHJJKLOP_00438",979.493969567472,1154.41195275343,1097.63861717711,1101.51786858225,988.436504990113,1304.0662664098
"PHJJKLOP_00439",6213.08733762197,5945.86344527666,5789.00366901864,5201.71330667683,4859.73731692664,4790.16438588525
"PHJJKLOP_00440",5294.81174115247,4738.12536296918,4939.90712939475,3340.05707423824,2958.96757589158,2922.25791766148
"PHJJKLOP_00441",1846.94676572923,1804.20071657872,1813.39713236257,1022.31782348584,1073.59968690494,1116.78015368074
"PHJJKLOP_00442",6712.07483155257,6352.72206335571,6041.81256335389,3661.40898135356,3621.24721397386,3509.8804829966
"PHJJKLOP_00443",15149.8147462818,14564.9460146795,14773.8531077774,18154.1068886506,18169.6554606569,18190.5352982407
"PHJJKLOP_00444",4533.62480017963,4473.46975703426,4410.82184842308,6711.0658902383,6697.99365847104,6321.15403755937
"PHJJKLOP_00445",4696.48877389309,4630.48558294341,4638.02984206616,6601.82444872601,6052.92785503112,6026.84728898512
"PHJJKLOP_00446",2512.26342430336,2379.92541157893,2440.61919932092,3941.79534790177,3695.53850032509,3551.49961915861
"PHJJKLOP_00447",1759.16192883403,1600.77140753919,1596.85618067457,1974.53905533463,1783.89686372643,1713.32110533628
"PHJJKLOP_00448",4572.8969640538,4417.1810647272,4475.89080434903,4972.30627950103,4464.72511144938,4530.54025077934
"PHJJKLOP_00449",10910.7311751584,10421.3082441463,10472.9017914916,5046.04425252182,4954.86640310809,4375.95488789186
"PHJJKLOP_00450",18954.5943875026,17992.6311199038,16794.1908540684,10366.1024541703,9407.81362769692,9130.44572849538
"PHJJKLOP_00451",636.440067490185,596.462634271234,576.020265573994,884.855676249542,759.220706857667,792.745450705047
"PHJJKLOP_00452",1402.24726303645,1342.04092711028,1323.77990662468,1872.58037658982,1808.35862874452,1690.52967362851
"PHJJKLOP_00453",388.101384168244,345.632321183662,341.345342562367,526.179609950859,375.080396944003,377.545020898279
"PHJJKLOP_00454",689.572995084647,625.100740883595,678.423868342704,763.779745240088,736.570924433512,710.498110194398
"PHJJKLOP_00455",7610.71434608499,7181.25211327884,7759.2063181208,2969.54651844239,2844.81267247384,2848.92896347126
"PHJJKLOP_00456",1756.85180154732,1764.69987987201,1713.12693798488,784.71768819661,617.886064530942,590.59536077526
"PHJJKLOP_00457",6226.94810134227,6346.79693784971,5801.80411936473,8576.36350406063,8339.64988857378,8944.15054757969
"PHJJKLOP_00458",8370.74622341447,8572.66908627249,8223.22264316652,12453.524332401,13215.6950488458,12687.8909385343
"PHJJKLOP_00459",2270.85512284157,2274.2606733885,2099.27385675856,3641.38138374297,3810.5993950398,3608.97366433473
"PHJJKLOP_00460",278.370338049246,272.555773276259,327.478188020771,628.138288695662,555.372665040274,675.815496726053
"PHJJKLOP_00461",415.822911608832,452.284580291764,425.614974007451,813.848739266554,796.366350033281,859.137882201595
"PHJJKLOP_00462",509.38306672082,528.323690952169,534.418801949206,1563.97330431761,1773.02496816283,1788.63192315326
"PHJJKLOP_00463",3926.06132377339,3758.50461264291,3920.13791848968,4071.97473237058,3873.11279453046,3774.45927716941
"PHJJKLOP_00464",5485.39724230652,5456.05307011353,5531.92795790136,4955.00971792825,4963.02032478079,4790.16438588525
"PHJJKLOP_00465",1423.03840861689,1458.56839539505,1462.45145204064,1329.10420506618,1793.86276799306,1559.72667426218
"PHJJKLOP_00466",31662.6045917259,30177.6517230044,31699.2485778933,20354.4115897773,19149.9380439744,20045.5596528905
"PHJJKLOP_00467",15807.0459593524,16053.1400376046,16242.7047849911,14696.6152647866,13433.1329601177,13570.811184257
"PHJJKLOP_00468",1449.60487241412,1431.90533061803,1395.24908772367,3078.78795995468,2920.915941419,3005.49618998551
"PHJJKLOP_00469",2948.87748149264,2850.97288930638,2789.43147125184,3796.14009255205,3942.87412439686,4050.92925310279
"PHJJKLOP_00470",4360.36525367595,4034.02294867217,4073.74332264275,5500.30658014376,4932.21662068394,5102.30790710036
"PHJJKLOP_00471",2207.32662245689,2358.19995139024,2220.8781350464,2610.87045214371,2582.98118765061,2601.19601012594
"PHJJKLOP_00472",1182.78517079846,1193.91278946014,1140.30678499741,1589.46297400381,1470.42387497613,1465.58815199096
"PHJJKLOP_00473",2478.76657864598,2247.59760861147,2401.15114408715,2202.12539181856,2149.0113564038,2001.68226303024
"PHJJKLOP_00474",1502.73780000859,1480.29385558374,1444.31748071701,1095.1454511607,980.282583317418,997.868336074978
"PHJJKLOP_00475",6222.32784676884,6399.13554648609,5833.80524522995,3122.4845365596,2935.41180217046,3036.21507620033
"PHJJKLOP_00476",12.7057000769365,9.87520917667607,8.53363356405917,78.2896997504739,93.3171035875176,87.2019995775552
"PHJJKLOP_00477",1198.95606180547,1064.54754924568,1165.90768568958,2830.26368051422,2432.58663235422,2414.90082921025
"PHJJKLOP_00478",1918.56071161742,1817.0384885084,1885.93301765708,3468.41576801518,4460.19515496455,3931.02650368365
"PHJJKLOP_00479",570.601439818787,611.275448036248,577.086969769501,1596.74573677129,1783.89686372643,1696.4752645088
"PHJJKLOP_00480",1954.36768456151,1978.99191900588,1893.39994702563,5733.35498870331,6075.57763745527,5778.12340382641
"PHJJKLOP_00481",994.509796931124,895.681472324519,881.097665489109,2122.01500137622,1966.9071057136,2011.59158116406
"PHJJKLOP_00482",13687.5041737907,13381.8959553137,12805.7838670663,17198.2442754181,18658.8907610187,18232.1544344027
"PHJJKLOP_00483",4389.2418447599,4160.42562613363,4408.68844003207,3553.0778851872,3505.28032796219,3400.87798352465
"PHJJKLOP_00484",5081.12496713126,4901.06631438433,4878.03828605532,6112.96899795851,5309.10900022187,5050.77945280453
"PHJJKLOP_00485",1702.5638103095,1817.0384885084,1730.194205113,1983.64250879398,1877.21396731395,1768.81328688564
"PHJJKLOP_00486",1418.41815404346,1375.61663831098,1360.04784927193,1570.34572173916,1527.501326685,1586.48183322348
"PHJJKLOP_00487",3893.71954175937,3812.81826311463,3528.65747873847,4507.11980772786,4367.784042674,4410.63750136021
"PHJJKLOP_00488",1374.52573559586,1377.59168014631,1318.44638564714,1919.91833457848,2072.00209616168,1949.16287692103
"PHJJKLOP_00489",897.484450889064,909.506765171866,937.632987851001,535.283063410217,377.798370834901,404.300179859574
"PHJJKLOP_00490",6.93038186014721,3.95008367067043,5.33352097753698,27.3103603780723,26.2737476120195,29.7279544014393
"PHJJKLOP_00491",1.15506364335787,0,1.0667041955074,4.55172672967871,1.81198259393238,1.98186362676262
"PHJJKLOP_00492",1761.47205612075,1755.812191613,1814.46383655808,862.097042601148,808.144236893841,816.527814226199
"PHJJKLOP_00493",65.8386276713985,69.1264642367325,61.868843339429,345.020886109647,356.054579707713,435.019066074395
"PHJJKLOP_00494",490.902048427094,473.022519562784,510.951309648043,266.731186359173,286.293249841316,280.43370318691
"PHJJKLOP_00495",137.452573559586,108.627300943437,138.671545415962,343.200195417775,387.764275101529,411.236702553243
"PHJJKLOP_00496",86.6297732518401,101.714654519763,101.336898573203,351.393303531197,376.892379537935,364.662907324322
"PHJJKLOP_00497",101.645600615492,94.8020080960902,90.6698566181287,619.034835236305,629.663951391502,627.259837870369
"PHJJKLOP_00498",5844.62203539081,5604.18120776367,5741.00198022081,15758.9882834936,15384.6382137829,15529.8833793119
"PHJJKLOP_00499",2010.96580308605,1922.70322669883,2007.53729594492,467.917507810972,385.952292507597,443.937452394826
"PHJJKLOP_00500",70.45888224483,71.1015060720677,60.8021391439216,68.2759009451807,72.4793037572952,72.3380223768356
"PHJJKLOP_00501",242.563365105152,213.304518216203,240.008443989164,302.234654850667,335.21677987749,353.762657377127
"PHJJKLOP_00502",226.392474098142,189.60401619218,196.273571973361,1094.23510581476,1208.5923901529,1134.6169263216
"PHJJKLOP_00503",242.563365105152,287.368587041273,256.009006921775,1488.41464060494,1562.83498726668,1540.89896980794
"PHJJKLOP_00504",15.0158273636523,13.8252928473465,14.9338587371035,7.28276276748594,7.24793037572952,14.8639772007196
"PHJJKLOP_00505",169.794355573607,161.953430497487,182.406417431765,122.896621701325,125.026798981334,125.848340299426
"PHJJKLOP_00506",422.75329346898,390.070762478705,454.415987286151,350.482958185261,347.900658035017,356.735452817271
"PHJJKLOP_00507",1463.46563613442,1387.46688932299,1258.71095069873,194.813904030249,184.822224581103,173.413067341729
"PHJJKLOP_00508",284.145656266036,247.867750334569,252.808894335253,188.441486608699,200.224076629528,177.376794595254
"PHJJKLOP_00509",115.506364335787,140.2279703088,150.405291566543,69.1862462911164,66.1373646785319,93.147590457843
"PHJJKLOP_00510",3.4651909300736,3.95008367067043,2.13340839101479,3.64138138374297,1.81198259393238,6.93652269366916
"PHJJKLOP_00511",161.708910070102,136.27788663813,128.004503460888,486.124414729687,439.405779028602,591.586292588641
"PHJJKLOP_00512",79.6993913916929,104.677217272766,139.738249611469,493.407177497173,449.37168329523,412.227634366624
"PHJJKLOP_00513",1032.62689716193,974.683145737928,1037.9031822287,946.759159773173,992.966461474944,933.457768205193
"PHJJKLOP_00514",788.908468413424,673.489265849308,710.424994207926,3213.51907115317,3303.24426873873,3168.00900738004
"PHJJKLOP_00515",456.250139126358,454.259622127099,457.616099872673,569.876186555775,505.543143707134,568.794860880871
"PHJJKLOP_00516",1141.20287963757,1056.64738190434,1017.63580251406,2765.62916095279,2642.77661325038,2569.48619209773
"PHJJKLOP_00517",69.3038186014721,82.9517570840789,72.5358852945029,27.3103603780723,24.4617650180871,37.6554089084897
"PHJJKLOP_00518",2372.50072345706,2534.96619565275,2409.68477765121,772.883198699446,770.998593718228,751.126314543032
"PHJJKLOP_00519",996.81992421784,1039.85952630399,972.834226302745,1245.3524332401,1163.29282530459,1081.10660839901
"PHJJKLOP_00520",467.800775559937,452.284580291764,462.94962085021,583.531366744811,502.825169816235,485.556588556841
"PHJJKLOP_00521",198.670946657553,211.329476380868,229.34140203409,78.2896997504739,77.9152515390923,66.3924314965477
"PHJJKLOP_00522",770.427450119698,881.856179477173,798.96144243504,296.772582775052,268.173423901992,271.515316866479
"PHJJKLOP_00523",1.15506364335787,1.97504183533521,1.0667041955074,5.46207207561446,6.34193907876333,3.96372725352524
"PHJJKLOP_00524",80.8544550350508,87.889361672417,104.537011159725,117.434549625711,135.898694544929,135.757658433239
"PHJJKLOP_00525",8.08544550350508,13.8252928473465,12.8004503460888,3.64138138374297,5.43594778179714,4.95465906690654
"PHJJKLOP_00526",15.0158273636523,8.88768825900846,10.667041955074,6.3724174215502,5.43594778179714,4.95465906690654
"PHJJKLOP_00527",5.77531821678934,7.90016734134085,8.53363356405917,5.46207207561446,3.62396518786476,9.90931813381309
"PHJJKLOP_00528",128.212064412723,98.7520917667607,104.537011159725,98.3172973610602,121.402833793469,109.002499471944
"PHJJKLOP_00529",0,0,0,0,0,0
"PHJJKLOP_00530",48.5126730210305,35.5507530360338,42.6681678202959,58.2621021398875,47.1115474422419,46.5737952289215
"PHJJKLOP_00531",2910.76038126183,2925.03695813145,2896.10189080258,1309.0766074556,1202.25045107413,1205.96401688505
"PHJJKLOP_00532",211.37664673449,237.992541157893,242.141852380179,99.227642706996,109.624946932909,98.1022495247496
"PHJJKLOP_00533",9.24050914686294,5.92512550600564,8.53363356405917,5.46207207561446,3.62396518786476,2.97279544014393
"PHJJKLOP_00534",13.8607637202944,13.8252928473465,16.0005629326109,7.28276276748594,6.34193907876333,3.96372725352524
"PHJJKLOP_00535",4.62025457343147,7.90016734134085,9.60033775956657,1.82069069187149,0,3.96372725352524
"PHJJKLOP_00536",10.3955727902208,8.88768825900846,21.3340839101479,6.3724174215502,14.495860751459,7.92745450705047
"PHJJKLOP_00537",2.31012728671574,0,3.20011258652219,4.55172672967871,3.62396518786476,6.93652269366916
"PHJJKLOP_00538",0,0,0,0,0,0
"PHJJKLOP_00539",6.93038186014721,14.8128137650141,10.667041955074,30.0413964158795,20.8377998302224,22.7914317077701
"PHJJKLOP_00540",1.15506364335787,0,0,0.910345345935743,0.90599129696619,0
"PHJJKLOP_00541",13.8607637202944,19.7504183533521,14.9338587371035,16.3862162268434,20.8377998302224,16.8458408274823
"PHJJKLOP_00542",41.5822911608833,20.7379392710197,36.2679426472515,39.1448498752369,33.521677987749,40.6282043486337
"PHJJKLOP_00543",12.7057000769365,11.8502510120113,12.8004503460888,38.2345045293012,33.521677987749,52.5193861092094
"PHJJKLOP_00544",48.5126730210305,43.4509203773747,57.6020265573994,110.151786858225,120.496842496503,134.766726619858
"PHJJKLOP_00545",396.186829671749,390.070762478705,342.412046757874,850.262553103984,915.957201232818,908.68447287066
"PHJJKLOP_00546",280.680465335962,270.580731440924,227.207993643075,605.379655047269,638.723864361164,608.432133416124
"PHJJKLOP_00547",47.3576093776726,48.3885249657127,57.6020265573994,117.434549625711,139.522659732793,135.757658433239
"PHJJKLOP_00548",48.5126730210305,57.2762132247212,66.1356601214586,181.158723841213,212.907954787055,200.168226303024
"PHJJKLOP_00549",43.892418447599,47.4010040480451,42.6681678202959,111.062132204161,89.6931383996528,97.1113177113683
"PHJJKLOP_00550",1202.42125273554,1237.36370983751,1138.17337660639,2317.7392507524,2387.28706750591,2492.19351065399
"PHJJKLOP_00551",62.3734367413249,71.1015060720677,45.868280406818,77.3793544045381,106.90697304201,85.2201359507926
"PHJJKLOP_00552",115.506364335787,109.614821861104,104.537011159725,198.455285413992,199.318085332562,183.322385475542
"PHJJKLOP_00553",16.1708910070102,24.6880229416902,17.0672671281183,10.0137988052932,15.4018520484252,9.90931813381309
"PHJJKLOP_00554",23.1012728671574,32.588190283031,26.6676048876849,6.3724174215502,7.24793037572952,4.95465906690654
"PHJJKLOP_00555",32.3417820140203,40.4883576243719,49.0683929933402,109.241441512289,114.15490341774,120.89368123252
"PHJJKLOP_00556",4.62025457343147,6.91264642367325,8.53363356405917,23.6689789943293,24.4617650180871,49.5465906690654
"PHJJKLOP_00557",55.4430548811777,47.4010040480451,40.5347594292811,137.462147236297,163.98442475088,144.676044753671
"PHJJKLOP_00558",354.604538510865,318.969256406637,345.612159344396,971.338484113438,899.649357887427,882.920245722746
"PHJJKLOP_00559",8.08544550350508,7.90016734134085,14.9338587371035,20.9379429565221,24.4617650180871,31.7098180282019
"PHJJKLOP_00560",68.1487549581142,54.3136504717184,73.6025894900103,33.6827777996225,30.8037040968505,39.6372725352524
"PHJJKLOP_00561",1096.15539754662,1067.51011199868,1088.03827941754,774.703889391317,723.887046275986,745.180723662744
"PHJJKLOP_00562",733.465413532246,731.752999991696,727.492261336044,482.483033345944,521.850987052525,456.819565968783
"PHJJKLOP_00563",39.2721638741675,46.4134831303775,54.4019139708772,31.862087107751,31.7096953938166,39.6372725352524
"PHJJKLOP_00564",308.401992776551,290.331149794276,275.209682440908,203.007012143671,212.907954787055,211.068476250219
"PHJJKLOP_00565",24.2563365105152,20.7379392710197,18.1339713236257,20.9379429565221,12.6838781575267,14.8639772007196
"PHJJKLOP_00566",93.5601551119873,123.440114708451,84.2696314450843,88.303498555767,85.1631819148219,89.1838632043178
"PHJJKLOP_00567",349.984283937434,379.208032384361,350.945680321933,284.027747931952,269.985406495925,304.216066708062
"PHJJKLOP_00568",170.949419216964,202.441788121859,203.740501341913,115.613858933839,98.7530513693147,147.648840193815
"PHJJKLOP_00569",76.2342004616193,77.0266315780733,52.2685055798624,48.2483033345944,42.5815909574109,50.5375224824468
"PHJJKLOP_00570",28.8765910839467,34.5632321183662,23.4674923011627,20.0275976105863,10.8718955635943,11.8911817605757
"PHJJKLOP_00571",19.6360819370838,31.6006693653634,28.8010132786997,16.3862162268434,21.7437911271886,21.8004998943888
"PHJJKLOP_00572",17.325954650368,19.7504183533521,13.8671545415962,24.5793243402651,33.521677987749,24.7732953345327
"PHJJKLOP_00573",228.702601384858,253.792875840575,262.40923209482,175.696651765598,218.343902568852,195.213567236118
"PHJJKLOP_00574",24.2563365105152,22.712981106355,21.3340839101479,9.10345345935743,16.3078433453914,11.8911817605757
"PHJJKLOP_00575",71.6139458881878,57.2762132247212,58.6687307529068,38.2345045293012,39.8636170665124,26.7551589612953
"PHJJKLOP_00576",881.313559882053,826.555008087787,826.695751518232,481.572688000008,491.953274252641,502.402429384324
"PHJJKLOP_00577",477.0412847068,492.772937916136,510.951309648043,271.282913088851,221.06187645975,235.841771584752
"PHJJKLOP_00578",110.886109762355,159.978388662152,131.20461604741,64.6345195614377,66.1373646785319,73.3289541902169
"PHJJKLOP_00579",2.31012728671574,0,1.0667041955074,0.910345345935743,0.90599129696619,0
"PHJJKLOP_00580",590.237521755871,594.487592435899,549.352660686309,383.255390638948,404.072118446921,395.381793539142
"PHJJKLOP_00581",399.652020601822,397.970929820045,348.812271930919,197.544940068056,195.694120144697,227.914317077701
"PHJJKLOP_00582",4006.91577880844,4252.26507147671,4042.80890097303,32608.5702914183,30737.5667321719,35209.7891930647
"PHJJKLOP_00583",3428.22889348615,3347.69591089319,3452.92148085744,52601.5747788591,53764.2415358646,58646.317511346
"PHJJKLOP_00584",18334.3252110194,18760.9223938492,18632.1221829277,17505.0306569984,21024.4340373974,20076.2785391053
"PHJJKLOP_00585",958.70282398703,910.494286089533,976.034338889268,1038.70403971268,1038.26602632325,1039.48747223699
"PHJJKLOP_00586",65.8386276713985,62.2138178130592,49.0683929933402,111.062132204161,73.3852950542614,112.966226725469
"PHJJKLOP_00587",1941.66198448458,1644.22232791657,1568.05516739587,166.593198306241,142.240633623692,142.694181126908
"PHJJKLOP_00588",23.1012728671574,21.7254601886873,19.2006755191331,38.2345045293012,48.9235300361743,61.4377724296412
"PHJJKLOP_00589",50.8228003077462,30.6131484476958,35.2012384517441,131.089729814747,108.718955635943,139.721385686765
"PHJJKLOP_00590",49.6677366643883,42.4633994597071,49.0683929933402,61.9034835236305,77.0092602421261,76.3017496303608
"PHJJKLOP_00591",12.7057000769365,10.8627300943437,11.7337461505814,14.5655255349719,19.02581723629,14.8639772007196
"PHJJKLOP_00592",4.62025457343147,3.95008367067043,4.26681678202959,5.46207207561446,8.15392167269571,6.93652269366916
"PHJJKLOP_00593",4.62025457343147,5.92512550600564,4.26681678202959,11.8344894971647,16.3078433453914,4.95465906690654
"PHJJKLOP_00594",8.08544550350508,8.88768825900846,6.40022517304438,18.2069069187149,18.1198259393238,16.8458408274823
"PHJJKLOP_00595",16.1708910070102,15.8003346826817,10.667041955074,25.4896696862008,29.8977127998843,34.6826134683458
"PHJJKLOP_00596",8.08544550350508,11.8502510120113,17.0672671281183,14.5655255349719,17.2138346423576,13.8730453873383
"PHJJKLOP_00597",11.5506364335787,15.8003346826817,17.0672671281183,30.9517417618153,37.1456431756138,28.737022588058
"PHJJKLOP_00598",1413.79789947003,1336.11580160427,1321.64649823366,1239.89036116448,1325.46526746154,1217.85519864563
"PHJJKLOP_00599",31432.7469266977,30285.2915030302,30419.2035432844,67628.6454042204,61774.1105923427,64219.3180298025
"PHJJKLOP_00600",33510.7064210985,31863.349929463,32003.2592736129,68150.2732874416,63741.0176980563,65796.8814767055
"PHJJKLOP_00601",393.876702385033,442.409371115088,387.213622969185,473.379579886586,457.525604967926,477.629134049791
"PHJJKLOP_00602",150.158273636523,181.70384885084,153.605404153065,202.096666797735,202.942050520427,193.231703609355
"PHJJKLOP_00603",386.946320524886,395.008367067043,373.346468427589,339.558814034032,359.678544895577,292.324884947486
"PHJJKLOP_00604",2628.92485228251,2613.96786906615,2486.48747972774,1827.97345463897,2000.42878370135,1900.60721806535
"PHJJKLOP_00605",2965.04837249965,2623.84307824283,2628.35913773022,1648.63542148963,1583.6727870969,1406.13224318808
"PHJJKLOP_00606",2854.16226273729,2762.0960067163,2694.49479785168,10602.7922441136,10675.2954521526,10181.8243824929
"PHJJKLOP_00607",1245.15860753978,1254.15156543786,1281.11173880438,1793.38033149341,1952.41124496214,2047.26512644578
"PHJJKLOP_00608",415.822911608832,402.908534408384,402.147481706288,802.924595115325,694.895324773068,787.790791638141
"PHJJKLOP_00609",385.791256881528,399.945971655381,401.080777510781,769.241817315703,827.170054130131,787.790791638141
"PHJJKLOP_00610",3025.11168195426,3050.45211467524,3824.13454089402,6464.36230148971,6067.42371578257,6088.28506141476
"PHJJKLOP_00611",7293.07184416158,7177.30202960816,8461.09767876467,7708.80438938387,6794.93472724642,7035.61587500729
"PHJJKLOP_00612",1213.97188916912,1158.3620364241,1248.04390874365,1463.83531626467,1464.98792719433,1405.1413113747
"PHJJKLOP_00613",72.7690095315457,57.2762132247212,85.3363356405917,246.703588748586,252.771571853567,268.542521426335
"PHJJKLOP_00614",4219.44748918629,3970.82160994145,4126.01182822261,7392.00420899823,7185.41697623885,7256.59366939132
"PHJJKLOP_00615",2468.37100585576,2222.90958566978,2584.62426571442,5919.97578462014,5714.99310126273,5612.63779099173
"PHJJKLOP_00616",1113.48135219698,1035.90944263332,1124.3062220648,4150.26443212105,4952.14842921719,4633.597159371
"PHJJKLOP_00617",17714.0560345363,17807.9647083,18293.9769529518,9052.47411998503,9659.67920825352,9384.124272721
"PHJJKLOP_00618",1217.43708009919,1102.07334411705,1153.1072353435,647.255540960313,699.425281257899,836.346450493825
"PHJJKLOP_00628",2180.76015865965,1991.82969093556,2128.07487003726,2542.59455119853,2172.56713012492,2114.64848975571
"PHJJKLOP_00629",2097.59557633789,1983.92952359422,1940.33493162795,1456.55255349719,1292.84958077075,1393.25012961412
"PHJJKLOP_00630",2737.50083475815,2768.0211322223,2549.42302726268,5087.92013843487,4669.47914456374,4796.10997676554
"PHJJKLOP_00631",33525.7222484621,32823.2202614359,32609.1472566611,15130.849994798,13902.4364519462,14039.5219319864
"PHJJKLOP_00632",3742.40620447949,3671.60277188816,3688.66310806458,6257.7139079623,6383.61467842377,6533.21344562297
"PHJJKLOP_00633",6240.80886506256,6296.43337104866,6529.29638070077,10538.1577245522,9883.45905860417,9647.71213508042
"PHJJKLOP_00634",631.819812916754,574.737174082547,563.219815227905,957.683303924401,765.56264593643,879.947450282602
"PHJJKLOP_00635",2259.30448640799,2222.90958566978,2250.74585252061,4434.292180053,3719.09427404621,3998.40986699358
"PHJJKLOP_00636",1359.50990823221,1361.79134546363,1293.91218915047,3458.40196920989,3542.4259711378,3395.92332445775
"PHJJKLOP_00637",740.395795392393,686.327037778987,658.156488628064,1909.90453577319,1987.74490554382,2047.26512644578
"PHJJKLOP_00638",3279.22568349299,3216.35562884339,3276.91528859872,8383.37029072226,8563.42973892443,8560.65993580113
"PHJJKLOP_00639",1477.32639985471,1381.54176381698,1335.51365277526,4724.69234540651,4092.36268839628,4113.35795734581
"PHJJKLOP_00640",21.9462092237995,31.6006693653634,22.4007881056553,119.255240317582,148.582572702455,117.920885792376
"PHJJKLOP_00641",4504.74820909569,4376.69270710283,4158.01295408783,5670.54115983374,5509.3330768514,5625.51990456569
"PHJJKLOP_00642",2206.17155881353,2240.6849621878,2050.20546376522,6030.12757147836,6233.22012312739,6193.32383363318
"PHJJKLOP_00643",517.468512224325,484.872770574795,458.68280406818,1913.54591715693,1520.25339630927,1609.27326493125
"PHJJKLOP_00644",235.632983245005,306.131484476958,267.742753072356,1000.46953518338,1172.35273827425,1445.76951572333
"PHJJKLOP_00645",7743.54666507115,7771.78962204406,7842.40924537038,9925.4953067374,9752.09032054407,9565.46479456977
"PHJJKLOP_00646",4356.90006274588,4522.84580291764,4310.55165404539,4820.27860672976,5127.91074082864,5059.69783912496
"PHJJKLOP_00647",795.838850273571,893.706430489184,859.763581578961,1058.73163732327,1058.19783485651,1169.29953978994
"PHJJKLOP_00648",4344.19436266894,4164.3757098043,4024.67492964941,6712.88658093017,6162.55280196402,6442.04771879189
"PHJJKLOP_00649",10449.8607814586,10072.7133602096,9664.34001129701,17218.2718730286,15908.3011834293,15948.0566045588
"PHJJKLOP_00650",23685.7350706964,22799.8829471097,22861.6043181145,38739.7461962955,36480.6455636406,34037.5168578346
"PHJJKLOP_00651",3680.03276773817,3812.81826311463,3877.46975066939,12719.3451734142,11441.764089386,12646.2718023723
"PHJJKLOP_00652",16841.9829838011,14411.8802724411,15642.1503229205,34693.2611336112,30536.4366642454,30454.3074206478
"PHJJKLOP_00653",3671.94732223466,4059.69849253153,4202.81453029914,9926.40565208334,11770.6389301847,13276.5044356828
"PHJJKLOP_00654",4736.91600141062,4408.2933764682,4841.77034340807,4801.16135446511,4562.57217152173,4375.95488789186
"PHJJKLOP_00655",2222.34244982054,2153.78312143305,2079.00647704392,2640.91184855959,2549.45950966286,2473.36580619975
"PHJJKLOP_00656",2174.98484044287,2225.87214842279,2105.6740819316,3995.50572331198,3895.76257695462,3826.97866327861
"PHJJKLOP_00657",34936.0549570021,34856.5258309135,33961.7281765645,10998.7924695956,10646.3037306497,10305.6908591656
"PHJJKLOP_00658",2923.46608133876,2776.90882048131,2752.09682440908,5980.96892279783,4961.20834218686,4748.54524972323
"PHJJKLOP_00659",2548.07039724746,2484.6026288517,2536.62257691659,10293.2748264954,10335.5487157903,10402.802176877
"PHJJKLOP_00660",3067.8490367585,3120.56609982964,3281.18210538075,1718.73201312668,2109.14773933729,1914.48026345269
"PHJJKLOP_00661",3328.89342015738,3079.0902212876,3339.85083613366,1137.93168241968,1256.60992889211,1253.52874392736
"PHJJKLOP_00662",847.816714224675,938.144871784226,886.431186466646,1060.55232801514,1007.4623222264,1083.08847202577
"PHJJKLOP_00663",374.240620447949,496.723021586806,467.21643763224,514.345120453695,670.433559754981,662.933383152096
"PHJJKLOP_00664",160.553846426744,157.015825909149,173.872783867706,637.24174215502,659.561664191386,655.996860458426
"PHJJKLOP_00665",1.15506364335787,1.97504183533521,6.40022517304438,11.8344894971647,13.5898694544928,7.92745450705047
"PHJJKLOP_00666",93.5601551119873,138.252928473465,129.071207656395,263.08980497543,298.977127998843,288.361157693961
"PHJJKLOP_00667",473.576093776726,437.47176652675,481.083592173836,1159.77997072214,1255.70393759514,1169.29953978994
"PHJJKLOP_00668",478.196348350157,484.872770574795,410.681115270348,1116.99373946316,1265.66984186177,1259.47433480764
"PHJJKLOP_00669",55.4430548811777,47.4010040480451,41.6014636247885,50.9793393724016,49.8295213331404,48.5556588556841
"PHJJKLOP_00670",75.0791368182614,62.2138178130592,78.9361104675473,101.048333398867,114.15490341774,89.1838632043178
"PHJJKLOP_00671",4.62025457343147,4.93760458833803,2.13340839101479,6.3724174215502,9.0599129696619,5.94559088028785
"PHJJKLOP_00672",108.57598247564,79.0016734134085,113.070644723784,139.282837928169,122.308825090436,108.011567658563
"PHJJKLOP_00673",649.145767567122,646.826201072282,678.423868342704,480.662342654072,547.218743367579,468.710747729359
"PHJJKLOP_00674",460.870393699789,457.222184880102,440.548832744555,471.558889194715,512.791074082863,488.529383996985
"PHJJKLOP_00675",33.4968456573782,16.7878556003493,24.5341964966701,38.2345045293012,53.4534865210052,40.6282043486337
"PHJJKLOP_00676",11.5506364335787,18.7628974356845,8.53363356405917,16.3862162268434,28.9917215029181,20.8095680810075
"PHJJKLOP_00677",26.566463797231,30.6131484476958,34.1345342562367,50.0689940264659,35.3336605816814,35.6735452817271
"PHJJKLOP_00678",77.3892641049772,93.8144871784226,101.336898573203,132.910420506618,99.6590426662809,148.639772007196
"PHJJKLOP_00679",26256.9067408111,25448.4140482942,25365.1590649704,48142.7032744658,50502.6728667863,49590.1916688542
"PHJJKLOP_00680",3358.92507488468,3440.52287715394,3447.58795987991,4651.86471773165,4303.4586605894,4630.62436393086
"PHJJKLOP_00681",1202.42125273554,1165.27468284778,1069.90430809392,1661.38025633273,1574.61287412724,1465.58815199096
"PHJJKLOP_00682",741.550859035751,680.401912272981,738.159303291118,886.676366941413,935.889009766074,990.931813381309
"PHJJKLOP_00683",2471.83619678584,2409.55103910896,2166.47622107552,10100.2816131571,8909.51841436551,9146.30063750948
"PHJJKLOP_00684",3812.86508672432,3744.67931979556,3425.18717177425,8340.58405946328,7362.99127044423,7559.81880428601
"PHJJKLOP_00685",1531.61439109253,1403.26722400567,1456.0512268676,3895.36773525904,2708.00798663194,2883.61157693961
"PHJJKLOP_00686",62486.6329783739,61943.2370816183,60920.5433096229,34947.2474851272,30718.5409149356,30242.2480125842
"PHJJKLOP_00687",19632.6167461537,19863.9832588839,18352.6456837048,18868.7279852101,16161.9787465799,16189.8439670238
"PHJJKLOP_00688",9495.77821204503,9899.89719961776,9534.20209944511,10190.4058024047,8779.96165889935,8873.79438882962
"PHJJKLOP_00689",6797.54954116105,6919.55907009692,6567.69773173904,7361.05246723642,6565.71892911398,6683.83508125693
"PHJJKLOP_00690",6814.87549581142,7247.41601476256,6877.04194843618,8967.812002813,8774.52571111755,9312.77718215754
"PHJJKLOP_00691",6900.3502054199,7016.33612002834,6427.95948212757,7283.67311283188,7129.24551582695,7427.03394129291
"PHJJKLOP_00692",9329.4490474015,8849.17494321942,8620.03660389527,6512.6106048243,5949.64484717697,6078.37574328095
"PHJJKLOP_00693",20035.7339576856,22609.2914099999,21850.3687407735,59158.7923056342,73192.3189080076,67379.3995826755
"PHJJKLOP_00694",3611.88401278005,3730.85402694822,3634.2611940937,5867.17575455586,6415.32437381759,6313.22658305232
"PHJJKLOP_00695",1673.68721922555,1899.00272467481,1881.66620087505,3024.16723919854,3174.59350456953,2886.58437237975
"PHJJKLOP_00696",11748.1523165929,11372.2908878602,11847.8834995007,56867.453069914,57346.5311240689,59058.5451457126
"PHJJKLOP_00697",13845.7478929308,13467.8102751508,14096.4959436302,57433.687875086,53369.2293303874,56407.8025449176
"PHJJKLOP_00698",44474.5705238514,41772.1348173398,43190.8528760945,136911.388302006,129703.526056274,137878.252513875
"PHJJKLOP_00699",114239.259519023,118101.57662754,121627.745780144,327100.737974901,331048.313920149,334016.359131878
"PHJJKLOP_00700",1686.39291930249,1788.40038189604,1906.20039737172,10775.7578598414,10186.9661430878,11313.4685133744
"PHJJKLOP_00701",12813.1209957688,12006.2793170028,11951.3538064649,62554.3804459746,49544.1340745961,47975.9637448561
"PHJJKLOP_00702",6570.00200341955,6563.06401881891,6551.69716880643,26771.4359332783,29731.9163925395,31357.0463026381
"PHJJKLOP_00703",4158.22911608833,3733.81658970122,3739.86490944893,14679.3187032139,15170.8242676989,15241.5222216179
"PHJJKLOP_00704",11245.6996317322,11657.6844330661,11432.9355674483,48917.4071638571,54441.9230259953,54691.5086441412
"PHJJKLOP_00705",4462.01085429144,4486.30752896394,4159.07965828334,26726.8290113275,27229.5684303188,26084.2981236362
"PHJJKLOP_00706",4836.25147473939,4989.94319697442,4875.90487766431,28622.1680215657,25413.9618711986,26020.8784875798
"PHJJKLOP_00707",16375.3372718845,15681.8321725616,15135.4658300544,88261.622669854,71950.2048398669,77132.1504899743
"PHJJKLOP_00708",6869.16348704924,6971.8976787333,7223.72081197609,40816.243930375,34463.0029452969,33965.1788354577
"PHJJKLOP_00709",2256.99435912127,2134.0327030797,2013.93752111796,10188.5851117128,13313.5421089182,14236.7173628493
"PHJJKLOP_00710",9239.35408321959,9288.62175158151,9329.39489390769,53754.0719868137,58885.8103376145,51853.4799306171
"PHJJKLOP_00711",5084.59015806134,5123.25852085954,4994.30904336563,30874.3624074107,29404.8535343347,31233.1798259655
"PHJJKLOP_00712",11712.3453436488,10618.8124276798,10418.4998775207,66437.0033463905,62744.4272713935,60640.0723198692
"PHJJKLOP_00713",5706.01439818787,5955.73865445334,5850.87251235807,36510.3104440989,33801.6292985116,36435.5718462173
"PHJJKLOP_00714",3044.74776389134,3451.38560724828,3263.04813405713,23461.420255456,21907.7755519394,20548.9530140882
"PHJJKLOP_00715",4775.03310164143,5495.55390682023,5256.71827546045,31121.0659961593,33859.6127415174,36918.155639334
"PHJJKLOP_00716",8530.14500619786,8320.85125226725,8710.7064605134,43794.8939022767,42820.77265981,42159.1940003078
"PHJJKLOP_00717",6695.90394054556,6647.00329682066,6879.1753568272,43909.5974158646,40748.7705636483,39892.9329431047
"PHJJKLOP_00718",10596.5538641651,9578.95290137578,10340.6304712487,58632.6126956834,57087.4176131366,54929.3322793527
"PHJJKLOP_00719",1961.29806642166,2064.90623884297,1960.60231134259,12259.6207737166,12441.9784812367,12040.8124643963
"PHJJKLOP_00720",6803.32485937784,6880.05823339021,6279.68759895204,49095.8348516605,40597.470017055,46094.184231245
"PHJJKLOP_00721",22671.5891918282,21791.6240901711,21654.0951688001,152833.328402422,142965.426661265,139818.497004476
"PHJJKLOP_00722",5860.79292639782,5807.61051680319,6171.9504752058,46887.3370424204,45499.788924939,45284.5929397124
"PHJJKLOP_00723",3142.92817357676,2842.08520104737,2933.43653764534,20640.2600284011,15658.2475854667,17291.7601435038
"PHJJKLOP_00724",3667.32706766123,3266.71919564444,3065.70785788826,19363.9558533992,16879.5238537771,18904.0062038752
"PHJJKLOP_00725",5250.91932270487,5362.2385829351,5328.18745655944,25978.5251369683,27647.2304182203,27159.4591411549
"PHJJKLOP_00726",3567.99159433245,4015.26005123649,3767.59921853212,22248.8402546696,21642.3201019283,22395.0589824176
"PHJJKLOP_00727",14528.3905061553,14337.816203616,13977.0250737334,80534.6113735514,64652.4449428043,73377.5098490725
"PHJJKLOP_00728",20099.2624580703,18292.8374788747,19505.7529190482,95934.0132454004,94464.0885694768,89796.2590649874
"PHJJKLOP_00729",3126.75728256975,2944.7873764848,3068.90797047478,2718.29120296413,2436.21059754208,2382.20007936867
"PHJJKLOP_00730",3864.84295067543,3582.72588929808,3546.79145006209,3264.49841052557,3016.04502760045,2961.89519019673
"PHJJKLOP_00731",1890.83918417683,1921.71570578116,1873.13256731099,1404.66286877885,1368.95284971591,1356.58565251901
"PHJJKLOP_00732",642.215385706975,601.400238859572,597.354349484142,1190.73171248395,1152.42092974099,1036.51467679685
"PHJJKLOP_00733",762.342004616193,822.604924417116,807.495075999099,1280.85590173159,1146.07899066223,1137.58972176174
"PHJJKLOP_00734",162.863973713459,194.541620780518,189.873346800317,224.855300446128,191.164163659866,233.859907957989
"PHJJKLOP_00735",149.003209993165,156.028304991482,154.672108348572,142.924219311912,153.112529187286,129.812067552951
"PHJJKLOP_00736",36.9620365874518,49.3760458833803,45.868280406818,26.4000150321365,29.8977127998843,29.7279544014393
"PHJJKLOP_00737",576.376758035576,561.899402152868,505.617788670506,58.2621021398875,71.573312460329,73.3289541902169
"PHJJKLOP_00738",1470.39601799457,1542.5076733968,1497.65269049238,50.0689940264659,48.0175387392081,43.6009997887776
"PHJJKLOP_00739",21.9462092237995,24.6880229416902,19.2006755191331,81.9310811342169,84.2571906178557,70.3561587500729
"PHJJKLOP_00740",20.7911455804416,20.7379392710197,16.0005629326109,50.0689940264659,29.8977127998843,39.6372725352524
"PHJJKLOP_00741",5178.15031317332,4980.06798779774,4904.70589094301,3821.62976223825,3846.83904691844,3688.24820940523
"PHJJKLOP_00742",4727.67549226375,4315.46641020744,4432.15593233323,5969.13443330067,6807.61860540395,7323.97703270125
"PHJJKLOP_00743",2347.08932330319,2465.83973141601,2416.08500282425,2328.66339490363,2286.72203354266,2416.88269283701
"PHJJKLOP_00744",37918.4292841521,37749.9621196796,37317.5795756308,37436.1316609155,38284.4742359003,36321.6146876785
"PHJJKLOP_00745",6263.91013792972,6526.52574486521,5997.01098714258,6698.3210553952,6347.37502654513,6275.57117414383
"PHJJKLOP_00746",7574.9073731409,7104.22548170076,7123.45061759839,10665.6060729832,10162.5043780698,9671.49449860157
"PHJJKLOP_00747",3650.00111301086,3523.47463423802,3353.71799067525,8823.97743815515,7883.93626619978,9536.72777198172
"PHJJKLOP_00748",78.544327748335,100.727133602096,65.0689559259512,22.7586336483936,23.5557737211209,40.6282043486337
"PHJJKLOP_00749",6989.29010595846,6460.36184338148,6705.30257295949,2549.87731396602,2084.6859743192,2198.87769389312
"PHJJKLOP_00750",7169.48003432229,6793.15639263547,7113.85027983883,3496.63647373919,3093.96027913954,3168.00900738004
"PHJJKLOP_00751",3417.83332069593,3656.78995812315,3634.2611940937,1687.78027136487,1587.29675228476,1689.53874181513
"PHJJKLOP_00752",3183.35540109428,3149.204206442,3606.52688501051,1822.51138256336,1729.53738590846,1726.20321891024
"PHJJKLOP_00753",50525.9489514032,52197.3931451567,53502.6823340645,11980.1447525144,11568.6028709613,11880.2815106285
"PHJJKLOP_00754",1977.46895742867,1921.71570578116,1910.46721415375,2721.93258434787,2868.36844619496,2742.89925943946
"PHJJKLOP_00755",16826.9671564374,16032.4020983336,15585.6150005586,14791.2911807639,14616.3575939555,14644.9812699624
"PHJJKLOP_00756",1526.9941365191,1661.01018351691,1626.72389814878,2287.69785433652,2057.50623541022,1989.79108126967
"PHJJKLOP_00757",3487.1371392974,3610.37647499277,3562.7920129947,4467.97495785263,3966.42989811798,4156.95895713459
"PHJJKLOP_00758",6183.05568289467,6025.85263960774,5801.80411936473,6771.14868307006,6402.64049566006,6293.40794678469
"PHJJKLOP_00759",1918.56071161742,2195.25899997509,2088.60681480348,526.179609950859,563.52658671297,631.223565123894
"PHJJKLOP_00760",4802.75462908202,4930.69194191436,5109.51309648043,81.0207357882811,77.0092602421261,83.2382723240299
"PHJJKLOP_00761",9703.68966784945,8711.90953566362,10062.2206762213,185.710450570892,172.138346423576,142.694181126908
"PHJJKLOP_00762",6047.9132366218,5552.83012004495,6331.95610453191,129.269039122875,147.676581405489,108.011567658563
"PHJJKLOP_00763",18707.410767824,18348.1386502641,21493.0228352785,333.186396612482,318.002945235133,288.361157693961
"PHJJKLOP_00764",10.3955727902208,12.8377719296789,14.9338587371035,27.3103603780723,38.9576257695462,33.6916816549645
"PHJJKLOP_00765",53.1329275944619,45.4259622127099,61.868843339429,81.0207357882811,76.10326894516,80.265476883886
"PHJJKLOP_00766",21.9462092237995,23.7005020240226,26.6676048876849,81.9310811342169,99.6590426662809,96.120385897987
"PHJJKLOP_00767",5.77531821678934,5.92512550600564,4.26681678202959,12.7448348431004,14.495860751459,12.882113573957
"PHJJKLOP_00768",5068.41926705433,4881.31589603098,4602.82860361442,2265.84956603406,2652.742517517,2497.1481697209
"PHJJKLOP_00769",3819.79546858447,3717.02873410087,3749.4652472085,1536.66294393953,1413.34642326726,1486.39772007196
"PHJJKLOP_00770",5.77531821678934,3.95008367067043,9.60033775956657,13.6551801890361,9.0599129696619,18.8277044542449
"PHJJKLOP_00771",18.4810182937259,13.8252928473465,22.4007881056553,55.5310661020803,57.9834430058362,53.5103179225907
"PHJJKLOP_00772",53.1329275944619,59.2512550600564,59.7354349484142,130.179384468811,147.676581405489,138.730453873383
"PHJJKLOP_00773",1.15506364335787,0.987520917667607,2.13340839101479,2.73103603780723,4.52995648483095,0
"PHJJKLOP_00774",3123.29209163968,3348.68343181085,3413.45342562367,16248.7540796071,15399.1340745343,16216.5991259851
"PHJJKLOP_00775",210.221583091132,204.416829957195,248.542077553223,362.317447682426,323.43889301693,303.225134894681
"PHJJKLOP_00776",225.237410454784,279.468419699933,297.610470546564,519.807192529309,562.620595416004,547.985292799864
"PHJJKLOP_00777",1293.67128056081,1185.02510120113,1225.643120638,1644.08369475995,1653.4341169633,1644.94681021297
"PHJJKLOP_00778",110.886109762355,99.7396126844283,101.336898573203,106.510405474482,128.650764169199,122.875544859282
"PHJJKLOP_00779",1449.60487241412,1434.86789337103,1454.98452267209,2093.79429565221,1879.02594990788,1928.35330884003
"PHJJKLOP_00780",2842.61162630371,2706.79483532691,2836.36645585417,925.82121681665,960.350774784161,1040.47840405037
"PHJJKLOP_00781",28773.7904196879,31759.6602331079,30296.5325608011,509.793393724016,525.47495224039,461.77422503569
"PHJJKLOP_00782",10009.7815333393,9806.08271243933,10091.0216895,43388.8798779894,49067.5826523919,51867.3529760045
"PHJJKLOP_00783",287.610847196109,310.081568147628,282.67661180946,1044.1661117883,1156.04489492886,1148.48997170894
"PHJJKLOP_00784",636.440067490185,558.936839399865,564.286519423413,1725.10443054823,1494.88563999421,1536.93524255441
"PHJJKLOP_00785",1286.74089870066,1201.81295680148,1283.2451471954,1997.29768898302,2006.77072278011,1996.72760396334
"PHJJKLOP_00786",561.360930671924,529.311211869837,548.285956490802,1335.47662248773,1194.09652940144,1283.25669832879
"PHJJKLOP_00787",322.262756496845,314.031651818299,306.144104110623,576.248603977325,559.902621525105,569.785792694253
"PHJJKLOP_00788",4073.9094701232,4167.3382725573,4060.94287229666,7679.67333831393,7781.55924964261,7283.34882835262
"PHJJKLOP_00789",4105.09618849386,3960.94640076477,4038.542084191,6183.06558959557,5599.02621525105,5381.75067847389
"PHJJKLOP_00790",1354.88965365878,1316.36538325092,1414.44976324281,2514.37384547452,2372.79120675445,2095.82078530147
"PHJJKLOP_00791",452.784948196284,384.145636972699,429.881790789481,2387.83584238945,2826.69284653451,2745.87205487961
"PHJJKLOP_00792",660.696404000701,708.052497967674,647.48944667299,1188.91102179208,1145.17299936526,1182.1816533639
"PHJJKLOP_00793",3085.17499140887,3015.88888255687,2956.9040299465,1203.47654732705,1257.51592018907,1190.10910787095
"PHJJKLOP_00794",2089.51013083438,2100.456991879,2070.47284347986,2700.99464139135,3013.32705370955,3086.75259868278
"PHJJKLOP_00795",4230.99812561987,3892.80745744571,3916.93780590316,5503.9479615275,5015.56782000483,4960.60465778683
"PHJJKLOP_00796",1640.19037356817,1364.75390821663,1431.51703037093,1950.8700763403,1783.89686372643,1803.49590035398
"PHJJKLOP_00797",4465.47604522152,3974.77169361212,4236.94906455538,4581.76812609459,4449.32325940096,4576.12311419488
"PHJJKLOP_00798",14119.4979764066,13167.6039161799,15044.7959734363,5131.61671503978,5324.5108522703,4292.71661556783
"PHJJKLOP_00799",85.4747096084822,119.49003103778,78.9361104675473,28.220705724008,53.4534865210052,60.4468406162598
"PHJJKLOP_00800",13805.3206654132,13861.8311213002,13808.4858108432,2256.74611257471,2409.0308586331,2448.59251086521
"PHJJKLOP_00801",1849.25689301595,1950.35381239352,1777.12918971532,761.048709202281,872.469618978441,897.784222923466
"PHJJKLOP_00802",1834.24106565229,2291.04852898885,2003.27047916289,1078.75923493386,1114.36929526841,1292.17508464923
"PHJJKLOP_00803",6442.94500265019,5790.82266120284,5822.07149907937,4351.45075357285,4297.11672151064,4422.52868312078
"PHJJKLOP_00804",9276.31611980704,8730.67243309931,9069.11907020388,7046.98332288858,6814.86653577968,6929.58617097549
"PHJJKLOP_00805",2774.4628713456,2822.33478269402,2789.43147125184,1678.67681790551,1597.26265655139,1703.41178720247
"PHJJKLOP_00806",798.148977560287,687.314558696654,753.093162028222,814.75908461249,797.272341330247,918.593791004473
"PHJJKLOP_00807",636.440067490185,568.812048576541,627.222066958349,964.966066691887,962.162757378094,920.575654631236
"PHJJKLOP_00808",1979.77908471539,1832.83882319108,1774.99578132431,1749.6837548885,1651.62213436936,1634.04656026578
"PHJJKLOP_00809",2411.77288733123,2246.6100876938,2365.94990563541,1591.28366469568,1562.83498726668,1646.92867383974
"PHJJKLOP_00810",459.715330056431,517.460960857826,517.351534821087,1460.19393488093,1479.48378794579,1603.32767405096
"PHJJKLOP_00811",10687.8038919904,11500.6686071569,12183.8953210855,27225.6982609003,25675.7933560218,20067.3601527849
"PHJJKLOP_00812",26353.9320868531,24671.2350860898,24845.6741217583,20470.0254487111,20206.3238962369,20296.265401676
"PHJJKLOP_00813",82.0095186784086,86.9018407547494,103.470306964217,91.0345345935743,93.3171035875176,94.1385222712243
"PHJJKLOP_00814",7884.46442956081,7923.86784336488,7884.01070899517,7148.94200163339,6996.97078646988,6878.05771667966
"PHJJKLOP_00815",1041.8674063088,977.64570849093,969.634113716223,970.428138767502,954.008835705398,946.33988177915
"PHJJKLOP_00816",5510.80864246039,5744.40917807247,5791.13707740965,2830.26368051422,2737.90569943183,2872.71132699241
"PHJJKLOP_00817",3003.16547273046,2781.84642506965,2867.30087752388,888.497057633285,857.973758226982,887.874904789653
"PHJJKLOP_00818",10498.3734544797,10239.6043952954,10292.6287824509,2383.28411565977,2196.12290384604,2142.39458053039
"PHJJKLOP_00819",2468.37100585576,2335.48697028389,2277.41345740829,1982.73216344805,2203.37083422177,2114.64848975571
"PHJJKLOP_00820",924.050914686294,864.080802959156,880.030961293602,752.855601088859,790.930402251484,786.799859824759
"PHJJKLOP_00821",1998.26010300911,1858.51436705044,1806.99690718953,5099.75462793203,5186.80017513144,5612.63779099173
"PHJJKLOP_00822",1.15506364335787,3.95008367067043,2.13340839101479,7.28276276748594,5.43594778179714,8.91838632043178
"PHJJKLOP_00823",1.15506364335787,1.97504183533521,1.0667041955074,0.910345345935743,2.71797389089857,0.990931813381309
"PHJJKLOP_00824",3.4651909300736,9.87520917667607,3.20011258652219,13.6551801890361,18.1198259393238,14.8639772007196
"PHJJKLOP_00825",301.471610916404,247.867750334569,250.675485944238,616.303799198498,502.825169816235,525.193861092094
"PHJJKLOP_00826",500.142557573957,529.311211869837,553.619477468339,792.910796310032,819.922123754402,803.645700652242
"PHJJKLOP_00827",725.379968028741,691.264642367325,676.290459951689,1289.95935519095,1349.92703247962,1311.99372091685
"PHJJKLOP_00828",243.71842874851,234.042457487223,284.810020200475,574.427913285454,538.158830397917,597.531883468929
"PHJJKLOP_00829",1739.52584689695,1633.35959782222,1589.38925130602,662.731411841221,649.595759924758,576.722315387922
"PHJJKLOP_00830",86.6297732518401,92.826966260755,85.3363356405917,54.6207207561446,45.2995648483095,49.5465906690654
"PHJJKLOP_00831",2910.76038126183,3086.99038862894,2976.10470546564,6927.728082571,6680.77982382869,6530.24065018283
"PHJJKLOP_00832",2231.5829589674,2198.22156272809,2000.07036657637,4771.11995804923,4985.67010720494,4696.02586361402
"PHJJKLOP_00833",7349.66996268611,7196.06492704385,7357.05883641451,26741.3945368624,27351.8772554093,27797.6192289725
"PHJJKLOP_00834",548.655230594987,527.336170034502,597.354349484142,428.772657935735,431.251857355906,415.200429806768
"PHJJKLOP_00835",3842.89674145163,3735.79163153656,3810.26738635242,2511.64280943671,2641.87062195341,2599.21414649917
"PHJJKLOP_00836",887.088878098843,920.369495266209,913.098791354331,568.055495863904,621.510029718806,662.933383152096
"PHJJKLOP_00837",477.0412847068,502.648147092812,489.617225737895,121.98627635539,164.890416047847,162.512817394535
"PHJJKLOP_00838",3715.83974068226,3472.1235465193,3279.04869698974,826.593574109654,790.930402251484,747.162587289507
"PHJJKLOP_00839",6648.54633116789,6719.0923238104,6826.90685124734,7614.12847340655,7508.85586925578,7155.51862442643
"PHJJKLOP_00840",1624.01948256116,1641.25976516356,1635.25753171284,5422.01688039328,4683.9750053152,4692.0621363605
"PHJJKLOP_00841",665.316658574132,778.166483122074,644.289334086467,394.179534790177,463.867544046689,468.710747729359
"PHJJKLOP_00842",1356.04471730214,1202.80047771914,1190.44188218625,604.469309701333,653.219725112623,712.479973821161
"PHJJKLOP_00843",20.7911455804416,19.7504183533521,25.6009006921775,30.9517417618153,31.7096953938166,37.6554089084897
"PHJJKLOP_00844",34.651909300736,27.650585694693,37.3346468427589,44.6069219508514,44.3935735513433,50.5375224824468
"PHJJKLOP_00845",164.019037356817,179.728807015504,194.140163582346,151.117327425333,141.334642326726,124.857408486045
"PHJJKLOP_00846",736.93060446232,688.302079614322,711.491698403433,425.131276551992,451.183665889163,416.19136162015
"PHJJKLOP_00847",302.626674559761,241.942624828564,259.209119508297,134.73111119849,136.804685841895,142.694181126908
"PHJJKLOP_00848",1543.16502752611,1516.83212953744,1543.5209708992,677.296937376193,725.699028869918,715.452769261305
"PHJJKLOP_00849",6632.37544016088,6413.9483602511,6208.21841785305,11845.4136413159,12096.7957970926,11829.7439881461
"PHJJKLOP_00850",242.563365105152,207.379392710197,216.540951688001,195.724249376185,201.130067926494,217.014067130507
"PHJJKLOP_00851",4218.29242554293,3891.81993652804,4245.48269811944,3665.96070808324,3763.48784759755,3566.36359635933
"PHJJKLOP_00852",15608.3750126949,14663.6981064463,15768.0214179903,7673.30092089238,7219.84464552357,6858.23908041204
"PHJJKLOP_00853",427.373548042411,476.972603233454,396.813960728751,1749.6837548885,1745.84522925385,1896.64349081183
"PHJJKLOP_00854",10658.9273009064,9338.98531838256,9929.94935597835,12265.0828457923,12722.8357832962,11865.4175334278
"PHJJKLOP_00855",0,3.95008367067043,1.0667041955074,2.73103603780723,6.34193907876333,2.97279544014393
"PHJJKLOP_00856",100392.356562449,99135.2498828157,111879.136137402,3083.33968668436,3074.93446190325,2955.94959931644
"PHJJKLOP_00857",175.569673790396,225.154769228214,181.339713236257,59.1724474858233,75.1972776481938,76.3017496303608
"PHJJKLOP_00858",540.569785091482,761.378627521725,750.959753637207,707.338333792072,1205.874416262,850.219495881163
"PHJJKLOP_00859",116.661427979145,93.8144871784226,104.537011159725,82.8414264801526,87.8811558057204,77.2926814437421
"PHJJKLOP_00860",20.7911455804416,31.6006693653634,34.1345342562367,37.3241591833655,35.3336605816814,39.6372725352524
"PHJJKLOP_00861",23.1012728671574,22.712981106355,24.5341964966701,23.6689789943293,19.9318085332562,14.8639772007196
"PHJJKLOP_00862",11.5506364335787,18.7628974356845,19.2006755191331,21.8482883024578,14.495860751459,15.8549090141009
"PHJJKLOP_00863",35.8069729440939,43.4509203773747,40.5347594292811,24.5793243402651,36.2396518786476,27.7460907746766
"PHJJKLOP_00864",280.680465335962,321.93181915964,309.344216697145,304.965690888474,322.532901719964,315.116316655256
"PHJJKLOP_00865",1530.45932744918,1354.87869903996,1509.38643664297,473.379579886586,419.473970495346,418.173225246912
"PHJJKLOP_00866",1028.0066425885,868.030886629826,1109.37236332769,419.669204476377,356.960571004679,376.554089084897
"PHJJKLOP_00867",509.38306672082,494.747979751471,551.486069077324,324.082943153124,369.644449162205,349.798930123602
"PHJJKLOP_00868",2.31012728671574,0.987520917667607,4.26681678202959,2.73103603780723,3.62396518786476,4.95465906690654
"PHJJKLOP_00869",398.496956958464,385.133157890367,373.346468427589,538.92444479396,581.646412652294,624.287042430225
"PHJJKLOP_00870",2825.28567165335,2572.49199052411,2673.16071394154,4712.85785590934,4610.58971026094,4366.04556975805
"PHJJKLOP_00871",1233.6079711062,1326.2405924276,1097.63861717711,2958.62237429116,2829.41082042541,2725.0624867986
"PHJJKLOP_00872",482.816602923589,430.559120103076,461.882916654703,1516.63534632895,1570.08291764241,1576.57251508966
"PHJJKLOP_00873",467.800775559937,502.648147092812,516.28483062558,2477.96003163709,2269.50819890031,2172.12253493183
"PHJJKLOP_00874",627.199558343322,598.43767610657,586.687307529068,2110.18051187905,1879.02594990788,2058.16537639298
"PHJJKLOP_00875",739.240731749036,750.515897427381,813.895301172143,834.786682223076,879.717549354171,943.367086339006
"PHJJKLOP_00876",382.326065951454,417.721348173398,398.947369119766,507.062357686209,560.808612822072,519.248270211806
"PHJJKLOP_00877",19346.1609626009,18766.8475193552,19639.0909434867,55250.6797355321,55277.2470017981,53771.9239213233
"PHJJKLOP_00878",2621.99447042236,2701.85723073857,2664.62708037748,11309.2202325597,11160.9067873265,11549.3102849592
"PHJJKLOP_00879",4091.23542477357,4188.07621182832,4581.49451970427,20413.5840372631,20998.1602897854,20301.2200607429
"PHJJKLOP_00880",58.9082458112513,54.3136504717184,65.0689559259512,89.2138439017028,85.1631819148219,89.1838632043178
"PHJJKLOP_00881",91.2500278252716,86.9018407547494,100.270194377695,150.206982079398,140.428651029759,156.567226514247
"PHJJKLOP_00882",9.24050914686294,7.90016734134085,9.60033775956657,9.10345345935743,14.495860751459,10.9002499471944
"PHJJKLOP_00883",561.360930671924,559.924360317533,563.219815227905,415.117477746699,479.269396095114,474.656338609647
"PHJJKLOP_00884",1174.69972529495,1188.9751848718,1124.3062220648,74.6483183667309,66.1373646785319,107.020635845181
"PHJJKLOP_00885",961.012951273746,915.431890677871,796.828034044025,330.455360574675,289.011223732215,254.669476038996
"PHJJKLOP_00886",1319.08268071469,1215.63824964882,1129.63974304233,541.655480831767,442.123752919501,468.710747729359
"PHJJKLOP_00887",25819.1376199784,24337.4530159182,24110.7149310537,15710.739980159,14619.9815591434,13951.3290005954
"PHJJKLOP_00888",33.4968456573782,34.5632321183662,20.2673797146405,23.6689789943293,28.0857302059519,33.6916816549645
"PHJJKLOP_00889",64.6835640280406,70.1139851544001,64.0022517304438,32.7724324536867,25.3677563150533,26.7551589612953
"PHJJKLOP_00890",2402.53237818437,2439.17666663899,2218.74472665538,3351.8915637354,3431.89503290793,3728.87641375387
"PHJJKLOP_00891",318.797565566772,431.546641020744,382.946806187155,239.4208259811,293.541180217046,312.143521215112
"PHJJKLOP_00892",7902.94544785453,7320.49256266997,7424.26120073148,3137.96040744051,3322.27008597502,3248.27448426393
"PHJJKLOP_00893",3187.97565566772,2934.91216730813,2813.96566774851,1248.99381462384,1214.93432923166,1309.02092547671
"PHJJKLOP_00894",8720.7305073519,7915.96767602353,8388.56179347016,2548.05662327414,2431.68064105725,2356.43585222075
"PHJJKLOP_00895",2923.46608133876,3016.87640347454,2977.17140966114,7872.6665516523,8340.55587987074,8131.58646060702
"PHJJKLOP_00896",7124.43255223133,6983.74792974531,7178.91923576478,6584.52788715323,6716.11348441037,6549.06835463707
"PHJJKLOP_00897",229.857665028216,281.443461535268,253.87559853076,446.069219508514,462.961552749723,495.465906690654
"PHJJKLOP_00898",13.8607637202944,15.8003346826817,13.8671545415962,16.3862162268434,18.1198259393238,16.8458408274823
"PHJJKLOP_00899",3.4651909300736,9.87520917667607,6.40022517304438,7.28276276748594,16.3078433453914,16.8458408274823
"PHJJKLOP_00900",994.509796931124,1013.19646152696,1003.76864797246,1227.14552632138,1375.29478879468,1349.64912982534
"PHJJKLOP_00901",183.655119293901,240.955103910896,212.274134905972,190.26217730057,179.386276799306,227.914317077701
"PHJJKLOP_00902",1796.12396542148,1996.7672955239,1784.59611908387,2006.40114244238,1966.9071057136,1952.13567236118
"PHJJKLOP_00903",239.098174175079,215.279560051538,276.276386636416,193.903558684313,212.907954787055,185.304249102305
"PHJJKLOP_00904",120.126618909218,146.153095814806,112.003940528277,131.089729814747,156.736494375151,152.603499260722
"PHJJKLOP_00905",0,0,0,0,1.81198259393238,0.990931813381309
"PHJJKLOP_00906",92.4050914686295,101.714654519763,89.6031524226213,54.6207207561446,54.3594778179714,67.383363309929
"PHJJKLOP_00907",9.24050914686294,14.8128137650141,14.9338587371035,9.10345345935743,13.5898694544928,10.9002499471944
"PHJJKLOP_00908",0,0,2.13340839101479,0.910345345935743,0,0
"PHJJKLOP_00909",3.4651909300736,2.96256275300282,2.13340839101479,3.64138138374297,7.24793037572952,6.93652269366916
"PHJJKLOP_00910",8.08544550350508,9.87520917667607,8.53363356405917,4.55172672967871,5.43594778179714,7.92745450705047
"PHJJKLOP_00911",1.15506364335787,0,0,0.910345345935743,2.71797389089857,0.990931813381309
"PHJJKLOP_00912",19.6360819370838,16.7878556003493,19.2006755191331,18.2069069187149,19.9318085332562,31.7098180282019
"PHJJKLOP_00913",146.693082706449,136.27788663813,132.271320242917,99.227642706996,120.496842496503,99.0931813381309
"PHJJKLOP_00914",413.512784322117,444.384412950423,442.682241135569,526.179609950859,470.209483125453,518.257338398425
"PHJJKLOP_00915",754.256559112688,795.941859640091,694.424431275315,711.890060521751,788.212428360585,809.591291532529
"PHJJKLOP_00916",2513.41848794672,2469.78981508668,2370.21672241743,1837.07690809833,1797.48673318092,1764.84955963211
"PHJJKLOP_00917",65.8386276713985,65.176380566062,72.5358852945029,81.9310811342169,102.377016557179,106.0297040318
"PHJJKLOP_00918",28.8765910839467,29.6256275300282,22.4007881056553,22.7586336483936,21.7437911271886,26.7551589612953
"PHJJKLOP_00919",21.9462092237995,22.712981106355,19.2006755191331,27.3103603780723,43.4875822543771,23.7823635211514
"PHJJKLOP_00920",108.57598247564,85.9143198370818,101.336898573203,99.227642706996,125.9327902783,103.056908591656
"PHJJKLOP_00921",231.012728671574,244.905187581566,293.343653764534,234.869099251422,207.472007005257,222.959658010794
"PHJJKLOP_00922",2369.03553252699,2231.79727392879,2202.74416372277,2115.64258395467,2174.37911271886,2273.19757989672
"PHJJKLOP_00923",1821.53536557536,2016.51771387725,2024.60456307304,805.655631153132,1088.09554765639,909.675404684042
"PHJJKLOP_00924",217.151964951279,201.454267204192,188.806642604809,206.648393527414,154.018520484252,233.859907957989
"PHJJKLOP_00925",252.958937895373,286.381066123606,249.608781748731,409.655405671084,436.687805137704,402.318316232811
"PHJJKLOP_00926",4457.39059971801,4764.7884277462,4498.29159245469,4073.79542306245,4453.85321588579,3855.71568586667
"PHJJKLOP_00927",91.2500278252716,63.2013387307268,82.1362230540695,80.1103904423454,89.6931383996528,100.084113151512
"PHJJKLOP_00928",39.2721638741675,57.2762132247212,61.868843339429,78.2896997504739,54.3594778179714,66.3924314965477
"PHJJKLOP_00929",27.7215274405888,21.7254601886873,22.4007881056553,28.220705724008,31.7096953938166,27.7460907746766
"PHJJKLOP_00930",103.955727902208,80.9767152487437,91.7365608136361,135.641456544426,93.3171035875176,95.1294540846057
"PHJJKLOP_00931",123.591809839292,139.240449391133,129.071207656395,233.958753905486,181.198259393238,169.449340088204
"PHJJKLOP_00932",157.08865549667,152.078221320811,152.538699957558,200.275976105863,144.95860751459,159.540021954391
"PHJJKLOP_00933",8.08544550350508,10.8627300943437,6.40022517304438,11.8344894971647,13.5898694544928,7.92745450705047
"PHJJKLOP_00934",75.0791368182614,73.0765479074029,75.7359978810251,63.724174215502,49.8295213331404,40.6282043486337
"PHJJKLOP_00935",490.902048427094,452.284580291764,466.149733436732,314.979489693767,276.327345574688,274.488112306623
"PHJJKLOP_00936",509.38306672082,509.560793516485,520.551647407609,227.586336483936,211.095972193122,198.186362676262
"PHJJKLOP_00937",329.193138356992,353.532488525003,332.811708998308,384.165735984883,429.439874761974,400.336452606049
"PHJJKLOP_00938",2061.78860339379,2171.55849795107,2156.87588331596,1106.97994065786,1136.1130863956,1197.04563056462
"PHJJKLOP_00939",540.569785091482,516.473439940158,502.417676083984,329.545015228739,327.968849501761,389.436202658854
"PHJJKLOP_00940",56.5981185245355,68.1389433190649,55.4686181663846,150.206982079398,175.762311611441,143.68511294029
"PHJJKLOP_00941",6.93038186014721,6.91264642367325,12.8004503460888,18.2069069187149,21.7437911271886,25.764227147914
"PHJJKLOP_00942",6.93038186014721,5.92512550600564,6.40022517304438,10.9241441512289,14.495860751459,10.9002499471944
"PHJJKLOP_00943",0,0,0,1.82069069187149,0.90599129696619,0
"PHJJKLOP_00944",144.382955419734,128.377719296789,116.270757310306,448.800255546321,440.311770325568,447.901179648352
"PHJJKLOP_00945",99.3354733287767,91.8394453430874,90.6698566181287,354.124339569004,365.114492677375,370.60849820461
"PHJJKLOP_00946",537.104594161409,464.134831303775,469.349846023254,1489.32498595088,1339.96112821299,1288.2113573957
"PHJJKLOP_00947",90.0949641819137,115.53994736711,104.537011159725,58.2621021398875,50.7355126301066,58.4649769894972
"PHJJKLOP_00948",150.158273636523,118.502510120113,119.470869896828,84.6621171720241,81.5392167269571,72.3380223768356
"PHJJKLOP_00949",614.493858266386,635.963470977939,621.888545980812,1330.92489575806,1487.63770961848,1498.28890183254
"PHJJKLOP_00950",664.161594930774,634.975950060271,624.021954371827,4019.1747023063,4050.68708873584,4364.06370613128
"PHJJKLOP_00951",203.291201230985,157.015825909149,214.407543296987,221.213919062385,237.369719805142,247.732953345327
"PHJJKLOP_00952",169.794355573607,230.092373816552,196.273571973361,614.483108506626,596.142273403753,461.77422503569
"PHJJKLOP_00953",1431.1238541204,1420.05507960602,1308.84604788758,505.241666994337,494.67124814354,491.502179437129
"PHJJKLOP_00954",2157.6588857925,2309.81142642453,2104.60737773609,825.683228763719,877.905566760238,801.663837025479
"PHJJKLOP_00955",1655.20620093182,1531.64494330246,1613.92344780269,461.545090389422,496.483230737472,457.810497782165
"PHJJKLOP_00956",1230.14278017613,1127.74888797641,1236.31016259307,300.413964158795,278.13932816862,259.624135105903
"PHJJKLOP_00957",369.620365874518,334.769591089319,359.479313885993,199.365630759928,214.719937380987,197.19543086288
"PHJJKLOP_00958",113.196237049071,108.627300943437,71.4691810989955,49.1586486805301,40.7696083634785,34.6826134683458
"PHJJKLOP_00959",15.0158273636523,12.8377719296789,13.8671545415962,10.9241441512289,6.34193907876333,13.8730453873383
"PHJJKLOP_00960",1237.07316203628,1205.76304047215,1213.90937448742,2081.04946080911,2028.5145139073,1860.9699455301
"PHJJKLOP_00961",738.085668105678,764.341190274728,791.494513066488,642.703814230634,612.450116749144,707.525314754255
"PHJJKLOP_00962",83.1645823217665,85.9143198370818,77.8694062720399,49.1586486805301,67.9493472724643,65.4014996831664
"PHJJKLOP_00963",137.452573559586,112.577384614107,147.205178980021,112.882822896032,141.334642326726,123.866476672664
"PHJJKLOP_00964",69.3038186014721,78.0141524957409,80.0028146630547,91.94487993951,93.3171035875176,86.2110677641739
"PHJJKLOP_00965",423.908357112338,449.322017538761,461.882916654703,307.696726926281,295.353162810978,298.270475827774
"PHJJKLOP_00966",2431.40896926831,2398.68830901462,2388.35069374106,1309.98695280153,1408.81646678243,1382.34987966693
"PHJJKLOP_00967",1150.44338878444,977.64570849093,958.967071761149,543.476171523638,444.841726810399,518.257338398425
"PHJJKLOP_00968",458.560266413074,411.796222667392,373.346468427589,266.731186359173,220.155885162784,270.524385053097
"PHJJKLOP_00969",1947.43730270137,1917.76562211049,1943.53504421448,954.041922540658,873.375610275407,842.292041374113
"PHJJKLOP_00970",1967.07338463845,2029.35548580693,1956.33549456056,1038.70403971268,1078.12964338977,997.868336074978
"PHJJKLOP_00971",2001.72529393919,1949.36629147586,1943.53504421448,1065.10405474482,902.367331778325,1047.41492674404
"PHJJKLOP_00972",481.661539280231,519.436002693161,596.287645288635,604.469309701333,768.280619827329,570.776724507634
"PHJJKLOP_00973",1264.79468947687,1193.91278946014,1362.18125766295,582.621021398875,603.390203779482,524.202929278712
"PHJJKLOP_00974",699.968567874868,608.312885283246,656.023080237049,176.606997111534,199.318085332562,156.567226514247
"PHJJKLOP_00975",77.3892641049772,72.0890269897353,81.0695188585621,416.93816843857,400.448153259056,451.864906901877
"PHJJKLOP_00976",503.60774850403,521.411044528496,536.55221034022,166.593198306241,187.540198472001,186.295180915686
"PHJJKLOP_00977",736.93060446232,699.164809708665,692.2910228843,426.951967243863,452.089657186129,441.955588768064
"PHJJKLOP_00978",34.651909300736,47.4010040480451,37.3346468427589,124.717312393197,125.026798981334,108.011567658563
"PHJJKLOP_00979",0,1.97504183533521,0,4.55172672967871,1.81198259393238,0.990931813381309
"PHJJKLOP_00980",3.4651909300736,1.97504183533521,3.20011258652219,0.910345345935743,1.81198259393238,2.97279544014393
"PHJJKLOP_00981",176.724737433754,158.990867744485,178.139600649735,323.172597807189,284.481267247384,311.152589401731
"PHJJKLOP_00982",903.259769105853,894.693951406852,813.895301172143,1360.96629217394,1466.79990978826,1406.13224318808
"PHJJKLOP_00983",7331.18894439239,7612.79875429958,8002.41487469649,10415.2611028508,10472.3534016322,10696.1179936378
"PHJJKLOP_00984",359.224793084297,350.569925772,379.746693600633,9831.72973610602,10031.1356400097,9886.52670210532
"PHJJKLOP_00985",189.43043751069,203.429309039527,189.873346800317,3324.58120335733,3268.81659945401,3517.80793750365
"PHJJKLOP_00986",40.4272275175254,48.3885249657127,43.7348720158032,362.317447682426,366.020483974341,341.871475616552
"PHJJKLOP_00987",33.4968456573782,42.4633994597071,23.4674923011627,335.007087304353,273.609371683789,268.542521426335
"PHJJKLOP_00988",763.497068259551,721.87779081502,789.361104675473,2355.06340993577,2539.49360539623,2678.48869156968
"PHJJKLOP_00989",220.617155881353,222.192206475211,195.206867777854,339.558814034032,430.34586605894,406.282043486337
"PHJJKLOP_00990",64.6835640280406,32.588190283031,45.868280406818,61.9034835236305,62.5133994906671,57.4740451761159
"PHJJKLOP_00991",264.509574328952,271.568252358592,291.210245373519,240.331171327036,217.437911271886,225.932453450938
"PHJJKLOP_00992",836.266077791096,825.567487170119,908.831974572302,479.751997308136,460.243578858824,424.1188161272
"PHJJKLOP_00993",75.0791368182614,93.8144871784226,84.2696314450843,84.6621171720241,83.3511993208895,87.2019995775552
"PHJJKLOP_00994",4196.34621631913,4031.06038591917,4079.07684362028,2161.15985125145,2347.4234504394,2303.91646611154
"PHJJKLOP_00995",164.019037356817,160.96590957982,172.806079672198,142.013873965976,151.300546593354,145.666976567052
"PHJJKLOP_00996",597.167903616018,567.824527658874,560.019702641383,429.683003281671,399.54216196209,403.309248046193
"PHJJKLOP_00997",91.2500278252716,82.9517570840789,78.9361104675473,70.0965916370522,70.6673211633628,84.2292041374113
"PHJJKLOP_00998",64.6835640280406,63.2013387307268,52.2685055798624,163.862162268434,170.326363829644,160.530953767772
"PHJJKLOP_00999",1287.89596234402,1317.35290416859,1330.18013179772,374.15193717959,425.815909574109,447.901179648352
"PHJJKLOP_01000",232.167792314931,302.181400806288,305.077399915115,712.800405867687,745.630837403174,748.153519102888
"PHJJKLOP_01001",87.784836895198,108.627300943437,88.5364482271139,1689.60096205674,1672.45993419959,1871.87019547729
"PHJJKLOP_01002",287.610847196109,258.730480428913,282.67661180946,2891.25681869192,2793.17116854676,2934.14909942206
"PHJJKLOP_01003",92.4050914686295,79.9891943310761,81.0695188585621,94.6759159773172,95.1290861814499,102.065976778275
"PHJJKLOP_01004",43.892418447599,67.1514224013972,67.202364316966,71.0069369829879,91.5051209935852,81.2564086972673
"PHJJKLOP_01005",147.848146349807,126.402677461454,133.338024438425,143.834564657847,173.044337720542,176.385862781873
"PHJJKLOP_01006",250.648810608657,208.366913627865,228.274697838583,278.565675856337,308.037040968505,317.098180282019
"PHJJKLOP_01007",168.639291930249,155.040784073814,153.605404153065,176.606997111534,184.822224581103,170.440271901585
"PHJJKLOP_01008",3245.72883783561,3015.88888255687,3145.71067255131,2552.60835000382,2457.04839737231,2451.56530630536
"PHJJKLOP_01009",382.326065951454,401.921013490716,385.08021457817,253.986351516072,238.275711102108,275.479044120004
"PHJJKLOP_01010",1819.22523828864,1849.62667879143,1826.19758270866,884.855676249542,833.511993208895,827.428064173393
"PHJJKLOP_01011",172.104482860322,173.803681509499,208.007318123942,767.421126623831,761.938680748566,719.41649651483
"PHJJKLOP_01012",21.9462092237995,21.7254601886873,19.2006755191331,225.765645792064,221.967867756717,221.968726197413
"PHJJKLOP_01013",356.914665797581,434.509203773747,331.7450048028,396.910570827984,420.379961792312,475.647270423028
"PHJJKLOP_01014",489.746984783736,494.747979751471,522.685055798624,573.517567939518,558.996630228139,621.314246990081
"PHJJKLOP_01015",1248.62379846986,1316.36538325092,1344.04728633932,1821.60103721742,1974.15503608933,1917.45305889283
"PHJJKLOP_01016",765.807195546266,775.203920369071,746.692936855177,1261.73864946694,1111.65132137752,1134.6169263216
"PHJJKLOP_01017",2054.85822153365,2166.62089336273,2071.53954767536,1076.93854424198,1181.41265124391,1095.97058559973
"PHJJKLOP_01018",154.778528209954,150.103179485476,137.604841220454,1133.37995569,1067.25774782617,1213.8914713921
"PHJJKLOP_01019",458.560266413074,550.049151140857,599.487757875157,2500.71866528549,2650.93053492307,2699.29825965069
"PHJJKLOP_01020",2176.13990408622,2420.4137692033,2426.75204477933,6491.67266186778,6290.29757483626,6035.76567530555
"PHJJKLOP_01021",299.161483629688,295.268754382614,309.344216697145,571.696877247647,596.142273403753,593.568156215404
"PHJJKLOP_01022",17342.125541375,16691.0785504179,16879.527189709,8085.68736260127,8203.75119402885,8240.58896007897
"PHJJKLOP_01023",143.227891776376,143.190533061803,205.873909732928,21.8482883024578,27.1797389089857,18.8277044542449
"PHJJKLOP_01024",586.772330825797,516.473439940158,680.557276733719,30.9517417618153,51.6415039270728,42.6100679753963
"PHJJKLOP_01025",3282.69087442306,2920.09935354311,3728.13116329835,1202.56620198112,1294.66156336469,1104.88897192016
"PHJJKLOP_01026",753.10149546933,770.266315780733,776.560654329385,1815.22861979587,1813.79457652631,1811.42335486103
"PHJJKLOP_01027",236.788046888363,267.618168687921,278.40979502743,469.738198502843,490.141291658709,554.921815493533
"PHJJKLOP_01028",92.4050914686295,100.727133602096,110.937236332769,162.951816922498,180.292268096272,187.286112729067
"PHJJKLOP_01029",822.405314070802,807.792110652102,774.42724593837,1035.97300367488,1002.93236574157,1012.7323132757
"PHJJKLOP_01030",704.5888224483,729.777958156361,708.291585816911,4876.72001817777,4818.96770856316,4611.79665947661
"PHJJKLOP_01031",660.696404000701,685.339516861319,654.956376041541,381.434699947076,441.217761622535,368.626634577847
"PHJJKLOP_01032",82.0095186784086,103.689696355099,104.537011159725,375.972627871462,318.002945235133,318.0891120954
"PHJJKLOP_01033",300.316547273046,246.880229416902,289.076836982504,1017.76609675616,702.143255148797,851.210427694544
"PHJJKLOP_01034",564.826121601997,558.936839399865,589.88742011559,1332.74558644993,924.111122905514,1239.65569854002
"PHJJKLOP_01035",239.098174175079,210.3419554632,231.474810425105,400.551952211727,266.36144130806,326.016566602451
"PHJJKLOP_01036",3124.44715528303,2763.08352763396,3243.84745853799,4587.23019817021,2848.4366376617,3750.67691364825
"PHJJKLOP_01037",294.541229056256,223.179727392879,292.276949569027,789.269414926289,526.380943537356,676.806428539434
"PHJJKLOP_01038",918.275596469505,950.982643713905,916.298903940854,3997.32641400385,3667.45277011914,4001.38266243373
"PHJJKLOP_01039",654.921085783911,832.480133593792,801.094850826055,1042.34542109643,1188.66058161964,1087.0521992793
"PHJJKLOP_01040",3102.50094605923,2948.73746015547,2867.30087752388,2928.58097787528,2874.71038527372,2841.99244077759
"PHJJKLOP_01041",2816.04516250648,2645.56853843152,2577.15733634587,256.717387553879,226.497824241548,212.0594080636
"PHJJKLOP_01042",1074.20918832282,1085.2854885167,1141.37348919291,79.2000450964096,97.8470600723485,106.0297040318
"PHJJKLOP_01043",1915.09552068735,1983.92952359422,1827.26428690417,143.834564657847,153.112529187286,155.576294700866
"PHJJKLOP_01044",4716.12485583017,4545.55878402399,4623.09598332906,8314.18404443114,8548.027886876,8458.59395902285
"PHJJKLOP_01045",2565.39635189782,2294.01109174185,2595.2913076695,8591.83937494154,9526.49848759949,9337.55047749207
"PHJJKLOP_01046",2020.20631223291,1979.97943992355,2050.20546376522,6233.13458362203,7596.7370250615,7012.82444329952
"PHJJKLOP_01047",4549.79569118664,4834.9024129006,4487.62455049962,9701.55035163721,10727.8429473767,10508.8318809088
"PHJJKLOP_01048",6677.42292225184,6589.72708359594,7325.05771054929,647.255540960313,579.834430058362,557.894610933677
"PHJJKLOP_01049",5168.90980402646,4632.46062477874,5148.9811517142,566.234805172032,524.568960943424,520.239202025187
"PHJJKLOP_01050",3527.56436681493,3183.76743856036,3833.73487865358,516.165811145566,495.577239440506,518.257338398425
"PHJJKLOP_01051",2743.27615297494,2351.28730496657,2658.22685520443,416.93816843857,424.909918277143,398.354588979286
"PHJJKLOP_01052",2740.96602568822,2475.71494059269,2819.29918872605,648.165886306249,508.261117598033,482.583793116697
"PHJJKLOP_01053",4792.35905629179,4173.26339806331,4752.16719098545,886.676366941413,814.486175972605,801.663837025479
"PHJJKLOP_01054",7494.05291810585,6365.55983528539,7409.32734199438,1555.78019620418,1490.35568350938,1324.87583449081
"PHJJKLOP_01055",3819.79546858447,3437.56031440094,3974.53983246056,824.772883417783,704.861229039696,750.135382729651
"PHJJKLOP_01056",6079.09995499246,5200.28515243762,6065.28005565506,1604.93884488471,1429.65426661265,1478.47026556491
"PHJJKLOP_01057",5493.48268781002,5200.28515243762,5322.85393558191,2942.23615806432,3042.31877521247,2808.30075912263
"PHJJKLOP_01058",0,0,0,0.910345345935743,0,0.990931813381309
"PHJJKLOP_01059",3.4651909300736,0.987520917667607,1.0667041955074,18.2069069187149,16.3078433453914,15.8549090141009
"PHJJKLOP_01060",654.921085783911,607.325364365578,615.488320807768,538.014099448024,515.509047973762,531.139451972382
"PHJJKLOP_01061",422.75329346898,358.470093113341,360.5460180815,475.200270578458,522.756978349492,487.538452183604
"PHJJKLOP_01062",1518.9086910156,1468.44360457173,1518.98677440253,1440.16633727035,1464.08193589736,1487.38865188534
"PHJJKLOP_01063",211.37664673449,194.541620780518,226.141289447568,283.117402586016,267.267432605026,273.497180493241
"PHJJKLOP_01064",99.3354733287767,88.8768825900846,113.070644723784,246.703588748586,224.685841647615,200.168226303024
"PHJJKLOP_01065",27.7215274405888,47.4010040480451,38.4013510382663,1524.82845444237,1839.16233284137,1562.69946970232
"PHJJKLOP_01066",278.370338049246,245.892708499234,259.209119508297,252.165660824201,258.207519635364,240.796430651658
"PHJJKLOP_01067",426.218484399053,389.083241561037,419.214748834407,588.08309347449,610.638134155212,644.105678697851
"PHJJKLOP_01068",72.7690095315457,92.826966260755,97.0700817911731,182.069069187149,166.702398641779,168.458408274823
"PHJJKLOP_01069",4137.43797050788,3594.57614031009,3835.8682870446,2123.83569206809,1984.12094035596,1974.92710406895
"PHJJKLOP_01070",3223.78262861181,3365.4712874112,3464.65522700802,1766.06997111534,1691.48575143588,1878.80671817096
"PHJJKLOP_01071",683.797676867858,720.890269897353,633.622292131393,860.276351909277,796.366350033281,831.391791426918
"PHJJKLOP_01072",678.022358651069,699.164809708665,681.623980929226,682.759009451807,689.459376991271,663.924314965477
"PHJJKLOP_01073",2336.69375051297,2528.05354922907,2257.14607769365,2592.663545225,2386.38107620894,2142.39458053039
"PHJJKLOP_01074",2477.61151500263,2214.02189741077,2391.55080632758,1745.13202815882,1775.74294205373,1711.33924170952
"PHJJKLOP_01075",6785.99890472747,6324.08395674335,6045.01267594041,3828.91252500573,3701.88043940385,3635.72882329602
"PHJJKLOP_01076",4340.72917173887,4898.10375163133,4681.76471408196,7877.21827838198,8930.35621419573,9993.5473379505
"PHJJKLOP_01077",1025.69651530179,958.882811055246,1117.90599689175,471.558889194715,472.927457016351,458.801429595546
"PHJJKLOP_01078",339.588711147213,364.395218619347,370.146355841067,1271.75244827223,1310.06341541311,1314.966516357
"PHJJKLOP_01079",62.3734367413249,79.0016734134085,84.2696314450843,398.731261519855,294.447171514012,397.363657165905
"PHJJKLOP_01080",846.661650581317,828.530049923122,844.829722841858,709.159024483944,660.467655488353,574.740451761159
"PHJJKLOP_01081",2671.66220708675,2642.60597567852,2815.03237194402,890.317748325156,910.521253451021,820.491541479724
"PHJJKLOP_01082",3753.95684091307,3521.49959240269,3838.00169543561,1357.32491079019,1423.31232753388,1257.49247118088
"PHJJKLOP_01083",251.803874252015,251.81783400524,253.87559853076,83.7517718260883,75.1972776481938,97.1113177113683
"PHJJKLOP_01084",11291.9021774665,10259.3548136488,9124.58768837027,1227.14552632138,1128.86515601987,1035.52374498347
"PHJJKLOP_01085",4092.39048841693,3686.41558565318,3496.65635287325,227.586336483936,192.976146253798,185.304249102305
"PHJJKLOP_01086",3183.35540109428,2832.2099918707,2668.89389715951,142.924219311912,132.274729357064,153.594431074103
"PHJJKLOP_01087",489.746984783736,491.785416998468,458.68280406818,1181.62825902459,1079.03563468673,1192.09097149771
"PHJJKLOP_01088",359.224793084297,357.482572195674,336.01182158483,227.586336483936,221.967867756717,199.177294489643
"PHJJKLOP_01089",363.845047657728,298.231317135617,349.878976126426,75.5586637126667,51.6415039270728,68.3742951233103
"PHJJKLOP_01090",19.6360819370838,20.7379392710197,11.7337461505814,29.1310510699438,21.7437911271886,22.7914317077701
"PHJJKLOP_01091",361.534920371013,385.133157890367,378.679989405126,765.60043593196,782.776480578788,671.851769472527
"PHJJKLOP_01092",316.487438280056,329.831986500981,313.611033479175,432.414039319478,437.59379643467,426.100679753963
"PHJJKLOP_01093",16.1708910070102,31.6006693653634,36.2679426472515,20.0275976105863,28.0857302059519,21.8004998943888
"PHJJKLOP_01094",39.2721638741675,47.4010040480451,41.6014636247885,40.0551952211727,60.7014168967347,61.4377724296412
"PHJJKLOP_01095",1310.99723521118,1073.43523750469,1172.30791086263,79.2000450964096,68.8553385694304,76.3017496303608
"PHJJKLOP_01096",764.652131902909,689.289600531989,747.759641050685,216.662192332707,194.788128847731,201.159158116406
"PHJJKLOP_01097",235.632983245005,214.292039133871,237.875035598149,63.724174215502,54.3594778179714,70.3561587500729
"PHJJKLOP_01098",122.436746195934,110.602342778772,98.1367859866805,49.1586486805301,55.2654691149376,50.5375224824468
"PHJJKLOP_01099",94.7152187553452,92.826966260755,81.0695188585621,47.3379579886586,42.5815909574109,46.5737952289215
"PHJJKLOP_01100",120.126618909218,133.315323885127,114.137348919291,87.3931532098313,74.2912863512276,62.4287042430225
"PHJJKLOP_01101",9.24050914686294,10.8627300943437,11.7337461505814,10.0137988052932,5.43594778179714,6.93652269366916
"PHJJKLOP_01102",66.9936913147563,70.1139851544001,74.6692936855177,95.586261323253,77.0092602421261,89.1838632043178
"PHJJKLOP_01103",3.4651909300736,11.8502510120113,16.0005629326109,7.28276276748594,9.0599129696619,6.93652269366916
"PHJJKLOP_01104",2.31012728671574,2.96256275300282,3.20011258652219,6.3724174215502,3.62396518786476,2.97279544014393
"PHJJKLOP_01105",19.6360819370838,25.6755438593578,32.0011258652219,31.862087107751,28.9917215029181,20.8095680810075
"PHJJKLOP_01106",0,4.93760458833803,5.33352097753698,11.8344894971647,9.0599129696619,11.8911817605757
"PHJJKLOP_01107",2101.06076726796,2208.09677190477,2136.60850360132,2124.74603741402,2384.56909361501,2150.32203503744
"PHJJKLOP_01108",2051.39303060357,2071.81888526664,1907.26710156722,2112.91154791686,2116.39566971302,2013.57344479082
"PHJJKLOP_01109",1880.44361138661,1967.14166799387,1913.66732674027,9259.12251351244,10365.4464285902,11093.4816508038
"PHJJKLOP_01110",1274.03519862373,1301.55256948591,1405.91612967875,8347.86682223076,6587.46272024117,6775.00080808801
"PHJJKLOP_01111",8617.92984309305,7956.45603364791,8070.68394320896,4523.50602395471,4513.64864148556,4401.71911503977
"PHJJKLOP_01112",3472.12131193375,3611.36399591044,3581.99268851384,2284.96681829871,2433.49262365119,2366.34517035457
"PHJJKLOP_01113",770.427450119698,772.241357616068,817.095413758666,2124.74603741402,1781.17888983553,1635.03749207916
"PHJJKLOP_01114",229.857665028216,249.842792169904,242.141852380179,522.538228567116,507.355126301066,508.348020264611
"PHJJKLOP_01115",1621.70935527445,1424.00516327669,1435.78384715296,2907.64303491876,2728.84578646216,2693.3526687704
"PHJJKLOP_01116",1414.95296311339,1278.83958837955,1321.64649823366,2000.02872502083,1605.41657822409,1599.36394679743
"PHJJKLOP_01117",109.731046118997,79.0016734134085,103.470306964217,145.655255349719,149.488563999421,172.422135528348
"PHJJKLOP_01118",6596.56846721678,6647.00329682066,6734.10358623819,6382.43122035549,6844.76424857956,6783.91919440844
"PHJJKLOP_01119",2653.18118879302,2564.59182318277,2631.55925031675,2023.69770401516,1733.16135109632,1757.91303693844
"PHJJKLOP_01120",8912.47107214931,8429.47855321069,8159.22039143607,7256.36275245381,6290.29757483626,6715.54489928513
"PHJJKLOP_01121",1064.96867917595,1030.97183804498,1093.37180039508,2876.69129315695,2888.30025472821,2876.67505424594
"PHJJKLOP_01122",1141.20287963757,1032.94687988032,1072.03771648493,1740.58030142914,1928.85547124102,1850.0696955829
"PHJJKLOP_01123",564.826121601997,489.810375163133,499.217563497461,393.269189444241,372.362423053104,374.572225458135
"PHJJKLOP_01124",853.592032441465,732.740520909364,823.49563893171,268.551877051044,279.951310762553,256.651339665759
"PHJJKLOP_01125",6284.70128351016,6683.54157077436,6886.64228619575,5525.79624982996,5968.67066441326,5906.94453956598
"PHJJKLOP_01126",2683.21284352033,2740.37054652761,2951.57050896897,96.4966066691887,98.7530513693147,98.1022495247496
"PHJJKLOP_01127",3576.07703983596,3292.3947395038,3800.66704859285,118.344894971647,107.812964338977,115.939022165613
"PHJJKLOP_01128",653.766022140553,680.401912272981,684.824093515748,136.551801890361,152.20653789032,141.703249313527
"PHJJKLOP_01129",911.345214609358,983.570833996936,931.232762677957,925.82121681665,905.99129696619,822.473405106486
"PHJJKLOP_01130",1308.68710792446,1117.87367879973,1076.30453326696,1267.20072154255,1191.37855551054,1244.61035760692
"PHJJKLOP_01131",8108.54677637223,7715.50092973701,7582.13342166657,5688.74806675246,5369.81041711861,5568.04585938957
"PHJJKLOP_01132",639.905258420259,620.163136295257,583.487194942546,1798.84240356903,1588.20274358173,1779.71353683283
"PHJJKLOP_01133",1902.38982061041,1766.67492170735,1822.99747012214,744.662492975438,874.281601572373,817.51874603958
"PHJJKLOP_01134",191.740564797406,198.491704451189,196.273571973361,1149.76617191684,1290.13160687985,1289.20228920908
"PHJJKLOP_01135",69.3038186014721,78.0141524957409,67.202364316966,128.35869377694,173.044337720542,165.485612834679
"PHJJKLOP_01136",1580.12706411356,1497.08171118409,1565.92175900486,1106.97994065786,1213.12234663773,1239.65569854002
"PHJJKLOP_01137",4624.8748280049,4095.24924556756,4364.95356801627,8727.48083148597,8071.47646467179,7440.90698668025
"PHJJKLOP_01138",580.997012609008,530.298732787505,537.618914535728,1161.60066141401,962.162757378094,1021.65069959613
"PHJJKLOP_01139",1639.03530992481,1464.49352090106,1409.11624226527,2666.40151824579,2467.01430163894,2422.8282837173
"PHJJKLOP_01140",406.58240246197,395.008367067043,425.614974007451,1937.21489615126,2159.8832519674,2173.11346674521
"PHJJKLOP_01141",766.962259189624,681.389433190649,702.958064839374,2199.39435578075,2010.39468796798,1836.19665019557
"PHJJKLOP_01142",2773.30780770224,2628.78068283117,2536.62257691659,3144.33282486206,2840.28271598901,3016.3964399327
"PHJJKLOP_01143",1778.79801077112,1871.35213898011,1698.19307924777,1810.67689306619,1918.88956697439,1909.52560438578
"PHJJKLOP_01144",7894.86000235103,7328.39273001131,7064.78188684549,4197.60239010971,3986.36170665124,3890.39829933502
"PHJJKLOP_01145",4175.55507073869,3918.48300130506,3733.46468427589,1983.64250879398,1917.98357567742,1961.05405868161
"PHJJKLOP_01146",2365.57034159691,2320.67415651888,2370.21672241743,1628.60782387904,1644.37420399363,1466.57908380434
"PHJJKLOP_01147",10192.2815889898,10961.4821861104,10049.4202258752,5789.79640015132,5622.58198897218,5254.91140636108
"PHJJKLOP_01148",1715.26951038643,1804.20071657872,1769.66226034677,779.255616120996,891.495436214731,873.010927588933
"PHJJKLOP_01149",395.031766028391,383.158116055031,324.278075434248,375.972627871462,406.790092337819,419.164157060294
"PHJJKLOP_01150",69.3038186014721,75.0515897427381,71.4691810989955,133.820765852554,136.804685841895,128.82113573957
"PHJJKLOP_01151",359.224793084297,316.006693653634,379.746693600633,459.72439969755,489.235300361743,460.783293222309
"PHJJKLOP_01152",318.797565566772,278.480898782265,341.345342562367,317.710525731574,313.472988750302,336.916816549645
"PHJJKLOP_01153",3.4651909300736,1.97504183533521,3.20011258652219,10.9241441512289,6.34193907876333,9.90931813381309
"PHJJKLOP_01154",26.566463797231,34.5632321183662,17.0672671281183,62.8138288695663,70.6673211633628,60.4468406162598
"PHJJKLOP_01155",5.77531821678934,7.90016734134085,8.53363356405917,19.1172522646506,22.6497824241548,18.8277044542449
"PHJJKLOP_01156",10.3955727902208,15.8003346826817,19.2006755191331,59.1724474858233,62.5133994906671,72.3380223768356
"PHJJKLOP_01157",1356.04471730214,1329.2031551806,1212.84267029191,1952.69076703217,2053.88227022235,1968.98151318866
"PHJJKLOP_01158",1776.4878834844,1773.58756813102,1579.78891354645,2060.11151785259,1981.40296646506,2038.34674012535
"PHJJKLOP_01159",8978.30969982071,8313.93860584358,8231.75627673058,7404.74904384133,7606.70292932813,7404.24250958514
"PHJJKLOP_01160",0,1.97504183533521,2.13340839101479,0,2.71797389089857,0.990931813381309
"PHJJKLOP_01161",259.88931975552,232.067415651888,238.941739793657,267.641531705108,265.455450011094,295.29768038763
"PHJJKLOP_01162",70.45888224483,59.2512550600564,60.8021391439216,83.7517718260883,86.069173211788,102.065976778275
"PHJJKLOP_01163",33.4968456573782,25.6755438593578,26.6676048876849,43.6965766049157,60.7014168967347,51.5284542958281
"PHJJKLOP_01164",139.762700846302,156.028304991482,107.737123746247,109.241441512289,121.402833793469,106.0297040318
"PHJJKLOP_01165",2289.33614113529,2383.8754952496,2207.0109805048,13377.5248585257,14634.4774198949,14073.2136136413
"PHJJKLOP_01166",276.06021076253,260.705522264248,241.075148184672,90.1241892476385,108.718955635943,105.038772218419
"PHJJKLOP_01167",2375.96591438713,2334.49944936622,2116.34112388667,1265.38003085068,1128.86515601987,1039.48747223699
"PHJJKLOP_01168",139.762700846302,131.340282049792,133.338024438425,98.3172973610602,97.8470600723485,79.2745450705047
"PHJJKLOP_01169",35.8069729440939,32.588190283031,36.2679426472515,5.46207207561446,19.02581723629,10.9002499471944
"PHJJKLOP_01170",23.1012728671574,41.4758785420395,35.2012384517441,16.3862162268434,24.4617650180871,17.8367726408636
"PHJJKLOP_01171",149.003209993165,142.203012144135,166.405854499154,106.510405474482,128.650764169199,118.911817605757
"PHJJKLOP_01172",445.854566336137,414.758785420395,465.083029241225,313.158799001896,374.174405647036,381.508748151804
"PHJJKLOP_01173",118.97155526586,132.327802967459,131.20461604741,247.613934094522,202.03605922346,276.469975933385
"PHJJKLOP_01174",25.4114001538731,24.6880229416902,29.8677174742071,29.1310510699438,45.2995648483095,42.6100679753963
"PHJJKLOP_01175",956.392696700315,939.132392701894,930.16605848245,485.214069383751,510.073100191965,532.130383785763
"PHJJKLOP_01176",3222.62756496845,3069.21501211092,3015.57276069941,1237.15932512667,1337.2431543221,1376.40428878664
"PHJJKLOP_01177",3601.48843998983,3408.92220778858,4053.47594292811,892.138439017028,984.812539802248,775.899609877565
"PHJJKLOP_01178",2.31012728671574,0.987520917667607,3.20011258652219,1.82069069187149,0.90599129696619,0.990931813381309
"PHJJKLOP_01179",293.386165412898,273.543294193927,304.010695719608,145.655255349719,128.650764169199,119.902749419138
"PHJJKLOP_01180",307.246929133193,331.807028336316,333.878413193815,346.841576801518,311.661006156369,302.234203081299
"PHJJKLOP_01181",889.399005385558,1034.92192171565,964.300592738686,471.558889194715,532.72288261612,492.493111250511
"PHJJKLOP_01182",1106.55097033684,1139.59913898842,1098.70532137262,578.069294669197,518.227021864661,513.302679331518
"PHJJKLOP_01183",411.202657035401,372.295385960688,379.746693600633,126.538003085068,140.428651029759,131.793931179714
"PHJJKLOP_01184",102.80066425885,122.452593790783,133.338024438425,3647.75380116452,3333.14198153861,3721.9398910602
"PHJJKLOP_01185",274.905147119173,268.605689605589,282.67661180946,4965.93386207948,4944.90049884146,4917.99458981144
"PHJJKLOP_01186",481.661539280231,474.010040480451,444.815649526584,6359.6725867071,5900.7213171408,6035.76567530555
"PHJJKLOP_01187",615.648921909744,593.500071518232,532.285393558191,647.255540960313,726.605020166884,702.570655687348
"PHJJKLOP_01188",1448.44980877077,1474.36873007774,1264.04447167626,1345.49042129303,1343.58509340086,1446.76044753671
"PHJJKLOP_01189",303.781738203119,238.980062075561,280.543203418445,586.262402782618,575.304473573531,632.214496937275
"PHJJKLOP_01190",341.898838433929,330.819507418648,324.278075434248,644.524504922506,671.339551051947,679.779223979578
"PHJJKLOP_01191",313.022247349982,342.669758430659,291.210245373519,1029.60058625332,964.880731268992,1073.17915389196
"PHJJKLOP_01192",1204.73138002226,1206.75056138982,1227.77652902901,1502.98016613991,1702.35764699947,1632.06469663902
"PHJJKLOP_01193",116.661427979145,131.340282049792,119.470869896828,85.5724625179598,81.5392167269571,88.1929313909365
"PHJJKLOP_01194",5398.76746905468,5025.49395001045,4970.84155106447,934.924670276008,855.255784336083,874.001859402314
"PHJJKLOP_01195",709.209077021731,712.002581638344,829.895864104754,3665.96070808324,3473.57063256837,3561.40893729242
"PHJJKLOP_01196",1655.20620093182,1590.89619836251,1621.39037717124,5509.41003360312,4841.61749098732,4890.24849903676
"PHJJKLOP_01197",890.554069028916,892.718909571516,928.032650091435,1445.62840934596,1329.99522394637,1409.10503862822
"PHJJKLOP_01198",49.6677366643883,55.301171389386,49.0683929933402,104.68971478261,78.8212428360585,97.1113177113683
"PHJJKLOP_01199",24.2563365105152,27.650585694693,21.3340839101479,43.6965766049157,38.9576257695462,33.6916816549645
"PHJJKLOP_01200",87.784836895198,71.1015060720677,69.3357727079808,114.703513587904,123.214816387402,143.68511294029
"PHJJKLOP_01201",105.110791545566,102.702175437431,113.070644723784,113.793168241968,154.018520484252,118.911817605757
"PHJJKLOP_01202",2072.18417618402,2176.49610253941,2044.87194278768,1584.91124727413,1624.44239546038,1554.77201519527
"PHJJKLOP_01203",3608.41882184998,3395.09691494123,3249.18097951553,608.110691085076,643.253820845995,661.942451338714
"PHJJKLOP_01204",2668.19701615668,2903.31149794276,2772.36420412372,178.427687803406,141.334642326726,152.603499260722
"PHJJKLOP_01205",2335.53868686961,2132.05766124436,2235.8119937835,588.08309347449,601.57822118555,514.293611144899
"PHJJKLOP_01206",4183.6405162422,4593.94730898971,4143.07909535073,4616.36124924015,4635.05147527903,4280.82543380725
"PHJJKLOP_01207",926.36104197301,940.119913619561,914.165495549839,540.745135485831,512.791074082863,488.529383996985
"PHJJKLOP_01208",2707.46918003084,2533.97867473508,2774.49761251474,765.60043593196,721.169072385087,738.244200969075
"PHJJKLOP_01209",1477.32639985471,1337.10332252194,1330.18013179772,1102.42821392818,1102.59140840785,1134.6169263216
"PHJJKLOP_01210",91.2500278252716,90.8519244254198,93.8699692046509,91.94487993951,87.8811558057204,95.1294540846057
"PHJJKLOP_01211",197.515883014195,187.628974356845,209.07402231945,276.744985164466,240.993684993007,265.569725986191
"PHJJKLOP_01212",627.199558343322,615.225531706919,654.956376041541,805.655631153132,643.253820845995,651.04220139152
"PHJJKLOP_01213",723.069840742025,715.952665309015,692.2910228843,1490.23533129681,1262.95186797087,1289.20228920908
"PHJJKLOP_01214",4257.5645894171,4006.37236297748,4009.7410709123,4562.65087382994,4301.64667799547,4091.55745745142
"PHJJKLOP_01215",1031.47183351858,1091.21061402271,1037.9031822287,941.297087697558,982.09456591135,941.385222712243
"PHJJKLOP_01216",1580.12706411356,1711.37375031796,1680.05910792415,1567.61468570135,1772.11897686587,1744.0399915511
"PHJJKLOP_01217",92.4050914686295,96.7770499314254,88.5364482271139,165.682852960305,225.591832944581,199.177294489643
"PHJJKLOP_01218",1618.24416434437,1640.27224424589,1664.05854499154,4109.29889155394,3927.47227234843,3806.16909519761
"PHJJKLOP_01219",2933.86165412898,2876.64843316574,2874.76780689243,4495.2853182307,4225.54340905031,4260.01586572625
"PHJJKLOP_01220",1898.92462968034,1833.82634410875,1900.86687639418,2438.81518176186,2604.7249787778,2693.3526687704
"PHJJKLOP_01221",367.310238587802,324.894381912643,371.213060036574,1608.58022626846,1599.98063044229,1563.69040151571
"PHJJKLOP_01222",596.01283997266,615.225531706919,596.287645288635,2374.18066220042,2324.77366801524,2385.17287480881
"PHJJKLOP_01223",202.136137587627,196.516662615854,179.206304845243,505.241666994337,496.483230737472,469.70167954274
"PHJJKLOP_01224",594.857776329302,571.774611329544,549.352660686309,1245.3524332401,1040.98400021415,1105.87990373354
"PHJJKLOP_01225",977.183842280756,955.920248302243,1049.63692837928,1380.08354443859,1559.21102207881,1414.05969769513
"PHJJKLOP_01226",4240.23863476673,4011.30996756582,4019.34140867187,4910.4027959774,4603.34177988521,4534.50397803287
"PHJJKLOP_01227",750.791368182614,746.565813756711,681.623980929226,495.227868189044,496.483230737472,504.384293011086
"PHJJKLOP_01228",3087.48511869558,3122.54114166497,3081.70842082087,2537.13247912292,2412.65482382096,2431.74667003773
"PHJJKLOP_01229",510.538130364178,512.523356269488,504.551084474998,513.434775107759,542.688786882748,567.80392906749
"PHJJKLOP_01230",2169.20952222608,2068.85632251364,2060.87250572029,6633.68653583376,6820.30248356148,6655.09805866887
"PHJJKLOP_01231",371.930493161234,399.945971655381,414.947932052377,500.689940264659,387.764275101529,339.889611989789
"PHJJKLOP_01232",1012.99081522485,999.371168679618,942.966508828538,725.545240710787,573.492490979598,582.66790626821
"PHJJKLOP_01233",1286.74089870066,1277.85206746188,1218.17619126945,639.972778192827,643.253820845995,665.90617859224
"PHJJKLOP_01234",1427.65866319032,1389.44193115832,1342.98058214381,973.159174805309,904.179314372258,1004.80485876865
"PHJJKLOP_01235",1222.05733467262,1247.23891901419,1109.37236332769,578.069294669197,585.270377840159,576.722315387922
"PHJJKLOP_01236",2506.48810608657,2383.8754952496,2339.28230074772,6152.11384783375,5589.96630228139,5411.47863287533
"PHJJKLOP_01237",71.6139458881878,47.4010040480451,70.4024769034882,34.5931231455582,31.7096953938166,27.7460907746766
"PHJJKLOP_01238",123.591809839292,121.465072873116,128.004503460888,103.779369436675,144.95860751459,115.939022165613
"PHJJKLOP_01239",2119.54178556169,1920.72818486349,1912.60062254476,741.93145693763,787.306437063619,740.226064595838
"PHJJKLOP_01240",403.117211531896,414.758785420395,404.280890097303,408.745060325149,412.226040119616,397.363657165905
"PHJJKLOP_01241",775.04770469313,806.804589734435,1018.70250670956,912.166036627614,830.794019317996,797.700109771954
"PHJJKLOP_01242",3413.2130661225,3293.38226042147,3295.04925992235,1769.71135249908,1728.63139461149,1868.89740003715
"PHJJKLOP_01243",1523.52894558903,1464.49352090106,1428.3169177844,931.283288892265,838.947940990692,860.128814014976
"PHJJKLOP_01244",645.680576637048,617.200573542254,566.419927814427,426.951967243863,457.525604967926,435.019066074395
"PHJJKLOP_01245",850.126841511391,873.956012135832,896.031524226213,709.159024483944,645.065803439927,705.543451127492
"PHJJKLOP_01246",1428.81372683368,1501.03179485476,1415.51646743831,1153.40755330059,1125.24119083201,1009.75951783555
"PHJJKLOP_01247",1151.59845242779,1201.81295680148,1146.70701017045,742.841802283566,789.118419657551,787.790791638141
"PHJJKLOP_01248",128.212064412723,125.415156543786,102.40360276871,580.800330707004,522.756978349492,541.048770106195
"PHJJKLOP_01249",769.27238647634,741.628209168373,686.957501906763,1440.16633727035,1077.2236520928,1093.98872197297
"PHJJKLOP_01250",503.60774850403,495.735500669139,485.350408955865,681.848664105871,569.868525791734,604.468406162598
"PHJJKLOP_01251",639.905258420259,662.626535754964,654.956376041541,984.993664302474,827.170054130131,857.156018574832
"PHJJKLOP_01252",1443.82955419734,1696.56093655295,1574.45539256892,2239.44955100193,2028.5145139073,1988.80014945629
"PHJJKLOP_01253",3756.26696819979,3715.05369226554,3601.19336403297,7943.67348863529,8376.79553174939,7870.97139368774
"PHJJKLOP_01254",5344.47947781686,4528.77092842364,5191.6493195345,168.413888998112,151.300546593354,138.730453873383
"PHJJKLOP_01255",1774.17775619769,1672.86043452893,1836.86462466374,77.3793544045381,62.5133994906671,56.4831133627346
"PHJJKLOP_01256",1648.27581907168,1651.13497434024,1933.93470645491,122.896621701325,143.146624920658,106.0297040318
"PHJJKLOP_01257",311.867183706624,283.418503370603,353.079088712948,130.179384468811,115.966886011672,114.948090352232
"PHJJKLOP_01258",144.382955419734,135.290365720462,135.471432829439,268.551877051044,288.105232435248,282.415566813673
"PHJJKLOP_01259",76.2342004616193,83.9392780017466,62.9355475349364,242.151862018908,211.095972193122,239.805498838277
"PHJJKLOP_01260",62.3734367413249,82.9517570840789,77.8694062720399,246.703588748586,206.566015708291,179.358658222017
"PHJJKLOP_01261",314.17731099334,282.430982452935,304.010695719608,408.745060325149,521.850987052525,527.175724718856
"PHJJKLOP_01262",11.5506364335787,16.7878556003493,6.40022517304438,61.9034835236305,70.6673211633628,67.383363309929
"PHJJKLOP_01263",63.5285003846827,60.238775977724,76.8027020765325,166.593198306241,191.164163659866,174.40399915511
"PHJJKLOP_01264",19.6360819370838,20.7379392710197,17.0672671281183,33.6827777996225,38.05163447258,51.5284542958281
"PHJJKLOP_01265",392.721638741675,412.78374358506,377.613285209618,525.269264604924,482.893361282979,493.484043063892
"PHJJKLOP_01266",966.788269490536,1018.1340661153,976.034338889268,1705.98717828358,1718.66549034486,1714.31203714966
"PHJJKLOP_01267",1.15506364335787,1.97504183533521,3.20011258652219,3.64138138374297,2.71797389089857,4.95465906690654
"PHJJKLOP_01268",7839.41694746985,7708.58828331334,9730.47567141847,8362.43234776573,8287.10239334974,8195.99702847681
"PHJJKLOP_01269",44379.855305096,43561.5227201535,50780.4532271296,36757.0140328475,36793.2125610939,36962.7475709362
"PHJJKLOP_01270",255.269065182089,281.443461535268,274.142978245401,328.634669882803,328.874840798727,364.662907324322
"PHJJKLOP_01271",1462.31057249106,1402.279703088,1431.51703037093,7351.94901377706,6995.15880387595,7019.76096599319
"PHJJKLOP_01272",40041.4362606439,44366.3522680526,40540.0929502586,186890.258139224,204411.568404106,194851.877124234
"PHJJKLOP_01273",4436.59945413757,4173.26339806331,4531.35942251542,5513.05141498686,4949.4304553263,4472.07527378985
"PHJJKLOP_01274",2236.20321354083,2158.72072602139,2247.54573993408,2736.49810988284,2491.47606665702,2329.68069325946
"PHJJKLOP_01275",6046.75817297844,6106.82935485648,6098.34788571579,22693.9991288321,28275.9883783148,27437.9109807151
"PHJJKLOP_01276",19.6360819370838,12.8377719296789,16.0005629326109,9.10345345935743,12.6838781575267,6.93652269366916
"PHJJKLOP_01277",36.9620365874518,44.4384412950423,30.9344216697145,28.220705724008,20.8377998302224,18.8277044542449
"PHJJKLOP_01278",61.218373097967,74.0640688250705,76.8027020765325,32.7724324536867,33.521677987749,41.619136162015
"PHJJKLOP_01279",154.778528209954,147.140616732473,176.00619225872,73.7379730207952,65.2313733815657,70.3561587500729
"PHJJKLOP_01280",2754.82678940852,3044.52698916923,2752.09682440908,466.0968171191,420.379961792312,385.472475405329
"PHJJKLOP_01281",101.645600615492,115.53994736711,96.0033775956657,356.855375606811,486.517326470844,374.572225458135
"PHJJKLOP_01282",2.31012728671574,0.987520917667607,4.26681678202959,40.0551952211727,50.7355126301066,35.6735452817271
"PHJJKLOP_01283",333.813392930424,361.432655866344,366.946243254544,605.379655047269,618.792055827908,610.413997042886
"PHJJKLOP_01284",7498.67317267928,7032.13645471103,6842.90741417995,2596.30492660874,2653.64850881397,2611.10532825975
"PHJJKLOP_01285",6295.09685630038,6171.01821450487,6370.35745557017,2233.98747892631,2049.35231373752,2000.69133121686
"PHJJKLOP_01286",9618.21495824097,9774.48204307397,9454.19928478205,2687.33946120231,2807.66702929822,2746.86298669299
"PHJJKLOP_01287",5031.45723046687,4664.06129414411,4709.49902316515,7767.06649152376,7556.87340799499,7867.00766643421
"PHJJKLOP_01288",860.522414301612,915.431890677871,926.965945895927,1191.64205782989,1368.04685841895,1334.78515262462
"PHJJKLOP_01289",3458.26054821346,3225.2433171024,3103.04250473102,4396.0576755237,4264.50103481986,4295.68941100797
"PHJJKLOP_01290",4629.49508257834,4274.97805258307,4370.2870889938,5221.74090428742,5156.90246233155,5061.67970275173
"PHJJKLOP_01291",1997.10503936575,2007.63002561824,1827.26428690417,1414.67666758414,1400.66254510973,1567.65412876923
"PHJJKLOP_01292",1940.50692084122,1830.86378135574,1854.99859598736,3135.2293714027,3259.75668648435,3416.73289253875
"PHJJKLOP_01293",5656.34666152348,6236.19459507094,5863.67296270416,5259.97540881672,5076.26923690156,5434.2700645831
"PHJJKLOP_01294",1096.15539754662,1059.60994465734,1003.76864797246,741.93145693763,800.896306518112,964.176654420014
"PHJJKLOP_01295",614.493858266386,636.950991895606,628.288771153856,1221.68345424577,1310.96940671008,1262.44713024779
"PHJJKLOP_01296",2236.20321354083,2150.82055868005,2144.07543296987,1039.61438505862,1004.7443483355,939.403359085481
"PHJJKLOP_01297",615.648921909744,612.262968953916,753.093162028222,1445.62840934596,1306.43945022525,1386.31360692045
"PHJJKLOP_01298",6518.02413946845,6105.84183393881,6900.50944073735,8066.57011033662,7465.36828700141,7688.63994002558
"PHJJKLOP_01299",1225.5225256027,1217.61329148416,1207.50914931437,579.889985361068,511.885082785897,584.649769894972
"PHJJKLOP_01300",5753.37200756554,5573.56805931597,5410.32367961351,2586.29112780345,2547.64752706893,2708.21664597112
"PHJJKLOP_01301",538.259657804767,574.737174082547,570.686744596457,2410.59447603785,2867.46245489799,2633.89675996752
"PHJJKLOP_01302",1010.68068793813,1201.81295680148,1029.36954866464,2961.35341032897,2949.90766292191,3073.87048510882
"PHJJKLOP_01303",383.481129594812,420.6839109264,355.212497103963,1192.55240317582,1401.5685364067,1167.31767616318
"PHJJKLOP_01304",937.911678406589,1056.64738190434,852.29665221041,1865.29761382234,1833.72638505957,1955.10846780132
"PHJJKLOP_01305",509.38306672082,521.411044528496,489.617225737895,1159.77997072214,1073.59968690494,972.104108927064
"PHJJKLOP_01306",4848.95717481633,4894.15366796066,4725.49958609777,3214.42941649911,3212.64513904211,3203.68255266177
"PHJJKLOP_01307",3902.96005090624,4069.57370170821,3824.13454089402,2315.00821471459,2027.60852261033,2129.51246695643
"PHJJKLOP_01308",3116.36170977953,2949.72498107314,2741.42978245401,2114.73223860873,2114.58368711909,2232.56937554809
"PHJJKLOP_01309",6308.95762002068,5966.60138454768,5794.33718999618,3862.59530280536,3700.97444810689,3798.24164069056
"PHJJKLOP_01310",583.307139895723,548.074109305522,565.35322361892,1556.69054155012,1705.98161218734,1656.83799197355
"PHJJKLOP_01311",69.3038186014721,72.0890269897353,62.9355475349364,166.593198306241,206.566015708291,196.204499049499
"PHJJKLOP_01312",1043.02246995215,1101.08582319938,1033.63636544667,2435.17380037811,2550.36550095982,2637.86048722104
"PHJJKLOP_01314",57.7531821678934,59.2512550600564,54.4019139708772,181.158723841213,195.694120144697,217.014067130507
"PHJJKLOP_01315",600.633094546091,574.737174082547,661.356601214586,4845.76827641596,4806.28383040564,4439.37452394826
"PHJJKLOP_01316",549.810294238345,546.099067470186,482.150296369343,313.158799001896,334.310788580524,357.726384630652
"PHJJKLOP_01317",12090.0511550268,11571.770113229,11462.8032849225,59938.0479217552,67112.2113140675,61916.3924955043
"PHJJKLOP_01318",5082.28003077462,4604.81003908405,4712.69913575168,20402.6598931119,22426.0025738041,21373.4082828215
"PHJJKLOP_01319",19381.967935545,17677.6119471678,17160.0703931275,64985.9128649689,58903.0241722568,58016.0848780355
"PHJJKLOP_01320",12195.1619465724,12019.1170889324,12436.7042154207,7125.27302263906,7450.87242624995,7222.90198773636
"PHJJKLOP_01321",12570.5576306637,11435.4922265909,11121.4579423601,4870.34760075622,4846.14744747215,4857.54774919518
"PHJJKLOP_01322",37808.6982380331,34311.414284361,34508.9474288598,11717.0549475389,12059.650153917,11222.3027865433
"PHJJKLOP_01323",8732.28114378548,8488.72980827075,8709.63975631789,5070.62357686209,4845.24145617518,5078.52554357921
"PHJJKLOP_01324",7166.01484339221,7615.76131705258,7204.52013645695,5121.60291623449,4965.73829867169,5534.35417773461
"PHJJKLOP_01325",738.085668105678,712.990102556012,690.157614493285,371.420901141783,370.550440459172,444.928384208208
"PHJJKLOP_01326",643.370449350332,594.487592435899,647.48944667299,782.896997504739,678.587481427676,706.534382940873
"PHJJKLOP_01327",11037.7881759278,10692.8764965048,10814.247134054,6080.19656550483,6066.51772448561,5655.24785896713
"PHJJKLOP_01328",20546.2720880498,19168.7685328459,20361.2496838452,9640.55721345952,10618.2180004437,9675.4582258551
"PHJJKLOP_01329",5181.6155041034,6055.47826713776,5770.86969769501,3030.53965662009,3638.46104861622,3621.85577790868
"PHJJKLOP_01330",3047.05789117806,3010.95127796853,3057.1742243242,1674.12509117583,1603.60459563016,1678.63849186794
"PHJJKLOP_01331",4805.06475636873,4448.78173409257,4426.82241135569,2505.27039201516,2470.6382668268,2588.31389655198
"PHJJKLOP_01332",472.421030133368,405.871097161386,375.479876818603,347.751922147454,346.088675441085,394.390861725761
"PHJJKLOP_01333",2425.63365105152,2426.33889470931,2248.61244412959,1781.54584199625,1734.97333369025,1824.30546843499
"PHJJKLOP_01334",3047.05789117806,2920.09935354311,2731.82944469444,2126.56672810589,2240.51647739739,2219.68726197413
"PHJJKLOP_01335",1912.78539340063,1850.61419970909,1557.3881254408,1581.26986589039,1492.16766610331,1536.93524255441
"PHJJKLOP_01336",11797.8200532573,11466.1053750386,11206.7942780007,8261.38401436687,8151.20369880481,8008.71091574774
"PHJJKLOP_01337",124.74687348265,120.477551955448,117.337461505814,78.2896997504739,60.7014168967347,75.3108178169795
"PHJJKLOP_01338",1047.64272452559,1000.35868959729,1097.63861717711,474.289925232522,549.936717258477,503.393361197705
"PHJJKLOP_01339",95.8702823987031,112.577384614107,120.537574092336,114.703513587904,106.000981745044,124.857408486045
"PHJJKLOP_01340",4145.52341601139,4382.61783260884,4088.67718137985,3480.25025751234,3069.49851412145,3114.49868945745
"PHJJKLOP_01341",8903.23056300245,9155.30642769638,10069.6876055898,6626.40377306627,6416.23036511456,6152.69562928455
"PHJJKLOP_01342",1878.13348409989,1857.52684613277,1865.66563794244,874.841877444249,1046.41994799595,1029.57815410318
"PHJJKLOP_01343",7282.67627137136,6972.88519965097,7252.52182525479,13257.3592728622,11778.7928518574,11218.3390592898
"PHJJKLOP_01344",2746.74134390501,2802.58436434067,2619.82550416617,4800.25100911917,4667.66716196981,4601.8873413428
"PHJJKLOP_01345",1838.86132022573,1873.32718081545,1683.25922051067,3988.22296054449,4004.48153259056,3910.21693560264
"PHJJKLOP_01346",2250.06397726113,2186.37131171608,2077.93977284841,3479.33991216641,2985.2413235036,3100.62564407012
"PHJJKLOP_01347",5721.03022555152,5660.46990007072,5204.44976988059,7062.45919376949,7398.32493102591,7618.2837812755
"PHJJKLOP_01348",16604.0398732694,17051.5236853666,16660.85282963,27166.5258134144,25593.3481479979,24774.2862663461
"PHJJKLOP_01349",17394.1034053261,16424.4479026476,16495.5136793264,19646.1629106393,17565.3592655805,18642.4002051426
"PHJJKLOP_01350",6269.68545614651,5918.21285958197,5983.14383260099,4203.97480753126,3816.94133411856,4061.82950304999
"PHJJKLOP_01351",13202.3774435804,13177.4791253565,12924.1880327676,9156.2534894217,9134.20425601313,8424.90227736789
"PHJJKLOP_01352",19639.5471280138,19545.0140024773,19746.8280672329,14755.7877122725,14157.0200063937,13339.9240717392
"PHJJKLOP_01353",21398.7090568479,19164.8184491752,18208.6406173113,17139.0718279322,17468.4181968051,15878.6913776221
"PHJJKLOP_01354",2803.33946242955,2903.31149794276,2809.69885096648,12851.3452485749,12957.4875292104,13150.6560953834
"PHJJKLOP_01355",2693.60841631055,2832.2099918707,2881.16803206548,5065.16150478647,4915.00278604158,4966.55024866712
"PHJJKLOP_01356",643.370449350332,616.213052624586,585.620603333561,1452.00082676751,1609.04054341195,1832.23292294204
"PHJJKLOP_01357",354.604538510865,339.707195677657,334.945117389322,315.889835039703,277.233336871654,289.352089507342
"PHJJKLOP_01358",1477.32639985471,1407.21730767634,1396.31579191918,1514.81465563708,1793.86276799306,1793.58658222017
"PHJJKLOP_01359",2132.24748563862,2174.52106070407,2167.54292527103,2162.07019659739,2295.78194651233,2389.13660206234
"PHJJKLOP_01360",3096.72562784244,2953.67506474381,2939.83676281838,3289.98808021177,3322.27008597502,3180.891120954
"PHJJKLOP_01361",3816.3302776544,3927.37068956407,3906.27076394809,2054.64944577697,2138.13946084021,1922.40771795974
"PHJJKLOP_01362",3259.5896015559,2799.62180158766,3661.99550317689,75.5586637126667,74.2912863512276,66.3924314965477
"PHJJKLOP_01363",5048.78318511724,5129.18364636555,6617.83282892789,117.434549625711,140.428651029759,96.120385897987
"PHJJKLOP_01364",6623.13493101402,6236.19459507094,9189.65664429622,179.338033149341,168.514381235711,148.639772007196
"PHJJKLOP_01365",204.446264874343,164.91599325049,230.408106229598,6.3724174215502,4.52995648483095,1.98186362676262
"PHJJKLOP_01366",65.8386276713985,41.4758785420395,56.535322361892,1.82069069187149,0.90599129696619,0.990931813381309
"PHJJKLOP_01367",62.3734367413249,61.2262968953916,72.5358852945029,5.46207207561446,3.62396518786476,3.96372725352524
"PHJJKLOP_01368",514.003321294251,539.186421046513,555.752885859353,300.413964158795,272.703380386823,238.814567024895
"PHJJKLOP_01369",1387.2314356728,1927.64083128717,1617.12356038921,236.689789943293,274.515362980756,324.034702975688
"PHJJKLOP_01371",925.205978329652,1002.33373143262,931.232762677957,523.448573913052,575.304473573531,572.758588134397
"PHJJKLOP_01372",204.446264874343,233.054936569555,243.208556575686,129.269039122875,134.086711950996,135.757658433239
"PHJJKLOP_01373",702.278695161584,782.116566792744,741.35941587764,628.138288695662,650.501751221724,656.987792271808
"PHJJKLOP_01374",684.952740511216,757.428543851054,661.356601214586,1072.38681751231,1027.39413075966,1008.76858602217
"PHJJKLOP_01375",250.648810608657,250.830313087572,229.34140203409,345.020886109647,335.21677987749,328.989362042595
"PHJJKLOP_01376",449.319757266211,423.646473679403,425.614974007451,426.951967243863,439.405779028602,446.91024783497
"PHJJKLOP_01377",1008.37056065142,1057.63490282201,1054.97044935681,1059.6419826692,1223.99424220132,1236.68290309987
"PHJJKLOP_01378",2149.57344028899,2237.7223994348,2127.00816584175,96.4966066691887,115.060894714706,116.929953978994
"PHJJKLOP_01379",196.360819370838,250.830313087572,194.140163582346,10.9241441512289,15.4018520484252,15.8549090141009
"PHJJKLOP_01380",337.278583860497,430.559120103076,322.144667043234,39.1448498752369,34.4276692847152,35.6735452817271
"PHJJKLOP_01381",136.297509916228,119.49003103778,132.271320242917,11.8344894971647,4.52995648483095,10.9002499471944
"PHJJKLOP_01382",1101.93071576341,1226.50097974317,1207.50914931437,191.172522646506,183.916233284137,201.159158116406
"PHJJKLOP_01383",1119.25667041377,1179.09997569512,1136.03996821538,135.641456544426,124.120807684368,119.902749419138
"PHJJKLOP_01384",367.310238587802,387.108199725702,343.478750953382,35.503468491494,53.4534865210052,32.7007498415832
"PHJJKLOP_01385",0,0,0,0,0,0
"PHJJKLOP_01386",582.152076252366,575.724695000215,529.085280971669,70.0965916370522,72.4793037572952,84.2292041374113
"PHJJKLOP_01387",164.019037356817,150.103179485476,212.274134905972,21.8482883024578,22.6497824241548,10.9002499471944
"PHJJKLOP_01388",17.325954650368,15.8003346826817,37.3346468427589,5.46207207561446,3.62396518786476,2.97279544014393
"PHJJKLOP_01389",47.3576093776726,42.4633994597071,38.4013510382663,6.3724174215502,6.34193907876333,5.94559088028785
"PHJJKLOP_01390",195.20575572748,170.841118756496,182.406417431765,34.5931231455582,28.9917215029181,22.7914317077701
"PHJJKLOP_01391",68.1487549581142,82.9517570840789,59.7354349484142,11.8344894971647,13.5898694544928,8.91838632043178
"PHJJKLOP_01392",181.344992007185,187.628974356845,185.606530018287,26.4000150321365,32.6156866907828,15.8549090141009
"PHJJKLOP_01393",83.1645823217665,84.9267989194142,70.4024769034882,17.2965615727791,11.7778868605605,17.8367726408636
"PHJJKLOP_01394",0,0,0,0,0,0
"PHJJKLOP_01395",0,0,0,0,0,0
"PHJJKLOP_01396",0,0,0,0,0,0
"PHJJKLOP_01397",0,0,0,0,0,0
"PHJJKLOP_01398",0,0,0,0,0,0
"PHJJKLOP_01399",0,0,0,0,0,0
"PHJJKLOP_01400",10.3955727902208,14.8128137650141,23.4674923011627,17.2965615727791,27.1797389089857,22.7914317077701
"PHJJKLOP_01401",72.7690095315457,79.0016734134085,84.2696314450843,5.46207207561446,4.52995648483095,2.97279544014393
"PHJJKLOP_01402",87.784836895198,70.1139851544001,73.6025894900103,16.3862162268434,13.5898694544928,13.8730453873383
"PHJJKLOP_01403",64.6835640280406,79.0016734134085,99.2034901821879,21.8482883024578,27.1797389089857,12.882113573957
"PHJJKLOP_01404",61.218373097967,58.2637341423888,59.7354349484142,13.6551801890361,7.24793037572952,13.8730453873383
"PHJJKLOP_01405",483.971666566947,525.361128199167,509.884605452535,89.2138439017028,106.90697304201,105.038772218419
"PHJJKLOP_01406",317.642501923414,348.594883936665,293.343653764534,29.1310510699438,30.8037040968505,28.737022588058
"PHJJKLOP_01407",237.943110531721,192.566578945183,173.872783867706,2.73103603780723,1.81198259393238,4.95465906690654
"PHJJKLOP_01408",464.335584629863,469.072435892113,414.947932052377,44.6069219508514,45.2995648483095,40.6282043486337
"PHJJKLOP_01409",388.101384168244,350.569925772,368.012947450052,11.8344894971647,15.4018520484252,17.8367726408636
"PHJJKLOP_01410",103.955727902208,127.390198379121,114.137348919291,1.82069069187149,3.62396518786476,1.98186362676262
"PHJJKLOP_01411",47.3576093776726,39.5008367067043,34.1345342562367,1.82069069187149,0,0.990931813381309
"PHJJKLOP_01412",15.0158273636523,16.7878556003493,11.7337461505814,0,0,0
"PHJJKLOP_01413",149.003209993165,164.91599325049,158.938925130602,4.55172672967871,5.43594778179714,8.91838632043178
"PHJJKLOP_01414",355.759602154223,331.807028336316,341.345342562367,20.9379429565221,11.7778868605605,20.8095680810075
"PHJJKLOP_01415",58.9082458112513,64.1888596483944,64.0022517304438,1.82069069187149,0.90599129696619,1.98186362676262
"PHJJKLOP_01416",1149.28832514108,1240.32627259051,1158.44075632103,76.4690090586024,67.0433559754981,94.1385222712243
"PHJJKLOP_01417",0,0,0,0.910345345935743,0,0
"PHJJKLOP_01418",82.0095186784086,79.0016734134085,77.8694062720399,12.7448348431004,9.96590426662809,7.92745450705047
"PHJJKLOP_01419",252.958937895373,290.331149794276,281.609907613953,71.9172823289237,60.7014168967347,86.2110677641739
"PHJJKLOP_01420",465.490648273221,438.459287444417,464.016325045717,138.372492582233,188.446189768968,144.676044753671
"PHJJKLOP_01421",247.183619678584,230.092373816552,200.540388755391,92.8552252854458,90.599129696619,78.2836132571234
"PHJJKLOP_01422",0,0,0,0,0,0
"PHJJKLOP_01423",0,0,0,0,0,0
"PHJJKLOP_01424",0,0,0,0,0,0
"PHJJKLOP_01425",0,0,0,0,0,0
"PHJJKLOP_01426",0,0,0,0,0,0
"PHJJKLOP_01428",0,0,0,0,0,0
"PHJJKLOP_01429",0,0,0,0,0,0
"PHJJKLOP_01430",0,0,0,0,0,0
"PHJJKLOP_01431",0,0,0,0,0,0
"PHJJKLOP_01432",0,0,0,0,0,0
"PHJJKLOP_01433",0,0,0,0,0,0
"PHJJKLOP_01434",27.7215274405888,32.588190283031,34.1345342562367,40.9655405671084,41.6755996604447,31.7098180282019
"PHJJKLOP_01435",97.0253460420609,64.1888596483944,88.5364482271139,63.724174215502,72.4793037572952,85.2201359507926
"PHJJKLOP_01436",0,0,1.0667041955074,0,1.81198259393238,0
"PHJJKLOP_01437",39.2721638741675,55.301171389386,32.0011258652219,27.3103603780723,19.02581723629,26.7551589612953
"PHJJKLOP_01438",564.826121601997,559.924360317533,517.351534821087,202.096666797735,201.130067926494,224.941521637557
"PHJJKLOP_01439",553.275485168419,542.148983799516,487.48381734688,390.538153406434,442.123752919501,411.236702553243
"PHJJKLOP_01440",494.367239357168,521.411044528496,465.083029241225,409.655405671084,369.644449162205,388.445270845473
"PHJJKLOP_01441",4040.41262446582,4302.62863827776,3779.33296468271,5499.39623479782,5379.77632138524,5449.13404178382
"PHJJKLOP_01442",6025.967027398,6033.75280694908,5595.9302096318,5263.61679020046,4733.80452664834,4621.70597761042
"PHJJKLOP_01443",425.063420755695,411.796222667392,433.081903376003,307.696726926281,263.643467417161,264.578794172809
"PHJJKLOP_01444",51.9778639511041,38.5133157890367,44.8015762113106,54.6207207561446,46.2055561452757,41.619136162015
"PHJJKLOP_01445",30.0316547273046,35.5507530360338,34.1345342562367,35.503468491494,26.2737476120195,26.7551589612953
"PHJJKLOP_01446",48.5126730210305,53.3261295540508,42.6681678202959,46.4276126427229,52.547495224039,46.5737952289215
"PHJJKLOP_01447",40.4272275175254,38.5133157890367,41.6014636247885,32.7724324536867,31.7096953938166,24.7732953345327
"PHJJKLOP_01448",9.24050914686294,21.7254601886873,20.2673797146405,12.7448348431004,20.8377998302224,15.8549090141009
"PHJJKLOP_01449",243.71842874851,221.204685557544,231.474810425105,179.338033149341,164.890416047847,149.630703820578
"PHJJKLOP_01450",170.949419216964,190.591537109848,158.938925130602,114.703513587904,121.402833793469,148.639772007196
"PHJJKLOP_01451",805.079359420434,842.355342770468,851.229948014902,856.634970525534,832.606001911929,841.301109560731
"PHJJKLOP_01452",263.354510685594,217.254601886873,236.808331402642,135.641456544426,131.368738060098,155.576294700866
"PHJJKLOP_01453",20.7911455804416,25.6755438593578,23.4674923011627,42.7862312589799,29.8977127998843,39.6372725352524
"PHJJKLOP_01454",4.62025457343147,2.96256275300282,2.13340839101479,3.64138138374297,8.15392167269571,0.990931813381309
"PHJJKLOP_01455",38.1171002308096,42.4633994597071,44.8015762113106,49.1586486805301,42.5815909574109,30.7188862148206
"PHJJKLOP_01456",330.34820200035,304.156442641623,311.47762508816,249.434624786394,200.224076629528,199.177294489643
"PHJJKLOP_01457",1334.09850807834,1301.55256948591,1318.44638564714,1560.33192293386,871.563627681475,901.747950176991
"PHJJKLOP_01458",945.997123910094,952.95768554924,846.963131232873,1269.02141223443,1084.47158246853,1246.59222123369
"PHJJKLOP_01459",107.420918832282,93.8144871784226,100.270194377695,61.9034835236305,49.8295213331404,50.5375224824468
"PHJJKLOP_01460",1205.88644366561,1094.17317677571,1175.50802344915,991.366081724024,856.16177563305,858.146950388213
"PHJJKLOP_01461",1428.81372683368,1371.66655464031,1334.44694857975,711.890060521751,876.999575463272,775.899609877565
"PHJJKLOP_01462",3475.58650286382,3286.46961399779,3432.6541011428,1621.32506111156,1498.50960518208,1503.24356089945
"PHJJKLOP_01463",1384.92130838608,1535.59502697313,1446.45088910803,3696.91244984505,4272.65495649255,3993.45520792667
"PHJJKLOP_01464",162.863973713459,168.866076921161,198.406980364376,108.331096166353,125.9327902783,116.929953978994
"PHJJKLOP_01465",157.08865549667,132.327802967459,172.806079672198,477.931306616265,453.901639780061,478.620065863172
"PHJJKLOP_01466",456.250139126358,471.047477727448,436.282015962525,858.455661217405,905.085305669224,1014.71417690246
"PHJJKLOP_01467",23.1012728671574,27.650585694693,26.6676048876849,35.503468491494,20.8377998302224,33.6916816549645
"PHJJKLOP_01468",943.686996623378,927.282141689883,887.497890662154,1440.16633727035,1368.95284971591,1272.3564483816
"PHJJKLOP_01469",5008.35595759972,4854.65283125395,4881.23839864185,2708.27740415883,2612.87890045049,2570.47712391112
"PHJJKLOP_01470",651.455894853838,673.489265849308,628.288771153856,566.234805172032,546.312752070613,543.030633732957
"PHJJKLOP_01471",4255.25446213039,4604.81003908405,4336.15255473757,4184.85755526661,4188.3977658747,4260.01586572625
"PHJJKLOP_01472",106.265855188924,112.577384614107,115.204053114799,43.6965766049157,49.8295213331404,55.4921815493533
"PHJJKLOP_01473",352.29441122415,360.445134948676,318.944554456712,219.393228370514,243.711658883905,222.959658010794
"PHJJKLOP_01474",206.756392161058,223.179727392879,188.806642604809,209.379429565221,205.660024411325,209.086612623456
"PHJJKLOP_01475",109.731046118997,103.689696355099,91.7365608136361,101.048333398867,90.599129696619,94.1385222712243
"PHJJKLOP_01476",13.8607637202944,17.7753765180169,14.9338587371035,44.6069219508514,59.7954255997685,56.4831133627346
"PHJJKLOP_01477",12.7057000769365,12.8377719296789,13.8671545415962,35.503468491494,32.6156866907828,27.7460907746766
"PHJJKLOP_01478",25.4114001538731,31.6006693653634,48.0016887978328,3.64138138374297,7.24793037572952,11.8911817605757
"PHJJKLOP_01479",5.77531821678934,0.987520917667607,3.20011258652219,1.82069069187149,0,3.96372725352524
"PHJJKLOP_01480",19.6360819370838,20.7379392710197,12.8004503460888,33.6827777996225,28.0857302059519,36.6644770951084
"PHJJKLOP_01481",1198.95606180547,1181.07501753046,1168.0410940806,1627.69747853311,1659.77605604206,1638.0102875193
"PHJJKLOP_01482",1394.16181753295,1435.8554142887,1480.58542336427,3022.34654850667,3161.00363511504,3264.12939327803
"PHJJKLOP_01483",862.832541588327,829.51757084079,810.695188585621,558.04169705861,520.944995755559,518.257338398425
"PHJJKLOP_01484",728.845158958815,662.626535754964,625.088658567334,382.345045293012,395.918196774225,406.282043486337
"PHJJKLOP_01485",3655.77643122765,3482.98627661365,3407.05320045062,1896.24935558415,1898.95775844113,1852.05155920967
"PHJJKLOP_01486",3639.60554022064,3435.5852725656,3371.85196199888,2121.10465603028,2390.91103269378,2303.91646611154
"PHJJKLOP_01487",673.402104077637,632.013387307268,611.221504025738,459.72439969755,476.551422204216,481.592861303316
"PHJJKLOP_01488",91.2500278252716,107.639780025769,88.5364482271139,62.8138288695663,73.3852950542614,91.1657268310804
"PHJJKLOP_01489",1948.59236634472,2169.58345611573,2259.27948608467,1522.09741840456,1573.70688283027,1544.86269706146
"PHJJKLOP_01490",35.8069729440939,19.7504183533521,27.7343090831923,40.9655405671084,32.6156866907828,36.6644770951084
"PHJJKLOP_01491",68.1487549581142,67.1514224013972,73.6025894900103,58.2621021398875,48.9235300361743,77.2926814437421
"PHJJKLOP_01492",746.171113609183,766.316232110063,717.891923576478,2101.07705841969,2256.82432074278,2358.41771584751
"PHJJKLOP_01493",3086.33005505222,3043.53946825156,2867.30087752388,6182.15524424963,6087.35552431583,5761.27756299893
"PHJJKLOP_01494",413.512784322117,410.808701749724,389.3470313602,1551.22846947451,1386.16668435827,1486.39772007196
"PHJJKLOP_01495",755.411622756046,753.478460180384,644.289334086467,2625.43597767868,2536.77563150533,2573.44991935126
"PHJJKLOP_01496",150.158273636523,201.454267204192,140.804953806976,222.124264408321,295.353162810978,372.590361831372
"PHJJKLOP_01497",8764.6229257995,9132.59344659003,8953.91501708908,5603.1756042345,5094.38906284089,4989.34168037489
"PHJJKLOP_01498",7935.28722986855,7525.89691354483,7389.05996227973,1586.731937966,1859.09414137462,1628.10096938549
"PHJJKLOP_01499",5563.94157005485,5628.86923070536,5519.12750755527,3194.40181888852,3044.1307578064,2978.74103102421
"PHJJKLOP_01500",1510.82324551209,1783.4627773077,1661.92513660052,331.36570592061,371.456431756138,383.490611778567
"PHJJKLOP_01502",2023.67150316298,2262.41042237649,2201.67745952727,450.620946238193,501.013187222303,512.311747518137
"PHJJKLOP_01503",31.1867183706624,52.3386086363831,39.4680552337737,132.910420506618,147.676581405489,154.585362887484
"PHJJKLOP_01504",427.373548042411,507.58575168115,491.75063412891,246.703588748586,296.259154107944,221.968726197413
"PHJJKLOP_01505",2840.301499017,2830.23495003536,2671.02730555052,6421.57607023073,6617.36043304105,6153.68656109793
"PHJJKLOP_01506",445.854566336137,481.910207821792,475.750071196299,280.386366548209,256.395537041432,277.460907746767
"PHJJKLOP_01507",139.762700846302,131.340282049792,133.338024438425,250.344970132329,284.481267247384,266.560657799572
"PHJJKLOP_01508",118.97155526586,154.053263156147,107.737123746247,205.738048181478,216.531919974919,234.85083977137
"PHJJKLOP_01509",449.319757266211,437.47176652675,440.548832744555,822.952192725911,876.999575463272,862.110677641739
"PHJJKLOP_01510",2310.12728671574,2053.05598783095,2165.40951688001,1695.97337947829,1600.88662173926,1500.2707654593
"PHJJKLOP_01511",5424.17886920855,5121.28347902421,5002.84267692969,7086.12817276382,6254.96391425458,6352.86385558757
"PHJJKLOP_01512",1477.32639985471,1391.41697299366,1573.38868837341,3306.37429643862,3482.63054553803,3409.79636984508
"PHJJKLOP_01513",4308.38738972485,4748.00057214585,4660.43063017181,426.951967243863,398.636170665124,419.164157060294
"PHJJKLOP_01514",483.971666566947,409.821180832057,439.482128549047,206.648393527414,240.08769369604,198.186362676262
"PHJJKLOP_01515",149573.811432984,147052.727370801,142120.200080037,1071.47647216637,862.503714711813,799.681973398716
"PHJJKLOP_01516",6419.84372978303,5692.07056943608,5738.86857182979,67.365555599245,67.9493472724643,73.3289541902169
"PHJJKLOP_01517",12846.6178414262,14153.1497920121,13599.4117885238,120.165585663518,101.471025260213,97.1113177113683
"PHJJKLOP_01518",11580.668088306,12559.2910308966,11422.2685254932,141.10352862004,131.368738060098,154.585362887484
"PHJJKLOP_01519",23818.5673896826,24604.0836636884,22927.739978236,385.076081330819,339.746736362321,368.626634577847
"PHJJKLOP_01520",21325.9400473163,21329.4643007026,19224.1430114343,374.15193717959,333.404797283558,338.898680176408
"PHJJKLOP_01521",29031.3696121567,29748.080123819,27268.1593497556,548.938243599253,515.509047973762,476.63820223641
"PHJJKLOP_01522",4681.47294652944,5075.8575168115,4939.90712939475,2102.89774911157,2124.54959138572,2162.21321679802
"PHJJKLOP_01523",265.66463797231,431.546641020744,426.681678202959,187.531141262763,317.096953938167,294.306748574249
"PHJJKLOP_01524",13027.9628334334,12481.2768784009,12214.8297427552,19250.1626851572,18510.3081883162,18675.1009549841
"PHJJKLOP_01525",614.493858266386,643.86363831928,682.690685124734,479.751997308136,447.559700701298,535.103179225907
"PHJJKLOP_01526",1434.58904505047,1479.30633466607,1420.84998841585,2131.11845483557,1820.13651560508,1984.83642220276
"PHJJKLOP_01527",710.364140665089,619.175615377589,652.822967650527,1112.44201273348,1279.25971131626,1259.47433480764
"PHJJKLOP_01528",810.854677637223,683.364475025984,643.22262989096,1060.55232801514,979.376592020451,1030.56908591656
"PHJJKLOP_01529",1542.00996388275,1502.01931577243,1447.51759330354,2484.33244905864,2542.21157928713,2496.15723790752
"PHJJKLOP_01530",17932.3630631309,19893.6088864139,20367.6499090182,430.593348627606,400.448153259056,316.107248468638
"PHJJKLOP_01531",2216.56713160375,2268.33554788249,2458.75317064455,434.234730011349,460.243578858824,467.719815915978
"PHJJKLOP_01532",742.705922679109,681.389433190649,722.158740358507,148.386291387526,146.770590108523,145.666976567052
"PHJJKLOP_01533",186450.373310827,160495.84962301,177225.435154185,12262.3518097545,11822.2804341118,11158.8831504869
"PHJJKLOP_01534",2215.41206796039,2101.44451279667,2043.80523859217,1832.52518136865,1756.71712481744,1838.17851382233
"PHJJKLOP_01535",1933.57653898107,1967.14166799387,1907.26710156722,1980.91147275618,2214.24272978537,2231.57844373471
"PHJJKLOP_01536",41.5822911608833,43.4509203773747,44.8015762113106,11.8344894971647,11.7778868605605,15.8549090141009
"PHJJKLOP_01537",113.196237049071,124.427635626118,117.337461505814,113.793168241968,124.120807684368,112.966226725469
"PHJJKLOP_01538",27.7215274405888,23.7005020240226,42.6681678202959,0,2.71797389089857,3.96372725352524
"PHJJKLOP_01539",31.1867183706624,35.5507530360338,52.2685055798624,10.9241441512289,5.43594778179714,4.95465906690654
"PHJJKLOP_01540",23.1012728671574,15.8003346826817,18.1339713236257,1.82069069187149,8.15392167269571,9.90931813381309
"PHJJKLOP_01541",12.7057000769365,7.90016734134085,13.8671545415962,9.10345345935743,19.02581723629,10.9002499471944
"PHJJKLOP_01542",12.7057000769365,27.650585694693,13.8671545415962,52.8000300642731,47.1115474422419,33.6916816549645
"PHJJKLOP_01543",51.9778639511041,43.4509203773747,26.6676048876849,60.082792831759,67.0433559754981,61.4377724296412
"PHJJKLOP_01544",2400.22225089765,2410.53856002663,2305.14776649148,2900.36027215128,2836.65875080114,2814.24635000292
"PHJJKLOP_01545",5.77531821678934,11.8502510120113,6.40022517304438,1.82069069187149,2.71797389089857,3.96372725352524
"PHJJKLOP_01546",3206.45667396144,2918.12431170778,2924.90290408128,3309.10533247643,2893.73620251001,2857.84734979169
"PHJJKLOP_01547",537.104594161409,494.747979751471,541.885731317757,654.538303727799,639.62985565813,626.268906056987
"PHJJKLOP_01548",12.7057000769365,9.87520917667607,8.53363356405917,100.137988052932,104.188999151112,90.1747950176991
"PHJJKLOP_01549",7068.98949735015,7099.28787711242,6984.77907218243,9549.52267886594,9122.42636915257,8834.15711629437
"PHJJKLOP_01550",4140.90316143796,4297.69103368942,3969.20631148302,6189.43800701712,5391.5542082458,5448.14310997044
"PHJJKLOP_01551",19275.7020803561,16242.7440537968,16168.0354913056,2361.43582735732,2137.23346954324,2543.72196494982
"PHJJKLOP_01552",16.1708910070102,17.7753765180169,17.0672671281183,22.7586336483936,25.3677563150533,20.8095680810075
"PHJJKLOP_01553",16.1708910070102,7.90016734134085,18.1339713236257,24.5793243402651,34.4276692847152,23.7823635211514
"PHJJKLOP_01554",16280.6220531292,15258.1856988822,15636.8168019429,12276.9173352894,11603.936531543,11333.287149642
"PHJJKLOP_01555",90.0949641819137,70.1139851544001,87.4697440316065,81.9310811342169,89.6931383996528,90.1747950176991
"PHJJKLOP_01556",1483.1017180715,1258.10164910853,1382.44863737759,1228.05587166732,1192.28454680751,1060.297040318
"PHJJKLOP_01557",1410.33270853996,1285.75223480322,1341.9138779483,1198.01447525144,1057.29184355954,1020.65976778275
"PHJJKLOP_01558",2106.83608548475,1992.81721185323,1881.66620087505,1637.7112773384,1588.20274358173,1499.27983364592
"PHJJKLOP_01559",3160.25412822713,3158.09189470101,3063.57444949724,4225.82309583372,4315.23654744996,4339.29041079675
"PHJJKLOP_01560",6364.40067490185,6125.59225229216,6178.35070037884,5107.94773604545,5154.18448844065,5457.06149629087
"PHJJKLOP_01561",27.7215274405888,31.6006693653634,45.868280406818,146.565600695655,115.060894714706,156.567226514247
"PHJJKLOP_01562",18.4810182937259,19.7504183533521,20.2673797146405,86.4828078638956,97.8470600723485,109.002499471944
"PHJJKLOP_01563",552.120421525061,542.148983799516,483.217000564851,1831.61483602271,1722.28945553273,1782.68633227297
"PHJJKLOP_01564",5332.92884138328,5629.85675162303,4972.97495945548,954.952267886594,845.289880069455,1087.0521992793
"PHJJKLOP_01565",322.262756496845,393.033325231707,355.212497103963,220.30357371645,253.677563150533,257.64227147914
"PHJJKLOP_01566",544.034976021556,549.061630223189,467.21643763224,955.86261323253,983.906548505282,977.058767993971
"PHJJKLOP_01567",132.832318986155,120.477551955448,147.205178980021,41.8758859130442,28.0857302059519,58.4649769894972
"PHJJKLOP_01568",1262.48456219015,1117.87367879973,1211.7759660964,1056.00060128546,985.718531099215,958.231063539726
"PHJJKLOP_01569",1856.18727487609,1878.26478540379,1739.79454287256,2506.1807373611,2425.33870197849,2547.68569220335
"PHJJKLOP_01570",2950.03254513599,2814.43461535268,2921.70279149476,2617.24286956526,2597.47704840207,2664.61564618234
"PHJJKLOP_01571",869.762923448475,854.20559378248,837.362793473306,865.738423984891,902.367331778325,961.20385897987
"PHJJKLOP_01572",1198.95606180547,1160.33707825944,1082.70475844001,457.903709005679,445.747718107365,430.064407007488
"PHJJKLOP_01573",1118.10160677042,1099.11078136405,1142.44019338842,520.717537875245,491.047282955675,538.075974666051
"PHJJKLOP_01574",4495.50769994882,4273.9905316654,4377.75401836236,7489.41116101336,6310.22938336951,6043.6931298126
"PHJJKLOP_01575",1245.15860753978,1366.72895005197,1219.24289546495,1021.4074781399,1073.59968690494,1040.47840405037
"PHJJKLOP_01576",539.414721448124,556.96179756453,503.484380279491,868.469460022699,787.306437063619,876.974654842458
"PHJJKLOP_01577",11001.9812029837,11044.4339431945,10105.9555482371,1950.8700763403,1846.4102632171,1953.12660417456
"PHJJKLOP_01579",1.15506364335787,5.92512550600564,0,2.73103603780723,0,0
"PHJJKLOP_01580",2.31012728671574,3.95008367067043,4.26681678202959,0,0.90599129696619,0
"PHJJKLOP_01581",833.955950504381,915.431890677871,807.495075999099,108.331096166353,115.966886011672,134.766726619858
"PHJJKLOP_01582",180.189928363827,164.91599325049,186.673234213794,60.9931381776948,76.10326894516,77.2926814437421
"PHJJKLOP_01585",672.247040434279,615.225531706919,592.020828506605,152.938018117205,132.274729357064,145.666976567052
"PHJJKLOP_01586",11484.7978059073,12320.3109688211,11876.6845127794,1898.07004627602,1898.05176714417,1755.93117331168
"PHJJKLOP_01587",730.000222602173,654.726368413623,682.690685124734,371.420901141783,328.874840798727,317.098180282019
"PHJJKLOP_01588",1210.50669823905,1133.67401348241,1237.37686678858,942.207433043494,910.521253451021,916.611927377711
"PHJJKLOP_01589",803.924295777076,782.116566792744,885.364482271139,1912.635571811,1771.2129855689,1773.76794595254
"PHJJKLOP_01590",1992.48478479232,2128.10757757369,1948.86856519201,758.317673164474,740.194889621377,773.917746250802
"PHJJKLOP_01591",2228.11776803733,2149.83303776238,2102.47396934508,917.628108703229,732.946959245648,837.337382307206
"PHJJKLOP_01592",1629.79480077795,1688.66076921161,1657.65831981849,832.055646185269,873.375610275407,801.663837025479
"PHJJKLOP_01593",22677.364510045,21182.3236839702,21555.9583828135,29937.6170464428,29832.4814265027,30444.398102514
"PHJJKLOP_01594",987.579415070977,937.157350866559,1010.1688731455,2438.81518176186,2576.63924857184,2446.61064723845
"PHJJKLOP_01595",347.674156650718,415.746306338062,376.546581014111,656.358994419671,677.68149013071,683.742951233103
"PHJJKLOP_01596",2125.31710377848,2007.63002561824,1948.86856519201,2946.787884794,2815.82095097092,2604.16880556608
"PHJJKLOP_01597",656.076149427269,781.129045875077,682.690685124734,119.255240317582,123.214816387402,138.730453873383
"PHJJKLOP_01598",10037.5030607799,9873.23413484073,9219.52436177043,18082.1896063217,18130.6978348874,17650.4774599479
"PHJJKLOP_01599",2798.71920785611,2637.66837109018,2425.68534058382,2357.79444597357,2464.29632774804,2314.81671605874
"PHJJKLOP_01600",1558.18085488976,1554.35792440881,1420.84998841585,974.069520151245,915.051209935852,911.657268310804
"PHJJKLOP_01601",92.4050914686295,103.689696355099,102.40360276871,331.36570592061,314.378980047268,309.170725774968
"PHJJKLOP_01602",28865.0404475131,31076.2957580819,31208.5646479599,34541.2334608399,34821.7754988955,33920.5869038556
"PHJJKLOP_01603",9912.75618729722,9312.32225360553,9603.53787215309,11334.7099022459,12011.6326151777,11805.9616246249
"PHJJKLOP_01604",1286.74089870066,1446.71814438304,1417.64987582933,1907.17349973538,2403.5949108513,2403.00964744967
"PHJJKLOP_01605",1507.35805458202,1532.63246422013,1607.52322262965,1792.46998614748,1665.21200382386,1861.96087734348
"PHJJKLOP_01606",2437.1842874851,2309.81142642453,2461.95328323107,2781.10503183369,2879.24034175855,2748.84485031975
"PHJJKLOP_01607",830.490759574307,787.054171381082,858.696877383454,545.29686221551,465.679526640622,495.465906690654
"PHJJKLOP_01608",787.753404770066,724.840353568023,670.956938974152,529.820991334602,602.484212482516,552.93995186677
"PHJJKLOP_01609",1992.48478479232,2005.65498378291,2104.60737773609,3932.69189444241,4093.26867969325,4053.90204854293
"PHJJKLOP_01610",705.743886091657,779.154004039742,733.892486509089,1150.67651726278,1250.26798981334,1352.62192526549
"PHJJKLOP_01611",736.93060446232,818.654840746446,778.694062720399,974.069520151245,898.74336659046,885.89304116289
"PHJJKLOP_01612",1421.88334497354,1356.85374087529,1307.77934369207,1139.75237311155,1168.72877308638,1127.68040362793
"PHJJKLOP_01613",2977.75407257658,2847.02280563571,2715.82888176183,1595.83539142536,1532.03128316983,1491.35237913887
"PHJJKLOP_01614",28.8765910839467,14.8128137650141,19.2006755191331,16.3862162268434,11.7778868605605,8.91838632043178
"PHJJKLOP_01615",359.224793084297,361.432655866344,381.880101991648,87.3931532098313,57.07745170887,64.4105678697851
"PHJJKLOP_01616",793.528722986855,789.029213216418,818.162117954173,357.765720952747,366.020483974341,333.944021109501
"PHJJKLOP_01617",72.7690095315457,74.0640688250705,80.0028146630547,69.1862462911164,60.7014168967347,55.4921815493533
"PHJJKLOP_01618",35.8069729440939,19.7504183533521,28.8010132786997,21.8482883024578,9.96590426662809,17.8367726408636
"PHJJKLOP_01619",12.7057000769365,14.8128137650141,19.2006755191331,12.7448348431004,25.3677563150533,17.8367726408636
"PHJJKLOP_01620",16.1708910070102,14.8128137650141,17.0672671281183,26.4000150321365,22.6497824241548,21.8004998943888
"PHJJKLOP_01621",132.832318986155,104.677217272766,99.2034901821879,88.303498555767,105.094990448078,79.2745450705047
"PHJJKLOP_01622",136.297509916228,114.552426449442,114.137348919291,88.303498555767,86.069173211788,103.056908591656
"PHJJKLOP_01623",204.446264874343,239.967582993228,245.341964966701,152.938018117205,141.334642326726,126.839272112808
"PHJJKLOP_01624",4895.15972055065,4746.02553031052,4746.83367000791,2883.0637105785,3070.40450541842,2796.40957736205
"PHJJKLOP_01625",3808.24483215089,3504.71173680234,3584.12609690485,3158.89835039703,3261.56866907828,3116.48055308422
"PHJJKLOP_01626",347.674156650718,412.78374358506,366.946243254544,69.1862462911164,67.9493472724643,91.1657268310804
"PHJJKLOP_01627",69.3038186014721,62.2138178130592,56.535322361892,80.1103904423454,65.2313733815657,84.2292041374113
"PHJJKLOP_01628",91.2500278252716,79.0016734134085,81.0695188585621,93.7655706313815,127.744772872233,114.948090352232
"PHJJKLOP_01629",5.77531821678934,7.90016734134085,6.40022517304438,9.10345345935743,14.495860751459,22.7914317077701
"PHJJKLOP_01630",149.003209993165,180.716327933172,150.405291566543,169.324234344048,177.574294205373,163.503749207916
"PHJJKLOP_01631",430.838738972485,410.808701749724,361.612722277007,340.469159379968,363.302510083442,365.653839137703
"PHJJKLOP_01632",368.46530223116,402.908534408384,372.279764232081,183.88975987902,193.882137550765,234.85083977137
"PHJJKLOP_01633",806.234423063792,854.20559378248,873.630736120558,514.345120453695,510.073100191965,494.474974877273
"PHJJKLOP_01635",1127.34211591728,1046.77217272766,1032.56966125116,3028.71896592822,3106.64415729707,2991.62314459817
"PHJJKLOP_01636",7384.32187198685,6526.52574486521,6571.96454852107,2392.38756911913,2291.25199002749,2402.01871563629
"PHJJKLOP_01637",12769.2285773212,11874.939034953,12365.2350343217,4711.9475105634,4066.08894078426,3964.71818533862
"PHJJKLOP_01638",19667.2686554544,18674.0205530944,18938.2662870383,6859.45218162582,6265.83580981817,5899.01708505893
"PHJJKLOP_01639",2111.45634005818,2244.63504585847,2243.27892315205,1440.16633727035,1409.72245807939,1482.43399281844
"PHJJKLOP_01640",772.737577406414,833.46765451146,827.76245571374,830.234955493397,778.246524093957,847.246700441019
"PHJJKLOP_01641",2.31012728671574,2.96256275300282,5.33352097753698,9.10345345935743,11.7778868605605,3.96372725352524
"PHJJKLOP_01642",5.77531821678934,6.91264642367325,6.40022517304438,10.0137988052932,11.7778868605605,10.9002499471944
"PHJJKLOP_01643",0,1.97504183533521,0,1.82069069187149,0,1.98186362676262
"PHJJKLOP_01644",8.08544550350508,7.90016734134085,6.40022517304438,6.3724174215502,4.52995648483095,17.8367726408636
"PHJJKLOP_01645",1.15506364335787,0.987520917667607,1.0667041955074,8.19310811342168,3.62396518786476,3.96372725352524
"PHJJKLOP_01646",4.62025457343147,3.95008367067043,4.26681678202959,17.2965615727791,10.8718955635943,9.90931813381309
"PHJJKLOP_01647",25.4114001538731,22.712981106355,41.6014636247885,64.6345195614377,56.1714604119038,48.5556588556841
"PHJJKLOP_01648",137.452573559586,122.452593790783,122.670982483351,162.041471576562,163.98442475088,153.594431074103
"PHJJKLOP_01649",31.1867183706624,27.650585694693,28.8010132786997,59.1724474858233,54.3594778179714,64.4105678697851
"PHJJKLOP_01650",31.1867183706624,31.6006693653634,37.3346468427589,40.0551952211727,48.9235300361743,45.5828634155402
"PHJJKLOP_01651",1.15506364335787,0.987520917667607,1.0667041955074,2.73103603780723,2.71797389089857,3.96372725352524
"PHJJKLOP_01652",5.77531821678934,8.88768825900846,1.0667041955074,20.9379429565221,17.2138346423576,21.8004998943888
"PHJJKLOP_01653",0,0.987520917667607,5.33352097753698,4.55172672967871,6.34193907876333,1.98186362676262
"PHJJKLOP_01654",20.7911455804416,24.6880229416902,20.2673797146405,47.3379579886586,42.5815909574109,48.5556588556841
"PHJJKLOP_01655",124.74687348265,115.53994736711,112.003940528277,292.220856045373,277.233336871654,275.479044120004
"PHJJKLOP_01656",36.9620365874518,51.3510877187155,41.6014636247885,90.1241892476385,106.90697304201,117.920885792376
"PHJJKLOP_01657",3.4651909300736,4.93760458833803,3.20011258652219,3.64138138374297,5.43594778179714,6.93652269366916
"PHJJKLOP_01658",1940.50692084122,2079.71905260798,2033.1381966371,2711.91878554258,2710.72596052284,2704.25291871759
"PHJJKLOP_01659",246.028556035226,289.343628876609,261.342527899312,185.710450570892,183.916233284137,161.521885581153
"PHJJKLOP_01660",730.000222602173,700.152330626333,619.755137589797,344.110540763711,280.857302059519,288.361157693961
"PHJJKLOP_01661",39.2721638741675,46.4134831303775,40.5347594292811,36.4138138374297,33.521677987749,35.6735452817271
"PHJJKLOP_01662",47.3576093776726,40.4883576243719,55.4686181663846,30.9517417618153,29.8977127998843,49.5465906690654
"PHJJKLOP_01663",430.838738972485,462.15978946844,411.747819465855,175.696651765598,210.189980896156,187.286112729067
"PHJJKLOP_01664",267.974765259025,216.267080969206,377.613285209618,159.310435538755,167.608389938745,139.721385686765
"PHJJKLOP_01665",12.7057000769365,15.8003346826817,13.8671545415962,5.46207207561446,6.34193907876333,3.96372725352524
"PHJJKLOP_01666",11.5506364335787,4.93760458833803,8.53363356405917,11.8344894971647,15.4018520484252,12.882113573957
"PHJJKLOP_01667",2.31012728671574,4.93760458833803,7.46692936855177,8.19310811342168,9.0599129696619,7.92745450705047
"PHJJKLOP_01668",196.360819370838,184.666411603842,215.474247492494,249.434624786394,262.737476120195,236.832703398133
"PHJJKLOP_01669",617.959049196459,635.963470977939,628.288771153856,384.165735984883,420.379961792312,415.200429806768
"PHJJKLOP_01670",384.63619323817,377.232990549026,361.612722277007,315.889835039703,312.566997453336,329.980293855976
"PHJJKLOP_01671",366.155174944444,318.969256406637,346.678863539904,466.0968171191,416.755996604447,386.46340721871
"PHJJKLOP_01672",450.474820909569,445.371933868091,391.480439751214,355.03468491494,372.362423053104,326.016566602451
"PHJJKLOP_01673",472.421030133368,453.272101209431,453.349283090643,798.372868385646,713.015150712391,743.198860035982
"PHJJKLOP_01674",113.196237049071,113.564905531775,131.20461604741,106.510405474482,111.436929526841,120.89368123252
"PHJJKLOP_01675",570.601439818787,550.049151140857,540.81902712225,640.883123538763,613.356108046111,594.559088028785
"PHJJKLOP_01676",596.01283997266,580.662299588553,530.151985167176,1149.76617191684,1297.37953725558,1321.90303905067
"PHJJKLOP_01677",485.126730210305,553.999234811527,493.884042519924,654.538303727799,659.561664191386,669.869905845765
"PHJJKLOP_01678",12198.6271375024,11554.9822576287,11362.5330905448,12727.5382815276,12119.4455795167,11661.2855798712
"PHJJKLOP_01679",2067.56392161058,2088.60674086699,2091.80692739,1964.52525652933,1894.4278019563,1942.22635422737
"PHJJKLOP_01680",2548.07039724746,2397.70078809695,2394.7509189141,2004.58045175051,2132.70351305841,2018.52810385773
"PHJJKLOP_01681",3025.11168195426,2912.19918620177,2848.10020200475,1972.71836464275,1825.57246338687,1884.75230905125
"PHJJKLOP_01682",6549.21085783911,6599.60229277261,6688.23530583137,2964.08444636678,3016.04502760045,2945.04934936925
"PHJJKLOP_01683",2060.63353975044,1940.47860321685,2108.87419451812,1919.91833457848,1932.47943642888,1934.29889972031
"PHJJKLOP_01684",1763.78218340746,1631.38455598689,1747.26147224112,1066.01440009075,1173.25872957122,1180.19978973714
"PHJJKLOP_01685",1529.30426380582,1554.35792440881,1466.71826882267,1756.96651765598,1506.66352685477,1533.96244711427
"PHJJKLOP_01686",7973.40433009936,7571.32287575754,7296.25669727059,7543.12153642356,7332.18756634738,7123.80880639823
"PHJJKLOP_01687",898.639514532421,907.53172333653,886.431186466646,747.393529013245,671.339551051947,800.672905212098
"PHJJKLOP_01688",2069.8740488973,1964.17910524087,1953.13538197404,1662.29060167867,1789.33281150823,1762.86769600535
"PHJJKLOP_01689",6335.52408381791,5867.84929278092,5973.54349484142,4595.42330628363,4074.24286245696,4038.04713952883
"PHJJKLOP_01690",1625.17454620452,1537.57006880846,1511.51984503398,1281.76624707753,1198.62648588627,1193.0819033111
"PHJJKLOP_01691",10567.6772730811,10420.3207232286,10351.2975132038,10619.1784603404,9526.49848759949,9544.65522648877
"PHJJKLOP_01692",14409.4189508894,13805.5424289931,13668.7475612318,11463.9789413688,10126.2647261911,9799.32470252776
"PHJJKLOP_01693",8153.59425846319,7442.94515646075,7524.53139510917,5519.42383240841,4915.00278604158,5143.92704326237
"PHJJKLOP_01694",6116.06199157991,5997.21453299537,5904.20772213344,5911.78267650671,4729.27457016351,5133.02679331518
"PHJJKLOP_01695",65.8386276713985,76.0391106604057,80.0028146630547,167.503543652177,166.702398641779,191.249839982593
"PHJJKLOP_01696",27.7215274405888,27.650585694693,37.3346468427589,152.938018117205,137.710677138861,129.812067552951
"PHJJKLOP_01697",101.645600615492,107.639780025769,110.937236332769,192.082867992442,173.950329017508,166.47654464806
"PHJJKLOP_01698",5058.0236942641,5844.1487907569,5654.59894038471,1638.62162268434,1704.1696295934,1786.6500595265
"PHJJKLOP_01699",386.946320524886,368.345302290017,388.280327164692,336.827777996225,279.951310762553,286.379294067198
"PHJJKLOP_01700",1345.64914451192,1299.57752765057,1328.04672340671,2126.56672810589,2017.6426183437,1830.25105931528
"PHJJKLOP_01701",1670.22202829548,1591.88371928018,1661.92513660052,1604.93884488471,1603.60459563016,1531.9805834875
"PHJJKLOP_01702",180.189928363827,188.616495274513,215.474247492494,383.255390638948,375.986388240969,369.617566391228
"PHJJKLOP_01703",537.104594161409,492.772937916136,475.750071196299,556.221006366739,486.517326470844,512.311747518137
"PHJJKLOP_01704",8381.14179620469,8154.94773809909,7812.54152789617,19502.3283459814,17038.0723307462,17624.7132328
"PHJJKLOP_01705",162.863973713459,160.96590957982,155.73881254408,96.4966066691887,80.6332254299909,92.1566586444617
"PHJJKLOP_01706",407.737466105327,421.671431844068,392.547143946722,250.344970132329,298.071136701877,253.678544225615
"PHJJKLOP_01707",571.756503462145,613.250489871584,560.019702641383,352.303648877132,388.670266398495,394.390861725761
"PHJJKLOP_01709",2873.79834467438,2837.14759645903,2739.29637406299,588.993438820426,652.313733815657,670.860837659146
"PHJJKLOP_01710",2038.68733052664,2184.39626988075,2438.48579092991,7042.43159615891,6717.9254670043,7083.1806020496
"PHJJKLOP_01711",61022.0122785962,63923.2165215418,64576.1385876268,138254.147687261,162475.949241432,167345.591848395
"PHJJKLOP_01712",38150.597076467,38291.1235825614,38606.1582438037,63900.7812126135,59865.1869296349,60688.6279787249
"PHJJKLOP_01713",24200.8934556341,22148.1191414491,23264.8185040163,66452.4792172714,62579.5368553456,58353.0016945851
"PHJJKLOP_01714",53664.2568704065,53671.7618752344,52891.4608300387,100670.540080304,99394.4932075668,104889.141514598
"PHJJKLOP_01715",1.15506364335787,1.97504183533521,0,0,0.90599129696619,0
"PHJJKLOP_01716",0,0,0,0,0,0
"PHJJKLOP_01717",2.31012728671574,3.95008367067043,5.33352097753698,4.55172672967871,2.71797389089857,5.94559088028785
"PHJJKLOP_01718",2519.19380616351,2364.12507689625,2431.01886156136,1196.19378455957,1252.07997240727,1210.91867595196
"PHJJKLOP_01719",1677.15241015562,1941.46612413451,1880.59949667954,3184.38802008323,2389.09905009984,2678.48869156968
"PHJJKLOP_01720",5983.22967259376,5522.21697159726,5660.99916555775,9597.77098220054,7604.8909467342,7720.34975805378
"PHJJKLOP_01721",1645.96569178496,1547.44527798514,1490.18576112383,964.055721345952,932.265044578209,938.4124272721
"PHJJKLOP_01722",1837.70625658237,1683.72316462327,1619.25696878023,707.338333792072,840.759923584624,781.845200757853
"PHJJKLOP_01723",2268.54499555485,2527.06602831141,2393.6842147186,1434.70426519473,1608.13455211499,1818.3598775547
"PHJJKLOP_01724",1198.95606180547,1105.03590687005,1153.1072353435,729.18662209453,747.442819997107,694.643201180298
"PHJJKLOP_01725",10266.2056621647,9907.7973669591,9826.47904901413,7026.04537993206,6617.36043304105,6241.87949248886
"PHJJKLOP_01726",1277.5003895538,1413.14243318235,1314.17956886511,1005.02126191306,1106.21537359572,1133.62599450822
"PHJJKLOP_01727",5014.1312758165,5163.74687848391,5067.91163285564,5312.775438881,5374.34037360344,5737.49519947778
"PHJJKLOP_01728",1611.31378248423,1494.11914843109,1486.98564853731,1751.50444558037,1734.97333369025,1740.07626429758
"PHJJKLOP_01729",3782.83343199702,3486.93636028432,3403.8530878641,4861.24414729687,4333.35637338929,4607.83293222309
"PHJJKLOP_01730",2798.71920785611,2789.74659241099,2383.01717276352,2919.47752441593,2981.61735831573,3265.12032509141
"PHJJKLOP_01731",18530.6860303903,18068.6702305642,17175.0042518646,17815.4584199625,18251.1946773839,17811.0084137156
"PHJJKLOP_01732",9639.00610382141,9991.73664496084,8937.91445415647,12616.4761493235,13255.5586659123,11599.8478074416
"PHJJKLOP_01733",15346.1755656526,14627.1598324926,13997.2924534481,15021.6085532857,15910.1131660233,16120.4787400871
"PHJJKLOP_01734",8554.40134270837,7514.04666253282,7349.59190704596,6720.16934369765,6423.47829549029,6005.04678909073
"PHJJKLOP_01735",1710.649255813,1578.05842643284,1639.52434849487,1217.13172751609,1053.66787837168,1239.65569854002
"PHJJKLOP_01736",17246.2552589763,15899.0867744485,17003.2648763879,14668.3945590626,15363.8004139526,15100.8099041178
"PHJJKLOP_01737",905.569896392569,766.316232110063,905.63186198578,775.614234737253,625.133994906671,658.96965589857
"PHJJKLOP_01738",589.082458112513,515.485919022491,604.821278852694,422.400240514185,396.824188071191,412.227634366624
"PHJJKLOP_01739",481.661539280231,473.022519562784,488.550521542388,382.345045293012,289.917215029181,316.107248468638
"PHJJKLOP_01740",177.879801077112,182.691369768507,170.672671281183,156.579399500948,150.394555296388,127.830203926189
"PHJJKLOP_01741",170.949419216964,175.778723344834,182.406417431765,588.08309347449,472.927457016351,577.713247201303
"PHJJKLOP_01744",5135.41295836908,6087.07893650313,6368.22404717916,953.131577194723,1135.20709509864,1080.11567658563
"PHJJKLOP_01745",1004.90536972135,1065.53507016335,1016.56909831855,703.696952408329,681.305455318575,723.380223768355
"PHJJKLOP_01746",731.15528624553,697.18976787333,664.556713801108,426.951967243863,500.107195925337,496.456838504036
"PHJJKLOP_01747",140.91776448966,150.103179485476,142.938362197991,143.834564657847,129.556755466165,136.748590246621
"PHJJKLOP_01748",500.142557573957,563.874443988203,629.355475349364,378.703663909269,381.422336022766,396.372725352524
"PHJJKLOP_01749",36.9620365874518,30.6131484476958,38.4013510382663,83.7517718260883,91.5051209935852,76.3017496303608
"PHJJKLOP_01750",42.7373548042411,35.5507530360338,44.8015762113106,86.4828078638956,101.471025260213,108.011567658563
"PHJJKLOP_01751",39466.2145662516,39539.3500224933,40782.2348026388,7041.52125081297,7774.31131926688,6987.06021615161
"PHJJKLOP_01752",21463.3926208759,20836.6913627865,20272.7132356181,14376.1737030172,13661.4427669532,13343.8877989927
"PHJJKLOP_01753",2563.08622461111,2386.83805800261,2337.14889235671,3154.34662366735,2793.17116854676,2814.24635000292
"PHJJKLOP_01754",4875.52363861356,4980.06798779774,4918.5730454846,3472.05714939892,3133.82389620605,3075.85234873558
"PHJJKLOP_01755",7036.64771533613,6189.78111194056,6102.61470249781,3032.36034731196,3057.72062726089,3154.13596199271
"PHJJKLOP_01756",1712.95938309972,1732.11168958898,1720.59386735343,1206.20758336486,1192.28454680751,1194.07283512448
"PHJJKLOP_01757",1588.21250961707,1510.90700403144,1383.51534157309,1090.59372443102,1050.94990448078,1003.81392695527
"PHJJKLOP_01758",3036.66231838784,3084.02782587594,3046.50718236912,1345.49042129303,1268.38781575267,1238.66476672664
"PHJJKLOP_01759",2396.75705996758,2153.78312143305,2118.47453227769,844.800481028369,759.220706857667,769.954018997277
"PHJJKLOP_01760",4407.72286305362,4647.27343854376,4396.95469388149,1966.3459472212,1960.56516663484,2053.21071732607
"PHJJKLOP_01761",3629.20996743042,3523.47463423802,3397.45286269106,1915.3666078488,1782.99087242946,1822.32360480823
"PHJJKLOP_01762",5297.12186843918,5255.586323827,5164.98171464681,2336.85650301705,2876.52236786765,2783.5274637881
"PHJJKLOP_01763",194.050692084122,215.279560051538,218.674360079016,232.138063213614,219.249893865818,233.859907957989
"PHJJKLOP_01764",42.7373548042411,67.1514224013972,52.2685055798624,97.4069520151245,92.4111122905514,107.020635845181
"PHJJKLOP_01765",11388.9275235086,10763.9780025769,10783.3127123843,7598.65260252565,7468.0862608923,7905.65400715608
"PHJJKLOP_01766",2134.55761292534,2289.07348715351,2468.35350840412,1514.81465563708,1507.56951815174,1505.22542452621
"PHJJKLOP_01767",259.88931975552,239.967582993228,253.87559853076,151.117327425333,144.052616217624,161.521885581153
"PHJJKLOP_01768",0,0,0,0.910345345935743,0.90599129696619,3.96372725352524
"PHJJKLOP_01769",2812.57997157641,2412.51360186196,2505.68815524687,2051.00806439323,1872.68401082911,1706.38458264261
"PHJJKLOP_01770",1433.43398140711,1483.25641833675,1502.98621146992,1174.34549625711,1260.23389407997,1227.76451677944
"PHJJKLOP_01771",7361.22059911969,7150.63896483114,7089.31608334216,4232.19551325527,3989.07968054213,3961.74538989847
"PHJJKLOP_01772",9301.72751996091,8727.70987034631,8679.77203884368,4893.10623440462,4915.90877733855,4757.46363604366
"PHJJKLOP_01773",1827.31068379215,1816.05096759073,1820.86406173113,696.414189640843,704.861229039696,711.48904200778
"PHJJKLOP_01774",18238.4549286207,17360.6177325965,17824.6271069286,5400.16859209083,5218.50987052525,4845.6565674346
"PHJJKLOP_01775",4332.64372623536,4404.34329279753,4105.74444850797,3869.87806557284,3777.07771705205,4014.26477600768
"PHJJKLOP_01776",10509.9240909132,10392.6701375339,10270.2279943452,13196.3661346845,13175.8314317793,13228.9397086405
"PHJJKLOP_01777",19296.4932259365,19448.2369525458,19407.6161330616,8466.21171720241,8683.92658142093,8416.97482286084
"PHJJKLOP_01778",554.430548811777,547.086588387854,482.150296369343,3377.38123342161,3401.99732010804,3309.71225669357
"PHJJKLOP_01779",1.15506364335787,0,0,0.910345345935743,0.90599129696619,0.990931813381309
"PHJJKLOP_01780",421.598229825622,442.409371115088,477.883479587314,414.207132400763,478.363404798148,498.438702130798
"PHJJKLOP_01781",2612.7539612755,2566.56686501811,2631.55925031675,3716.94004745564,4779.10409149665,4153.98616169445
"PHJJKLOP_01782",1440.36436326726,1324.26555059226,1472.05178980021,1667.75267375428,1462.26995330343,1550.80828794175
"PHJJKLOP_01783",3481.36182108061,3415.83485421225,3483.85590252716,933.103979584136,879.717549354171,886.883972976271
"PHJJKLOP_01784",3378.56115682176,3388.18426851756,3361.18492004381,934.924670276008,926.829096796412,910.666336497423
"PHJJKLOP_01785",57.7531821678934,35.5507530360338,50.1350971888476,26.4000150321365,18.1198259393238,17.8367726408636
"PHJJKLOP_01786",88.9399005385558,90.8519244254198,120.537574092336,117.434549625711,128.650764169199,103.056908591656
"PHJJKLOP_01787",87.784836895198,92.826966260755,91.7365608136361,86.4828078638956,120.496842496503,110.984363098707
"PHJJKLOP_01788",949.462314840168,962.832894725916,918.432312331868,215.751846986771,195.694120144697,186.295180915686
"PHJJKLOP_01789",858.212287014896,802.854506063764,753.093162028222,315.889835039703,327.968849501761,302.234203081299
"PHJJKLOP_01790",3454.79535728338,3191.6676059017,3403.8530878641,4194.8713540719,3903.91649862731,3976.60936709919
"PHJJKLOP_01791",9336.37942926165,8414.66573944568,8853.64482271139,13344.7524260721,12277.0880651888,11388.7793311914
"PHJJKLOP_01792",244.873492391868,260.705522264248,243.208556575686,416.93816843857,409.508066228718,457.810497782165
"PHJJKLOP_01793",559.050803385208,578.687257753217,611.221504025738,570.786531901711,604.296195076449,629.241701497131
"PHJJKLOP_01794",257.579192468805,199.479225368857,256.009006921775,619.945180582241,559.902621525105,544.021565546339
"PHJJKLOP_01795",44530.0135787325,48838.8345041692,45614.4048082873,43431.6661092484,47689.5698897063,48187.0322211063
"PHJJKLOP_01796",37576.5304457182,32505.2385259469,34194.2696911851,30380.9552299135,30952.2866695529,31974.3968223747
"PHJJKLOP_01797",167.484228286891,170.841118756496,203.740501341913,183.88975987902,193.882137550765,178.367726408636
"PHJJKLOP_01798",3450.17510270995,3207.46794058439,3051.84070334666,2395.11860515694,2234.17453831862,2126.53967151629
"PHJJKLOP_01799",10929.2121934521,10073.7008811273,9791.27781056239,7513.08014000769,7614.85685100083,7181.28285157435
"PHJJKLOP_01800",1873.51322952646,1861.47692980344,1872.06586311548,1230.78690770512,1256.60992889211,1265.41992568793
"PHJJKLOP_01801",1025.69651530179,891.731388653849,951.500142392598,835.697027569012,713.015150712391,758.062837236701
"PHJJKLOP_01802",6476.44184830757,6254.95749250662,6003.41121231563,6105.68623519103,5803.78024836541,5432.28820095634
"PHJJKLOP_01803",733.465413532246,764.341190274728,691.224318688793,920.359144741036,919.581166420683,856.165086761451
"PHJJKLOP_01804",289.920974482825,277.493377864597,309.344216697145,2806.59470151989,2840.28271598901,2758.75416845356
"PHJJKLOP_01805",2945.41229056256,3045.5145100869,2749.96341601807,11859.9791668509,11852.1781469117,11618.6755118958
"PHJJKLOP_01806",426.218484399053,434.509203773747,397.880664924259,1165.24204279775,1150.60894714706,1208.9368123252
"PHJJKLOP_01807",1460.00044520435,1546.45775706747,1426.18350939339,3083.33968668436,3170.0635480847,2871.72039517903
"PHJJKLOP_01808",1062.65855188924,1100.09830228171,1080.57135004899,1909.90453577319,1975.96701868326,1936.28076334708
"PHJJKLOP_01809",869.762923448475,811.742194322773,871.497327729543,1492.05602198868,1287.41363298896,1279.29297107527
"PHJJKLOP_01810",406.58240246197,400.933492573048,359.479313885993,1111.53166738754,1179.60066864998,1103.89804010678
"PHJJKLOP_01811",892.864196315632,871.980970300497,872.56403192505,2138.40121760306,2014.92464445281,2010.60064935068
"PHJJKLOP_01812",591.392585399228,600.412717941905,572.820152987472,1297.24211795843,1040.07800891719,1016.69604052922
"PHJJKLOP_01813",537.104594161409,531.286253705172,481.083592173836,966.786757383759,973.940644238654,865.083473081883
"PHJJKLOP_01814",1554.71566395969,1554.35792440881,1384.5820457686,2613.60148818152,2429.86865846332,2491.20257884061
"PHJJKLOP_01815",873.228114378548,795.941859640091,777.627358524892,1443.80771865409,1538.37322224859,1400.18665230779
"PHJJKLOP_01816",522.088766797756,466.10987313911,429.881790789481,1373.71112701704,1400.66254510973,1283.25669832879
"PHJJKLOP_01817",180.189928363827,191.579058027516,176.00619225872,635.421051463149,710.297176821493,607.441201602742
"PHJJKLOP_01818",397.341893315107,406.858618079054,401.080777510781,1212.58000078641,1156.04489492886,1083.08847202577
"PHJJKLOP_01819",298.00641998633,292.306191629612,243.208556575686,710.069369829879,645.065803439927,674.824564912671
"PHJJKLOP_01820",457.405202769716,532.27377462284,453.349283090643,1076.02819889605,1112.55731267448,1013.72324508908
"PHJJKLOP_01821",318.797565566772,364.395218619347,342.412046757874,630.86932473347,533.628873913086,541.048770106195
"PHJJKLOP_01822",258.734256112162,237.992541157893,245.341964966701,621.765871274112,491.953274252641,497.447770317417
"PHJJKLOP_01823",538.259657804767,576.712215917882,589.88742011559,845.710826374305,781.870489281822,803.645700652242
"PHJJKLOP_01824",4.62025457343147,15.8003346826817,16.0005629326109,12.7448348431004,11.7778868605605,20.8095680810075
"PHJJKLOP_01825",392.721638741675,379.208032384361,342.412046757874,728.276276748594,667.715585864082,666.897110405621
"PHJJKLOP_01826",846.661650581317,772.241357616068,781.894175306922,1136.11099172781,1441.43215347321,1246.59222123369
"PHJJKLOP_01827",33.4968456573782,47.4010040480451,46.9349846023254,14.5655255349719,9.0599129696619,10.9002499471944
"PHJJKLOP_01828",47.3576093776726,54.3136504717184,75.7359978810251,11.8344894971647,8.15392167269571,10.9002499471944
"PHJJKLOP_01829",28.8765910839467,27.650585694693,32.0011258652219,15.4758708809076,20.8377998302224,13.8730453873383
"PHJJKLOP_01830",6.93038186014721,5.92512550600564,6.40022517304438,3.64138138374297,4.52995648483095,7.92745450705047
"PHJJKLOP_01831",16.1708910070102,20.7379392710197,12.8004503460888,16.3862162268434,18.1198259393238,20.8095680810075
"PHJJKLOP_01832",1358.35484458885,1332.1657179336,1356.84773668541,5411.09273624206,5468.56346848792,5868.29819884411
"PHJJKLOP_01833",2903.82999940168,2821.34726177635,2737.16296567198,399.641606865791,310.755014859403,316.107248468638
"PHJJKLOP_01834",1219.74720738591,1207.73808230748,1021.90261929609,820.221156688104,649.595759924758,657.978724085189
"PHJJKLOP_01835",8981.77489075078,8579.58173269617,8889.91276535864,2619.97390560307,2478.7921884995,2537.77637406953
"PHJJKLOP_01836",5947.42269964966,5871.79937645159,5851.93921655358,4781.13375685452,4738.33448313317,4555.31354611388
"PHJJKLOP_01837",272.595019832457,232.067415651888,256.009006921775,593.545165550104,478.363404798148,528.166656532238
"PHJJKLOP_01838",1701.40874666614,1723.22400132997,1687.5260372927,1131.55926499813,1208.5923901529,1152.45369896246
"PHJJKLOP_01839",3157.94400094041,3409.90972870625,3227.84689560538,6999.64536489993,6931.73941308832,6951.38667086988
"PHJJKLOP_01840",58.9082458112513,71.1015060720677,62.9355475349364,25.4896696862008,44.3935735513433,40.6282043486337
"PHJJKLOP_01841",12133.9435734744,11421.6669337435,11320.93162692,1945.40800426468,1797.48673318092,1547.8354925016
"PHJJKLOP_01842",26.566463797231,39.5008367067043,35.2012384517441,37.3241591833655,43.4875822543771,44.5919316021589
"PHJJKLOP_01843",93.5601551119873,56.2886923070536,97.0700817911731,101.048333398867,53.4534865210052,97.1113177113683
"PHJJKLOP_01844",9486.53770289817,10116.164280587,10382.2319348735,14518.1875769832,12276.1820738919,15362.4159028504
"PHJJKLOP_01845",2179.6050950163,2099.46947096133,2068.33943508884,3024.16723919854,3049.5667055882,3039.18787164047
"PHJJKLOP_01846",1223.21239831598,1131.69897164708,1131.77315143335,1634.98024130059,1212.21635534076,1299.1116073429
"PHJJKLOP_01847",4651.44129180213,4225.60200669969,4161.21306667435,6395.17605519859,5820.0880917108,5806.86042641447
"PHJJKLOP_01848",5990.1600544539,6427.77365309845,5779.40333125907,8316.91508046895,8381.32548823422,8674.61709433998
"PHJJKLOP_01849",534.794466874693,527.336170034502,563.219815227905,440.6071474329,408.602074931752,401.32738441943
"PHJJKLOP_01850",393.876702385033,379.208032384361,424.548269811944,285.848438623823,257.301528338398,291.333953134105
"PHJJKLOP_01851",135.142446272871,150.103179485476,149.338587371035,94.6759159773172,71.573312460329,81.2564086972673
"PHJJKLOP_01852",1703.71887395286,1619.53430497487,1610.72333521617,1035.06265832894,944.04293143877,968.140381673539
"PHJJKLOP_01853",3699.66884967525,4190.05125366365,3740.93161364444,7997.3838640455,8573.39564319106,9014.50670632977
"PHJJKLOP_01854",2.31012728671574,0.987520917667607,0,1.82069069187149,0,2.97279544014393
"PHJJKLOP_01855",106.265855188924,112.577384614107,101.336898573203,23.6689789943293,28.9917215029181,28.737022588058
"PHJJKLOP_01856",276.06021076253,269.593210523257,292.276949569027,362.317447682426,379.610353428834,326.016566602451
"PHJJKLOP_01857",158.243719140028,132.327802967459,129.071207656395,116.524204279775,120.496842496503,95.1294540846057
"PHJJKLOP_01858",1895.45943875026,1765.68740078968,1862.46552535591,1507.53189286959,1637.12627361791,1506.21635633959
"PHJJKLOP_01859",3324.27316558394,3419.78493788292,3324.91697739655,1812.49758375806,2020.3605922346,1983.84549038938
"PHJJKLOP_01860",48.5126730210305,52.3386086363831,57.6020265573994,35.503468491494,25.3677563150533,42.6100679753963
"PHJJKLOP_01861",173.25954650368,135.290365720462,132.271320242917,81.0207357882811,81.5392167269571,89.1838632043178
"PHJJKLOP_01862",45.0474820909569,36.5382739537014,33.0678300607293,10.0137988052932,10.8718955635943,13.8730453873383
"PHJJKLOP_01863",15.0158273636523,15.8003346826817,17.0672671281183,3.64138138374297,6.34193907876333,6.93652269366916
"PHJJKLOP_01864",133.987382629513,86.9018407547494,104.537011159725,21.8482883024578,28.9917215029181,35.6735452817271
"PHJJKLOP_01865",45.0474820909569,48.3885249657127,73.6025894900103,36.4138138374297,28.0857302059519,33.6916816549645
"PHJJKLOP_01866",23.1012728671574,21.7254601886873,26.6676048876849,14.5655255349719,21.7437911271886,18.8277044542449
"PHJJKLOP_01867",2089.51013083438,2331.53688661322,2173.94315044407,1817.95965583368,1885.36788898664,1865.924604597
"PHJJKLOP_01868",136.297509916228,154.053263156147,177.072896454228,196.63459472212,238.275711102108,218.004998943888
"PHJJKLOP_01869",0,0.987520917667607,0,0,2.71797389089857,0.990931813381309
"PHJJKLOP_01870",0,0,0,0,0,0.990931813381309
"PHJJKLOP_01871",1.15506364335787,3.95008367067043,1.0667041955074,1.82069069187149,1.81198259393238,0.990931813381309
"PHJJKLOP_01872",0,0,0,0.910345345935743,0,0
"PHJJKLOP_01873",8.08544550350508,1.97504183533521,0,2.73103603780723,0.90599129696619,4.95465906690654
"PHJJKLOP_01874",85.4747096084822,81.9642361664113,73.6025894900103,249.434624786394,276.327345574688,264.578794172809
"PHJJKLOP_01875",497.832430287241,536.22385829351,452.282578895136,100.137988052932,93.3171035875176,92.1566586444617
"PHJJKLOP_01876",9.24050914686294,18.7628974356845,3.20011258652219,8.19310811342168,33.521677987749,26.7551589612953
"PHJJKLOP_01877",4024.24173345881,4092.28668281456,3993.74050797969,3046.015527501,2903.70210677664,2852.89269072479
"PHJJKLOP_01878",5.77531821678934,8.88768825900846,3.20011258652219,10.9241441512289,18.1198259393238,10.9002499471944
"PHJJKLOP_01879",10.3955727902208,13.8252928473465,8.53363356405917,15.4758708809076,24.4617650180871,19.8186362676262
"PHJJKLOP_01880",61.218373097967,51.3510877187155,59.7354349484142,51.8896847183373,52.547495224039,61.4377724296412
"PHJJKLOP_01881",210.221583091132,215.279560051538,226.141289447568,203.917357489606,224.685841647615,222.959658010794
"PHJJKLOP_01882",146.693082706449,170.841118756496,158.938925130602,500.689940264659,439.405779028602,573.749519947778
"PHJJKLOP_01883",823.56037771416,867.043365712159,827.76245571374,276.744985164466,221.967867756717,247.732953345327
"PHJJKLOP_01884",1.15506364335787,0.987520917667607,0,0,0,0
"PHJJKLOP_01885",61.218373097967,81.9642361664113,53.3352097753698,60.9931381776948,84.2571906178557,77.2926814437421
"PHJJKLOP_01886",346.51909300736,346.61984210133,297.610470546564,847.531517066177,828.076045427098,798.691041585335
"PHJJKLOP_01887",6626.60012194409,6203.6064047879,6186.8843339429,2491.61521182613,2320.24371153041,2433.72853366449
"PHJJKLOP_01888",1885.06386596004,1921.71570578116,1818.73065334011,799.283213731582,881.529531948103,828.418995986774
"PHJJKLOP_01889",1674.84228286891,1766.67492170735,1780.32930230184,1522.09741840456,1262.95186797087,1257.49247118088
"PHJJKLOP_01890",872.07305073519,853.218072864812,896.031524226213,769.241817315703,723.887046275986,701.579723873967
"PHJJKLOP_01891",6072.16957313231,6518.62557752387,6173.0171794013,4889.46485302087,4608.77772766701,4590.9870913956
"PHJJKLOP_01892",330.34820200035,321.93181915964,336.01182158483,434.234730011349,411.32004882265,367.635702764466
"PHJJKLOP_01893",323.417820140203,352.544967607336,360.5460180815,415.117477746699,392.29423158636,374.572225458135
"PHJJKLOP_01894",859.367350658254,829.51757084079,838.429497668813,560.772733096418,555.372665040274,515.284542958281
"PHJJKLOP_01895",4725.36536497704,4323.36657754878,4562.29384418513,15947.4297701023,18551.9837879767,22363.3491643894
"PHJJKLOP_01896",514.003321294251,623.12569904826,580.287082356024,4024.63677438192,3106.64415729707,3549.51775553185
"PHJJKLOP_01897",383.481129594812,335.757112006986,336.01182158483,355.03468491494,405.884101040853,369.617566391228
"PHJJKLOP_01898",730.000222602173,715.952665309015,676.290459951689,922.179835432907,1148.79696455313,1239.65569854002
"PHJJKLOP_01899",2395.60199632422,2246.6100876938,2265.67971125771,2661.84979151611,2492.38205795399,2498.13910153428
"PHJJKLOP_01900",4398.48235390676,5234.84838455598,4612.42894137398,14116.7252794256,17800.9170027917,18164.7710710928
"PHJJKLOP_01901",75.0791368182614,85.9143198370818,72.5358852945029,270.372567742916,224.685841647615,236.832703398133
"PHJJKLOP_01902",11.5506364335787,19.7504183533521,16.0005629326109,19.1172522646506,8.15392167269571,18.8277044542449
"PHJJKLOP_01903",0,0,0,1.82069069187149,0,0.990931813381309
"PHJJKLOP_01904",3.4651909300736,1.97504183533521,0,0.910345345935743,0.90599129696619,0
"PHJJKLOP_01905",1.15506364335787,0.987520917667607,1.0667041955074,0,0,0
"PHJJKLOP_01906",33.4968456573782,37.5257948713691,34.1345342562367,36.4138138374297,30.8037040968505,38.646340721871
"PHJJKLOP_01907",0,0,0,0,0,0
"PHJJKLOP_01908",21.9462092237995,39.5008367067043,29.8677174742071,51.8896847183373,30.8037040968505,35.6735452817271
"PHJJKLOP_01909",6.93038186014721,2.96256275300282,2.13340839101479,8.19310811342168,9.96590426662809,9.90931813381309
"PHJJKLOP_01910",0,0,1.0667041955074,0,0.90599129696619,0
"PHJJKLOP_01911",4.62025457343147,2.96256275300282,2.13340839101479,0.910345345935743,2.71797389089857,1.98186362676262
"PHJJKLOP_01912",0,0,0,0.910345345935743,0.90599129696619,0
"PHJJKLOP_01913",0,0,0,0,0,0
"PHJJKLOP_01914",5.77531821678934,1.97504183533521,3.20011258652219,3.64138138374297,8.15392167269571,8.91838632043178
"PHJJKLOP_01915",1925.49109347757,1878.26478540379,1808.06361138504,944.028123735365,867.93966249361,944.358018152387
"PHJJKLOP_01916",902.104705462495,844.330384605804,824.562343127217,353.213994223068,307.131049671538,324.034702975688
"PHJJKLOP_01917",5.77531821678934,6.91264642367325,3.20011258652219,8.19310811342168,14.495860751459,13.8730453873383
"PHJJKLOP_01918",24.2563365105152,19.7504183533521,20.2673797146405,39.1448498752369,57.9834430058362,49.5465906690654
"PHJJKLOP_01919",1.15506364335787,1.97504183533521,0,0,0,0
"PHJJKLOP_01920",15.0158273636523,20.7379392710197,10.667041955074,29.1310510699438,33.521677987749,42.6100679753963
"PHJJKLOP_01921",5.77531821678934,2.96256275300282,6.40022517304438,16.3862162268434,6.34193907876333,5.94559088028785
"PHJJKLOP_01922",5.77531821678934,6.91264642367325,6.40022517304438,15.4758708809076,13.5898694544928,10.9002499471944
"PHJJKLOP_01923",19.6360819370838,18.7628974356845,18.1339713236257,37.3241591833655,67.0433559754981,54.501249735972
"PHJJKLOP_01924",62.3734367413249,62.2138178130592,62.9355475349364,115.613858933839,123.214816387402,131.793931179714
"PHJJKLOP_01925",41.5822911608833,55.301171389386,42.6681678202959,50.9793393724016,48.0175387392081,53.5103179225907
"PHJJKLOP_01926",34.651909300736,39.5008367067043,44.8015762113106,65.5448649073735,76.10326894516,49.5465906690654
"PHJJKLOP_01927",55.4430548811777,63.2013387307268,77.8694062720399,645.434850268442,676.775498833744,723.380223768355
"PHJJKLOP_01928",115.506364335787,118.502510120113,123.737686678858,445.158874162578,444.841726810399,417.182293433531
"PHJJKLOP_01929",248.338683321942,220.217164639876,262.40923209482,976.800556189052,941.324957547871,947.330813592531
"PHJJKLOP_01930",1845.79170208587,1595.83380295085,1564.85505480935,2805.68435617396,2409.0308586331,2465.4383516927
"PHJJKLOP_01931",113.196237049071,124.427635626118,107.737123746247,140.193183274104,148.582572702455,135.757658433239
"PHJJKLOP_01932",34.651909300736,36.5382739537014,36.2679426472515,28.220705724008,39.8636170665124,24.7732953345327
"PHJJKLOP_01933",10.3955727902208,5.92512550600564,7.46692936855177,15.4758708809076,10.8718955635943,9.90931813381309
"PHJJKLOP_01934",30.0316547273046,24.6880229416902,32.0011258652219,31.862087107751,23.5557737211209,24.7732953345327
"PHJJKLOP_01935",12.7057000769365,20.7379392710197,19.2006755191331,34.5931231455582,29.8977127998843,27.7460907746766
"PHJJKLOP_01936",2.31012728671574,1.97504183533521,5.33352097753698,6.3724174215502,2.71797389089857,1.98186362676262
"PHJJKLOP_01937",17.325954650368,10.8627300943437,12.8004503460888,10.9241441512289,12.6838781575267,9.90931813381309
"PHJJKLOP_01938",28.8765910839467,25.6755438593578,28.8010132786997,15.4758708809076,14.495860751459,12.882113573957
"PHJJKLOP_01939",9.24050914686294,13.8252928473465,17.0672671281183,9.10345345935743,9.96590426662809,6.93652269366916
"PHJJKLOP_01940",11.5506364335787,5.92512550600564,12.8004503460888,11.8344894971647,19.9318085332562,8.91838632043178
"PHJJKLOP_01941",41.5822911608833,58.2637341423888,40.5347594292811,55.5310661020803,55.2654691149376,41.619136162015
"PHJJKLOP_01942",30.0316547273046,29.6256275300282,36.2679426472515,40.9655405671084,33.521677987749,37.6554089084897
"PHJJKLOP_01943",0,0,0,0,0,0.990931813381309
"PHJJKLOP_01944",0,0,0,0,0,0
"PHJJKLOP_01945",1578.97200047021,1680.76060187027,1678.99240372864,471.558889194715,566.244560603869,585.640701708354
"PHJJKLOP_01946",6.93038186014721,6.91264642367325,6.40022517304438,8.19310811342168,9.96590426662809,4.95465906690654
"PHJJKLOP_01947",3.4651909300736,1.97504183533521,3.20011258652219,0.910345345935743,1.81198259393238,0.990931813381309
"PHJJKLOP_01948",57.7531821678934,62.2138178130592,68.2690685124734,65.5448649073735,52.547495224039,68.3742951233103
"PHJJKLOP_01949",79.6993913916929,71.1015060720677,45.868280406818,63.724174215502,68.8553385694304,61.4377724296412
"PHJJKLOP_01950",1219.74720738591,1223.53841699016,1237.37686678858,657.269339765606,663.185629379251,662.933383152096
"PHJJKLOP_01951",151.313337279881,158.003346826817,176.00619225872,59.1724474858233,67.0433559754981,73.3289541902169
"PHJJKLOP_01952",49.6677366643883,40.4883576243719,45.868280406818,66.4552102533092,63.4193907876333,66.3924314965477
"PHJJKLOP_01953",12.7057000769365,5.92512550600564,7.46692936855177,12.7448348431004,7.24793037572952,9.90931813381309
"PHJJKLOP_01954",12.7057000769365,13.8252928473465,7.46692936855177,16.3862162268434,19.9318085332562,25.764227147914
"PHJJKLOP_01955",8.08544550350508,11.8502510120113,14.9338587371035,10.9241441512289,18.1198259393238,19.8186362676262
"PHJJKLOP_01956",47.3576093776726,43.4509203773747,40.5347594292811,57.3517567939518,49.8295213331404,50.5375224824468
"PHJJKLOP_01957",47.3576093776726,51.3510877187155,50.1350971888476,67.365555599245,48.9235300361743,68.3742951233103
"PHJJKLOP_01958",0,0,0,0.910345345935743,0,0.990931813381309
"PHJJKLOP_01959",329.193138356992,346.61984210133,338.145229975845,757.407327818538,759.220706857667,801.663837025479
"PHJJKLOP_01960",33.4968456573782,36.5382739537014,48.0016887978328,60.9931381776948,71.573312460329,63.4196360564038
"PHJJKLOP_01961",225.237410454784,226.142290145882,184.53982582278,282.20705724008,194.788128847731,194.222635422737
"PHJJKLOP_01962",149.003209993165,151.090700403144,146.138474784513,130.179384468811,110.530938229875,112.966226725469
"PHJJKLOP_01963",371.930493161234,378.220511466693,413.88122785687,279.476021202273,327.062858204795,249.71481697209
"PHJJKLOP_01964",359.224793084297,322.919340077307,320.011258652219,280.386366548209,282.669284653451,263.587862359428
"PHJJKLOP_01965",0,0,0,0,0,0
"PHJJKLOP_01966",9.24050914686294,9.87520917667607,13.8671545415962,19.1172522646506,18.1198259393238,21.8004998943888
"PHJJKLOP_01967",4.62025457343147,7.90016734134085,2.13340839101479,7.28276276748594,8.15392167269571,8.91838632043178
"PHJJKLOP_01968",23.1012728671574,17.7753765180169,26.6676048876849,9.10345345935743,18.1198259393238,10.9002499471944
"PHJJKLOP_01969",375.395684091307,406.858618079054,368.012947450052,2547.14627792821,2589.32312672937,2365.35423854118
"PHJJKLOP_01970",79.6993913916929,104.677217272766,93.8699692046509,568.965841209839,400.448153259056,392.408998098998
"PHJJKLOP_01971",565.981185245355,540.173941964181,529.085280971669,2009.13217848018,2085.59196561617,1964.02685412175
"PHJJKLOP_01972",1129.65224320399,1162.31212009477,1152.04053114799,883.034985557671,903.273323075291,929.494040951668
"PHJJKLOP_01973",3680.03276773817,2906.27406069577,3505.1899864373,177.51734245747,145.864598811557,137.739522060002
"PHJJKLOP_01974",38.1171002308096,51.3510877187155,49.0683929933402,10.0137988052932,19.02581723629,14.8639772007196
"PHJJKLOP_01975",5.77531821678934,3.95008367067043,2.13340839101479,0.910345345935743,1.81198259393238,3.96372725352524
"PHJJKLOP_01977",4.62025457343147,2.96256275300282,2.13340839101479,2.73103603780723,0.90599129696619,1.98186362676262
"PHJJKLOP_01979",828.180632287591,887.781304983178,897.09822842172,1505.71120217772,1473.14184886702,1442.79672028319
"PHJJKLOP_01980",180.189928363827,209.354434545533,172.806079672198,401.462297557663,372.362423053104,336.916816549645
"PHJJKLOP_01981",6.93038186014721,1.97504183533521,1.0667041955074,4.55172672967871,3.62396518786476,4.95465906690654
"PHJJKLOP_01982",1155.06364335787,1109.97351145839,1150.97382695248,1084.22130700947,952.196853111466,1035.52374498347
"PHJJKLOP_01983",1096.15539754662,1055.65986098667,1062.43737872537,836.607372914948,756.502732966769,753.108178169795
"PHJJKLOP_01984",593.702712685944,588.562466929894,552.552773272831,398.731261519855,436.687805137704,495.465906690654
"PHJJKLOP_01985",63.5285003846827,55.301171389386,71.4691810989955,91.94487993951,78.8212428360585,81.2564086972673
"PHJJKLOP_01986",102.80066425885,112.577384614107,142.938362197991,104.68971478261,123.214816387402,120.89368123252
"PHJJKLOP_01987",13998.216293854,13861.8311213002,14237.3008974372,8433.43928474872,8703.85838995419,8751.90977578372
"PHJJKLOP_01988",1140.04781599422,1188.9751848718,1084.83816683102,1468.38704299435,1338.14914561906,1389.2864023606
"PHJJKLOP_01989",915.965469182789,925.307099854547,906.698566181287,597.186546933847,631.475933985434,629.241701497131
"PHJJKLOP_01990",1003.75030607799,1044.79713089233,1029.36954866464,648.165886306249,631.475933985434,574.740451761159
"PHJJKLOP_01991",1483.1017180715,1482.26889741908,1390.98227094164,1087.86268839321,907.803279560122,1001.8320633285
"PHJJKLOP_01992",7304.62248059516,7622.67396347626,7194.91979869739,4412.44389175054,4227.35539164424,4099.48491195848
"PHJJKLOP_01993",21590.4496216453,21798.5367365947,21083.4084242037,18087.6516783973,20597.7121365263,20785.7857174863
"PHJJKLOP_01994",5.77531821678934,1.97504183533521,5.33352097753698,4.55172672967871,6.34193907876333,10.9002499471944
"PHJJKLOP_01995",73.9240731749036,75.0515897427381,81.0695188585621,30.9517417618153,26.2737476120195,33.6916816549645
"PHJJKLOP_01996",0,0,0,0,0,0
"PHJJKLOP_01997",3.4651909300736,3.95008367067043,4.26681678202959,1.82069069187149,13.5898694544928,8.91838632043178
"PHJJKLOP_01998",198.670946657553,227.12981106355,187.739938409302,194.813904030249,243.711658883905,291.333953134105
"PHJJKLOP_01999",8013.83155761689,7033.12397562869,7136.25106794448,609.021036431012,726.605020166884,826.437132360012
"PHJJKLOP_02000",12.7057000769365,12.8377719296789,13.8671545415962,6.3724174215502,14.495860751459,15.8549090141009
"PHJJKLOP_02001",9806.4903321083,8099.64656670971,7575.73319649353,1075.11785355011,1219.46428571649,968.140381673539
"PHJJKLOP_02002",1208.19657095233,1184.03758028346,1182.9749528177,2229.43575219663,2162.6012258583,2139.42178509025
"PHJJKLOP_02003",755.411622756046,793.966817804756,766.960316569818,647.255540960313,669.527568458014,750.135382729651
"PHJJKLOP_02004",8.08544550350508,11.8502510120113,6.40022517304438,6.3724174215502,9.96590426662809,6.93652269366916
"PHJJKLOP_02005",276.06021076253,276.50585694693,256.009006921775,101.048333398867,107.812964338977,113.957158538851
"PHJJKLOP_02006",538.259657804767,539.186421046513,544.019139708772,156.579399500948,170.326363829644,150.621635633959
"PHJJKLOP_02007",0,0.987520917667607,0,0,0,0.990931813381309
"PHJJKLOP_02008",58.9082458112513,58.2637341423888,58.6687307529068,37.3241591833655,42.5815909574109,37.6554089084897
"PHJJKLOP_02009",13093.8014611048,13146.8659769088,12427.1038776612,4982.32007830632,4755.54831777553,4854.57495375503
"PHJJKLOP_02011",261.044383398878,224.167248310547,235.741627207135,485.214069383751,491.047282955675,516.275474771662
"PHJJKLOP_02012",3490.60233022748,3039.58938458089,3320.65016061452,1770.62169784502,1869.96603693822,1784.66819589974
"PHJJKLOP_02013",992.199669644409,1034.92192171565,941.899804633031,866.648769330827,1073.59968690494,972.104108927064
"PHJJKLOP_02014",247.183619678584,214.292039133871,241.075148184672,205.738048181478,210.189980896156,209.086612623456
"PHJJKLOP_02015",1076.51931560953,933.207267195888,970.700817911731,1047.80749317204,1108.02735618965,1024.62349503627
"PHJJKLOP_02016",2124.16204013512,1953.31637514653,1747.26147224112,243.972552710779,264.549458714127,279.442771373529
"PHJJKLOP_02017",1264.79468947687,1260.07669094387,1256.57754230771,344.110540763711,331.592814689626,326.016566602451
"PHJJKLOP_02018",1290.20608963074,1167.24972468311,1326.9800192112,342.289850071839,223.779850350649,228.905248891082
"PHJJKLOP_02019",42.7373548042411,41.4758785420395,45.868280406818,22.7586336483936,18.1198259393238,25.764227147914
"PHJJKLOP_02020",2628.92485228251,2470.77733600435,2451.286241276,485.214069383751,505.543143707134,511.320815704755
"PHJJKLOP_02021",5706.01439818787,5371.12627119411,5579.92964669919,1098.78683254444,1076.31766079583,1109.84363098707
"PHJJKLOP_02022",1490.03209993165,1609.6590957982,1652.32479884096,316.800180385638,372.362423053104,336.916816549645
"PHJJKLOP_02023",1744.14610147038,1928.62835220484,1779.26259810634,408.745060325149,436.687805137704,437.000929701157
"PHJJKLOP_02024",2265.07980462478,2118.23236839702,2185.67689659466,429.683003281671,450.277674592196,382.499679965185
"PHJJKLOP_02025",322.262756496845,291.318670711944,346.678863539904,75.5586637126667,53.4534865210052,72.3380223768356
"PHJJKLOP_02026",87.784836895198,98.7520917667607,93.8699692046509,28.220705724008,21.7437911271886,21.8004998943888
"PHJJKLOP_02027",142.072828133018,130.352761132124,130.137911851902,47.3379579886586,40.7696083634785,28.737022588058
"PHJJKLOP_02028",988.734478714335,857.168156535482,919.499016527376,313.158799001896,335.21677987749,289.352089507342
"PHJJKLOP_02029",244.873492391868,244.905187581566,232.541514620612,84.6621171720241,72.4793037572952,84.2292041374113
"PHJJKLOP_02030",207.911455804416,224.167248310547,243.208556575686,70.0965916370522,96.0350774784161,87.2019995775552
"PHJJKLOP_02031",0,0,0,0,0,0
"PHJJKLOP_02032",1.15506364335787,0,1.0667041955074,0,0,0
"PHJJKLOP_02033",1357.19978094549,1476.34377191307,1482.71883175528,370.510555795847,361.49052748951,382.499679965185
"PHJJKLOP_02034",4.62025457343147,7.90016734134085,7.46692936855177,1.82069069187149,1.81198259393238,0
"PHJJKLOP_02035",1447.29474512741,1578.05842643284,1646.99127786342,752.855601088859,863.409706008779,849.228564067782
"PHJJKLOP_02036",2132.24748563862,1962.20406340553,2130.20827842827,446.069219508514,409.508066228718,427.091611567344
"PHJJKLOP_02037",1008.37056065142,1029.98431712731,893.898115835198,825.683228763719,797.272341330247,761.035632676845
"PHJJKLOP_02038",70.45888224483,68.1389433190649,61.868843339429,72.8276276748594,69.7613298663966,66.3924314965477
"PHJJKLOP_02039",75.0791368182614,46.4134831303775,57.6020265573994,55.5310661020803,41.6755996604447,40.6282043486337
"PHJJKLOP_02040",72.7690095315457,83.9392780017466,91.7365608136361,75.5586637126667,87.8811558057204,84.2292041374113
"PHJJKLOP_02041",118.97155526586,112.577384614107,134.404728633932,116.524204279775,97.8470600723485,92.1566586444617
"PHJJKLOP_02042",413.512784322117,374.270427796023,400.014073315274,274.013949126659,273.609371683789,265.569725986191
"PHJJKLOP_02043",250.648810608657,278.480898782265,285.876724395982,216.662192332707,269.985406495925,231.878044331226
"PHJJKLOP_02044",217.151964951279,251.81783400524,281.609907613953,231.227717867679,236.463728508176,228.905248891082
"PHJJKLOP_02045",775.04770469313,775.203920369071,788.294400479966,604.469309701333,623.322012312739,599.513747095692
"PHJJKLOP_02046",17.325954650368,11.8502510120113,20.2673797146405,15.4758708809076,12.6838781575267,6.93652269366916
"PHJJKLOP_02047",77.3892641049772,71.1015060720677,106.67041955074,66.4552102533092,111.436929526841,100.084113151512
"PHJJKLOP_02048",8.08544550350508,15.8003346826817,13.8671545415962,11.8344894971647,13.5898694544928,15.8549090141009
"PHJJKLOP_02049",84.3196459651244,71.1015060720677,101.336898573203,75.5586637126667,82.4452080239233,73.3289541902169
"PHJJKLOP_02050",153.623464566596,154.053263156147,154.672108348572,138.372492582233,114.15490341774,116.929953978994
"PHJJKLOP_02051",226.392474098142,254.780396758242,292.276949569027,181.158723841213,162.172442156948,155.576294700866
"PHJJKLOP_02052",332.658329287066,348.594883936665,349.878976126426,470.648543848779,300.789110592775,334.934952922882
"PHJJKLOP_02053",63.5285003846827,79.0016734134085,81.0695188585621,105.600060128546,76.10326894516,82.2473405106486
"PHJJKLOP_02054",567.136248888713,594.487592435899,617.621729198783,552.579624982996,538.158830397917,502.402429384324
"PHJJKLOP_02055",0,0,0,0,0,0
"PHJJKLOP_02056",0,0,0,0,0,0
"PHJJKLOP_02057",0,0,0,0,0,0
"PHJJKLOP_02058",8.08544550350508,20.7379392710197,22.4007881056553,19.1172522646506,20.8377998302224,12.882113573957
"PHJJKLOP_02059",18.4810182937259,14.8128137650141,16.0005629326109,13.6551801890361,5.43594778179714,8.91838632043178
"PHJJKLOP_02060",11.5506364335787,12.8377719296789,13.8671545415962,16.3862162268434,7.24793037572952,11.8911817605757
"PHJJKLOP_02061",26.566463797231,21.7254601886873,21.3340839101479,18.2069069187149,14.495860751459,15.8549090141009
"PHJJKLOP_02062",188.275373867332,191.579058027516,173.872783867706,205.738048181478,233.745754617277,205.122885369931
"PHJJKLOP_02063",2.31012728671574,13.8252928473465,9.60033775956657,10.0137988052932,23.5557737211209,20.8095680810075
"PHJJKLOP_02064",0,0,0,0.910345345935743,0,0.990931813381309
"PHJJKLOP_02065",21.9462092237995,22.712981106355,20.2673797146405,50.9793393724016,53.4534865210052,57.4740451761159
"PHJJKLOP_02066",10.3955727902208,9.87520917667607,7.46692936855177,5.46207207561446,7.24793037572952,5.94559088028785
"PHJJKLOP_02067",38.1171002308096,33.5757112006986,38.4013510382663,68.2759009451807,74.2912863512276,67.383363309929
"PHJJKLOP_02068",1.15506364335787,1.97504183533521,0,3.64138138374297,0.90599129696619,1.98186362676262
"PHJJKLOP_02069",7112.88191579775,7122.00085821878,7291.98988048856,15588.7537038037,16631.2822384083,15524.928720245
"PHJJKLOP_02070",2461.44062399562,1899.99024559248,1971.26935329767,305.87603623441,284.481267247384,295.29768038763
"PHJJKLOP_02071",221.772219524711,249.842792169904,236.808331402642,1450.18013607564,1821.04250690204,2029.42835380492
"PHJJKLOP_02072",299.161483629688,331.807028336316,310.410920892652,2068.30462596601,1944.25732328944,1941.23542241398
"PHJJKLOP_02073",7119.8122976579,7365.91852488268,7438.12835527307,519.807192529309,505.543143707134,516.275474771662
"PHJJKLOP_02074",453.940011839642,473.022519562784,421.348157225422,297.682928120988,301.695101889741,297.279544014393
"PHJJKLOP_02075",180.189928363827,188.616495274513,216.540951688001,94.6759159773172,91.5051209935852,108.011567658563
"PHJJKLOP_02076",288.765910839467,308.106526312293,277.343090831923,174.786306419663,189.352181065934,187.286112729067
"PHJJKLOP_02077",330.34820200035,333.782070171651,334.945117389322,669.103829262771,603.390203779482,604.468406162598
"PHJJKLOP_02078",313.022247349982,321.93181915964,297.610470546564,630.86932473347,522.756978349492,539.066906479432
"PHJJKLOP_02079",318.797565566772,348.594883936665,334.945117389322,1431.97322915692,1191.37855551054,1069.21542663843
"PHJJKLOP_02080",1729.13027410673,1842.71403236775,1642.72446108139,7544.94222711544,6350.99899173299,6228.00644710153
"PHJJKLOP_02081",1082.29463382632,1099.11078136405,938.699692046509,1713.26994105107,1418.78237104905,1605.30953767772
"PHJJKLOP_02082",377.705811378023,360.445134948676,322.144667043234,162.041471576562,169.420372532678,148.639772007196
"PHJJKLOP_02083",1760.31699247739,1698.53597838828,1693.92626246575,644.524504922506,573.492490979598,612.395860669649
"PHJJKLOP_02084",5730.27073469838,6363.58479345006,5486.05967749454,916.717763357293,1090.81352154729,1293.16601646261
"PHJJKLOP_02085",4870.90338404013,4378.66774893817,4879.10499025083,4923.1476308205,4884.19908194473,4695.03493180064
"PHJJKLOP_02086",6081.41008227918,5327.67535081674,5920.20828506605,6765.68661099444,6949.85923902764,6127.92233395001
"PHJJKLOP_02087",1326.01306257483,1250.20148176719,1330.18013179772,1942.67696822688,1969.6250796045,1774.75887776592
"PHJJKLOP_02088",307.246929133193,275.518336029262,259.209119508297,1166.15238814369,1223.99424220132,1308.02999366333
"PHJJKLOP_02089",215.996901307921,206.39187179253,203.740501341913,709.159024483944,670.433559754981,805.627564279004
"PHJJKLOP_02090",426.218484399053,451.297059374096,405.347594292811,2051.00806439323,1908.92366270776,1721.24855984333
"PHJJKLOP_02091",1278.65545319716,1275.87702562655,1189.37517799075,4761.10615924393,4477.40898960691,4388.83700146582
"PHJJKLOP_02092",257.579192468805,259.718001346581,275.209682440908,688.221081527422,641.441838252063,610.413997042886
"PHJJKLOP_02093",4027.70692438889,3798.00544934961,4516.42556377832,6366.95534947459,7078.51000319684,6611.49705888009
"PHJJKLOP_02094",1151.59845242779,1081.33540484603,1209.64255770539,3959.09190947455,3516.15222352578,3324.57623389429
"PHJJKLOP_02095",212.531710377848,212.316997298535,210.140726514957,1124.27650223064,914.145218638886,981.022495247496
"PHJJKLOP_02096",115208.3579158,115539.94736711,117066.518640155,13494.0490628055,14081.8227287455,12979.2248916684
"PHJJKLOP_02097",19.6360819370838,27.650585694693,30.9344216697145,37.3241591833655,36.2396518786476,35.6735452817271
"PHJJKLOP_02098",1.15506364335787,0.987520917667607,0,0.910345345935743,0,0
"PHJJKLOP_02099",26.566463797231,42.4633994597071,50.1350971888476,59.1724474858233,45.2995648483095,53.5103179225907
"PHJJKLOP_02100",1503.89286365194,1407.21730767634,1472.05178980021,1443.80771865409,1497.60361388511,1526.03499260722
"PHJJKLOP_02101",7376.23642648334,7416.28209168373,7009.3132686791,46623.3368920991,50418.4156761685,51959.5096346489
"PHJJKLOP_02102",12808.5007411954,12128.7319107935,11990.8218616986,57750.4880554717,54433.7691043226,52766.1281307413
"PHJJKLOP_02103",2575.79192468805,2711.73243991525,2561.15677341326,7357.41108585267,6689.83973679835,6176.4779928057
"PHJJKLOP_02104",3816.3302776544,3749.6169243839,3600.12665983746,4286.81623401141,3491.6904585077,3685.27541396509
"PHJJKLOP_02105",1294.82634420417,1279.82710929722,1246.97720454815,2986.84308001517,3055.00265336999,3046.12439433414
"PHJJKLOP_02106",471.26596649001,526.348649116834,510.951309648043,922.179835432907,944.04293143877,1064.26076757153
"PHJJKLOP_02107",3335.82380201752,3381.27162209389,3189.44554456712,5210.81676013619,4486.46890257657,4617.7422503569
"PHJJKLOP_02108",9600.8890035906,8949.90207682152,8830.17733041023,14185.9115257167,12237.2244481223,11812.8981473186
"PHJJKLOP_02109",8312.99304124658,8193.46105388813,7946.9462565301,11015.1786858225,10704.2871736555,10593.0610850462
"PHJJKLOP_02110",1396.47194481966,1401.29218217033,1371.78159542251,5221.74090428742,5669.69353641442,5815.7788127349
"PHJJKLOP_02111",4445.83996328443,4230.53961128803,4232.68224777335,13694.3250389114,13841.7350350495,14011.7758412117
"PHJJKLOP_02112",832.800886861023,952.95768554924,923.765833309405,2706.45671346696,2428.05667586939,2549.66755583011
"PHJJKLOP_02113",1531.61439109253,1416.10499593535,1555.25471704978,4943.17522843108,4170.27793993537,3932.01743549703
"PHJJKLOP_02114",11042.4084305012,10497.3473548067,10773.7123746247,21789.115854972,19987.9799936681,20928.4798986132
"PHJJKLOP_02115",5419.55861463512,5567.64293380997,5707.93415016008,6870.37632577705,7572.27526004342,6541.14090013002
"PHJJKLOP_02116",1037.24715173537,1033.93440079798,1036.83647803319,203.917357489606,205.660024411325,175.394930968492
"PHJJKLOP_02117",4358.05512638924,4006.37236297748,4091.87729396637,718.262477943301,683.117437912507,671.851769472527
"PHJJKLOP_02118",1917.40564797406,1882.21486907446,1815.53054075359,314.069144347831,339.746736362321,327.007498415832
"PHJJKLOP_02119",323.417820140203,329.831986500981,369.079651645559,962.23503065408,781.870489281822,768.963087183896
"PHJJKLOP_02120",392.721638741675,408.833659914389,475.750071196299,1584.00090192819,1458.64598811557,1495.3161063924
"PHJJKLOP_02121",6051.37842755187,6062.39091356144,5695.13369981399,989.545391032152,918.675175123717,1009.75951783555
"PHJJKLOP_02122",5003.73570302628,4738.12536296918,4680.69800988646,580.800330707004,507.355126301066,546.994360986483
"PHJJKLOP_02123",456.250139126358,422.658952761736,428.815086593973,60.082792831759,62.5133994906671,76.3017496303608
"PHJJKLOP_02124",437.769120832632,432.534161938412,430.948494984988,87.3931532098313,119.590851199537,106.0297040318
"PHJJKLOP_02125",55.4430548811777,40.4883576243719,48.0016887978328,59.1724474858233,64.3253820845995,67.383363309929
"PHJJKLOP_02126",310.712120063267,340.694716595324,327.478188020771,227.586336483936,260.019502229297,242.778294278421
"PHJJKLOP_02127",599.478030902734,558.936839399865,627.222066958349,497.958904226851,574.398482276564,544.021565546339
"PHJJKLOP_02128",1879.28854774325,1517.81965045511,1847.53166661881,171.14492503592,171.23235512661,159.540021954391
"PHJJKLOP_02129",60.0633094546091,68.1389433190649,90.6698566181287,128.35869377694,96.0350774784161,107.020635845181
"PHJJKLOP_02130",932.136360189799,969.74554114959,893.898115835198,913.986727319486,761.0326894516,708.516246567636
"PHJJKLOP_02131",1458.84538156099,1423.01764235902,1495.51928210137,6253.16218123262,6682.59180642262,6624.37917245405
"PHJJKLOP_02132",1573.19668225342,1372.65407555797,1432.58373456643,6365.13465878271,6227.78417534559,6368.71876460167
"PHJJKLOP_02133",13835.3523201405,13302.8942819003,13196.197602622,34377.3712985715,36068.419523521,34839.1806948601
"PHJJKLOP_02134",2198.08611331002,2099.46947096133,2106.74078612711,7580.44569560693,6080.1075939401,5975.31883468929
"PHJJKLOP_02135",1.15506364335787,4.93760458833803,2.13340839101479,10.9241441512289,9.96590426662809,10.9002499471944
"PHJJKLOP_02136",10374.7816446404,10420.3207232286,9960.88377764807,19128.1764088018,17910.5419497246,17781.2804593142
"PHJJKLOP_02137",13936.997920756,13299.9317191473,14066.628226156,27401.3949126659,27678.0341223171,28695.4034518959
"PHJJKLOP_02138",4574.05202769716,4313.49136837211,4361.75345542974,2370.53928081667,2328.39763320311,2269.2338526432
"PHJJKLOP_02139",8061.18916699456,8078.90862743869,7952.27977750764,4170.29202973164,3845.93305562148,3767.52275447574
"PHJJKLOP_02140",3313.87759279372,3360.53368282287,3240.64734595147,7844.4458459283,7544.18952983746,7834.30691659263
"PHJJKLOP_02141",4047.34300632597,3882.93224826903,3706.7970793882,8050.18389410977,8474.64259182174,7885.83537088846
"PHJJKLOP_02142",3829.03597773133,3461.26081642496,3549.99156264861,2538.95316981479,2523.18576205084,2455.52903355888
"PHJJKLOP_02143",5934.71699957273,5645.65708630571,5567.1291963531,4287.72657935735,4413.98959881928,4298.66220644812
"PHJJKLOP_02144",2753.67172576516,2909.23662344877,2847.03349780924,2091.0632596144,2194.31092125211,2278.15223896363
"PHJJKLOP_02145",49.6677366643883,40.4883576243719,59.7354349484142,28.220705724008,28.9917215029181,34.6826134683458
"PHJJKLOP_02146",69.3038186014721,70.1139851544001,70.4024769034882,36.4138138374297,39.8636170665124,46.5737952289215
"PHJJKLOP_02147",378.860875021381,411.796222667392,355.212497103963,129.269039122875,116.872877308639,136.748590246621
"PHJJKLOP_02148",11.5506364335787,8.88768825900846,11.7337461505814,7.28276276748594,3.62396518786476,2.97279544014393
"PHJJKLOP_02149",170.949419216964,158.003346826817,162.139037717124,115.613858933839,103.283007854146,102.065976778275
"PHJJKLOP_02150",233.322855958289,200.466746286524,260.275823703805,26.4000150321365,19.02581723629,29.7279544014393
"PHJJKLOP_02151",262.199447042236,275.518336029262,251.742190139746,29.1310510699438,26.2737476120195,23.7823635211514
"PHJJKLOP_02152",127.057000769365,110.602342778772,129.071207656395,30.9517417618153,35.3336605816814,25.764227147914
"PHJJKLOP_02153",2679.74765259025,2489.54023344004,2562.22347760877,1380.08354443859,1372.57681490378,1241.63756216678
"PHJJKLOP_02154",5635.55551594304,5382.97652220612,5353.78835725162,7001.4660555918,5984.97850775865,6186.38731093951
"PHJJKLOP_02155",5509.65357881703,5786.87257753217,5745.26879700284,3066.04312511158,2437.11658883905,2521.92146505543
"PHJJKLOP_02156",14251.1752317494,12731.1196705708,12771.6493328101,8076.58390914191,6893.68777861574,6852.29348953175
"PHJJKLOP_02157",15215.6533739532,15136.7206260091,15230.4025034546,10002.8746611419,8517.22418277915,8181.13305127609
"PHJJKLOP_02158",8182.47084954714,8194.4485748058,9209.92402401086,18859.6245317508,18789.3535077818,18923.8248401429
"PHJJKLOP_02159",933.291423833157,928.26966260755,871.497327729543,767.421126623831,658.65567289442,733.289541902169
"PHJJKLOP_02160",5324.84339587977,5126.22108361255,5148.9811517142,2627.25666837055,2356.48336340906,2322.74417056579
"PHJJKLOP_02161",1843.48157479916,2077.74401077264,2005.40388755391,983.172973610602,917.76918382675,940.394290898862
"PHJJKLOP_02162",422.75329346898,381.183074219696,391.480439751214,883.034985557671,875.187592869339,892.829563856559
"PHJJKLOP_02163",9670.19282219207,9745.84393646161,9662.206602906,41325.126978753,42313.4175335089,41462.5689355007
"PHJJKLOP_02164",8378.83166891798,8799.79889733604,9344.32875264479,10001.964315796,10653.5516610254,10017.3297014717
"PHJJKLOP_02165",11787.424480467,11108.6228028429,11954.5539190514,11943.7309386769,11137.3510136054,10524.6867899229
"PHJJKLOP_02166",2515.72861523344,2457.93956407467,2409.68477765121,4479.80944734979,4207.42358311099,4178.75945702898
"PHJJKLOP_02167",5368.73581432737,4985.99311330375,5135.11399717261,700.055571024586,611.544125452178,630.232633310512
"PHJJKLOP_02168",1595.14289147722,1448.69318621838,1441.11736813049,46.4276126427229,48.0175387392081,41.619136162015
"PHJJKLOP_02169",280.680465335962,199.479225368857,262.40923209482,15.4758708809076,16.3078433453914,17.8367726408636
"PHJJKLOP_02170",244.873492391868,251.81783400524,259.209119508297,10894.102754813,11256.0358735079,9963.81938354906
"PHJJKLOP_02171",224.082346811426,274.530815111595,306.144104110623,16057.5815569606,19975.2961155106,16457.3955566368
"PHJJKLOP_02172",347.674156650718,364.395218619347,354.145792908456,15780.8365717961,15986.2164349684,16367.2207616191
"PHJJKLOP_02173",1232.45290746285,1278.83958837955,1206.44244511887,1692.33199809455,1685.14381235711,1645.93774202635
"PHJJKLOP_02174",4036.94743353575,3870.09447633935,3952.1390443549,5483.92036391691,5326.32283486423,5218.24692926597
"PHJJKLOP_02175",3509.0833485212,3330.90805529284,3302.5161892909,5329.16165510784,4464.72511144938,4510.72161451172
"PHJJKLOP_02176",1408.02258125324,1593.85876111552,1505.11961986094,3002.31895089608,2316.61974634255,2267.25198901643
"PHJJKLOP_02177",3160.25412822713,3451.38560724828,3327.05038578757,5193.52019856341,4380.46792083153,4571.16845512798
"PHJJKLOP_02178",8302.59746845636,8060.14573000301,7907.47820129633,8959.61889469958,7435.47057420152,7720.34975805378
"PHJJKLOP_02179",14352.8208323649,14000.0840497737,14689.5834763324,16573.7473681061,14306.5085703931,13403.3437077956
"PHJJKLOP_02180",1041.8674063088,957.895290137578,983.501268257819,5137.0787871154,4995.63601147157,4799.08277220568
"PHJJKLOP_02181",28.8765910839467,24.6880229416902,29.8677174742071,91.0345345935743,85.1631819148219,120.89368123252
"PHJJKLOP_02182",596.01283997266,603.375280694908,625.088658567334,1398.2904513573,1233.05415517098,1387.30453873383
"PHJJKLOP_02183",597.167903616018,601.400238859572,662.423305410093,308.607072272217,256.395537041432,237.823635211514
"PHJJKLOP_02184",118.97155526586,105.664738190434,112.003940528277,153.848363463141,185.728215878069,149.630703820578
"PHJJKLOP_02185",101.645600615492,85.9143198370818,80.0028146630547,80.1103904423454,64.3253820845995,61.4377724296412
"PHJJKLOP_02186",132.832318986155,128.377719296789,119.470869896828,83.7517718260883,71.573312460329,80.265476883886
"PHJJKLOP_02187",586.772330825797,581.64982050622,586.687307529068,1930.84247872971,1872.68401082911,1814.39615030118
"PHJJKLOP_02188",853.592032441465,928.26966260755,905.63186198578,2183.91848489985,1924.32551475619,1965.01778593514
"PHJJKLOP_02189",1414.95296311339,1366.72895005197,1269.3779926538,3328.22258474108,3129.29393972122,2883.61157693961
"PHJJKLOP_02190",1224.36746195934,1251.18900268486,1252.31072552568,2785.65675856337,2742.43565591666,2719.11689591831
"PHJJKLOP_02191",1394.16181753295,1443.75558163004,1319.51308984265,3795.22974720611,3299.62030355086,3369.16816549645
"PHJJKLOP_02192",274.905147119173,273.543294193927,266.676048876849,716.44178725143,764.656654639464,779.86333713109
"PHJJKLOP_02193",821.250250427444,834.455175429128,787.227696284458,2099.25636772782,2403.5949108513,2194.9139666396
"PHJJKLOP_02194",203.291201230985,203.429309039527,222.941176861046,366.869174412104,369.644449162205,411.236702553243
"PHJJKLOP_02195",56.5981185245355,53.3261295540508,50.1350971888476,35.503468491494,38.9576257695462,36.6644770951084
"PHJJKLOP_02196",94.7152187553452,87.889361672417,112.003940528277,39.1448498752369,60.7014168967347,56.4831133627346
"PHJJKLOP_02197",55.4430548811777,45.4259622127099,50.1350971888476,100.137988052932,109.624946932909,109.002499471944
"PHJJKLOP_02198",39.2721638741675,30.6131484476958,42.6681678202959,64.6345195614377,62.5133994906671,73.3289541902169
"PHJJKLOP_02199",15.0158273636523,28.6381066123606,23.4674923011627,19.1172522646506,19.02581723629,29.7279544014393
"PHJJKLOP_02200",73.9240731749036,64.1888596483944,81.0695188585621,40.0551952211727,45.2995648483095,39.6372725352524
"PHJJKLOP_02201",91.2500278252716,82.9517570840789,84.2696314450843,81.0207357882811,77.0092602421261,79.2745450705047
"PHJJKLOP_02202",31.1867183706624,31.6006693653634,29.8677174742071,29.1310510699438,21.7437911271886,24.7732953345327
"PHJJKLOP_02203",657.231213070627,744.590771921375,712.558402598941,784.71768819661,798.178332627213,800.672905212098
"PHJJKLOP_02204",408.892529748685,395.99588798471,406.414298488318,533.462372718345,490.141291658709,517.266406585043
"PHJJKLOP_02205",881.313559882053,820.629882581781,805.361667608084,1184.3592950624,1281.97768520716,1184.16351699066
"PHJJKLOP_02206",598.322967259376,530.298732787505,503.484380279491,967.697102729695,982.09456591135,913.639131937567
"PHJJKLOP_02207",660.696404000701,618.188094459922,692.2910228843,1372.8007816711,1387.9786669522,1338.74887987815
"PHJJKLOP_02208",8870.88878098843,8675.37126170992,8406.69576479379,31487.9351705714,30614.3519157845,30487.0081704893
"PHJJKLOP_02209",87.784836895198,96.7770499314254,75.7359978810251,745.572838321373,684.92942050644,736.262337342313
"PHJJKLOP_02210",1692.16823751928,1732.11168958898,1459.25133945412,1233.51794374293,1134.30110380167,1080.11567658563
"PHJJKLOP_02211",2417.54820554802,2242.66000402313,2262.47959867119,1003.20057122119,855.255784336083,829.409927800156
"PHJJKLOP_02212",3048.21295482141,2875.66091224807,2984.6383390297,3515.75372600384,3503.46834536826,3341.42207472177
"PHJJKLOP_02213",1496.9624817918,1485.23146017208,1442.184072326,1743.31133746695,1917.07758438046,1674.67476461441
"PHJJKLOP_02214",1233.6079711062,1281.80215113255,1198.97551575031,1734.20788400759,1545.62115262432,1503.24356089945
"PHJJKLOP_02215",6058.30880941202,6085.10389466779,5799.67071097371,12662.9037619662,13074.3604065191,13205.1573451193
"PHJJKLOP_02216",2981.21926350666,3165.99206204235,2964.37095931505,1938.1252414972,2179.81506050065,2133.47619420996
"PHJJKLOP_02217",12047.3138002226,12562.2535936496,12371.6352594948,6245.87941846513,6512.26544259297,5926.76317583361
"PHJJKLOP_02218",5560.47637912478,5669.35758832973,5303.65326006277,5089.74082912674,5136.06466250133,4945.74068058611
"PHJJKLOP_02219",3234.17820140203,2857.88553573005,2834.23304746315,1840.71828948207,1704.1696295934,1707.375514456
"PHJJKLOP_02220",899.794578175779,802.854506063764,754.159866223729,529.820991334602,448.465691998264,448.892111461733
"PHJJKLOP_02221",12839.6874595661,11869.013909447,10886.7830193485,2035.53219351232,1985.93292294989,2091.85705804794
"PHJJKLOP_02222",2509.95329701665,2514.22825638173,2392.61751052309,954.041922540658,927.735088093379,964.176654420014
"PHJJKLOP_02223",6986.97997867174,7106.2005235361,6910.10977849691,3269.05013725525,3637.55505731925,3652.5746641235
"PHJJKLOP_02224",328.038074713635,380.195553302029,379.746693600633,227.586336483936,232.839763320311,267.551589612953
"PHJJKLOP_02225",7864.82834762372,7582.18560585188,7752.80609294776,3492.99509235545,3392.03141584142,3332.50368840134
"PHJJKLOP_02226",6452.18551179705,6245.08228332994,6344.75655487799,2453.38070729683,2650.02454362611,2331.66255688622
"PHJJKLOP_02227",0,0,0,0,0,0
"PHJJKLOP_02228",466.645711916579,404.883576243719,358.412609690485,412.386441708891,421.285953089278,427.091611567344
"PHJJKLOP_02229",10.3955727902208,9.87520917667607,12.8004503460888,12.7448348431004,6.34193907876333,12.882113573957
"PHJJKLOP_02230",316.487438280056,320.944298241972,308.277512501638,307.696726926281,300.789110592775,299.261407641155
"PHJJKLOP_02231",1262.48456219015,1213.66320781349,1269.3779926538,834.786682223076,883.341514542035,842.292041374113
"PHJJKLOP_02232",669.936913147563,662.626535754964,771.227133351848,2200.30470112669,2251.38837296098,2026.45555836478
"PHJJKLOP_02233",212.531710377848,215.279560051538,198.406980364376,489.76579611343,452.995648483095,463.756088662453
"PHJJKLOP_02234",405.427338818612,449.322017538761,441.615536940062,993.186772415895,1055.47986096561,1012.7323132757
"PHJJKLOP_02235",2366.72540524027,2148.84551684471,2331.81537137917,3229.90528738002,3149.22574825448,3193.77323452796
"PHJJKLOP_02236",824.715441357518,921.357016183877,914.165495549839,591.724474858233,648.689768627792,635.187292377419
"PHJJKLOP_02237",1820.380301932,1515.84460861978,1620.32367297574,942.207433043494,854.349793039117,859.137882201595
"PHJJKLOP_02238",2521.50393345023,2536.94123748808,2309.41458327351,1427.42150242724,1395.22659732793,1435.86019758952
"PHJJKLOP_02239",5003.73570302628,4933.65450466736,4795.90206300125,7174.43167131959,7121.99758545122,6910.75846652125
"PHJJKLOP_02240",23.1012728671574,28.6381066123606,27.7343090831923,79.2000450964096,71.573312460329,91.1657268310804
"PHJJKLOP_02241",2.31012728671574,5.92512550600564,1.0667041955074,1.82069069187149,1.81198259393238,0.990931813381309
"PHJJKLOP_02242",4.62025457343147,5.92512550600564,2.13340839101479,3.64138138374297,9.96590426662809,7.92745450705047
"PHJJKLOP_02243",2120.69684920505,2044.16829957195,2112.07430710464,476.110615924393,551.74869985241,487.538452183604
"PHJJKLOP_02244",325.727947426919,305.14396355929,289.076836982504,167.503543652177,205.660024411325,189.26797635583
"PHJJKLOP_02245",9775.30361373764,9582.90298504645,9596.07094278454,416.93816843857,349.712640628949,373.581293644753
"PHJJKLOP_02246",11.5506364335787,5.92512550600564,10.667041955074,28.220705724008,13.5898694544928,20.8095680810075
"PHJJKLOP_02247",38.1171002308096,30.6131484476958,34.1345342562367,46.4276126427229,24.4617650180871,40.6282043486337
"PHJJKLOP_02248",3.4651909300736,8.88768825900846,4.26681678202959,4.55172672967871,5.43594778179714,4.95465906690654
"PHJJKLOP_02249",10.3955727902208,6.91264642367325,1.0667041955074,10.0137988052932,13.5898694544928,8.91838632043178
"PHJJKLOP_02250",27.7215274405888,27.650585694693,26.6676048876849,33.6827777996225,28.9917215029181,26.7551589612953
"PHJJKLOP_02251",0,0,0,0,0,0
"PHJJKLOP_02252",30.0316547273046,20.7379392710197,25.6009006921775,23.6689789943293,18.1198259393238,17.8367726408636
"PHJJKLOP_02253",46.2025457343147,44.4384412950423,39.4680552337737,40.9655405671084,58.8894343028023,51.5284542958281
"PHJJKLOP_02254",236.788046888363,274.530815111595,273.076274049893,1306.34557141779,1484.91973572759,1507.20728815297
"PHJJKLOP_02255",2794.09895328268,2619.89299457216,2738.22966986749,654.538303727799,445.747718107365,384.481543591948
"PHJJKLOP_02256",181.344992007185,197.504183533521,180.27300904075,55.5310661020803,49.8295213331404,46.5737952289215
"PHJJKLOP_02257",174.414610147038,161.953430497487,174.939488063213,50.9793393724016,53.4534865210052,61.4377724296412
"PHJJKLOP_02258",712.674267951805,716.940186226682,723.225444554015,263.08980497543,298.977127998843,305.206998521443
"PHJJKLOP_02259",10.3955727902208,9.87520917667607,8.53363356405917,8.19310811342168,8.15392167269571,9.90931813381309
"PHJJKLOP_02260",39.2721638741675,39.5008367067043,35.2012384517441,205.738048181478,250.053597962668,246.742021531946
"PHJJKLOP_02261",60.0633094546091,40.4883576243719,55.4686181663846,50.9793393724016,50.7355126301066,70.3561587500729
"PHJJKLOP_02262",128.212064412723,121.465072873116,133.338024438425,85.5724625179598,82.4452080239233,84.2292041374113
"PHJJKLOP_02263",474.731157420084,397.970929820045,467.21643763224,289.489820007566,242.805667586939,256.651339665759
"PHJJKLOP_02264",179.03486472047,179.728807015504,194.140163582346,322.262252461253,322.532901719964,345.835202870077
"PHJJKLOP_02265",19.6360819370838,20.7379392710197,18.1339713236257,11.8344894971647,5.43594778179714,3.96372725352524
"PHJJKLOP_02266",10.3955727902208,12.8377719296789,17.0672671281183,1.82069069187149,2.71797389089857,0.990931813381309
"PHJJKLOP_02267",3.4651909300736,4.93760458833803,1.0667041955074,0,0,0
"PHJJKLOP_02268",2.31012728671574,0.987520917667607,0,2.73103603780723,0.90599129696619,3.96372725352524
"PHJJKLOP_02269",1.15506364335787,2.96256275300282,0,1.82069069187149,1.81198259393238,0
"PHJJKLOP_02270",2.31012728671574,1.97504183533521,2.13340839101479,2.73103603780723,3.62396518786476,2.97279544014393
"PHJJKLOP_02271",2.31012728671574,2.96256275300282,1.0667041955074,1.82069069187149,2.71797389089857,3.96372725352524
"PHJJKLOP_02272",1.15506364335787,0.987520917667607,1.0667041955074,0.910345345935743,3.62396518786476,1.98186362676262
"PHJJKLOP_02273",1.15506364335787,0,0,4.55172672967871,0,0.990931813381309
"PHJJKLOP_02274",2.31012728671574,4.93760458833803,2.13340839101479,5.46207207561446,1.81198259393238,2.97279544014393
"PHJJKLOP_02275",18.4810182937259,14.8128137650141,12.8004503460888,19.1172522646506,17.2138346423576,13.8730453873383
"PHJJKLOP_02276",8.08544550350508,6.91264642367325,12.8004503460888,16.3862162268434,16.3078433453914,20.8095680810075
"PHJJKLOP_02277",315.332374636698,355.507530360338,320.011258652219,220.30357371645,246.429632774804,307.188862148206
"PHJJKLOP_02278",9532.74024863248,11904.564662483,10983.8531011397,14158.6011653386,17360.6052324661,18175.67132104
"PHJJKLOP_02279",11.5506364335787,29.6256275300282,23.4674923011627,20.9379429565221,17.2138346423576,23.7823635211514
"PHJJKLOP_02280",307.246929133193,306.131484476958,321.077962847726,154.758708809076,168.514381235711,164.494681021297
"PHJJKLOP_02281",351.139347580792,360.445134948676,397.880664924259,274.013949126659,254.583554447499,271.515316866479
"PHJJKLOP_02282",247.183619678584,253.792875840575,238.941739793657,143.834564657847,171.23235512661,192.240771795974
"PHJJKLOP_02283",325.727947426919,251.81783400524,273.076274049893,180.248378495277,140.428651029759,169.449340088204
"PHJJKLOP_02285",2576.9469883314,2275.24819430617,2369.15001822193,63.724174215502,77.9152515390923,83.2382723240299
"PHJJKLOP_02286",1855.03221123274,1709.39870848263,1809.13031558054,91.94487993951,89.6931383996528,78.2836132571234
"PHJJKLOP_02287",7807.07516545583,7123.97590005411,7535.19843706425,46.4276126427229,47.1115474422419,42.6100679753963
"PHJJKLOP_02288",5032.61229411023,4496.18273814061,4746.83367000791,37.3241591833655,37.1456431756138,34.6826134683458
"PHJJKLOP_02289",489.746984783736,467.097394056778,423.481565616436,8.19310811342168,3.62396518786476,5.94559088028785
"PHJJKLOP_02290",7816.31567460269,6589.72708359594,6676.50155968079,58.2621021398875,51.6415039270728,56.4831133627346
"PHJJKLOP_02291",22598.8201822967,17547.2591860357,19123.8728170566,152.938018117205,131.368738060098,97.1113177113683
"PHJJKLOP_02292",6229.25822862898,5269.41161667435,5542.59499985643,517.986501837438,414.944014010515,478.620065863172
"PHJJKLOP_02293",32999.0132270909,27599.2346069743,28095.9218054693,1587.64228331194,1511.1934833396,1444.77858390995
"PHJJKLOP_02294",3029.73193652769,2762.0960067163,2932.36983344983,219.393228370514,250.053597962668,259.624135105903
"PHJJKLOP_02295",24.2563365105152,21.7254601886873,24.5341964966701,131.089729814747,183.916233284137,164.494681021297
"PHJJKLOP_02296",16.1708910070102,30.6131484476958,28.8010132786997,54.6207207561446,62.5133994906671,60.4468406162598
"PHJJKLOP_02297",101.645600615492,79.9891943310761,78.9361104675473,136.551801890361,119.590851199537,130.802999366333
"PHJJKLOP_02298",38.1171002308096,51.3510877187155,29.8677174742071,31.862087107751,22.6497824241548,33.6916816549645
"PHJJKLOP_02299",14975.4001361348,12443.7510835295,13089.5271830713,1588.55262865787,1440.52616217624,1457.66069748391
"PHJJKLOP_02300",5771.85302585927,4610.73516459006,5089.24571676579,606.290000393205,482.893361282979,397.363657165905
"PHJJKLOP_02301",11744.6871256628,11392.0413062135,10897.4500613036,1152.49720795465,1369.85884101288,1306.04813003656
"PHJJKLOP_02302",1376.83586288258,1171.19980835378,1236.31016259307,146.565600695655,131.368738060098,166.47654464806
"PHJJKLOP_02303",0,0,0,0,0.90599129696619,0
"PHJJKLOP_02304",108.57598247564,109.614821861104,99.2034901821879,71.9172823289237,48.0175387392081,74.3198860035982
"PHJJKLOP_02305",185.965246580617,209.354434545533,188.806642604809,91.0345345935743,100.565033963247,116.929953978994
"PHJJKLOP_02306",13.8607637202944,27.650585694693,27.7343090831923,59.1724474858233,69.7613298663966,64.4105678697851
"PHJJKLOP_02307",34.651909300736,27.650585694693,19.2006755191331,43.6965766049157,49.8295213331404,43.6009997887776
"PHJJKLOP_02308",623.734367413249,605.350322530243,611.221504025738,5150.73396730443,5089.85910635606,4684.13468185345
"PHJJKLOP_02309",106.265855188924,102.702175437431,94.9366734001583,340.469159379968,354.24259711378,318.0891120954
"PHJJKLOP_02310",146.693082706449,116.527468284778,110.937236332769,630.86932473347,536.346847803984,474.656338609647
"PHJJKLOP_02311",1167.7693434348,1074.42275842236,1127.50633465132,3498.45716443106,3741.74405647036,3464.29761958106
"PHJJKLOP_02312",54.2879912378198,66.1639014837296,60.8021391439216,214.841501640835,250.959589259635,303.225134894681
"PHJJKLOP_02313",821.250250427444,841.367821852801,844.829722841858,937.655706313815,861.597723414847,861.119745828357
"PHJJKLOP_02314",241.408301461794,233.054936569555,248.542077553223,182.069069187149,186.634207175035,191.249839982593
"PHJJKLOP_02315",99293.8910376158,96850.1264793328,93093.4085503215,60789.2208202052,58988.1873541717,58109.2324684933
"PHJJKLOP_02316",546.345103308272,585.599904176891,600.554462070664,477.931306616265,507.355126301066,511.320815704755
"PHJJKLOP_02317",153.623464566596,169.853597838828,166.405854499154,182.069069187149,201.130067926494,210.077544436837
"PHJJKLOP_02318",925.205978329652,948.020080960902,939.766396242016,524.358919258988,571.680508385666,582.66790626821
"PHJJKLOP_02319",138.607637202944,108.627300943437,131.20461604741,295.862237429116,286.293249841316,283.406498627054
"PHJJKLOP_02320",783.133150196635,783.104087710412,727.492261336044,17403.0719782536,19578.4719274394,17721.8245505113
"PHJJKLOP_02321",155.933591853312,192.566578945183,205.873909732928,5360.11339686965,6087.35552431583,5686.95767699533
"PHJJKLOP_02322",138.607637202944,142.203012144135,185.606530018287,171.14492503592,215.625928677953,188.277044542449
"PHJJKLOP_02323",83.1645823217665,58.2637341423888,73.6025894900103,237.600135289229,298.071136701877,273.497180493241
"PHJJKLOP_02324",33.4968456573782,34.5632321183662,37.3346468427589,103.779369436675,118.684859902571,105.038772218419
"PHJJKLOP_02325",110.886109762355,97.764570849093,74.6692936855177,360.496756990554,366.020483974341,350.789861936983
"PHJJKLOP_02326",87.784836895198,96.7770499314254,76.8027020765325,117.434549625711,135.898694544929,154.585362887484
"PHJJKLOP_02327",73.9240731749036,86.9018407547494,96.0033775956657,152.027672771269,153.112529187286,137.739522060002
"PHJJKLOP_02328",177.879801077112,171.828639674164,156.805516739587,893.048784362964,799.990315221146,811.573155159292
"PHJJKLOP_02329",751.946431825972,761.378627521725,736.025894900103,1028.69024090739,1079.9416259837,1009.75951783555
"PHJJKLOP_02330",291.076038126183,261.693043181916,248.542077553223,96.4966066691887,122.308825090436,93.147590457843
"PHJJKLOP_02331",100.490536972135,93.8144871784226,82.1362230540695,63.724174215502,70.6673211633628,58.4649769894972
"PHJJKLOP_02332",594.857776329302,710.027539803009,669.890234778645,170.234579689984,183.01024198717,194.222635422737
"PHJJKLOP_02333",76.2342004616193,71.1015060720677,99.2034901821879,21.8482883024578,15.4018520484252,17.8367726408636
"PHJJKLOP_02334",1033.78196080529,932.219746278221,1300.31241432352,81.0207357882811,66.1373646785319,61.4377724296412
"PHJJKLOP_02335",109.731046118997,112.577384614107,131.20461604741,75.5586637126667,67.0433559754981,73.3289541902169
"PHJJKLOP_02336",21.9462092237995,12.8377719296789,20.2673797146405,21.8482883024578,29.8977127998843,31.7098180282019
"PHJJKLOP_02337",9.24050914686294,13.8252928473465,11.7337461505814,35.503468491494,38.05163447258,35.6735452817271
"PHJJKLOP_02338",1347.95927179863,1331.17819701593,1401.64931289672,6525.3554396674,7120.18560285729,7075.25314754255
"PHJJKLOP_02339",2587.34256112162,2409.55103910896,2397.95103150063,2680.05669843483,2582.98118765061,2636.86955540766
"PHJJKLOP_02340",6170.34998281773,6183.85598643455,6206.08500946203,6038.32067959178,5968.67066441326,5556.154677629
"PHJJKLOP_02341",4757.70714699106,4370.76758159683,3730.26457168936,2051.00806439323,1860.90612396855,1937.27169516046
"PHJJKLOP_02342",1928.95628440764,1967.14166799387,1584.05573032848,703.696952408329,677.68149013071,651.04220139152
"PHJJKLOP_02343",1099.62058847669,1171.19980835378,1056.03715355232,395.089880136112,316.1909626412,271.515316866479
"PHJJKLOP_02344",149.003209993165,174.791202427166,156.805516739587,260.358768937622,294.447171514012,306.197930334824
"PHJJKLOP_02345",929.826232903084,881.856179477173,890.698003248676,903.062583168257,864.315697305745,877.96558665584
"PHJJKLOP_02346",803.924295777076,747.553334674378,752.026457832714,741.93145693763,761.0326894516,784.817996197997
"PHJJKLOP_02347",48.5126730210305,55.301171389386,46.9349846023254,859.366006563341,864.315697305745,858.146950388213
"PHJJKLOP_02348",401.962147888538,414.758785420395,389.3470313602,3239.00874083937,3410.15124178074,3511.86234662336
"PHJJKLOP_02349",553.275485168419,614.238010789251,577.086969769501,5229.93401240084,5299.14309595525,5472.91640530497
"PHJJKLOP_02350",266.819701615667,304.156442641623,276.276386636416,1841.62863482801,1802.92268096272,2104.7391716219
"PHJJKLOP_02351",2117.23165827497,2068.85632251364,2145.14213716537,1842.53898017394,1993.18085332562,1960.06312686823
"PHJJKLOP_02352",4142.05822508131,3898.73258295171,3685.46299547805,2896.71889076753,3042.31877521247,3225.48305255616
"PHJJKLOP_02353",196.360819370838,194.541620780518,220.807768470031,564.41411448016,646.87778603386,611.404928856268
"PHJJKLOP_02354",270.284892545741,280.4559406176,315.744441870189,874.841877444249,895.119401402596,802.65476883886
"PHJJKLOP_02355",422.75329346898,416.73382725573,368.012947450052,1015.03506071835,944.948922735736,1023.63256322289
"PHJJKLOP_02356",470.110902846652,465.122352221443,478.950183782821,2760.16708887717,3494.40843239859,3296.83014311961
"PHJJKLOP_02357",43.892418447599,42.4633994597071,48.0016887978328,400.551952211727,345.182684144118,406.282043486337
"PHJJKLOP_02358",1142.35794328093,1174.16237110678,1110.4390675232,6366.04500412865,6191.54452346694,6740.31819461966
"PHJJKLOP_02359",641.060322063617,619.175615377589,555.752885859353,3884.44359110781,4018.07140204505,3891.3892311484
"PHJJKLOP_02360",1079.98450653961,1027.02175437431,1065.63749131189,1583.09055658226,1789.33281150823,1470.54281105786
"PHJJKLOP_02361",5473.84660587294,5226.94821721464,5104.17957550289,4558.09914710026,4807.1898217026,4797.10090857892
"PHJJKLOP_02362",5090.36547627812,4878.35333327798,4892.97214479243,2066.48393527414,2081.06200913134,1999.70039940348
"PHJJKLOP_02363",3290.77631992657,3526.43719699102,3299.31607670438,767.421126623831,708.485194227561,705.543451127492
"PHJJKLOP_02364",4507.0583363824,4507.04546823496,4661.49733436732,1294.51108192063,1218.55829441953,1181.19072155052
"PHJJKLOP_02365",3464.03586643025,3998.47219563614,3741.99831783995,1704.16648759171,2000.42878370135,1807.45962760751
"PHJJKLOP_02366",4683.78307381615,4524.82084475297,4552.69350642557,1439.25599192441,1311.87539800704,1372.44056153311
"PHJJKLOP_02367",1413.79789947003,1471.40616732473,1430.45032617542,334.096741958418,336.122771174456,317.098180282019
"PHJJKLOP_02368",24515.0707666274,21577.3320510372,22126.6451274099,475.200270578458,479.269396095114,434.028134261013
"PHJJKLOP_02369",639.905258420259,583.624862341556,574.953561378487,312.24845365596,321.626910422997,313.134453028494
"PHJJKLOP_02370",393.876702385033,458.209705797769,481.083592173836,262.179459629494,270.891397792891,292.324884947486
"PHJJKLOP_02371",23.1012728671574,21.7254601886873,22.4007881056553,217.572537678643,240.08769369604,194.222635422737
"PHJJKLOP_02372",1.15506364335787,0,1.0667041955074,13.6551801890361,14.495860751459,23.7823635211514
"PHJJKLOP_02373",5.77531821678934,3.95008367067043,2.13340839101479,40.0551952211727,42.5815909574109,27.7460907746766
"PHJJKLOP_02374",333.813392930424,315.019172735966,312.544329283667,219.393228370514,231.027780726378,222.959658010794
"PHJJKLOP_02375",12.7057000769365,14.8128137650141,16.0005629326109,64.6345195614377,57.07745170887,74.3198860035982
"PHJJKLOP_02376",6.93038186014721,15.8003346826817,11.7337461505814,23.6689789943293,20.8377998302224,26.7551589612953
"PHJJKLOP_02377",80.8544550350508,66.1639014837296,77.8694062720399,152.938018117205,137.710677138861,136.748590246621
"PHJJKLOP_02378",61.218373097967,49.3760458833803,39.4680552337737,66.4552102533092,62.5133994906671,84.2292041374113
"PHJJKLOP_02379",63.5285003846827,70.1139851544001,61.868843339429,91.0345345935743,120.496842496503,120.89368123252
"PHJJKLOP_02380",182.500055650543,214.292039133871,198.406980364376,282.20705724008,269.079415198958,250.705748785471
"PHJJKLOP_02381",106.265855188924,109.614821861104,115.204053114799,451.531291584128,536.346847803984,585.640701708354
"PHJJKLOP_02382",911.345214609358,1017.14654519763,851.229948014902,3164.36042247264,3122.95200064246,3102.60750769688
"PHJJKLOP_02383",1539.69983659604,1462.51847906573,1522.18688698905,4005.51952211727,3711.84634367048,3982.55495797948
"PHJJKLOP_02384",4632.96027350841,3944.15854516442,4978.30848043302,167.503543652177,168.514381235711,147.648840193815
"PHJJKLOP_02385",107.420918832282,114.552426449442,165.339150303646,19.1172522646506,21.7437911271886,11.8911817605757
"PHJJKLOP_02386",146.693082706449,101.714654519763,150.405291566543,51.8896847183373,53.4534865210052,52.5193861092094
"PHJJKLOP_02387",90.0949641819137,79.0016734134085,72.5358852945029,149.296636733462,138.616668435827,133.775794806477
"PHJJKLOP_02388",10.3955727902208,15.8003346826817,19.2006755191331,31.862087107751,33.521677987749,35.6735452817271
"PHJJKLOP_02389",2.31012728671574,3.95008367067043,3.20011258652219,4.55172672967871,4.52995648483095,7.92745450705047
"PHJJKLOP_02390",0,0,0,0.910345345935743,0,0
"PHJJKLOP_02391",6692.43874961549,7383.69390140069,6950.64453792619,4166.6506483479,4124.97837508706,4193.6234342297
"PHJJKLOP_02392",115.506364335787,139.240449391133,139.738249611469,41.8758859130442,46.2055561452757,47.5647270423028
"PHJJKLOP_02393",567.136248888713,618.188094459922,582.420490747038,271.282913088851,278.13932816862,304.216066708062
"PHJJKLOP_02394",213.686774021206,243.917666663899,195.206867777854,903.972928514193,657.749681597454,676.806428539434
"PHJJKLOP_02395",1887.37399324676,1839.75146961475,1793.12975264793,6467.09333752752,5631.64190194184,5845.50676713634
"PHJJKLOP_02396",2962.73824521293,2509.29065179339,2733.96285308546,1920.82867992442,1648.90416047847,1610.26419674463
"PHJJKLOP_02397",3097.8806914858,3481.01123477831,3317.450048028,4427.91976263145,4297.11672151064,3909.22600378926
"PHJJKLOP_02398",482.816602923589,554.986755729195,573.886857182979,819.310811342169,775.528550203059,734.28047371555
"PHJJKLOP_02399",4418.11843584384,4312.50384745444,4556.9603232076,779.255616120996,915.957201232818,884.902109349509
"PHJJKLOP_02400",2804.4945260729,2775.92129956364,2939.83676281838,491.586486805301,456.61961367096,463.756088662453
"PHJJKLOP_02401",8486.25258775026,8587.48190003751,8794.97609195848,1011.39367933461,1033.73606983842,1053.36051762433
"PHJJKLOP_02402",651.455894853838,711.015060720677,651.756263455019,521.627883221181,575.304473573531,558.885542747058
"PHJJKLOP_02403",4.62025457343147,2.96256275300282,4.26681678202959,0.910345345935743,1.81198259393238,1.98186362676262
"PHJJKLOP_02404",10317.0284624725,9877.1842185114,10317.1629789475,6527.17613035928,6186.10857568515,6059.5480388267
"PHJJKLOP_02405",4523.22922738941,3882.93224826903,3898.80383457953,3797.96078324392,3733.59013479767,3742.7494591412
"PHJJKLOP_02406",2602.35838848528,2246.6100876938,2347.81593431178,2206.67711854824,2187.96898217335,2096.81171711485
"PHJJKLOP_02407",1582.43719140028,1592.87124019785,1529.65381635761,1305.43522607186,1457.7399968186,1246.59222123369
"PHJJKLOP_02408",2133.40254928198,2071.81888526664,2747.83000762705,998.64884449151,921.393149014615,887.874904789653
"PHJJKLOP_02409",1567.42136403663,1634.34711873989,2139.80861618784,930.372943546329,895.119401402596,897.784222923466
"PHJJKLOP_02410",1168.92440707816,1182.06253844812,1454.98452267209,535.283063410217,491.953274252641,500.420565757561
"PHJJKLOP_02411",630.664749273396,481.910207821792,755.226570419237,278.565675856337,227.403815538514,207.104748996694
"PHJJKLOP_02412",1181.6301071551,1020.10910795064,1363.24796185845,314.979489693767,371.456431756138,370.60849820461
"PHJJKLOP_02413",8641.03111596021,8187.53592838213,11507.6048611338,3107.91901102463,3040.50679261853,3055.04278065458
"PHJJKLOP_02414",2740.96602568822,2805.54692709367,4128.14523661362,932.193634238201,969.410687753823,923.54845007138
"PHJJKLOP_02415",1922.02590254749,1833.82634410875,2707.29524819777,670.014174608707,706.673211633628,678.788292166197
"PHJJKLOP_02416",1462.31057249106,1455.60583264205,2176.07655883509,563.503769134225,588.894343028024,607.441201602742
"PHJJKLOP_02417",1552.40553667297,1594.84628203318,2314.74810425105,780.165961466932,757.408724263735,763.017496303608
"PHJJKLOP_02418",1388.38649931616,1347.96605261628,1979.80298686173,473.379579886586,510.073100191965,466.728884102597
"PHJJKLOP_02419",5165.44461309639,4849.71522666562,4860.97101892721,3649.57449185639,4123.16639249313,3910.21693560264
"PHJJKLOP_02420",1882.75373867332,1840.73899053242,1865.66563794244,1224.41449028357,1153.32692103796,1094.97965378635
"PHJJKLOP_02421",962.168014917104,926.294620772215,875.764144511572,510.703739069952,626.945977500603,660.951519525333
"PHJJKLOP_02422",2188.84560416316,2008.61754653591,2226.21165602394,1581.26986589039,1390.6966408431,1264.42899387455
"PHJJKLOP_02423",23164.801367542,24447.0678377793,22475.4573993408,1962.70456583746,1738.59729887812,1805.47776398074
"PHJJKLOP_02424",3872.92839617893,3734.80411061889,3557.45849201717,1575.80779381477,1589.1087348787,1637.01935570592
"PHJJKLOP_02425",1562.8011094632,1595.83380295085,1590.45595550153,1594.01470073349,1528.40731798196,1404.15037956131
"PHJJKLOP_02426",456.250139126358,392.04580431404,412.814523661362,490.676141459365,444.841726810399,417.182293433531
"PHJJKLOP_02427",1707.18406488293,1763.71235895435,1756.86181000068,1663.2009470246,1660.68204733903,1595.40021954391
"PHJJKLOP_02428",1948.59236634472,2054.04350874862,2070.47284347986,1487.504295259,1570.98890893937,1498.28890183254
"PHJJKLOP_02429",5271.71046828531,5429.3900053365,5321.7872313864,22643.0197894597,22772.9972405422,22809.268480411
"PHJJKLOP_02430",304.936801846477,268.605689605589,282.67661180946,176.606997111534,178.480285502339,198.186362676262
"PHJJKLOP_02431",6724.78053162951,6604.53989736095,6538.89671846034,11771.6756682951,11408.2424113983,11241.1304909976
"PHJJKLOP_02432",2131.09242199527,2202.17164639876,2209.14438889582,1999.11837967489,2131.79752176144,2090.86612623456
"PHJJKLOP_02433",68.1487549581142,87.889361672417,86.4030398360991,30.9517417618153,42.5815909574109,39.6372725352524
"PHJJKLOP_02434",58.9082458112513,43.4509203773747,46.9349846023254,96.4966066691887,112.342920823808,70.3561587500729
"PHJJKLOP_02435",34.651909300736,29.6256275300282,33.0678300607293,30.9517417618153,30.8037040968505,34.6826134683458
"PHJJKLOP_02436",50.8228003077462,56.2886923070536,51.201801384355,53.7103754102088,71.573312460329,69.3652269366916
"PHJJKLOP_02437",28.8765910839467,23.7005020240226,20.2673797146405,14.5655255349719,22.6497824241548,12.882113573957
"PHJJKLOP_02438",911.345214609358,855.193114700147,855.496764796932,1041.43507575049,950.384870517533,938.4124272721
"PHJJKLOP_02439",8480.47726953347,8123.34706873373,7876.54377962661,7032.41779735361,7089.38189876044,6973.18717076427
"PHJJKLOP_02440",5660.96691609691,5538.01730627994,5434.85787611018,7899.06656668444,7728.1057631216,7660.8938492509
"PHJJKLOP_02441",4781.96348350157,5048.20693111681,5083.91219578825,5195.34088925528,6508.64147740511,6534.20437743635
"PHJJKLOP_02442",447.009629979495,446.359454785758,507.751197061521,806.565976499068,836.229967099793,739.235132782456
"PHJJKLOP_02443",288.765910839467,337.732153842321,333.878413193815,913.07638197355,886.059488432934,974.085972553827
"PHJJKLOP_02444",5718.7200982648,5897.47492031095,5725.0014172882,11535.8962236977,10819.3480683702,10345.3281317009
"PHJJKLOP_02445",0,0,0,0,0,0
"PHJJKLOP_02446",24.2563365105152,25.6755438593578,23.4674923011627,93.7655706313815,113.248912120774,106.0297040318
"PHJJKLOP_02447",2476.45645135927,2332.52440753089,2380.88376437251,1845.27001621175,1590.01472617566,1529.00778804736
"PHJJKLOP_02448",1179.31997986838,1188.9751848718,1091.23839200407,1447.44910003783,1541.99718743646,1478.47026556491
"PHJJKLOP_02449",401.962147888538,423.646473679403,379.746693600633,276.744985164466,279.951310762553,275.479044120004
"PHJJKLOP_02450",204.446264874343,201.454267204192,162.139037717124,109.241441512289,132.274729357064,121.884613045901
"PHJJKLOP_02451",5037.23254868366,4565.30920237735,4628.42950430659,883.034985557671,837.13595839676,732.298610088787
"PHJJKLOP_02452",9462.28136638765,8590.44446279051,9245.1252624626,5410.18239089612,5389.74222565186,5015.1059075228
"PHJJKLOP_02453",1203.5763163789,1162.31212009477,1066.7041955074,1384.63527116826,1363.51690193412,1605.30953767772
"PHJJKLOP_02454",14244.2448498892,13693.9525652967,13719.9493626161,4180.30582853693,4195.64569625043,3709.05777748624
"PHJJKLOP_02455",278.370338049246,266.630647770254,327.478188020771,940.386742351622,834.417984505861,882.920245722746
"PHJJKLOP_02456",235.632983245005,284.406024288271,276.276386636416,194.813904030249,231.933772023345,261.605998732666
"PHJJKLOP_02457",77110.8937669279,73809.2884283123,76772.8343590583,29469.6995386319,26040.9078486992,25823.6830567169
"PHJJKLOP_02458",1323.70293528812,1524.73229687878,1276.84492202235,1167.97307883556,1480.38977924275,1697.46619632218
"PHJJKLOP_02459",2245.4437226877,2324.62424018955,2162.20940429349,2438.81518176186,2255.91832944581,2381.20914755529
"PHJJKLOP_02460",3629.20996743042,3652.83987445248,3904.13735555707,327.724324536867,296.259154107944,352.771725563746
"PHJJKLOP_02461",1359.50990823221,1395.36705666433,1397.38249611469,7280.94207679407,6380.89670453288,6647.17060416182
"PHJJKLOP_02462",4565.96658219365,4386.56791627951,4499.3582966502,17429.4719932857,16448.2719964212,15746.8974464424
"PHJJKLOP_02463",2151.88356757571,1773.58756813102,1776.06248551982,1068.74543612856,954.008835705398,976.067836180589
"PHJJKLOP_02464",1673.68721922555,1706.43614572962,1706.72671281183,1502.98016613991,1404.28651029759,1333.79422081124
"PHJJKLOP_02465",1175.85478893831,1123.79880430574,1202.17562833684,2040.083920242,1944.25732328944,1923.39864977312
"PHJJKLOP_02466",9851.53781419926,9464.40047492634,9442.46553863147,4366.01627910782,3807.8814211489,3786.35045892998
"PHJJKLOP_02467",5073.03952162776,4978.0929459624,5111.64650487144,13915.5389579738,11015.9481798119,10840.7940383915
"PHJJKLOP_02468",30207.224401095,28844.4984841531,29390.9006988153,3978.2091617392,4165.74798345054,4016.24663963444
"PHJJKLOP_02469",661.851467644058,650.776284742953,595.220941093127,2865.76714900572,2700.76005625621,2667.58844162248
"PHJJKLOP_02470",30.0316547273046,18.7628974356845,29.8677174742071,20.0275976105863,20.8377998302224,21.8004998943888
"PHJJKLOP_02471",820.095186784086,834.455175429128,788.294400479966,886.676366941413,931.359053281243,850.219495881163
"PHJJKLOP_02472",761.186940972835,777.178962204406,776.560654329385,3602.23653386773,3083.99437487291,2811.27355456277
"PHJJKLOP_02473",830.490759574307,870.005928465161,775.493950133877,8255.92194229125,7703.64399810351,7756.0233033355
"PHJJKLOP_02474",979.493969567472,1123.79880430574,993.101606017386,11977.4137164766,13762.9137922134,13008.9528460698
"PHJJKLOP_02475",4218.29242554293,3917.4954803874,4076.94343522927,5070.62357686209,5301.86106984614,5210.31947475892
"PHJJKLOP_02476",375.395684091307,385.133157890367,430.948494984988,971.338484113438,989.342496287079,1085.07033565253
"PHJJKLOP_02477",1141.20287963757,1059.60994465734,1031.50295705565,1827.97345463897,1788.42682021126,1818.3598775547
"PHJJKLOP_02478",247.183619678584,265.643126852586,205.873909732928,332.276051266546,329.780832095693,348.807998310221
"PHJJKLOP_02479",2419.85833283473,2320.67415651888,2240.07881056553,4038.29195457096,3931.0962375363,3865.62500400049
"PHJJKLOP_02480",451.629884552926,468.084914974445,409.61441107484,1198.01447525144,1357.17496285535,1294.15694827599
"PHJJKLOP_02481",1026.85157894514,1052.69729823367,1117.90599689175,1310.89729814747,1216.74631182559,1274.33831200836
"PHJJKLOP_02482",553.275485168419,579.674778670885,565.35322361892,892.138439017028,768.280619827329,822.473405106486
"PHJJKLOP_02483",5188.54588596354,4599.87243449571,4846.0371601901,6437.96228645757,5565.5045372633,5292.56681526957
"PHJJKLOP_02484",3905.27017819295,3905.64522937538,4075.87673103376,3833.46425173541,4094.17467099021,3989.49148067315
"PHJJKLOP_02485",1275.19026226709,1315.37786233325,1344.04728633932,4507.11980772786,4103.23458395987,4261.99772935301
"PHJJKLOP_02486",4015.00122431195,3932.30829415241,3748.39854301299,14264.2012254672,13723.9561664438,13327.0419581652
"PHJJKLOP_02487",862.832541588327,852.230551947144,779.760766915907,5914.51371254452,6012.15824666764,5843.52490350958
"PHJJKLOP_02488",5660.96691609691,5795.76026579118,5435.92458030569,3261.76737448777,3178.21746975739,3349.34952922882
"PHJJKLOP_02489",12336.079711062,11584.6078851587,11956.6873274424,8402.48754298691,8483.7025047914,8389.22873208616
"PHJJKLOP_02490",7494.05291810585,7331.35529276431,7477.59641050685,4839.39585899441,4912.28481215068,4608.82386403647
"PHJJKLOP_02491",2721.32994375114,2837.14759645903,2749.96341601807,2003.67010640457,2272.2261727912,2260.31546632277
"PHJJKLOP_02492",1.15506364335787,0,1.0667041955074,0.910345345935743,1.81198259393238,1.98186362676262
"PHJJKLOP_02493",1116.94654312706,1225.5134588255,1179.77484023118,1969.07698325901,1937.91538421068,2261.30639813615
"PHJJKLOP_02494",2134.55761292534,2329.56184477788,2193.14382596321,4082.89887652181,4540.82838039454,4306.58966095517
"PHJJKLOP_02495",100.490536972135,112.577384614107,117.337461505814,435.145075357285,583.458395246226,563.840201813965
"PHJJKLOP_02496",988.734478714335,950.982643713905,983.501268257819,416.027823092634,438.499787731636,456.819565968783
"PHJJKLOP_02497",590.237521755871,576.712215917882,636.822404717916,331.36570592061,372.362423053104,344.844271056696
"PHJJKLOP_02498",359.224793084297,321.93181915964,371.213060036574,483.393378691879,466.585517937588,472.674474982884
"PHJJKLOP_02499",5247.45413177479,4923.77929549069,4978.30848043302,910.345345935743,758.314715560701,781.845200757853
"PHJJKLOP_02501",668.781849504206,619.175615377589,709.358290012419,862.097042601148,669.527568458014,602.486542535836
"PHJJKLOP_02502",27854.359759575,30381.0810320439,26714.5398722872,158.400090192819,120.496842496503,115.939022165613
"PHJJKLOP_02503",1379.14599016929,1310.44025774491,1297.11230173699,633.600360771277,506.4491350041,424.1188161272
"PHJJKLOP_02504",2603.51345212863,2542.86636299409,2560.09006921775,1187.09033110021,1127.95916472291,1113.80735824059
"PHJJKLOP_02505",58.9082458112513,61.2262968953916,59.7354349484142,30.9517417618153,45.2995648483095,51.5284542958281
"PHJJKLOP_02506",1999.41516665247,1980.96696084122,1921.13425610882,190.26217730057,166.702398641779,173.413067341729
"PHJJKLOP_02507",779.667959266561,718.915228062018,760.560091396774,64.6345195614377,61.6074081937009,56.4831133627346
"PHJJKLOP_02508",1831.93093836558,1468.44360457173,1618.19026458472,223.034609754257,250.959589259635,212.0594080636
"PHJJKLOP_02509",4142.05822508131,4900.07879346666,4719.09936092472,1432.88357450286,1651.62213436936,1566.66319695585
"PHJJKLOP_02511",267.974765259025,281.443461535268,263.475936290327,172.055270381855,157.642485672117,164.494681021297
"PHJJKLOP_02512",7348.51489904276,8144.08500800475,7879.74389221314,2566.26353019286,2493.28804925095,2454.5381017455
"PHJJKLOP_02513",675.712231364353,685.339516861319,601.621166266171,1264.46968550475,1148.79696455313,1119.75294912088
"PHJJKLOP_02514",1546.63021845619,1606.6965330452,1507.25302825195,1563.97330431761,1639.8442475088,1605.30953767772
"PHJJKLOP_02515",3168.33957373063,3088.96543046427,3232.11371238741,2223.97368012102,2170.75514753099,2184.0137166924
"PHJJKLOP_02516",1480.79159078479,1674.83547636426,1497.65269049238,1385.5456165142,1691.48575143588,1669.72010554751
"PHJJKLOP_02517",1283.27570777059,1313.40282049792,1298.1790059325,766.510781277895,679.493472724643,728.334882835262
"PHJJKLOP_02518",438.92418447599,536.22385829351,476.816775391806,1329.10420506618,1484.91973572759,1682.60221912146
"PHJJKLOP_02519",1063.8136155326,1027.02175437431,1018.70250670956,4623.64401200764,5055.43143707134,4852.59309012827
"PHJJKLOP_02520",310.712120063267,321.93181915964,357.345905494978,633.600360771277,687.647394397338,702.570655687348
"PHJJKLOP_02521",331.503265643708,299.218838053285,327.478188020771,875.752222790185,783.682471875754,802.65476883886
"PHJJKLOP_02522",1627.48467349124,2015.53019295959,2049.13875956971,9540.41922540658,10293.8731161299,10382.9835406094
"PHJJKLOP_02523",1908.1651388272,1824.93865584974,1756.86181000068,1256.27657739132,1213.12234663773,1242.62849398016
"PHJJKLOP_02524",1034.93702444865,1070.47267475169,974.96763469376,339.558814034032,366.020483974341,353.762657377127
"PHJJKLOP_02525",423.908357112338,482.89772873946,464.016325045717,605.379655047269,537.252839100951,561.858338187202
"PHJJKLOP_02526",172.104482860322,180.716327933172,174.939488063213,302.234654850667,290.823206326147,287.37022588058
"PHJJKLOP_02527",106.265855188924,101.714654519763,90.6698566181287,168.413888998112,143.146624920658,172.422135528348
"PHJJKLOP_02528",38.1171002308096,32.588190283031,44.8015762113106,73.7379730207952,60.7014168967347,71.3470905634542
"PHJJKLOP_02529",2355.17476880669,2321.66167743654,2405.41796086918,2939.50512202651,2852.96659414653,2777.58187290781
"PHJJKLOP_02530",712.674267951805,747.553334674378,693.357727079808,732.828003478273,740.194889621377,764.008428116989
"PHJJKLOP_02531",837.421141434454,823.592445334784,829.895864104754,1190.73171248395,1243.02005943761,1171.28140341671
"PHJJKLOP_02532",2962.73824521293,2957.62514841448,2994.23867678926,2260.38749395845,2310.27780726378,2124.55780788953
"PHJJKLOP_02533",2140.33293114213,2186.37131171608,2129.14157423276,1864.3872684764,1677.89588198138,1683.59315093484
"PHJJKLOP_02534",4299.14688057799,4072.53626446121,4010.80777510781,4106.56785551614,4157.59406177785,4132.18566180006
"PHJJKLOP_02535",18822.9171321598,18893.2501968167,17924.8973013063,23650.7720874106,20302.3589737154,20615.3454455847
"PHJJKLOP_02536",4788.89386536172,4606.78508091939,4481.22432532657,6354.21051463148,6210.57034070323,5981.26442556958
"PHJJKLOP_02537",1010.68068793813,1096.14821861104,1069.90430809392,1219.8627635539,1235.77212906188,1124.70760818779
"PHJJKLOP_02538",1975.15883014195,1879.25230632146,1991.53673301231,3188.02940146697,3102.11420081223,3112.51682583069
"PHJJKLOP_02539",8481.63233317683,8415.65326036334,8120.81904039781,23649.8617420647,24069.4707865008,24227.2919053596
"PHJJKLOP_02540",795.838850273571,797.916901475426,809.628484390114,1442.89737330815,1269.29380704963,1202.00028963153
"PHJJKLOP_02541",352.29441122415,337.732153842321,276.276386636416,391.448498752369,379.610353428834,439.973725141301
"PHJJKLOP_02542",5003.73570302628,4852.67778941862,4313.75176663191,10590.9577546164,9776.55208556216,9346.46886381251
"PHJJKLOP_02543",5770.69796221591,5387.91412679446,5173.51534821087,12578.2416447942,12101.3257535774,11983.3384192202
"PHJJKLOP_02544",1754.5416742606,1666.93530902292,1659.79172820951,5088.8304837808,5204.92000107076,4758.45456785704
"PHJJKLOP_02545",2254.68423183456,2257.47281778815,2212.34450148234,7943.67348863529,8586.07952134858,7978.9829613463
"PHJJKLOP_02546",572.911567105503,576.712215917882,569.62004040095,497.958904226851,409.508066228718,440.964656954682
"PHJJKLOP_02547",2669.35207980003,3001.07606879186,2657.16015100892,2923.11890579967,2412.65482382096,2599.21414649917
"PHJJKLOP_02548",12.7057000769365,26.6630647770254,23.4674923011627,18.2069069187149,11.7778868605605,12.882113573957
"PHJJKLOP_02549",10.3955727902208,8.88768825900846,8.53363356405917,10.9241441512289,9.0599129696619,7.92745450705047
"PHJJKLOP_02550",3.4651909300736,2.96256275300282,1.0667041955074,10.0137988052932,2.71797389089857,10.9002499471944
"PHJJKLOP_02551",24.2563365105152,19.7504183533521,30.9344216697145,33.6827777996225,34.4276692847152,35.6735452817271
"PHJJKLOP_02552",46.2025457343147,35.5507530360338,46.9349846023254,36.4138138374297,44.3935735513433,42.6100679753963
"PHJJKLOP_02553",39.2721638741675,34.5632321183662,29.8677174742071,78.2896997504739,68.8553385694304,73.3289541902169
"PHJJKLOP_02554",59110.3819488389,60281.2393771837,73432.9835229247,1201.65585663518,1154.23291233493,1045.43306311728
"PHJJKLOP_02555",73311.8894439239,71860.9096577541,86425.4406242048,341.379504725904,189.352181065934,213.050339876981
"PHJJKLOP_02556",64181.1113431799,60662.4224514034,72595.6207294514,288.57947466163,172.138346423576,155.576294700866
"PHJJKLOP_02557",15641.8718583522,13917.1322926896,16702.4542932548,74.6483183667309,42.5815909574109,52.5193861092094
"PHJJKLOP_02558",43853.1462837248,44002.9445703509,50435.9077719807,182.979414533084,113.248912120774,110.984363098707
"PHJJKLOP_02559",48382.150829331,47196.5872180879,54349.6454652973,161.131126230626,96.9410687753823,79.2745450705047
"PHJJKLOP_02560",109573.957463501,106446.854757227,116734.773635352,365.048483720233,168.514381235711,151.61256744734
"PHJJKLOP_02561",31253.7120619772,29781.6558350197,32467.2755986586,91.94487993951,31.7096953938166,38.646340721871
"PHJJKLOP_02562",7454.78075423168,6939.30948845027,7368.79258256509,15.4758708809076,10.8718955635943,5.94559088028785
"PHJJKLOP_02563",37272.748707515,37144.6117971494,38109.0740886972,111.972477550096,57.07745170887,50.5375224824468
"PHJJKLOP_02564",1984.39933928882,2137.98278675037,2136.60850360132,237.600135289229,274.515362980756,273.497180493241
"PHJJKLOP_02565",52104.9209518734,54865.6746646946,51215.6685388966,3883.53324576188,4149.44014010515,3782.38673167646
"PHJJKLOP_02566",18240.7650559075,17748.7134532399,17383.0115699885,1569.43537639322,1551.96309170308,1651.88333290664
"PHJJKLOP_02567",6016.72651825113,6622.31527387897,5646.06530682065,127.448348431004,110.530938229875,124.857408486045
"PHJJKLOP_02568",12726.491222517,13972.433464079,12786.5831915472,5538.54108467306,6131.74909786717,5998.11026639706
"PHJJKLOP_02569",8353.4202687641,8214.19899315915,8105.8851816607,2928.58097787528,2799.51310762553,2964.86798563688
"PHJJKLOP_02570",75.0791368182614,65.176380566062,62.9355475349364,60.9931381776948,62.5133994906671,43.6009997887776
"PHJJKLOP_02571",15.0158273636523,17.7753765180169,21.3340839101479,5.46207207561446,18.1198259393238,17.8367726408636
"PHJJKLOP_02572",30.0316547273046,17.7753765180169,24.5341964966701,22.7586336483936,22.6497824241548,20.8095680810075
"PHJJKLOP_02573",15.0158273636523,19.7504183533521,25.6009006921775,11.8344894971647,15.4018520484252,19.8186362676262
"PHJJKLOP_02574",24.2563365105152,17.7753765180169,21.3340839101479,20.9379429565221,28.0857302059519,27.7460907746766
"PHJJKLOP_02575",4209.05191639607,3778.25503099626,3848.66873739069,1950.8700763403,1877.21396731395,1887.72510449139
"PHJJKLOP_02576",3703.13404060533,3395.09691494123,3372.91866619439,2123.83569206809,1888.99185417451,1924.3895815865
"PHJJKLOP_02577",6567.69187613284,6166.08060991654,6189.01774233391,3935.42293048022,3571.41769264072,3575.28198267976
"PHJJKLOP_02578",1890.83918417683,1519.79469229045,1550.98790026775,1065.10405474482,867.033671196644,985.977154314402
"PHJJKLOP_02579",1637.88024628146,1588.92115652718,1541.38756250819,1391.00768858981,1372.57681490378,1405.1413113747
"PHJJKLOP_02580",860.522414301612,860.130719288485,800.028146630547,331.36570592061,351.524623222882,363.67197551094
"PHJJKLOP_02581",255.269065182089,231.07989473422,236.808331402642,236.689789943293,221.06187645975,265.569725986191
"PHJJKLOP_02582",5098.45092178163,4613.69772734306,4841.77034340807,2004.58045175051,1998.61680110742,1923.39864977312
"PHJJKLOP_02583",1513.13337279881,1411.16739134701,1362.18125766295,528.910645988667,410.414057525684,455.828634155402
"PHJJKLOP_02584",926.36104197301,958.882811055246,954.70025497912,62.8138288695663,50.7355126301066,66.3924314965477
"PHJJKLOP_02585",530.174212301261,468.084914974445,505.617788670506,43.6965766049157,39.8636170665124,34.6826134683458
"PHJJKLOP_02586",395.031766028391,328.844465583313,366.946243254544,50.9793393724016,42.5815909574109,48.5556588556841
"PHJJKLOP_02587",117.816491622503,145.165574897138,131.20461604741,49.1586486805301,63.4193907876333,58.4649769894972
"PHJJKLOP_02588",11.5506364335787,14.8128137650141,21.3340839101479,14.5655255349719,14.495860751459,24.7732953345327
"PHJJKLOP_02589",5491.17256052331,5308.91245338105,5432.72446771917,7427.50767748973,7748.03757165486,7381.45107787737
"PHJJKLOP_02590",2978.90913621994,2762.0960067163,2693.42809365618,3190.76043750478,3032.35287094584,3171.97273463357
"PHJJKLOP_02591",3697.35872238854,3557.05034543872,3772.93273950966,4256.77483759553,4122.26040119616,4208.48741143042
"PHJJKLOP_02592",92.4050914686295,101.714654519763,85.3363356405917,76.4690090586024,69.7613298663966,94.1385222712243
"PHJJKLOP_02594",199.826010300911,244.905187581566,203.740501341913,444.248528816642,461.149570155791,437.991861514539
"PHJJKLOP_02595",241.408301461794,270.580731440924,253.87559853076,338.648468688096,342.46471025322,399.345520792667
"PHJJKLOP_02596",15.0158273636523,28.6381066123606,20.2673797146405,16.3862162268434,25.3677563150533,11.8911817605757
"PHJJKLOP_02597",228.702601384858,281.443461535268,285.876724395982,345.020886109647,395.918196774225,409.254838926481
"PHJJKLOP_02598",154.778528209954,163.928472332823,163.205741912632,66.4552102533092,67.9493472724643,64.4105678697851
"PHJJKLOP_02599",1473.86120892464,1645.20984883423,1510.45314083847,385.986426676755,394.106214180293,365.653839137703
"PHJJKLOP_02600",941.376869336662,892.718909571516,912.032087158824,715.531441905494,695.801316070034,684.733883046484
"PHJJKLOP_02601",4247.16901662688,4545.55878402399,4683.89812247298,2351.42202855202,2583.88717894757,2469.40207894622
"PHJJKLOP_02602",1305.22191699439,1149.47434816509,1150.97382695248,346.841576801518,316.1909626412,345.835202870077
"PHJJKLOP_02603",757.721750042761,744.590771921375,714.691810989956,233.04840855955,248.241615368736,214.041271690363
"PHJJKLOP_02604",1271.72507133701,1179.09997569512,1251.24402133018,472.469234540651,480.175387392081,453.846770528639
"PHJJKLOP_02605",965.633205847178,966.782978396587,998.435126994923,311.338108310024,270.891397792891,314.125384841875
"PHJJKLOP_02606",2989.30470901016,2968.48787850883,2711.5620649798,1731.47684796978,1752.18716833261,1664.7654464806
"PHJJKLOP_02607",243.71842874851,178.741286097837,144.005066393499,135.641456544426,95.1290861814499,83.2382723240299
"PHJJKLOP_02608",1577.81693682685,1558.30800807948,1478.45201497325,1002.29022587525,961.256766081128,936.430563645337
"PHJJKLOP_02609",2039.84239417,2162.67080969206,1900.86687639418,1775.1734245747,1773.9309594598,1700.43899176233
"PHJJKLOP_02610",25.4114001538731,22.712981106355,33.0678300607293,66.4552102533092,88.7871471026866,108.011567658563
"PHJJKLOP_02611",322.262756496845,358.470093113341,358.412609690485,2101.07705841969,2366.44926767569,2277.16130715025
"PHJJKLOP_02612",8122.40754009253,8081.87119019169,7472.26288952931,2713.73947623445,2618.31484823229,3018.37830355947
"PHJJKLOP_02613",1360.66497187557,1318.34042508625,1304.57923110555,663.641757187156,639.62985565813,657.978724085189
"PHJJKLOP_02614",1237.07316203628,1089.23557218737,1214.97607868292,79.2000450964096,77.9152515390923,63.4196360564038
"PHJJKLOP_02615",756.566686399404,642.876117401612,648.556150868497,38.2345045293012,44.3935735513433,50.5375224824468
"PHJJKLOP_02616",1034.93702444865,886.793784065511,950.43343819709,497.048558880916,483.799352579945,527.175724718856
"PHJJKLOP_02617",580.997012609008,677.439349519978,656.023080237049,67.365555599245,74.2912863512276,88.1929313909365
"PHJJKLOP_02618",538.259657804767,531.286253705172,469.349846023254,1360.055946828,1345.39707599479,1427.93274308247
"PHJJKLOP_02619",3641.91566750736,3575.8132428744,3479.58908574513,7412.03180660882,7527.88168649207,7495.40823641622
"PHJJKLOP_02620",798.148977560287,694.227205120327,804.294963412577,1629.51816922498,1737.69130758115,1658.81985560031
"PHJJKLOP_02621",3038.97244567455,2991.20085961518,3238.51393756046,5320.96854699442,6211.4763320002,6368.71876460167
"PHJJKLOP_02622",12979.4501604124,12082.3184276632,11813.7489652444,17967.4860927338,17032.6363829644,16914.2151226056
"PHJJKLOP_02623",5919.70117220907,5881.67458562827,5711.1342627466,13086.2143478263,11924.657450669,11182.6655140081
"PHJJKLOP_02624",1580.12706411356,1352.90365720462,1281.11173880438,1226.23518097545,1107.12136489268,1129.66226725469
"PHJJKLOP_02625",1409.1776448966,1482.26889741908,1468.85167721368,2511.64280943671,2545.83554447499,2542.73103313644
"PHJJKLOP_02626",1961.29806642166,2032.31804855993,1820.86406173113,2995.94653347453,3298.7143122539,3467.2704150212
"PHJJKLOP_02627",2328.60830500946,2531.01611198208,2613.42527899312,5121.60291623449,5816.46412652294,4963.57745322698
"PHJJKLOP_02628",4651.44129180213,4362.86741425549,3958.53926952795,9609.6054716977,9003.74150925,8776.68307111825
"PHJJKLOP_02629",799.304041203645,802.854506063764,791.494513066488,3885.35393645375,3552.39187540443,3079.81607598911
"PHJJKLOP_02630",589.082458112513,567.824527658874,562.153111032398,2361.43582735732,2362.82530248782,2506.06655604133
"PHJJKLOP_02631",2337.84881415632,2372.02524423759,2454.48635386252,6627.31411841221,6820.30248356148,6755.18217182038
"PHJJKLOP_02632",2340.15894144304,2283.14836164751,2243.27892315205,11677.9100976637,11614.8084271066,10882.4131745535
"PHJJKLOP_02633",127.057000769365,118.502510120113,116.270757310306,428.772657935735,501.919178519269,494.474974877273
"PHJJKLOP_02634",971.408524063967,1041.83456813933,901.36504520375,1608.58022626846,1693.29773402981,1590.445560477
"PHJJKLOP_02635",1029.16170623186,1012.2089406093,954.70025497912,2063.75289923633,2068.37813097381,1994.74574033657
"PHJJKLOP_02636",3416.67825705257,3309.18259510415,3267.31495083915,97.4069520151245,92.4111122905514,99.0931813381309
"PHJJKLOP_02637",7812.85048367262,8291.22562473722,8643.50409619643,254.896696862008,280.857302059519,272.50624867986
"PHJJKLOP_02638",3732.01063168927,3459.28577458963,3790.00000663778,3082.42934133843,2819.44491615878,2956.94053112983
"PHJJKLOP_02639",408.892529748685,482.89772873946,471.483254414269,393.269189444241,424.909918277143,427.091611567344
"PHJJKLOP_02640",2178.45003137294,2117.24484747935,2177.1432630306,1695.97337947829,1737.69130758115,1746.02185517787
"PHJJKLOP_02641",1754.5416742606,1883.20238999213,1754.72840160967,1483.86291387526,1588.20274358173,1593.41835591714
"PHJJKLOP_02642",3581.85235805275,3487.92388120199,3417.7202424057,3397.40883103219,3085.80635746684,3022.34203081299
"PHJJKLOP_02643",5778.78340771941,5495.55390682023,5521.26091594628,9391.12258867312,9243.82920294604,9230.52984164689
"PHJJKLOP_02644",2619.68434313564,2912.19918620177,2824.63270970359,644.524504922506,581.646412652294,575.73138357454
"PHJJKLOP_02645",994.509796931124,998.38364776195,1002.70194377695,1120.6351208469,953.102844408432,1146.50810808217
"PHJJKLOP_02646",1559.33591853312,1587.93363560951,1529.65381635761,1736.9389200454,1940.63335810158,1881.77951361111
"PHJJKLOP_02647",2966.20343614301,3237.09356811441,3109.44272990406,4495.2853182307,4644.11138824869,4572.15938694136
"PHJJKLOP_02648",1270.57000769365,1281.80215113255,1213.90937448742,5466.62380234414,4818.0617172662,5004.20565757561
"PHJJKLOP_02649",271.439956189099,285.393545205938,266.676048876849,1386.45596186014,1448.68008384894,1457.66069748391
"PHJJKLOP_02650",2432.56403291167,2307.8363845892,2420.35181960628,1858.01485105485,1858.18815007766,1685.57501456161
"PHJJKLOP_02651",3514.85866673799,3359.5461619052,3208.64622008625,3060.58105303597,3019.66899278831,3030.26948532004
"PHJJKLOP_02652",765.807195546266,640.901075566277,640.022517304438,953.131577194723,946.760905329669,939.403359085481
"PHJJKLOP_02653",248.338683321942,241.942624828564,230.408106229598,347.751922147454,319.814927829065,312.143521215112
"PHJJKLOP_02654",3144.08323722012,3136.36643451232,3031.57332363202,2557.1600767335,2255.01233814885,2106.72103524866
"PHJJKLOP_02655",6335.52408381791,5872.78689736926,5947.94259414924,5421.10653504735,5060.86738485314,4782.2369313782
"PHJJKLOP_02656",1344.49408086856,1253.16404452019,1353.64762409889,753.765946434795,626.039986203637,637.169156004182
"PHJJKLOP_02657",24880.0708779285,28032.7562898303,27647.9060433562,21801.8606898151,25138.5405169209,27247.6520725459
"PHJJKLOP_02658",3987.27969687136,3872.06951817469,3868.93611710533,12200.4483262308,10983.3324931211,11364.0060358568
"PHJJKLOP_02659",30032.8097909479,27314.828582686,26614.2696779095,20883.3222357659,19689.9088569662,20344.8210605317
"PHJJKLOP_02660",745.016049965825,774.216399451404,832.029272495769,3964.55398155016,3609.4693271133,3494.0255739825
"PHJJKLOP_02661",2619.68434313564,2511.26569362872,2746.76330343155,7574.07327818538,7295.04192317176,7035.61587500729
"PHJJKLOP_02662",765.807195546266,637.938512813274,715.758515185463,345.931231455582,369.644449162205,347.817066496839
"PHJJKLOP_02663",78.544327748335,76.0391106604057,80.0028146630547,64.6345195614377,43.4875822543771,53.5103179225907
"PHJJKLOP_02664",947.152187553452,1067.51011199868,987.768085039849,665.462447879028,655.031707706555,746.171655476126
"PHJJKLOP_02665",262.199447042236,272.555773276259,275.209682440908,426.951967243863,400.448153259056,405.291111672955
"PHJJKLOP_02666",13328.2793807064,12924.6737704336,13114.0613795679,8586.37730286593,8161.16960307144,8234.64336919868
"PHJJKLOP_02667",9712.93017699631,10122.089406093,10295.8288950374,11062.5166438111,12102.2317448744,11682.0951479523
"PHJJKLOP_02668",1257.86430761672,1422.03012144135,1214.97607868292,1004.11091656712,760.126698154633,813.555018786055
"PHJJKLOP_02669",3160.25412822713,2984.28821319151,3028.3732110455,3995.50572331198,3748.08599554913,3650.59280049674
"PHJJKLOP_02670",1766.09231069418,1736.06177325965,1702.4598960298,2483.42210371271,2108.24174804032,1858.98808190334
"PHJJKLOP_02671",2282.40575927515,2183.40874896308,2215.54461406886,2915.83614303218,2592.94709191724,2473.36580619975
"PHJJKLOP_02672",771.582513763056,650.776284742953,637.889108913423,930.372943546329,818.11014116047,839.319245933969
"PHJJKLOP_02673",2950.03254513599,2848.99784747105,2834.23304746315,3889.90566318343,3420.11714604737,3473.21600590149
"PHJJKLOP_02674",0,0.987520917667607,0,8.19310811342168,4.52995648483095,4.95465906690654
"PHJJKLOP_02675",1022.23132437171,1088.2480512697,952.566846588105,2072.85635269569,1679.70786457532,1801.51403672722
"PHJJKLOP_02676",1671.37709193884,1665.94778810525,1645.92457366791,2307.72545194711,2646.40057843824,2457.51089718565
"PHJJKLOP_02677",3090.95030962565,3023.78904989821,3061.44104110623,7750.68027529691,7480.77013904983,7991.86507492026
"PHJJKLOP_02678",2.31012728671574,0,3.20011258652219,2.73103603780723,0,1.98186362676262
"PHJJKLOP_02679",13945.0833662595,13561.6247623292,13551.410099726,14496.3392886808,11904.7256421357,12296.4728722487
"PHJJKLOP_02680",5946.26763600631,5793.78522395585,5802.87082356024,8729.30152217784,7203.53680217818,7243.71155581737
"PHJJKLOP_02681",2262.76967733806,2280.1857988945,2319.01492103308,8252.28056090751,7625.72874656442,7680.71248551852
"PHJJKLOP_02682",1104.24084305012,1101.08582319938,1078.43794165798,838.428063606819,655.937699003522,764.99935993037
"PHJJKLOP_02683",371.930493161234,292.306191629612,314.677737674682,151.117327425333,158.548476969083,157.558158327628
"PHJJKLOP_02684",194.050692084122,186.641453439178,198.406980364376,472.469234540651,512.791074082863,454.837702342021
"PHJJKLOP_02685",1763.78218340746,1683.72316462327,1735.52772609053,2530.76006170136,2680.82824772296,2702.27105509083
"PHJJKLOP_02686",38909.4738901531,38563.6793558377,35163.9038049013,5513.05141498686,4810.81378689047,4617.7422503569
"PHJJKLOP_02687",2385.206423534,2407.57599727363,2390.48410213208,1175.25584160304,1334.5251804312,1246.59222123369
"PHJJKLOP_02688",935.601551119873,859.143198370818,869.363919338528,3214.42941649911,2906.42008066754,2757.76323664018
"PHJJKLOP_02689",11760.8580166698,11689.2851024315,11134.2583927062,2301.35303452556,2243.23445128829,2025.4646265514
"PHJJKLOP_02690",868.607859805117,794.954338722423,699.757952252852,139.282837928169,124.120807684368,139.721385686765
"PHJJKLOP_02691",2230.42789532404,2465.83973141601,2159.00929170697,8092.97012536875,8265.35860222255,9036.30720622416
"PHJJKLOP_02692",4530.15960924956,4539.63365851799,4342.55277991061,8153.05291820051,7290.51196668693,7064.35289759535
"PHJJKLOP_02693",1919.71577526078,1903.94032926315,1909.40050995824,5117.05118950481,5054.52544577437,4927.90390794525
"PHJJKLOP_02694",2047.9278396735,2088.60674086699,2039.53842181014,4818.45791603789,4860.64330822361,4669.27070465273
"PHJJKLOP_02695",203.291201230985,207.379392710197,218.674360079016,441.517492778835,465.679526640622,458.801429595546
"PHJJKLOP_02696",12411.1588478803,12321.2984897387,12064.4244511887,15402.1329078868,14865.5052006212,15335.6607438891
"PHJJKLOP_02697",2314.74754128917,2388.81309983794,2373.41683500396,4530.78878672219,4995.63601147157,4600.89640952942
"PHJJKLOP_02698",1000.28511514791,909.506765171866,939.766396242016,1883.50452074105,1748.56320314475,1729.17601435038
"PHJJKLOP_02699",15.0158273636523,5.92512550600564,8.53363356405917,22.7586336483936,23.5557737211209,35.6735452817271
"PHJJKLOP_02700",31.1867183706624,24.6880229416902,33.0678300607293,91.94487993951,107.812964338977,96.120385897987
"PHJJKLOP_02701",392.721638741675,360.445134948676,355.212497103963,721.903859327044,650.501751221724,768.963087183896
"PHJJKLOP_02702",41.5822911608833,75.0515897427381,53.3352097753698,213.020810948964,225.591832944581,211.068476250219
"PHJJKLOP_02703",2797.56414421276,2464.85221049835,2947.30369218694,1128.82822896032,1111.65132137752,942.376154525625
"PHJJKLOP_02704",246.028556035226,265.643126852586,237.875035598149,466.0968171191,414.038022713549,417.182293433531
"PHJJKLOP_02705",43.892418447599,34.5632321183662,37.3346468427589,43.6965766049157,38.05163447258,37.6554089084897
"PHJJKLOP_02706",623.734367413249,553.01171389386,597.354349484142,769.241817315703,784.58846317272,711.48904200778
"PHJJKLOP_02707",65.8386276713985,69.1264642367325,92.8032650091435,120.165585663518,151.300546593354,167.467476461441
"PHJJKLOP_02708",30.0316547273046,27.650585694693,28.8010132786997,50.0689940264659,52.547495224039,48.5556588556841
"PHJJKLOP_02709",33.4968456573782,18.7628974356845,16.0005629326109,19.1172522646506,19.9318085332562,22.7914317077701
"PHJJKLOP_02710",6.93038186014721,1.97504183533521,1.0667041955074,5.46207207561446,5.43594778179714,3.96372725352524
"PHJJKLOP_02711",23.1012728671574,20.7379392710197,27.7343090831923,23.6689789943293,24.4617650180871,23.7823635211514
"PHJJKLOP_02712",11.5506364335787,11.8502510120113,3.20011258652219,0.910345345935743,0.90599129696619,2.97279544014393
"PHJJKLOP_02713",6.93038186014721,2.96256275300282,3.20011258652219,0.910345345935743,2.71797389089857,2.97279544014393
"PHJJKLOP_02714",30.0316547273046,48.3885249657127,37.3346468427589,81.9310811342169,96.0350774784161,128.82113573957
"PHJJKLOP_02715",140.91776448966,153.065742238479,169.605967085676,219.393228370514,247.33562407177,234.85083977137
"PHJJKLOP_02716",45.0474820909569,47.4010040480451,28.8010132786997,84.6621171720241,77.9152515390923,80.265476883886
"PHJJKLOP_02717",421.598229825622,465.122352221443,391.480439751214,365.048483720233,398.636170665124,371.599430017991
"PHJJKLOP_02718",883.623687168769,707.064977050006,803.228259217069,162.951816922498,175.762311611441,176.385862781873
"PHJJKLOP_02719",99.3354733287767,72.0890269897353,76.8027020765325,157.489744846883,157.642485672117,160.530953767772
"PHJJKLOP_02720",285.300719909393,316.006693653634,320.011258652219,323.172597807189,363.302510083442,356.735452817271
"PHJJKLOP_02721",936.756614763231,862.105761123821,1034.70306964217,113.793168241968,119.590851199537,101.075044964894
"PHJJKLOP_02722",3593.40299448633,3027.73913356888,3447.58795987991,449.710600892257,425.815909574109,365.653839137703
"PHJJKLOP_02723",144.382955419734,118.502510120113,125.871095069873,136.551801890361,115.966886011672,106.0297040318
"PHJJKLOP_02724",157.08865549667,154.053263156147,137.604841220454,136.551801890361,147.676581405489,136.748590246621
"PHJJKLOP_02725",131.677255342797,100.727133602096,102.40360276871,128.35869377694,123.214816387402,112.966226725469
"PHJJKLOP_02726",38.1171002308096,46.4134831303775,29.8677174742071,46.4276126427229,42.5815909574109,42.6100679753963
"PHJJKLOP_02727",61.218373097967,60.238775977724,74.6692936855177,67.365555599245,52.547495224039,48.5556588556841
"PHJJKLOP_02728",19.6360819370838,9.87520917667607,10.667041955074,10.9241441512289,11.7778868605605,12.882113573957
"PHJJKLOP_02729",33.4968456573782,33.5757112006986,33.0678300607293,36.4138138374297,39.8636170665124,33.6916816549645
"PHJJKLOP_02730",1.15506364335787,3.95008367067043,1.0667041955074,1.82069069187149,0,0
"PHJJKLOP_02731",25.4114001538731,19.7504183533521,12.8004503460888,10.0137988052932,22.6497824241548,9.90931813381309
"PHJJKLOP_02732",401.962147888538,374.270427796023,365.879539059037,206.648393527414,183.01024198717,204.13195355655
"PHJJKLOP_02733",0,5.92512550600564,3.20011258652219,0.910345345935743,0.90599129696619,1.98186362676262
"PHJJKLOP_02734",174.414610147038,158.003346826817,167.472558694661,40.9655405671084,52.547495224039,38.646340721871
"PHJJKLOP_02735",211.37664673449,194.541620780518,198.406980364376,80.1103904423454,77.9152515390923,65.4014996831664
"PHJJKLOP_02736",110.886109762355,109.614821861104,134.404728633932,168.413888998112,170.326363829644,174.40399915511
"PHJJKLOP_02737",42.7373548042411,36.5382739537014,36.2679426472515,19.1172522646506,16.3078433453914,26.7551589612953
"PHJJKLOP_02738",24.2563365105152,22.712981106355,12.8004503460888,8.19310811342168,6.34193907876333,16.8458408274823
"PHJJKLOP_02739",33.4968456573782,13.8252928473465,22.4007881056553,15.4758708809076,9.96590426662809,16.8458408274823
"PHJJKLOP_02740",6.93038186014721,8.88768825900846,5.33352097753698,4.55172672967871,7.24793037572952,5.94559088028785
"PHJJKLOP_02741",17.325954650368,16.7878556003493,12.8004503460888,15.4758708809076,19.9318085332562,10.9002499471944
"PHJJKLOP_02742",4.62025457343147,3.95008367067043,2.13340839101479,2.73103603780723,2.71797389089857,2.97279544014393
"PHJJKLOP_02743",5.77531821678934,6.91264642367325,11.7337461505814,13.6551801890361,2.71797389089857,4.95465906690654
"PHJJKLOP_02744",105.110791545566,78.0141524957409,69.3357727079808,84.6621171720241,70.6673211633628,64.4105678697851
"PHJJKLOP_02745",727.690095315457,749.528376509713,713.625106794448,1559.42157758793,1451.39805773984,1483.42492463182
"PHJJKLOP_02746",591.392585399228,581.64982050622,562.153111032398,251.255315478265,229.215798132446,247.732953345327
"PHJJKLOP_02747",4.62025457343147,5.92512550600564,9.60033775956657,4.55172672967871,2.71797389089857,1.98186362676262
"PHJJKLOP_02748",16.1708910070102,22.712981106355,24.5341964966701,19.1172522646506,18.1198259393238,15.8549090141009
"PHJJKLOP_02749",0,0,0,0,0,0
"PHJJKLOP_02750",0,0,0,0,0,0
"PHJJKLOP_02751",0,0,0,0,0,0
"PHJJKLOP_02752",0,0,0,0,0,0
"PHJJKLOP_02753",0,0,0,0,0,0
"PHJJKLOP_02769",0,0,0,0,3.62396518786476,3.96372725352524
"PHJJKLOP_02770",0,0.987520917667607,3.20011258652219,2.73103603780723,2.71797389089857,2.97279544014393
"PHJJKLOP_02771",229.857665028216,218.242122804541,208.007318123942,308.607072272217,369.644449162205,351.780793750365
"PHJJKLOP_02772",431.993802615843,386.120678808034,391.480439751214,770.152162661638,884.247505839001,872.019995775552
"PHJJKLOP_02773",464.335584629863,408.833659914389,430.948494984988,138.372492582233,105.094990448078,128.82113573957
"PHJJKLOP_02774",261.044383398878,249.842792169904,261.342527899312,90.1241892476385,96.0350774784161,106.0297040318
"PHJJKLOP_02775",70.45888224483,88.8768825900846,92.8032650091435,30.0413964158795,29.8977127998843,32.7007498415832
"PHJJKLOP_02776",443.544439049421,414.758785420395,490.683929933402,140.193183274104,124.120807684368,101.075044964894
"PHJJKLOP_02777",343.053902077287,372.295385960688,412.814523661362,165.682852960305,181.198259393238,187.286112729067
"PHJJKLOP_02778",382.326065951454,393.033325231707,418.148044638899,241.241516672972,292.635188920079,247.732953345327
"PHJJKLOP_02779",227.5475377415,252.805354922907,226.141289447568,54.6207207561446,49.8295213331404,51.5284542958281
"PHJJKLOP_02780",1948.59236634472,1955.29141698186,2018.20433789999,388.717462714562,404.072118446921,381.508748151804
"PHJJKLOP_02781",818.940123140728,683.364475025984,858.696877383454,185.710450570892,135.898694544929,163.503749207916
"PHJJKLOP_02782",945.997123910094,911.481807007201,892.831411639691,149.296636733462,154.018520484252,135.757658433239
"PHJJKLOP_02783",139.762700846302,145.165574897138,169.605967085676,40.9655405671084,46.2055561452757,50.5375224824468
"PHJJKLOP_02784",1701.40874666614,1791.36294464904,1747.26147224112,536.193408756153,524.568960943424,536.094111039288
"PHJJKLOP_02785",1039.55727902208,1001.34621051495,1011.23557734101,980.441937572795,1027.39413075966,1147.49903989556
"PHJJKLOP_02786",128.212064412723,134.302844802794,147.205178980021,94.6759159773172,96.0350774784161,69.3652269366916
"PHJJKLOP_02787",123.591809839292,118.502510120113,110.937236332769,35.503468491494,23.5557737211209,34.6826134683458
"PHJJKLOP_02788",669.936913147563,585.599904176891,641.089221499945,243.062207364843,233.745754617277,226.92338526432
"PHJJKLOP_02789",597.167903616018,620.163136295257,534.418801949206,156.579399500948,200.224076629528,175.394930968492
"PHJJKLOP_02790",0,0,0,0,0,0
"PHJJKLOP_02791",162.863973713459,172.816160591831,172.806079672198,73.7379730207952,71.573312460329,59.4559088028785
"PHJJKLOP_02792",46.2025457343147,58.2637341423888,43.7348720158032,26.4000150321365,17.2138346423576,17.8367726408636
"PHJJKLOP_02793",0,0,0,0,0,0
"PHJJKLOP_02794",0,0,0,0,0,0
"PHJJKLOP_02795",0,0,0,0,0,0
"PHJJKLOP_02796",0,0,0,0,0,0
"PHJJKLOP_02797",61.218373097967,62.2138178130592,49.0683929933402,33.6827777996225,25.3677563150533,35.6735452817271
"PHJJKLOP_02798",114.351300692429,116.527468284778,103.470306964217,43.6965766049157,48.0175387392081,36.6644770951084
"PHJJKLOP_02799",158.243719140028,133.315323885127,157.872220935095,64.6345195614377,62.5133994906671,58.4649769894972
"PHJJKLOP_02800",21.9462092237995,13.8252928473465,13.8671545415962,6.3724174215502,6.34193907876333,7.92745450705047
"PHJJKLOP_02801",243.71842874851,235.02997840489,243.208556575686,121.98627635539,114.15490341774,103.056908591656
"PHJJKLOP_02802",40.4272275175254,38.5133157890367,51.201801384355,17.2965615727791,28.9917215029181,19.8186362676262
"PHJJKLOP_02803",40.4272275175254,48.3885249657127,28.8010132786997,11.8344894971647,24.4617650180871,22.7914317077701
"PHJJKLOP_02804",34.651909300736,38.5133157890367,52.2685055798624,20.9379429565221,14.495860751459,15.8549090141009
"PHJJKLOP_02805",314.17731099334,276.50585694693,273.076274049893,98.3172973610602,99.6590426662809,93.147590457843
"PHJJKLOP_02806",63.5285003846827,65.176380566062,52.2685055798624,20.0275976105863,25.3677563150533,22.7914317077701
"PHJJKLOP_02807",77.3892641049772,80.9767152487437,75.7359978810251,40.0551952211727,40.7696083634785,26.7551589612953
"PHJJKLOP_02808",19.6360819370838,30.6131484476958,23.4674923011627,8.19310811342168,6.34193907876333,3.96372725352524
"PHJJKLOP_02809",361.534920371013,422.658952761736,404.280890097303,130.179384468811,144.052616217624,141.703249313527
"PHJJKLOP_02810",246.028556035226,274.530815111595,250.675485944238,83.7517718260883,91.5051209935852,104.047840405037
"PHJJKLOP_02811",227.5475377415,255.76791767591,251.742190139746,114.703513587904,93.3171035875176,88.1929313909365
"PHJJKLOP_02812",49.6677366643883,54.3136504717184,49.0683929933402,13.6551801890361,20.8377998302224,22.7914317077701
"PHJJKLOP_02813",883.623687168769,829.51757084079,819.22882214968,396.000225482048,359.678544895577,391.418066285617
"PHJJKLOP_02814",1454.22512698756,1357.84126179296,1320.57979403816,715.531441905494,718.451098494189,694.643201180298
"PHJJKLOP_02815",155.933591853312,148.128137650141,150.405291566543,90.1241892476385,95.1290861814499,97.1113177113683
"PHJJKLOP_02816",851.281905154749,731.752999991696,780.827471111414,355.945030260875,273.609371683789,285.388362253817
"PHJJKLOP_02817",69.3038186014721,65.176380566062,50.1350971888476,23.6689789943293,18.1198259393238,17.8367726408636
"PHJJKLOP_02818",5.77531821678934,4.93760458833803,9.60033775956657,4.55172672967871,6.34193907876333,1.98186362676262
"PHJJKLOP_02819",2.31012728671574,5.92512550600564,6.40022517304438,3.64138138374297,1.81198259393238,0.990931813381309
"PHJJKLOP_02820",3.4651909300736,1.97504183533521,4.26681678202959,0.910345345935743,0.90599129696619,0
"PHJJKLOP_02821",5.77531821678934,0.987520917667607,3.20011258652219,0.910345345935743,3.62396518786476,4.95465906690654
"PHJJKLOP_02822",31.1867183706624,32.588190283031,25.6009006921775,11.8344894971647,11.7778868605605,7.92745450705047
"PHJJKLOP_02823",18.4810182937259,14.8128137650141,24.5341964966701,8.19310811342168,6.34193907876333,5.94559088028785
"PHJJKLOP_02824",19.6360819370838,21.7254601886873,27.7343090831923,10.9241441512289,12.6838781575267,13.8730453873383
"PHJJKLOP_02825",20.7911455804416,25.6755438593578,24.5341964966701,18.2069069187149,18.1198259393238,17.8367726408636
"PHJJKLOP_02826",11.5506364335787,26.6630647770254,16.0005629326109,53.7103754102088,48.0175387392081,56.4831133627346
"PHJJKLOP_02827",35.8069729440939,67.1514224013972,51.201801384355,173.875961073727,190.2581723629,216.023135317125
"PHJJKLOP_02828",4.62025457343147,3.95008367067043,6.40022517304438,2.73103603780723,4.52995648483095,0.990931813381309
"PHJJKLOP_02829",1286.74089870066,1357.84126179296,1363.24796185845,935.835015621944,985.718531099215,915.620995564329
"PHJJKLOP_02830",97.0253460420609,113.564905531775,108.803827941754,141.10352862004,141.334642326726,143.68511294029
"PHJJKLOP_02831",317.642501923414,353.532488525003,395.747256533244,827.50391945559,696.707307367,686.715746673247
"PHJJKLOP_02832",30.0316547273046,23.7005020240226,28.8010132786997,34.5931231455582,43.4875822543771,45.5828634155402
"PHJJKLOP_02833",128.212064412723,128.377719296789,120.537574092336,264.910495667301,264.549458714127,282.415566813673
"PHJJKLOP_02834",533.639403231335,541.161462881848,516.28483062558,802.014249769389,853.443801742151,710.498110194398
"PHJJKLOP_02835",309.557056419909,313.044130900631,268.809457267864,458.814054351614,399.54216196209,353.762657377127
"PHJJKLOP_02836",6966.1888330913,7283.95428871627,6991.17929735548,2967.72582775052,3159.1916525211,3225.48305255616
"PHJJKLOP_02837",12.7057000769365,5.92512550600564,7.46692936855177,9.10345345935743,6.34193907876333,8.91838632043178
"PHJJKLOP_02838",12.7057000769365,14.8128137650141,11.7337461505814,6.3724174215502,3.62396518786476,11.8911817605757
"PHJJKLOP_02839",140.91776448966,121.465072873116,106.67041955074,170.234579689984,201.130067926494,186.295180915686
"PHJJKLOP_02840",285.300719909393,263.668085017251,253.87559853076,180.248378495277,221.967867756717,203.141021743168
"PHJJKLOP_02841",308.401992776551,352.544967607336,379.746693600633,31.862087107751,48.0175387392081,40.6282043486337
"PHJJKLOP_02842",2.31012728671574,0,1.0667041955074,0.910345345935743,0,0
"PHJJKLOP_02843",173.25954650368,168.866076921161,161.072333521617,919.4487993951,846.195871366421,810.582223345911
"PHJJKLOP_02844",179.03486472047,164.91599325049,187.739938409302,173.875961073727,225.591832944581,160.530953767772
"PHJJKLOP_02845",197.515883014195,209.354434545533,236.808331402642,4231.28516790933,4805.37783910867,4763.40922692395
"PHJJKLOP_02846",1099.62058847669,1126.76136705874,1125.3729262603,7682.40437435173,8261.73463703469,7996.81973398716
"PHJJKLOP_02847",401.962147888538,478.947645068789,412.814523661362,2630.8980497543,2545.83554447499,2576.4227147914
"PHJJKLOP_02848",292.231101769541,341.682237512992,326.411483825263,165.682852960305,183.916233284137,220.977794384032
"PHJJKLOP_02849",150.158273636523,179.728807015504,186.673234213794,123.806967047261,109.624946932909,120.89368123252
"PHJJKLOP_02850",40.4272275175254,41.4758785420395,43.7348720158032,35.503468491494,50.7355126301066,38.646340721871
"PHJJKLOP_02851",12.7057000769365,10.8627300943437,7.46692936855177,12.7448348431004,6.34193907876333,11.8911817605757
"PHJJKLOP_02852",2.31012728671574,0,1.0667041955074,0,1.81198259393238,2.97279544014393
"PHJJKLOP_02853",98.1804096854188,99.7396126844283,78.9361104675473,133.820765852554,108.718955635943,120.89368123252
"PHJJKLOP_02854",289.920974482825,290.331149794276,296.543766351056,556.221006366739,525.47495224039,536.094111039288
"PHJJKLOP_02855",83.1645823217665,92.826966260755,61.868843339429,289.489820007566,275.421354277722,310.16165758835
"PHJJKLOP_02856",237.943110531721,274.530815111595,234.674923011627,477.931306616265,400.448153259056,440.964656954682
"PHJJKLOP_02857",0,0,0,0,0,0
"PHJJKLOP_02858",87.784836895198,130.352761132124,107.737123746247,132.910420506618,140.428651029759,145.666976567052
"PHJJKLOP_02859",0,1.97504183533521,0,0,0,0
"PHJJKLOP_02860",2161.12407672257,1975.04183533521,1970.20264910216,976.800556189052,1089.00153895336,1022.64163140951
"PHJJKLOP_02861",695.348313301437,713.97762347368,712.558402598941,855.724625179598,987.530513693147,904.720745617135
"PHJJKLOP_02862",31.1867183706624,37.5257948713691,32.0011258652219,56.4414114480161,81.5392167269571,74.3198860035982
"PHJJKLOP_02863",368.46530223116,383.158116055031,358.412609690485,598.096892279783,619.698047124874,676.806428539434
"PHJJKLOP_02864",376.550747734665,438.459287444417,401.080777510781,276.744985164466,330.686823392659,282.415566813673
"PHJJKLOP_02865",991.044606001051,910.494286089533,905.63186198578,487.034760075622,462.961552749723,449.883043275114
"PHJJKLOP_02866",1848.10182937259,1846.66411603842,1828.33099109968,1173.43515091117,1230.33618128009,1203.98215325829
"PHJJKLOP_02867",459.715330056431,442.409371115088,391.480439751214,450.620946238193,530.910900022187,496.456838504036
"PHJJKLOP_02868",55.4430548811777,44.4384412950423,34.1345342562367,14.5655255349719,23.5557737211209,15.8549090141009
"PHJJKLOP_02869",0,1.97504183533521,0,1.82069069187149,1.81198259393238,0.990931813381309
"PHJJKLOP_02870",16.1708910070102,11.8502510120113,8.53363356405917,17.2965615727791,13.5898694544928,20.8095680810075
"PHJJKLOP_02871",3.4651909300736,6.91264642367325,4.26681678202959,3.64138138374297,4.52995648483095,2.97279544014393
"PHJJKLOP_02872",337.278583860497,357.482572195674,365.879539059037,448.800255546321,436.687805137704,453.846770528639
"PHJJKLOP_02873",65.8386276713985,61.2262968953916,70.4024769034882,30.9517417618153,39.8636170665124,33.6916816549645
"PHJJKLOP_02874",84.3196459651244,93.8144871784226,88.5364482271139,93.7655706313815,104.188999151112,96.120385897987
"PHJJKLOP_02875",487.43685749702,574.737174082547,526.951872580654,451.531291584128,450.277674592196,422.136952500438
"PHJJKLOP_02876",243.71842874851,251.81783400524,213.340839101479,137.462147236297,138.616668435827,146.657908380434
"PHJJKLOP_02877",24.2563365105152,33.5757112006986,30.9344216697145,16.3862162268434,17.2138346423576,8.91838632043178
"PHJJKLOP_02878",5.77531821678934,2.96256275300282,8.53363356405917,3.64138138374297,2.71797389089857,3.96372725352524
"PHJJKLOP_02879",0,0.987520917667607,1.0667041955074,0.910345345935743,0,0
"PHJJKLOP_02880",1.15506364335787,0.987520917667607,0,1.82069069187149,0,0
"PHJJKLOP_02881",181.344992007185,173.803681509499,161.072333521617,214.841501640835,217.437911271886,233.859907957989
"PHJJKLOP_02882",118.97155526586,124.427635626118,107.737123746247,157.489744846883,154.018520484252,142.694181126908
"PHJJKLOP_02883",3.4651909300736,2.96256275300282,2.13340839101479,3.64138138374297,6.34193907876333,2.97279544014393
"PHJJKLOP_02884",71.6139458881878,110.602342778772,67.202364316966,177.51734245747,147.676581405489,178.367726408636
"PHJJKLOP_02885",1815.76004735857,1938.50356138151,1870.99915891997,3746.98144387152,4315.23654744996,4200.55995692337
"PHJJKLOP_02886",2729.41538925464,2874.6733913304,2742.49648664952,6582.70719646136,5957.79876884967,5578.94610933677
"PHJJKLOP_02887",35.8069729440939,39.5008367067043,29.8677174742071,50.0689940264659,65.2313733815657,71.3470905634542
"PHJJKLOP_02888",397.341893315107,426.609036432406,373.346468427589,812.938393920618,764.656654639464,779.86333713109
"PHJJKLOP_02889",663.006531287416,721.87779081502,723.225444554015,1528.46983582611,1419.68836234602,1463.60628836419
"PHJJKLOP_02890",61.218373097967,74.0640688250705,64.0022517304438,170.234579689984,191.164163659866,186.295180915686
"PHJJKLOP_02891",199.826010300911,187.628974356845,186.673234213794,425.131276551992,385.952292507597,448.892111461733
"PHJJKLOP_02892",172.104482860322,160.96590957982,168.539262890169,557.131351712675,548.124734664545,605.45933797598
"PHJJKLOP_02893",136.297509916228,119.49003103778,135.471432829439,246.703588748586,243.711658883905,244.760157905183
"PHJJKLOP_02894",225.237410454784,205.404350874862,235.741627207135,246.703588748586,282.669284653451,250.705748785471
"PHJJKLOP_02895",250.648810608657,266.630647770254,268.809457267864,240.331171327036,259.11351093233,280.43370318691
"PHJJKLOP_02896",36.9620365874518,36.5382739537014,35.2012384517441,51.8896847183373,44.3935735513433,44.5919316021589
"PHJJKLOP_02897",71.6139458881878,96.7770499314254,98.1367859866805,74.6483183667309,66.1373646785319,88.1929313909365
"PHJJKLOP_02898",15.0158273636523,26.6630647770254,13.8671545415962,21.8482883024578,20.8377998302224,20.8095680810075
"PHJJKLOP_02899",15.0158273636523,15.8003346826817,21.3340839101479,16.3862162268434,14.495860751459,13.8730453873383
"PHJJKLOP_02900",714.98439523852,698.177288790998,905.63186198578,143.834564657847,122.308825090436,117.920885792376
"PHJJKLOP_02901",219.462092237995,169.853597838828,250.675485944238,132.910420506618,138.616668435827,137.739522060002
"PHJJKLOP_02902",16.1708910070102,14.8128137650141,21.3340839101479,20.9379429565221,29.8977127998843,20.8095680810075
"PHJJKLOP_02903",267.974765259025,251.81783400524,257.075711117283,134.73111119849,121.402833793469,114.948090352232
"PHJJKLOP_02904",138.607637202944,123.440114708451,129.071207656395,52.8000300642731,41.6755996604447,69.3652269366916
"PHJJKLOP_02905",135.142446272871,154.053263156147,147.205178980021,36.4138138374297,41.6755996604447,53.5103179225907
"PHJJKLOP_02906",204.446264874343,155.040784073814,155.73881254408,50.0689940264659,49.8295213331404,50.5375224824468
"PHJJKLOP_02907",382.326065951454,364.395218619347,371.213060036574,131.089729814747,134.086711950996,143.68511294029
"PHJJKLOP_02908",1138.89275235086,1132.68649256474,1050.70363257479,310.427762964088,317.096953938167,318.0891120954
"PHJJKLOP_02909",723.069840742025,802.854506063764,773.360541742862,203.007012143671,216.531919974919,228.905248891082
"PHJJKLOP_02910",222.927283168069,214.292039133871,227.207993643075,77.3793544045381,69.7613298663966,71.3470905634542
"PHJJKLOP_02911",243.71842874851,186.641453439178,198.406980364376,172.055270381855,121.402833793469,158.549090141009
"PHJJKLOP_02912",30.0316547273046,27.650585694693,40.5347594292811,6.3724174215502,7.24793037572952,0
"PHJJKLOP_02913",2.31012728671574,3.95008367067043,5.33352097753698,3.64138138374297,0.90599129696619,0.990931813381309
"PHJJKLOP_02914",9.24050914686294,16.7878556003493,17.0672671281183,31.862087107751,35.3336605816814,32.7007498415832
"PHJJKLOP_02915",68.1487549581142,98.7520917667607,96.0033775956657,39.1448498752369,46.2055561452757,46.5737952289215
"PHJJKLOP_02916",0,0,1.0667041955074,1.82069069187149,1.81198259393238,1.98186362676262
"PHJJKLOP_02917",25.4114001538731,24.6880229416902,25.6009006921775,39.1448498752369,29.8977127998843,25.764227147914
"PHJJKLOP_02918",1754.5416742606,1686.68572737627,1629.9240107353,2313.18752402272,2307.55983337289,2328.68976144608
"PHJJKLOP_02919",233.322855958289,199.479225368857,199.473684559883,319.531216423446,250.959589259635,261.605998732666
"PHJJKLOP_02920",274.905147119173,255.76791767591,251.742190139746,256.717387553879,271.797389089857,257.64227147914
"PHJJKLOP_02921",143.227891776376,148.128137650141,158.938925130602,118.344894971647,113.248912120774,82.2473405106486
"PHJJKLOP_02922",23.1012728671574,28.6381066123606,42.6681678202959,14.5655255349719,22.6497824241548,22.7914317077701
"PHJJKLOP_02923",515.158384937609,497.710542504474,473.616662805284,460.634745043486,457.525604967926,480.601929489935
"PHJJKLOP_02924",377.705811378023,413.771264502727,353.079088712948,465.186471773165,476.551422204216,515.284542958281
"PHJJKLOP_02925",8.08544550350508,10.8627300943437,4.26681678202959,32.7724324536867,57.07745170887,72.3380223768356
"PHJJKLOP_02926",451.629884552926,431.546641020744,427.748382398466,553.489970328932,563.52658671297,573.749519947778
"PHJJKLOP_02927",57.7531821678934,55.301171389386,64.0022517304438,121.075931009454,164.890416047847,158.549090141009
"PHJJKLOP_02928",673.402104077637,652.751326578288,669.890234778645,643.61415957657,627.85196879757,654.014996831664
"PHJJKLOP_02929",91.2500278252716,121.465072873116,97.0700817911731,189.351831954634,155.830503078185,166.47654464806
"PHJJKLOP_02930",151.313337279881,173.803681509499,162.139037717124,106.510405474482,126.838781575267,95.1294540846057
"PHJJKLOP_02931",0,0,0,0.910345345935743,0,0
"PHJJKLOP_02932",531.329275944619,476.972603233454,435.215311767018,390.538153406434,320.720919126031,372.590361831372
"PHJJKLOP_02933",18.4810182937259,17.7753765180169,18.1339713236257,18.2069069187149,32.6156866907828,28.737022588058
"PHJJKLOP_02934",899.794578175779,904.569160583528,840.562906059828,669.103829262771,693.989333476101,670.860837659146
"PHJJKLOP_02935",38.1171002308096,63.2013387307268,64.0022517304438,22.7586336483936,26.2737476120195,23.7823635211514
"PHJJKLOP_02936",51.9778639511041,54.3136504717184,52.2685055798624,9.10345345935743,9.0599129696619,11.8911817605757
"PHJJKLOP_02937",306.091865489835,302.181400806288,300.810583133086,59.1724474858233,55.2654691149376,66.3924314965477
"PHJJKLOP_02938",234.477919601647,234.042457487223,192.006755191331,45.5172672967871,46.2055561452757,34.6826134683458
"PHJJKLOP_02939",3268.83011070277,3112.6659324883,2911.03574953968,199.365630759928,163.98442475088,190.258908169211
"PHJJKLOP_02940",11916.7916085231,11705.0854371141,10529.4371138535,522.538228567116,524.568960943424,465.737952289215
"PHJJKLOP_02941",39749.2051588743,38064.9812924156,35862.5950529587,962.23503065408,924.111122905514,850.219495881163
"PHJJKLOP_02942",51.9778639511041,49.3760458833803,64.0022517304438,76.4690090586024,95.1290861814499,101.075044964894
"PHJJKLOP_02943",72.7690095315457,86.9018407547494,78.9361104675473,32.7724324536867,31.7096953938166,29.7279544014393
"PHJJKLOP_02944",9.24050914686294,3.95008367067043,6.40022517304438,7.28276276748594,24.4617650180871,17.8367726408636
"PHJJKLOP_02945",3.4651909300736,3.95008367067043,8.53363356405917,2.73103603780723,4.52995648483095,4.95465906690654
"PHJJKLOP_02946",191.740564797406,189.60401619218,184.53982582278,192.993213338377,181.198259393238,187.286112729067
"PHJJKLOP_02947",311.867183706624,364.395218619347,334.945117389322,229.407027175807,216.531919974919,247.732953345327
"PHJJKLOP_02948",355.759602154223,359.457614031009,314.677737674682,256.717387553879,257.301528338398,251.696680598852
"PHJJKLOP_02949",567.136248888713,582.637341423888,617.621729198783,421.489895168249,443.935735513433,499.42963394418
"PHJJKLOP_02950",351.139347580792,363.407697701679,339.211934171352,225.765645792064,221.967867756717,240.796430651658
"PHJJKLOP_02951",8.08544550350508,6.91264642367325,16.0005629326109,10.0137988052932,22.6497824241548,21.8004998943888
"PHJJKLOP_02952",2300.88677756887,2293.02357082418,2290.21390775438,1981.82181810211,2023.98455742247,1808.45055942089
"PHJJKLOP_02953",2961.58318156957,2814.43461535268,2920.63608729925,2099.25636772782,2097.36985247673,2036.36487649859
"PHJJKLOP_02954",16619.055700633,15526.7913884878,15868.291612368,1814.31827444994,1972.3430534954,1846.10596832938
"PHJJKLOP_02955",124.74687348265,121.465072873116,117.337461505814,17.2965615727791,27.1797389089857,30.7188862148206
"PHJJKLOP_02956",61.218373097967,49.3760458833803,54.4019139708772,53.7103754102088,52.547495224039,47.5647270423028
"PHJJKLOP_02957",78.544327748335,81.9642361664113,96.0033775956657,43.6965766049157,29.8977127998843,44.5919316021589
"PHJJKLOP_02958",11.5506364335787,5.92512550600564,9.60033775956657,2.73103603780723,9.96590426662809,5.94559088028785
"PHJJKLOP_02959",19.6360819370838,19.7504183533521,17.0672671281183,12.7448348431004,10.8718955635943,10.9002499471944
"PHJJKLOP_02960",129.367128056081,108.627300943437,104.537011159725,129.269039122875,121.402833793469,115.939022165613
"PHJJKLOP_02961",3.4651909300736,3.95008367067043,3.20011258652219,6.3724174215502,7.24793037572952,5.94559088028785
"PHJJKLOP_02962",426.218484399053,407.846138996721,426.681678202959,258.538078245751,276.327345574688,312.143521215112
"PHJJKLOP_02963",175.569673790396,170.841118756496,156.805516739587,57.3517567939518,55.2654691149376,63.4196360564038
"PHJJKLOP_02964",0,0,0,0,0,0
"PHJJKLOP_02965",226.392474098142,248.855271252237,261.342527899312,132.910420506618,136.804685841895,115.939022165613
"PHJJKLOP_02966",428.528611685769,354.520009442671,332.811708998308,197.544940068056,205.660024411325,204.13195355655
"PHJJKLOP_02967",133.987382629513,127.390198379121,126.93779926538,127.448348431004,135.898694544929,164.494681021297
"PHJJKLOP_02968",489.746984783736,454.259622127099,454.415987286151,373.241591833655,363.302510083442,339.889611989789
"PHJJKLOP_02969",4.62025457343147,5.92512550600564,8.53363356405917,2.73103603780723,5.43594778179714,11.8911817605757
"PHJJKLOP_02970",447.009629979495,408.833659914389,483.217000564851,197.544940068056,195.694120144697,201.159158116406
"PHJJKLOP_02971",188.275373867332,188.616495274513,202.673797146405,37.3241591833655,37.1456431756138,40.6282043486337
"PHJJKLOP_02972",384.63619323817,341.682237512992,419.214748834407,38.2345045293012,46.2055561452757,37.6554089084897
"PHJJKLOP_02973",974.873714994041,823.592445334784,1059.23726613884,68.2759009451807,50.7355126301066,54.501249735972
"PHJJKLOP_02974",392.721638741675,402.908534408384,421.348157225422,15.4758708809076,10.8718955635943,5.94559088028785
"PHJJKLOP_02975",1059.19336095916,1001.34621051495,1122.17281367378,53.7103754102088,67.0433559754981,56.4831133627346
"PHJJKLOP_02976",62.3734367413249,49.3760458833803,83.2029272495769,63.724174215502,87.8811558057204,64.4105678697851
"PHJJKLOP_02977",65.8386276713985,102.702175437431,86.4030398360991,92.8552252854458,93.3171035875176,96.120385897987
"PHJJKLOP_02978",20.7911455804416,20.7379392710197,24.5341964966701,5.46207207561446,9.96590426662809,2.97279544014393
"PHJJKLOP_02979",0,0,1.0667041955074,0,0,0
"PHJJKLOP_02980",380.015938664739,367.35778137235,416.014636247885,441.517492778835,437.59379643467,419.164157060294
"PHJJKLOP_02981",77.3892641049772,101.714654519763,93.8699692046509,78.2896997504739,69.7613298663966,103.056908591656
"PHJJKLOP_02982",0,0,0,0,0,0
"PHJJKLOP_02983",1181.6301071551,1279.82710929722,1168.0410940806,333.186396612482,286.293249841316,333.944021109501
"PHJJKLOP_02984",1.15506364335787,0.987520917667607,3.20011258652219,0,0.90599129696619,0
"PHJJKLOP_02985",1091.53514297319,1006.28381510329,983.501268257819,1094.23510581476,946.760905329669,961.20385897987
"PHJJKLOP_02986",757.721750042761,815.692277993443,819.22882214968,196.63459472212,131.368738060098,190.258908169211
"PHJJKLOP_02987",1840.01638386908,1920.72818486349,1733.39431769952,448.800255546321,592.518308215888,644.105678697851
"PHJJKLOP_02988",28.8765910839467,25.6755438593578,37.3346468427589,76.4690090586024,53.4534865210052,50.5375224824468
"PHJJKLOP_02989",109.731046118997,89.8644035077522,126.93779926538,203.007012143671,131.368738060098,153.594431074103
"PHJJKLOP_02990",38.1171002308096,47.4010040480451,49.0683929933402,72.8276276748594,66.1373646785319,77.2926814437421
"PHJJKLOP_02991",198.670946657553,218.242122804541,289.076836982504,415.117477746699,361.49052748951,381.508748151804
"PHJJKLOP_02992",26.566463797231,24.6880229416902,41.6014636247885,58.2621021398875,55.2654691149376,58.4649769894972
"PHJJKLOP_02993",9.24050914686294,3.95008367067043,1.0667041955074,10.0137988052932,8.15392167269571,11.8911817605757
"PHJJKLOP_02994",19.6360819370838,25.6755438593578,36.2679426472515,52.8000300642731,30.8037040968505,41.619136162015
"PHJJKLOP_02995",12.7057000769365,15.8003346826817,19.2006755191331,31.862087107751,28.0857302059519,39.6372725352524
"PHJJKLOP_02996",34.651909300736,37.5257948713691,53.3352097753698,66.4552102533092,54.3594778179714,57.4740451761159
"PHJJKLOP_02997",30.0316547273046,28.6381066123606,33.0678300607293,55.5310661020803,57.07745170887,46.5737952289215
"PHJJKLOP_02998",1178.16491622503,1281.80215113255,1217.10948707394,2274.04267414749,2471.54425812377,2253.3789436291
"PHJJKLOP_02999",6.93038186014721,6.91264642367325,9.60033775956657,33.6827777996225,34.4276692847152,41.619136162015
"PHJJKLOP_03000",255.269065182089,277.493377864597,261.342527899312,372.331246487719,398.636170665124,447.901179648352
"PHJJKLOP_03001",158.243719140028,129.365240214456,150.405291566543,336.827777996225,355.148588410746,397.363657165905
"PHJJKLOP_03002",3.4651909300736,7.90016734134085,5.33352097753698,12.7448348431004,9.96590426662809,14.8639772007196
"PHJJKLOP_03003",188.275373867332,193.554099862851,149.338587371035,188.441486608699,153.112529187286,170.440271901585
"PHJJKLOP_03004",18.4810182937259,16.7878556003493,8.53363356405917,16.3862162268434,21.7437911271886,19.8186362676262
"PHJJKLOP_03005",291.076038126183,293.293712547279,279.476499222938,300.413964158795,252.771571853567,206.113817183312
"PHJJKLOP_03006",1121.56679770049,1187.00014303646,1112.57247591421,902.152237822321,746.536828700141,718.425564701449
"PHJJKLOP_03007",210.221583091132,235.02997840489,250.675485944238,199.365630759928,212.907954787055,209.086612623456
"PHJJKLOP_03008",7386.63199927357,7358.01835754134,7608.80102655426,1166.15238814369,1370.76483230985,1117.77108549412
"PHJJKLOP_03009",8444.67029658937,10253.4296881428,9318.72785195262,2167.532268673,2603.81898748083,2449.5834426786
"PHJJKLOP_03010",46.2025457343147,61.2262968953916,51.201801384355,66.4552102533092,59.7954255997685,60.4468406162598
"PHJJKLOP_03011",8.08544550350508,17.7753765180169,22.4007881056553,15.4758708809076,12.6838781575267,16.8458408274823
"PHJJKLOP_03012",544.034976021556,588.562466929894,540.81902712225,432.414039319478,482.893361282979,514.293611144899
"PHJJKLOP_03013",94.7152187553452,116.527468284778,112.003940528277,83.7517718260883,96.9410687753823,89.1838632043178
"PHJJKLOP_03014",35.8069729440939,39.5008367067043,30.9344216697145,25.4896696862008,22.6497824241548,22.7914317077701
"PHJJKLOP_03015",15.0158273636523,14.8128137650141,12.8004503460888,8.19310811342168,5.43594778179714,6.93652269366916
"PHJJKLOP_03016",20.7911455804416,18.7628974356845,17.0672671281183,14.5655255349719,19.02581723629,18.8277044542449
"PHJJKLOP_03017",688.417931441289,652.751326578288,631.488883740379,188.441486608699,197.506102738629,208.095680810075
"PHJJKLOP_03018",358.069729440939,339.707195677657,318.944554456712,359.586411644618,308.943032265471,309.170725774968
"PHJJKLOP_03019",487.43685749702,432.534161938412,428.815086593973,434.234730011349,544.50076947668,474.656338609647
"PHJJKLOP_03020",164.019037356817,154.053263156147,142.938362197991,290.400165353502,258.207519635364,270.524385053097
"PHJJKLOP_03021",6.93038186014721,1.97504183533521,4.26681678202959,3.64138138374297,4.52995648483095,5.94559088028785
"PHJJKLOP_03022",76.2342004616193,86.9018407547494,90.6698566181287,142.013873965976,139.522659732793,146.657908380434
"PHJJKLOP_03023",43.892418447599,46.4134831303775,50.1350971888476,94.6759159773172,87.8811558057204,105.038772218419
"PHJJKLOP_03024",49.6677366643883,54.3136504717184,38.4013510382663,73.7379730207952,48.9235300361743,69.3652269366916
"PHJJKLOP_03025",0,0,0,0,0,0
"PHJJKLOP_03026",0,0.987520917667607,2.13340839101479,0.910345345935743,0,0
"PHJJKLOP_03027",3.4651909300736,4.93760458833803,7.46692936855177,12.7448348431004,4.52995648483095,7.92745450705047
"PHJJKLOP_03028",51.9778639511041,49.3760458833803,39.4680552337737,88.303498555767,72.4793037572952,72.3380223768356
"PHJJKLOP_03029",0,0,0,0,0,0
"PHJJKLOP_03030",34.651909300736,48.3885249657127,44.8015762113106,62.8138288695663,72.4793037572952,78.2836132571234
"PHJJKLOP_03031",39.2721638741675,35.5507530360338,40.5347594292811,63.724174215502,57.9834430058362,55.4921815493533
"PHJJKLOP_03032",6.93038186014721,7.90016734134085,18.1339713236257,29.1310510699438,19.02581723629,28.737022588058
"PHJJKLOP_03033",240.253237818437,208.366913627865,209.07402231945,33.6827777996225,35.3336605816814,27.7460907746766
"PHJJKLOP_03034",124.74687348265,87.889361672417,106.67041955074,23.6689789943293,19.9318085332562,23.7823635211514
"PHJJKLOP_03035",8.08544550350508,9.87520917667607,16.0005629326109,0.910345345935743,3.62396518786476,2.97279544014393
"PHJJKLOP_03036",15.0158273636523,16.7878556003493,16.0005629326109,14.5655255349719,13.5898694544928,12.882113573957
"PHJJKLOP_03037",10.3955727902208,12.8377719296789,12.8004503460888,25.4896696862008,23.5557737211209,26.7551589612953
"PHJJKLOP_03038",19.6360819370838,30.6131484476958,10.667041955074,30.0413964158795,28.9917215029181,28.737022588058
"PHJJKLOP_03039",18.4810182937259,12.8377719296789,19.2006755191331,34.5931231455582,28.9917215029181,31.7098180282019
"PHJJKLOP_03040",18.4810182937259,42.4633994597071,39.4680552337737,84.6621171720241,59.7954255997685,74.3198860035982
"PHJJKLOP_03041",19.6360819370838,21.7254601886873,23.4674923011627,34.5931231455582,26.2737476120195,31.7098180282019
"PHJJKLOP_03042",0,0,0,0,0,0
"PHJJKLOP_03043",0,0,0,0,0,0
"PHJJKLOP_03044",0,0,0,0,0,0
"PHJJKLOP_03045",0,0,0,0,0,0
"PHJJKLOP_03046",0,0,0,0,0,0
"PHJJKLOP_03047",0,0,0,0,0,0
"PHJJKLOP_03048",0,0,0,0,0,0
"PHJJKLOP_03049",0,0,0,0,0,0
"PHJJKLOP_03050",0,0,0,0,0,0
"PHJJKLOP_03051",0,0,0,0,0,0
"PHJJKLOP_03052",1.15506364335787,0,0,0,0,0
"PHJJKLOP_03053",0,0,0,0,0,0
"PHJJKLOP_03054",0,0,0,0,0,0
"PHJJKLOP_03055",0,0,0,0,0,0
"PHJJKLOP_03056",0,0,1.0667041955074,0.910345345935743,0,0.990931813381309
"PHJJKLOP_03057",0,0,0,0,0,0
"PHJJKLOP_03058",0,0,0,0,0,0
"PHJJKLOP_03059",0,0,0,0,0,0
"PHJJKLOP_03060",55.4430548811777,61.2262968953916,60.8021391439216,38.2345045293012,27.1797389089857,42.6100679753963
"PHJJKLOP_03061",222.927283168069,219.229643722209,215.474247492494,97.4069520151245,109.624946932909,128.82113573957
"PHJJKLOP_03062",0,0,0,0,0,0
"PHJJKLOP_03063",0,0,0,0,0,0
"PHJJKLOP_03064",1235.91809839292,1488.19402292508,1301.37911851902,543.476171523638,471.115474422419,447.901179648352
"PHJJKLOP_03065",451.629884552926,476.972603233454,517.351534821087,174.786306419663,163.98442475088,200.168226303024
"PHJJKLOP_03066",891.709132672274,809.767152487437,873.630736120558,552.579624982996,525.47495224039,539.066906479432
"PHJJKLOP_03067",11580.668088306,12710.3817312998,12924.1880327676,4215.80929702843,4264.50103481986,3913.18973104279
"PHJJKLOP_03068",20.7911455804416,8.88768825900846,25.6009006921775,52.8000300642731,43.4875822543771,46.5737952289215
"PHJJKLOP_03069",242.563365105152,325.88190283031,261.342527899312,324.99328849906,296.259154107944,298.270475827774
"PHJJKLOP_03070",62.3734367413249,76.0391106604057,58.6687307529068,72.8276276748594,68.8553385694304,74.3198860035982
"PHJJKLOP_03071",791.21859570014,724.840353568023,745.62623265967,537.103754102088,508.261117598033,504.384293011086
"PHJJKLOP_03072",0,0.987520917667607,0,0,0.90599129696619,0
"PHJJKLOP_03073",101.645600615492,107.639780025769,106.67041955074,19.1172522646506,23.5557737211209,26.7551589612953
"PHJJKLOP_03074",384.63619323817,391.058283396372,413.88122785687,315.889835039703,265.455450011094,257.64227147914
"PHJJKLOP_03075",495.522303000525,515.485919022491,530.151985167176,403.282988249534,363.302510083442,356.735452817271
"PHJJKLOP_03076",146222.971803603,159501.416058919,155428.401623187,25290.3040554409,23534.9359212907,22307.85698284
"PHJJKLOP_03077",36003.3337634647,35599.1415609996,33572.3811452043,5353.7409794481,5312.73296540974,5259.86606542799
"PHJJKLOP_03078",2188.84560416316,2280.1857988945,2131.27498262378,1248.99381462384,1200.4384684802,1152.45369896246
"PHJJKLOP_03079",615.648921909744,691.264642367325,618.68843339429,278.565675856337,228.30980683548,244.760157905183
"PHJJKLOP_03080",760.031877329477,792.979296887088,832.029272495769,253.986351516072,179.386276799306,182.331453662161
"PHJJKLOP_03081",329.193138356992,395.99588798471,350.945680321933,186.620795916827,169.420372532678,190.258908169211
"PHJJKLOP_03082",3056.29840032492,3058.35228201658,3074.24149145232,1735.11822935353,1872.68401082911,1701.42992357571
"PHJJKLOP_03083",33.4968456573782,47.4010040480451,49.0683929933402,16.3862162268434,19.9318085332562,16.8458408274823
"PHJJKLOP_03084",732.310349888888,631.025866389601,667.75682638763,314.979489693767,258.207519635364,251.696680598852
"PHJJKLOP_03085",285.300719909393,297.24379621795,265.609344681342,428.772657935735,467.491509234554,473.665406796266
"PHJJKLOP_03086",0,0,0,0,0,0
"PHJJKLOP_03087",495.522303000525,492.772937916136,490.683929933402,555.310661020803,641.441838252063,556.903679120296
"PHJJKLOP_03088",962.168014917104,957.895290137578,951.500142392598,1052.35921990172,1039.17201762022,1007.77765420879
"PHJJKLOP_03089",899.794578175779,987.520917667607,868.297215143021,238.510480635165,232.839763320311,340.88054380317
"PHJJKLOP_03090",100.490536972135,91.8394453430874,78.9361104675473,56.4414114480161,32.6156866907828,49.5465906690654
"PHJJKLOP_03091",721.914777098668,750.515897427381,707.224881621404,337.738123342161,363.302510083442,309.170725774968
"PHJJKLOP_03092",237.943110531721,204.416829957195,206.940613928435,172.055270381855,176.668302908407,194.222635422737
"PHJJKLOP_03093",0,0,0,0,0,0
"PHJJKLOP_03094",19.6360819370838,21.7254601886873,25.6009006921775,2.73103603780723,4.52995648483095,5.94559088028785
"PHJJKLOP_03095",1011.83575158149,1066.52259108102,1124.3062220648,755.586637126666,776.434541500025,686.715746673247
"PHJJKLOP_03096",2084.88987626095,2045.15582048961,2071.53954767536,1538.48363463141,1572.80089153331,1650.89240109326
"PHJJKLOP_03097",91.2500278252716,98.7520917667607,78.9361104675473,163.862162268434,139.522659732793,174.40399915511
"PHJJKLOP_03098",0,0,0,0,0,0
"PHJJKLOP_03099",0,0,0,0,0,0
"PHJJKLOP_03100",1.15506364335787,0.987520917667607,0,0,0,0
"PHJJKLOP_03101",0,0,0,0,0,0.990931813381309
"PHJJKLOP_03102",6.93038186014721,6.91264642367325,1.0667041955074,1.82069069187149,0,0
"PHJJKLOP_03103",0,4.93760458833803,2.13340839101479,0.910345345935743,0.90599129696619,0
"PHJJKLOP_03104",0,0,0,0,0,0
"PHJJKLOP_03105",0,0,0,0,0,0
"PHJJKLOP_03106",0,0,0,0,0,0
"PHJJKLOP_03107",0,0,0,0,0,0
"PHJJKLOP_03108",0,0,0,0,0,0
"PHJJKLOP_03109",0,0,0,0,0,0
"PHJJKLOP_03110",0,0,0,0,0,0
"PHJJKLOP_03111",0,0,0,0,0,0
"PHJJKLOP_03112",23.1012728671574,30.6131484476958,29.8677174742071,56.4414114480161,48.0175387392081,58.4649769894972
"PHJJKLOP_03113",46.2025457343147,56.2886923070536,59.7354349484142,127.448348431004,125.026798981334,116.929953978994
"PHJJKLOP_03114",1.15506364335787,0,3.20011258652219,0.910345345935743,0.90599129696619,1.98186362676262
"PHJJKLOP_03115",106.265855188924,94.8020080960902,104.537011159725,243.062207364843,184.822224581103,186.295180915686
"PHJJKLOP_03116",1.15506364335787,0,3.20011258652219,4.55172672967871,3.62396518786476,1.98186362676262
"PHJJKLOP_03117",47.3576093776726,48.3885249657127,60.8021391439216,98.3172973610602,101.471025260213,109.002499471944
"PHJJKLOP_03118",30.0316547273046,31.6006693653634,33.0678300607293,125.627657739133,91.5051209935852,112.966226725469
"PHJJKLOP_03119",4.62025457343147,8.88768825900846,5.33352097753698,34.5931231455582,30.8037040968505,25.764227147914
"PHJJKLOP_03120",38.1171002308096,61.2262968953916,48.0016887978328,71.9172823289237,65.2313733815657,60.4468406162598
"PHJJKLOP_03121",1.15506364335787,0.987520917667607,7.46692936855177,11.8344894971647,5.43594778179714,3.96372725352524
"PHJJKLOP_03122",1.15506364335787,6.91264642367325,2.13340839101479,0,1.81198259393238,0
"PHJJKLOP_03123",0,0,0,0,0,0
"PHJJKLOP_03124",0,0,0,0,0,0
"PHJJKLOP_03125",0,0,0,0,0,0
"PHJJKLOP_03126",2928.0863359122,2521.1409028054,2326.48185040163,373.241591833655,413.132031416583,398.354588979286
"PHJJKLOP_03127",0,0.987520917667607,5.33352097753698,0.910345345935743,0,0
"PHJJKLOP_03128",6.93038186014721,17.7753765180169,5.33352097753698,1.82069069187149,1.81198259393238,2.97279544014393
"PHJJKLOP_03129",0,0,0,0,0,0
"PHJJKLOP_03130",686.107804154574,679.414391355313,664.556713801108,324.99328849906,279.951310762553,302.234203081299
"PHJJKLOP_03131",64.6835640280406,65.176380566062,53.3352097753698,53.7103754102088,49.8295213331404,49.5465906690654
"PHJJKLOP_03132",663.006531287416,678.426870437646,727.492261336044,515.25546579963,431.251857355906,498.438702130798
"PHJJKLOP_03133",123.591809839292,135.290365720462,148.271883175528,139.282837928169,120.496842496503,110.984363098707
"PHJJKLOP_03134",5.77531821678934,9.87520917667607,4.26681678202959,7.28276276748594,5.43594778179714,5.94559088028785
"PHJJKLOP_03135",11.5506364335787,19.7504183533521,16.0005629326109,10.0137988052932,7.24793037572952,12.882113573957
"PHJJKLOP_03136",1375.68079923922,1247.23891901419,1184.04165701321,732.828003478273,779.152515390923,797.700109771954
"PHJJKLOP_03137",1401.09219939309,1355.86621995762,1381.38193318208,625.407252657855,616.980073233975,624.287042430225
"PHJJKLOP_03138",235.632983245005,208.366913627865,217.607655883509,437.876111395092,511.885082785897,488.529383996985
"PHJJKLOP_03139",8.08544550350508,5.92512550600564,6.40022517304438,0,1.81198259393238,0
"PHJJKLOP_03140",10.3955727902208,5.92512550600564,2.13340839101479,0.910345345935743,2.71797389089857,0.990931813381309
"PHJJKLOP_03141",0,0,0,0,0,0
"PHJJKLOP_03142",0,0,0,0,0,0
"PHJJKLOP_03143",0,0,0,0,0,0
"PHJJKLOP_03144",0,0,0,0,0,0
"PHJJKLOP_03145",6.93038186014721,2.96256275300282,2.13340839101479,0,0,0
"PHJJKLOP_03146",1.15506364335787,5.92512550600564,4.26681678202959,0,1.81198259393238,1.98186362676262
"PHJJKLOP_03147",0,0,1.0667041955074,0,0,0
"PHJJKLOP_03148",188.275373867332,269.593210523257,254.942302726268,90.1241892476385,91.5051209935852,83.2382723240299
"PHJJKLOP_03149",304.936801846477,343.657279348327,309.344216697145,142.924219311912,133.18072065403,151.61256744734
"PHJJKLOP_03150",55.4430548811777,64.1888596483944,49.0683929933402,16.3862162268434,14.495860751459,18.8277044542449
"PHJJKLOP_03151",47.3576093776726,42.4633994597071,49.0683929933402,43.6965766049157,51.6415039270728,61.4377724296412
"PHJJKLOP_03152",10.3955727902208,16.7878556003493,17.0672671281183,8.19310811342168,8.15392167269571,16.8458408274823
"PHJJKLOP_03153",33.4968456573782,33.5757112006986,33.0678300607293,24.5793243402651,12.6838781575267,31.7098180282019
"PHJJKLOP_03154",15.0158273636523,31.6006693653634,34.1345342562367,11.8344894971647,24.4617650180871,17.8367726408636
"PHJJKLOP_03155",53.1329275944619,34.5632321183662,58.6687307529068,42.7862312589799,36.2396518786476,39.6372725352524
"PHJJKLOP_03156",54.2879912378198,52.3386086363831,68.2690685124734,49.1586486805301,43.4875822543771,49.5465906690654
"PHJJKLOP_03157",15.0158273636523,19.7504183533521,19.2006755191331,15.4758708809076,9.96590426662809,18.8277044542449
"PHJJKLOP_03158",5.77531821678934,2.96256275300282,12.8004503460888,9.10345345935743,5.43594778179714,5.94559088028785
"PHJJKLOP_03159",24.2563365105152,19.7504183533521,23.4674923011627,12.7448348431004,12.6838781575267,16.8458408274823
"PHJJKLOP_03160",5.77531821678934,3.95008367067043,3.20011258652219,1.82069069187149,0.90599129696619,3.96372725352524
"PHJJKLOP_03161",71.6139458881878,55.301171389386,60.8021391439216,53.7103754102088,67.0433559754981,57.4740451761159
"PHJJKLOP_03162",53.1329275944619,36.5382739537014,40.5347594292811,30.0413964158795,39.8636170665124,35.6735452817271
"PHJJKLOP_03163",54.2879912378198,65.176380566062,49.0683929933402,44.6069219508514,31.7096953938166,32.7007498415832
"PHJJKLOP_03164",1.15506364335787,2.96256275300282,3.20011258652219,0,0.90599129696619,0.990931813381309
"PHJJKLOP_03165",50.8228003077462,74.0640688250705,60.8021391439216,59.1724474858233,35.3336605816814,57.4740451761159
"PHJJKLOP_03166",497.832430287241,447.346975703426,487.48381734688,374.15193717959,354.24259711378,378.53595271166
"PHJJKLOP_03167",1.15506364335787,2.96256275300282,2.13340839101479,10.0137988052932,5.43594778179714,1.98186362676262
"PHJJKLOP_03168",11.5506364335787,5.92512550600564,3.20011258652219,16.3862162268434,18.1198259393238,15.8549090141009
"PHJJKLOP_03169",5.77531821678934,7.90016734134085,8.53363356405917,19.1172522646506,5.43594778179714,14.8639772007196
"PHJJKLOP_03170",20.7911455804416,25.6755438593578,17.0672671281183,22.7586336483936,29.8977127998843,18.8277044542449
"PHJJKLOP_03171",8.08544550350508,9.87520917667607,8.53363356405917,10.9241441512289,8.15392167269571,6.93652269366916
"PHJJKLOP_03172",10.3955727902208,15.8003346826817,23.4674923011627,6.3724174215502,13.5898694544928,5.94559088028785
"PHJJKLOP_03173",2.31012728671574,1.97504183533521,1.0667041955074,1.82069069187149,0,0
"PHJJKLOP_03174",41.5822911608833,31.6006693653634,48.0016887978328,52.8000300642731,39.8636170665124,47.5647270423028
"PHJJKLOP_03175",28.8765910839467,46.4134831303775,40.5347594292811,30.9517417618153,42.5815909574109,31.7098180282019
"PHJJKLOP_03176",137.452573559586,108.627300943437,113.070644723784,101.048333398867,81.5392167269571,84.2292041374113
"PHJJKLOP_03177",5.77531821678934,6.91264642367325,8.53363356405917,4.55172672967871,7.24793037572952,12.882113573957
"PHJJKLOP_03178",43.892418447599,52.3386086363831,30.9344216697145,20.9379429565221,19.9318085332562,15.8549090141009
"PHJJKLOP_03179",1.15506364335787,0,0,0,0,0
"PHJJKLOP_03180",0,0,0,0,0,0
"PHJJKLOP_03181",0,0.987520917667607,0,0,0,0.990931813381309
"PHJJKLOP_03182",0,0,0,0,0,0
"PHJJKLOP_03183",0,0.987520917667607,1.0667041955074,0,0.90599129696619,0.990931813381309
"PHJJKLOP_03184",1.15506364335787,0,0,0,0.90599129696619,0
"PHJJKLOP_03185",1.15506364335787,0,0,0,0,0
"PHJJKLOP_03186",0,2.96256275300282,0,0,0,0.990931813381309
"PHJJKLOP_03187",143.227891776376,174.791202427166,146.138474784513,156.579399500948,144.052616217624,160.530953767772
"PHJJKLOP_03188",237.943110531721,310.081568147628,289.076836982504,276.744985164466,268.173423901992,322.052839348925
"PHJJKLOP_03189",1.15506364335787,2.96256275300282,2.13340839101479,0,3.62396518786476,0
"PHJJKLOP_03190",0,0,0,0,0,0
"PHJJKLOP_03191",0,0,0,0,0,0
"PHJJKLOP_03192",0,0,0,0,0,0
"PHJJKLOP_03193",0,0,0,0,0,0
"PHJJKLOP_03194",0,0,0,0,0,0
"PHJJKLOP_03195",0,0,0,0,0,0
"PHJJKLOP_03196",0,0.987520917667607,3.20011258652219,0.910345345935743,0,1.98186362676262
"PHJJKLOP_03197",0,0,0,0,0,0
"PHJJKLOP_03198",0,0,0,0,0,0
"PHJJKLOP_03199",0,0,0,0,0,0.990931813381309
"PHJJKLOP_03200",1.15506364335787,0,0,0,0,0
"PHJJKLOP_03201",0,0,0,0,0,0
"PHJJKLOP_03202",0,0,0,0,0,0
"PHJJKLOP_03203",0,0,0,0,0,0
"PHJJKLOP_03204",0,0,0,0,0,0
"PHJJKLOP_03205",0,0,0,0,0,0
"PHJJKLOP_03206",0,0,0,0,0,0
"PHJJKLOP_03207",0,0,0,0,0,0
"PHJJKLOP_03208",0,0,0,0,0,0
