"GeneID","baseMean","log2FoldChange","lfcSE","stat","pvalue","padj","ftype","length_bp","gene","EC_number","COG","product"
"PHJJKLOP_00035",14175.5994432833,4.30818415913793,0.0705655514655035,61.0522283134714,0,0,"CDS",1545,"pbuO","","COG2252","Guanine/hypoxanthine permease PbuO"
"PHJJKLOP_00044",781.722407750587,1.22967196075043,0.0894657942843575,13.7446045227302,5.48720726844464e-43,1.89707835585719e-42,"CDS",648,"","","","hypothetical protein"
"PHJJKLOP_00074",22400.7723581867,4.36222223682918,0.0753582458348727,57.886462038777,0,0,"CDS",321,"","","","hypothetical protein"
"PHJJKLOP_00085",2263.24205320351,2.3005823473503,0.0740077844277952,31.0856805826262,3.76105779841014e-212,4.3815591628171e-211,"CDS",471,"crtK-2","","COG3476","Tryptophan-rich protein TspO"
"PHJJKLOP_00087",13344.8226507325,1.02503703152139,0.0685125275619755,14.9613080701796,1.31417313437072e-50,4.99319081764714e-50,"CDS",201,"cspD","","COG1278","Cold shock protein CspD"
"PHJJKLOP_00090",413.221459766894,1.089208567973,0.105623635525804,10.3121669932191,6.20853643965882e-25,1.64353298853568e-24,"CDS",900,"czcD","","COG1230","Cadmium, cobalt and zinc/H(+)-K(+) antiporter"
"PHJJKLOP_00136",675.126238235932,1.75717875444515,0.0911453302485803,19.278867602463,8.08266086366246e-83,4.32906737492046e-82,"CDS",570,"","","","hypothetical protein"
"PHJJKLOP_00137",6358.61043367006,1.13465916643028,0.0561613991832433,20.2035416305801,9.11217953242651e-91,5.10896358054026e-90,"CDS",1233,"pepS","3.4.11.-","COG2309","Aminopeptidase PepS"
"PHJJKLOP_00146",18.3244853407014,2.57429543514713,0.502824341692821,5.11967146713789,3.06068377261073e-07,5.29386898624871e-07,"CDS",1026,"","","","hypothetical protein"
"PHJJKLOP_00150",47.8277206802427,2.39951249741112,0.305786720451024,7.84701341468307,4.26061693310856e-15,9.27055748381325e-15,"CDS",447,"","","","hypothetical protein"
"PHJJKLOP_00154",239.012318787236,4.59697056150462,0.217972099017956,21.0897201165454,9.88446182273332e-99,5.97860175702294e-98,"CDS",2832,"","","","hypothetical protein"
"PHJJKLOP_00155",202.512530079042,3.63061924961906,0.190825820293666,19.0258280773106,1.04227716557176e-80,5.43654674864436e-80,"CDS",789,"","","","hypothetical protein"
"PHJJKLOP_00156",945.763198031287,4.54838157388025,0.117800236045513,38.6109716462957,0,0,"CDS",3120,"","","","hypothetical protein"
"PHJJKLOP_00157",14.3446420021572,4.89665293153361,0.927851767302193,5.27740863798863,1.31023491177968e-07,2.29674667790888e-07,"CDS",288,"","","","hypothetical protein"
"PHJJKLOP_00158",141.474893200984,6.10462717486692,0.424906692054119,14.3669828906564,8.33854890698224e-47,3.02247160139284e-46,"CDS",369,"","","","hypothetical protein"
"PHJJKLOP_00159",195.799888303239,6.02682119266125,0.352807566039565,17.0824601646592,2.00484515787974e-65,8.98578802798196e-65,"CDS",513,"","","","hypothetical protein"
"PHJJKLOP_00160",123.182124343018,5.69319767699448,0.401286388080828,14.187368039625,1.09699208846178e-45,3.92400754223963e-45,"CDS",393,"","","","hypothetical protein"
"PHJJKLOP_00161",183.926764452738,6.01354184643667,0.362013939229541,16.6113544114767,5.76761416814525e-62,2.4990212473845e-61,"CDS",372,"","","","hypothetical protein"
"PHJJKLOP_00162",118.416968353589,6.09061720084156,0.461203535244734,13.2059204568101,8.11022378572023e-40,2.65667505628516e-39,"CDS",327,"","","","hypothetical protein"
"PHJJKLOP_00163",147.220417244186,5.77312584068428,0.377457125472853,15.2947856884463,8.2833042876224e-53,3.2588979023839e-52,"CDS",339,"","","","hypothetical protein"
"PHJJKLOP_00164",49.5921177843434,4.94966958128935,0.511378700229532,9.67906871965471,3.70071525206756e-22,9.32655005445308e-22,"CDS",207,"","","","hypothetical protein"
"PHJJKLOP_00165",483.153707450512,5.90303119400532,0.220030138682924,26.8282846583664,1.51192427152759e-158,1.30452486136992e-157,"CDS",1008,"","","","hypothetical protein"
"PHJJKLOP_00166",129.483471570077,6.51420900708308,0.503186117196025,12.9459235548531,2.47765531524538e-38,7.94229123537973e-38,"CDS",354,"","","","hypothetical protein"
"PHJJKLOP_00167",381.621991758718,3.70085053621421,0.14667572844547,25.2315129124454,1.80731327399586e-140,1.43150686305386e-139,"CDS",642,"","","","hypothetical protein"
"PHJJKLOP_00168",125.43240960858,3.88755104685183,0.249381423981282,15.5887755582935,8.67809782219641e-55,3.47820948857511e-54,"CDS",174,"","","","hypothetical protein"
"PHJJKLOP_00169",477.691508762231,4.75060365227037,0.164483787071655,28.881896123907,2.01558325216563e-183,1.97857582196193e-182,"CDS",954,"","","","hypothetical protein"
"PHJJKLOP_00170",23.7101909953049,4.17328360959204,0.600110618641723,6.95419057746013,3.54591992550013e-12,7.18300693974789e-12,"CDS",264,"","","","hypothetical protein"
"PHJJKLOP_00171",44.3150498874932,4.9367408809383,0.534815288411681,9.23074001044297,2.68768560469479e-20,6.53159959452613e-20,"CDS",231,"","","","hypothetical protein"
"PHJJKLOP_00172",533.346318347042,4.38901196565815,0.147480252429246,29.7599976496093,1.28749126584122e-194,1.3816304121608e-193,"CDS",1635,"","","","hypothetical protein"
"PHJJKLOP_00173",243.387674527744,4.39362226861342,0.205032007850575,21.4289579206357,7.17684736279599e-102,4.46725176802727e-101,"CDS",1302,"","","","hypothetical protein"
"PHJJKLOP_00174",126.902291140396,4.03130306677043,0.25469213533865,15.8281411454273,1.99014178589151e-56,8.15114159638737e-56,"CDS",456,"","","","hypothetical protein"
"PHJJKLOP_00175",57.3292269638988,4.8938124752172,0.469294257450883,10.4280254819214,1.84686162071613e-25,4.93705686823579e-25,"CDS",225,"","","","hypothetical protein"
"PHJJKLOP_00177",384.919363121216,3.36441058929009,0.136740545893091,24.6043378525088,1.13511908523196e-133,8.58218823531433e-133,"CDS",414,"","","","hypothetical protein"
"PHJJKLOP_00178",25.8856513022002,1.0423636730911,0.378955408350992,2.75062355654691,0.00594819548782871,0.00834140388316589,"CDS",276,"","","","hypothetical protein"
"PHJJKLOP_00183",131.201868219866,3.23497481593953,0.215568855919557,15.0066891719586,6.63792992335567e-51,2.52849391736983e-50,"CDS",396,"","","","hypothetical protein"
"PHJJKLOP_00184",72.9342725490079,3.50503142979865,0.30160133824671,11.621405429347,3.20814786964416e-31,9.18278654083615e-31,"CDS",174,"","","","hypothetical protein"
"PHJJKLOP_00185",159.439541789024,3.51973863181969,0.207846026177252,16.9343561508269,2.51090642674194e-64,1.10879850172056e-63,"CDS",312,"","","","hypothetical protein"
"PHJJKLOP_00186",55.1049064510563,3.5461646972182,0.348797856832962,10.1668190550736,2.78867243126163e-24,7.30471151285854e-24,"CDS",291,"","","","hypothetical protein"
"PHJJKLOP_00187",217.148448038513,3.92778308365688,0.193672962076671,20.2804926487465,1.9120670467641e-91,1.08422892765373e-90,"CDS",312,"","","","hypothetical protein"
"PHJJKLOP_00188",22.4140882849708,3.1021114499205,0.517412577047463,5.99543108832458,2.02946344155285e-09,3.76003313366908e-09,"CDS",162,"","","","hypothetical protein"
"PHJJKLOP_00189",149.723140409596,3.73777831107354,0.227236248673077,16.4488647075452,8.54550447719148e-61,3.66550722130534e-60,"CDS",303,"","","","hypothetical protein"
"PHJJKLOP_00190",64.457510093822,3.34902995235519,0.306938914894398,10.9110633739857,1.02055507203386e-27,2.80582358647325e-27,"CDS",165,"","","","hypothetical protein"
"PHJJKLOP_00191",41.8553990380002,4.8531525703959,0.537795027286514,9.02416780401048,1.81066313062904e-19,4.32306651762626e-19,"CDS",270,"","","","hypothetical protein"
"PHJJKLOP_00192",2794.04433664609,4.5963841869869,0.0838717136265068,54.8025548572344,0,0,"CDS",852,"","","","hypothetical protein"
"PHJJKLOP_00193",1367.53851979026,4.51977601209572,0.101593450692958,44.4888521973296,0,0,"CDS",516,"","","","hypothetical protein"
"PHJJKLOP_00194",863.69766566687,4.43402943790941,0.123471804265631,35.9112711139319,2.03741782206354e-282,3.21054155750433e-281,"CDS",693,"","","","hypothetical protein"
"PHJJKLOP_00196",330.228952451176,4.83196642023964,0.198653471631176,24.3235941489649,1.10354155258212e-130,8.19851962389796e-130,"CDS",342,"","","","hypothetical protein"
"PHJJKLOP_00197",19.8570577316945,4.94529899355088,0.798825151680422,6.19071518109798,5.98918447527384e-10,1.12777473704213e-09,"CDS",147,"","","","hypothetical protein"
"PHJJKLOP_00198",75.7354028949854,4.26844204408653,0.351214387846374,12.1533803619503,5.50418118599531e-34,1.647951847087e-33,"CDS",174,"","","","hypothetical protein"
"PHJJKLOP_00199",693.518888348112,5.22266596353169,0.293478755228188,17.7957207139949,7.62796598132652e-71,3.63664492804006e-70,"CDS",189,"","","","hypothetical protein"
"PHJJKLOP_00200",1000.38765540918,4.91353196542309,0.131513236038108,37.3615014993573,1.64939565351047e-305,2.92206543586411e-304,"CDS",285,"","","","hypothetical protein"
"PHJJKLOP_00201",274.992464232345,4.98821817155842,0.223253569347397,22.343285198708,1.40333721083636e-110,9.29555665761958e-110,"CDS",300,"","","","hypothetical protein"
"PHJJKLOP_00202",532.107522033744,4.93715706953897,0.170550577857925,28.9483455966465,2.94410993631769e-184,2.92846018250337e-183,"CDS",204,"","","","hypothetical protein"
"PHJJKLOP_00203",3233.69703084707,5.20058440927291,0.0861202731542363,60.3874583625503,0,0,"CDS",747,"","","","hypothetical protein"
"PHJJKLOP_00204",2834.91608899191,2.35177487581596,0.0657938516224267,35.7445995001503,8.02577014452523e-280,1.25807098495856e-278,"CDS",252,"","","","hypothetical protein"
"PHJJKLOP_00205",1331.47173710045,5.45880371314495,0.126344138735911,43.2058326390204,0,0,"CDS",156,"","","","hypothetical protein"
"PHJJKLOP_00206",1810.49797617146,3.89686119736802,0.0887567195551173,43.9049709914988,0,0,"CDS",189,"","","","hypothetical protein"
"PHJJKLOP_00207",781.22407479919,5.74442614409057,0.178845980064173,32.1194031983797,2.36311689981544e-226,2.98530464052633e-225,"CDS",159,"","","","hypothetical protein"
"PHJJKLOP_00210",318.814779752395,1.42560948107915,0.117618623997493,12.120610092408,8.21453531128963e-34,2.44963333884474e-33,"CDS",306,"","","","hypothetical protein"
"PHJJKLOP_00214",2409.3304141926,1.08007706520599,0.0784696602612185,13.7642633039382,4.18124680732748e-43,1.44891816448362e-42,"CDS",663,"MroQ","3.4.22.-","","Membrane-embedded CAAX protease MroQ"
"PHJJKLOP_00215",317.061105166291,1.56642920015207,0.118237976283603,13.2481056373536,4.62736533569366e-40,1.52245404561174e-39,"CDS",1293,"gmuC_1","","COG1455","PTS system oligo-beta-mannoside-specific EIIC component"
"PHJJKLOP_00216",748.685330660428,1.28755252794792,0.0926148466225327,13.9022259918602,6.14016260750429e-44,2.15517548028931e-43,"CDS",630,"","","","hypothetical protein"
"PHJJKLOP_00234",1129.29605101573,2.70673408041873,0.0909817495088663,29.7502971203577,1.71886042355817e-194,1.83795289576185e-193,"CDS",2133,"feoB","","COG0370","Fe(2+) transporter FeoB"
"PHJJKLOP_00235",284.497214066167,3.00957483014569,0.146997508152629,20.473645220032,3.69890909016101e-93,2.13794089110851e-92,"CDS",474,"","","","hypothetical protein"
"PHJJKLOP_00257",2889.12839902759,1.40272636015573,0.0685244313273372,20.470456054644,3.94907643535809e-93,2.27813773554184e-92,"CDS",645,"","","","hypothetical protein"
"PHJJKLOP_00262",88.1204937471161,1.58808879863003,0.207420383530834,7.65637769826006,1.9125071407988e-14,4.09003312825115e-14,"CDS",933,"lnrL","3.6.3.-","COG1131","Linearmycin resistance ATP-binding protein LnrL"
"PHJJKLOP_00280",8376.49184254194,1.34237350803592,0.0647874867123225,20.7196416492663,2.30393695624314e-95,1.36323858636205e-94,"CDS",654,"mecA","","COG4862","Adapter protein MecA 1"
"PHJJKLOP_00281",16016.0482794038,2.20438638350041,0.0605978980760006,36.3772746826253,9.73892195775171e-290,1.56765227642519e-288,"CDS",399,"spxA_1","","COG1393","Regulatory protein Spx"
"PHJJKLOP_00294",4588.0002962608,2.06804311561672,0.0722511769221082,28.6229678700765,3.47972818367771e-180,3.37162012360228e-179,"CDS",948,"iolS","1.1.1.-","COG0667","Aldo-keto reductase IolS"
"PHJJKLOP_00295",2326.87755516513,1.64661509582049,0.0664598557451146,24.7760859147145,1.62332772836605e-135,1.24621620993024e-134,"CDS",1260,"cypC","1.11.2.4","","Fatty-acid peroxygenase"
"PHJJKLOP_00303",550.803510366825,2.50503541251297,0.107455919453745,23.3122142106957,3.3332406213516e-120,2.32627562245378e-119,"CDS",285,"","","","hypothetical protein"
"PHJJKLOP_00304",8219.02629926048,2.37183522485699,0.0692292835930163,34.2605773418151,3.03482016417383e-257,4.41080173375555e-256,"CDS",480,"","","","Putative universal stress protein"
"PHJJKLOP_00305",1160.15377421159,1.96097011759652,0.0942258821127762,20.8113744719258,3.414149780088e-96,2.02816754793323e-95,"CDS",129,"","","","hypothetical protein"
"PHJJKLOP_00316",2522.73935653465,2.86793553187252,0.0736674852440578,38.9308189681126,0,0,"CDS",1755,"adeC","3.5.4.2","","Adenine deaminase"
"PHJJKLOP_00321",2350.72281058341,1.91819343867559,0.0734164748889449,26.127561171756,1.77321788373e-150,1.4625383867459e-149,"CDS",435,"hit","","COG0537","Protein hit"
"PHJJKLOP_00322",3107.85131961287,1.8779858841528,0.0675501856923774,27.8013430296864,4.17854606097672e-170,3.84940520201978e-169,"CDS",345,"","","","hypothetical protein"
"PHJJKLOP_00323",11819.4718982318,1.17582596943022,0.0568705117697594,20.6754947834927,5.75733821277518e-95,3.37328191957904e-94,"CDS",1011,"prsA_1","5.2.1.8","","Foldase protein PrsA"
"PHJJKLOP_00326",1109.36996718196,1.2885311388989,0.0775883055202819,16.6072854698711,6.17237748566574e-62,2.67053442082128e-61,"CDS",1221,"","","","hypothetical protein"
"PHJJKLOP_00343",123.354099914727,1.43389266224203,0.181327863347641,7.90773483881505,2.62114365126221e-15,5.75766991333754e-15,"CDS",1422,"uxaB","1.1.1.58","COG0246","Altronate oxidoreductase"
"PHJJKLOP_00365",156.90838685804,1.39481892101648,0.158840516836003,8.78125398229835,1.61662027352985e-18,3.7932297013702e-18,"CDS",591,"","","","hypothetical protein"
"PHJJKLOP_00369",10.7802117986047,1.28857806216116,0.588654601437493,2.18902232143342,0.0285952176760683,0.0377987115771075,"CDS",327,"licA_1","","COG1447","Lichenan-specific phosphotransferase enzyme IIA component"
"PHJJKLOP_00370",505.537467854822,3.9912436161107,0.162796011746832,24.5168390385237,9.76994449290441e-133,7.34955120898387e-132,"CDS",1980,"licR_1","","COG1762","putative licABCH operon regulator"
"PHJJKLOP_00371",230.696535468972,5.98528286871994,0.3277279304707,18.2629623911626,1.6319192085938e-74,8.0759770421981e-74,"CDS",315,"","","","hypothetical protein"
"PHJJKLOP_00382",24426.1807543228,2.44929988600003,0.051629607239734,47.4398318512688,0,0,"CDS",2019,"","3.2.1.17","","Muramidase-2"
"PHJJKLOP_00437",162915.169266477,2.00624129441801,0.0495534411174981,40.4864172734429,0,0,"CDS",1575,"","","","hypothetical protein"
"PHJJKLOP_00449",7696.96779238634,1.1452165911512,0.0656476318288347,17.4449033308188,3.76354724430911e-68,1.74969882755613e-67,"CDS",306,"rpoZ","2.7.7.6","","DNA-directed RNA polymerase subunit omega"
"PHJJKLOP_00455",5202.41015531202,1.38003299453654,0.0598122700805396,23.0727406379706,8.69760558448439e-118,5.97262181650143e-117,"CDS",774,"","","","hypothetical protein"
"PHJJKLOP_00456",1204.64628881784,1.39211784728254,0.0943419853276933,14.7560796229491,2.81155887160519e-49,1.05618660747628e-48,"CDS",570,"thiT","","","Thiamine transporter ThiT"
"PHJJKLOP_00475",4591.56334223588,1.0211062910468,0.0620774169642798,16.4489171905196,8.53810339549429e-61,3.66550722130534e-60,"CDS",246,"veg","","COG4466","Protein Veg"
"PHJJKLOP_00489",677.000969669437,1.05833735049305,0.110720192350584,9.55866611161525,1.19284141640843e-21,2.96625182784621e-21,"CDS",327,"","","","hypothetical protein"
"PHJJKLOP_00492",1303.0861963355,1.1001646048559,0.0721695065016668,15.2441752505332,1.79991349167241e-52,7.03517101053159e-52,"CDS",516,"","","","hypothetical protein"
"PHJJKLOP_00499",1206.50226307387,2.19495454713342,0.0840330861949582,26.1201229958529,2.15414424199229e-150,1.77184281882552e-149,"CDS",738,"","1.-.-.-","","putative oxidoreductase"
"PHJJKLOP_00507",777.115445351536,2.89192427971735,0.101563147652432,28.4741497931322,2.4486227515173e-178,2.34973606347526e-177,"CDS",483,"","","","hypothetical protein"
"PHJJKLOP_00517",52.3698325474505,1.33787679427745,0.267852599812058,4.9948247477015,5.88892195144701e-07,1.00521278920367e-06,"CDS",108,"","","","hypothetical protein"
"PHJJKLOP_00518",1602.02663395362,1.67288991524573,0.0706055880562311,23.6934492198185,4.21234771698137e-124,2.99566961155397e-123,"CDS",1650,"mutS_1","","","DNA mismatch repair protein MutS"
"PHJJKLOP_00521",143.656534643104,1.52055435141269,0.167514559625986,9.07714741218713,1.11457600793223e-19,2.67391071133743e-19,"CDS",783,"","","","hypothetical protein"
"PHJJKLOP_00522",547.951065929239,1.5518124194936,0.100515824264264,15.4384887240617,9.01888331950797e-54,3.58123828363486e-53,"CDS",918,"bcrA_1","","","Bacitracin transport ATP-binding protein BcrA"
"PHJJKLOP_00531",2074.86505093511,1.23183610860698,0.0666967619114093,18.4692041008405,3.65432187428424e-76,1.84503198846661e-75,"CDS",675,"","","","hypothetical protein"
"PHJJKLOP_00532",166.410979906203,1.17223871524547,0.153069833271965,7.65819554505365,1.88563630836874e-14,4.03833698659229e-14,"CDS",165,"","","","hypothetical protein"
"PHJJKLOP_00534",10.2125081000044,1.30514421030202,0.580063869672073,2.25000086807657,0.024448890205247,0.0324900032288102,"CDS",708,"","","","hypothetical protein"
"PHJJKLOP_00535",4.6508629366226,1.96802520480665,0.944358896169832,2.08398016134401,0.0371619718550435,0.048544041768761,"CDS",291,"","","","hypothetical protein"
"PHJJKLOP_00554",16.8220124836766,2.14721897665897,0.49269209804251,4.35813560881123,1.3117510021382e-05,2.14026294299824e-05,"CDS",192,"","","","hypothetical protein"
"PHJJKLOP_00570",21.6163317397053,1.02165106295964,0.407574451247499,2.50666119976997,0.0121877469821354,0.0166469500294313,"CDS",447,"btuD_3","7.6.2.8","","Vitamin B12 import ATP-binding protein BtuD"
"PHJJKLOP_00577",368.158682234055,1.02391908756123,0.11286471117061,9.07209239222201,1.16753038026404e-19,2.79870773299482e-19,"CDS",408,"mntD","","COG1108","Manganese transport system membrane protein MntD"
"PHJJKLOP_00587",934.244582142309,3.51105184361874,0.111116204014986,31.5980182615417,3.93091218523565e-219,4.76483849497796e-218,"CDS",528,"msrA_1","1.8.4.11","COG0225","Peptide methionine sulfoxide reductase MsrA"
"PHJJKLOP_00631",23671.8163575483,1.20000393447664,0.0558387500335697,21.4905228672779,1.90948943452902e-102,1.19353055678077e-101,"CDS",1485,"guaB","1.1.1.205","COG0516","Inosine-5'-monophosphate dehydrogenase"
"PHJJKLOP_00657",22617.5160039818,1.6991894944793,0.0533385033560869,31.8567148975955,1.06260784593263e-222,1.3038720863616e-221,"CDS",1293,"purA","6.3.4.4","COG0104","Adenylosuccinate synthetase"
"PHJJKLOP_00661",2232.65080546963,1.4179114661528,0.0706521329239342,20.0689123947518,1.3799123248465e-89,7.67928903455469e-89,"CDS",1731,"pox5","1.2.3.3","COG0028","Pyruvate oxidase"
"PHJJKLOP_00737",307.843052941564,3.01829554486748,0.144066713476317,20.9506795292006,1.84973019639973e-97,1.10761844160416e-96,"CDS",339,"","","","hypothetical protein"
"PHJJKLOP_00738",775.373985739701,4.99017730589566,0.139802117650333,35.6945759461018,4.79844319903201e-279,7.48257236349054e-278,"CDS",549,"","","","hypothetical protein"
"PHJJKLOP_00748",55.213838165755,1.50158960303457,0.283244490202927,5.30139033581476,1.14924074108692e-07,2.02520705050867e-07,"CDS",1188,"","","","IS110 family transposase ISBth13"
"PHJJKLOP_00749",4498.06591741296,1.56021138762356,0.075495065819099,20.6664021111278,6.95087294590692e-95,4.06463156250885e-94,"CDS",1005,"oppD_1","","COG0444","Oligopeptide transport ATP-binding protein OppD"
"PHJJKLOP_00750",5139.18207784256,1.11069386663115,0.0646163588043665,17.1890506859711,3.20741111851767e-66,1.4549983164912e-65,"CDS",945,"oppF_1","","COG4608","Oligopeptide transport ATP-binding protein OppF"
"PHJJKLOP_00751",2612.25003972959,1.10948684015188,0.0649950465434323,17.0703291890171,2.4680435735058e-65,1.09960155641017e-64,"CDS",963,"gsiC","","COG0601","Glutathione transport system permease protein GsiC"
"PHJJKLOP_00753",31942.5089274548,2.14065555729852,0.0527253871995311,40.6000917394412,0,0,"CDS",1782,"","","","hypothetical protein"
"PHJJKLOP_00759",1320.55938136395,1.85135579430836,0.0857565142346575,21.5885150047313,2.30294208202971e-103,1.45158075654673e-102,"CDS",453,"yueI","","COG5506","putative protein YueI"
"PHJJKLOP_00760",2514.03798930521,5.94429707261125,0.109672003820298,54.2006789841389,0,0,"CDS",951,"yclN","","COG4606","Petrobactin import system permease protein YclN"
"PHJJKLOP_00761",4829.72714297595,5.82650647368022,0.0953178122357346,61.1271528061348,0,0,"CDS",960,"yclO","","COG4605","Petrobactin import system permease protein YclO"
"PHJJKLOP_00762",3052.9427748976,5.53712795114318,0.101389950629664,54.6121969362433,0,0,"CDS",756,"yclP","7.2.2.-","COG4604","Petrobactin import ATP-binding protein YclP"
"PHJJKLOP_00763",9914.68712548471,5.96003467010638,0.0844423045139895,70.5811465521881,0,0,"CDS",954,"yclQ","","COG4607","Petrobactin-binding protein YclQ"
"PHJJKLOP_00769",2620.4494228621,1.34706453399648,0.0638439671105785,21.0993237883126,8.06816363202182e-99,4.88989512434683e-98,"CDS",900,"","","","hypothetical protein"
"PHJJKLOP_00780",1885.40388552266,1.51916587139722,0.0709248619346744,21.4193701610087,8.81729847230677e-102,5.47696921703039e-101,"CDS",510,"queT_2","","COG4708","Queuosine precursor transporter QueT"
"PHJJKLOP_00781",15387.8376307662,5.92173487369611,0.0713659401390878,82.9770456628892,0,0,"CDS",540,"bioY2","","COG1268","Biotin transporter BioY2"
"PHJJKLOP_00793",2118.17824654989,1.31051294879815,0.0652258162888997,20.091936343021,8.68097141447491e-90,4.84903515204065e-89,"CDS",447,"msrB","1.8.4.12","","Peptide methionine sulfoxide reductase MsrB"
"PHJJKLOP_00798",9513.45700815011,1.52087857580314,0.0794968907244799,19.131296355655,1.38584731547521e-81,7.29213859847586e-81,"CDS",375,"","","","hypothetical protein"
"PHJJKLOP_00799",71.0036473291805,1.00563909309617,0.262076298168691,3.83719970147347,0.000124445269959172,0.000193452304391361,"CDS",954,"","","COG2826","IS30 family transposase IS1252"
"PHJJKLOP_00800",8098.33451327162,2.54366346083292,0.0576164212394174,44.1482377092299,0,0,"CDS",1353,"brnQ_1","","COG1114","Branched-chain amino acid transport system 2 carrier protein"
"PHJJKLOP_00801",1351.34040770483,1.14036560729979,0.0809272648976398,14.0912411749263,4.29938160575979e-45,1.52878248546851e-44,"CDS",591,"","","","Potassium channel"
"PHJJKLOP_00816",4247.8726008135,1.01424224256528,0.0586793620414413,17.2844797093907,6.15744431693382e-67,2.81886671022933e-66,"CDS",1371,"dinF","","COG0534","DNA damage-inducible protein F"
"PHJJKLOP_00817",1881.10974932898,1.71543559148829,0.0689763544800143,24.8699080202236,1.5751491540027e-136,1.21546303275363e-135,"CDS",324,"","","","hypothetical protein"
"PHJJKLOP_00818",6292.06803871036,2.20647436599084,0.0610476230893109,36.1434934618638,4.70781763546698e-286,7.53754331582253e-285,"CDS",609,"ctc","","COG1825","General stress protein CTC"
"PHJJKLOP_00829",1141.88736386318,1.39196961353225,0.08151510542257,17.0762168105697,2.23125068442213e-65,9.9558339033679e-65,"CDS",1593,"ubiB","2.7.-.-","COG0661","putative protein kinase UbiB"
"PHJJKLOP_00837",319.78269455588,1.71102337324766,0.127084867791654,13.4636279124338,2.56030090677818e-41,8.62265569729344e-41,"CDS",270,"rpsN2_2","","COG0199","Alternate 30S ribosomal protein S14"
"PHJJKLOP_00838",2138.61642464032,2.1453216097884,0.0746194281529049,28.7501748926883,9.01209319809654e-182,8.81771471735328e-181,"CDS",948,"","","","Zinc-type alcohol dehydrogenase-like protein"
"PHJJKLOP_00848",1120.32781057836,1.11975472259171,0.0747709848919678,14.975792069739,1.05700984605009e-50,4.02120391241928e-50,"CDS",1176,"opuCA_1","7.6.2.9","COG1125","Carnitine transport ATP-binding protein OpuCA"
"PHJJKLOP_00852",11298.5798639932,1.08162216178085,0.0617735059814544,17.5094831448545,1.21290311225778e-68,5.67411237203091e-68,"CDS",699,"","","","hypothetical protein"
"PHJJKLOP_00856",53420.1610550952,5.09441791364322,0.0628457380404643,81.0622656760446,0,0,"CDS",2598,"adhE","","COG1012","Aldehyde-alcohol dehydrogenase"
"PHJJKLOP_00857",132.122605169874,1.47046006535739,0.1813356863838,8.10904954607301,5.10172424572443e-16,1.13904268394474e-15,"CDS",954,"","","COG2826","IS30 family transposase IS1252"
"PHJJKLOP_00865",950.95853979349,1.74384513482451,0.0882853685009087,19.7523685343915,7.65424282100427e-87,4.19721666778146e-86,"CDS",645,"kdgA","","COG0800","KHG/KDPG aldolase"
"PHJJKLOP_00866",693.098959518662,1.38089312443829,0.105140803802694,13.1337508797218,2.10943539276776e-39,6.87979255549747e-39,"CDS",1008,"kdgK","2.7.1.45","","2-dehydro-3-deoxygluconokinase"
"PHJJKLOP_00884",622.631241853665,3.82355598909559,0.127479620842078,29.9934684762848,1.19399900896056e-197,1.30946264938752e-196,"CDS",168,"","","","hypothetical protein"
"PHJJKLOP_00885",591.234822723588,1.61063583833561,0.109425500887497,14.7190172790851,4.86681325470233e-49,1.82368446615504e-48,"CDS",441,"","3.1.2.28","","1,4-dihydroxy-2-naphthoyl-CoA hydrolase"
"PHJJKLOP_00886",852.808442481078,1.33424482813336,0.095154608421923,14.0218624222299,1.14568085610064e-44,4.04978569441006e-44,"CDS",846,"nnrD","4.2.1.136","COG0063","ADP-dependent (S)-NAD(P)H-hydrate dehydratase"
"PHJJKLOP_00889",47.28252477382,1.22759230546906,0.272971409199288,4.4971460896582,6.88716679843009e-06,1.13735120763926e-05,"CDS",318,"","1.2.1.97","","3-sulfolactaldehyde dehydrogenase"
"PHJJKLOP_00892",5392.70069815591,1.22188870571267,0.06002096999621,20.3576967481502,3.96803561629461e-92,2.2672325639668e-91,"CDS",1080,"pepA","3.4.11.7","COG1363","Glutamyl aminopeptidase"
"PHJJKLOP_00893",2118.30042667609,1.24407307370408,0.0716902141377861,17.3534573535102,1.85722511336227e-67,8.59433074096854e-67,"CDS",321,"ytpP","","","Thioredoxin-like protein YtpP"
"PHJJKLOP_00894",5393.57218223296,1.7699266845095,0.0631477748362682,28.0283302000527,7.33970121130317e-173,6.84581477465473e-172,"CDS",468,"","","","Putative universal stress protein"
"PHJJKLOP_00923",1444.3473710032,1.064477580133,0.0954401639330816,11.1533502905481,6.89600177819951e-29,1.92419658191326e-28,"CDS",954,"","","COG2826","IS30 family transposase IS1252"
"PHJJKLOP_00936",362.727363166372,1.27220601702016,0.110546601640483,11.5083231699659,1.19784822199646e-30,3.40908514891389e-30,"CDS",393,"","","","IS630 family transposase IS642"
"PHJJKLOP_00953",941.906679364833,1.47968060444834,0.0815316254365375,18.1485478368157,1.31840437758318e-73,6.42883176951799e-73,"CDS",1092,"","1.-.-.-","","putative oxidoreductase"
"PHJJKLOP_00954",1512.88838708376,1.39127427538864,0.0744131901174842,18.6966083995604,5.27553661497157e-78,2.69079329220185e-77,"CDS",678,"hchA","3.1.2.-","COG0693","Protein/nucleic acid deglycase 1"
"PHJJKLOP_00955",1036.10223515767,1.76063949055985,0.0809709372843302,21.7440917643988,7.85722930669931e-105,5.00522224345909e-104,"CDS",1296,"npr_1","1.11.1.1","COG0446","NADH peroxidase"
"PHJJKLOP_00956",738.729876363155,2.0985245087249,0.0939677306095732,22.3323953352036,1.79067872920963e-110,1.18350819321273e-109,"CDS",1461,"","","","hypothetical protein"
"PHJJKLOP_00958",69.6505982673096,1.23127575854607,0.246397634789888,4.99710867596606,5.81962750975718e-07,9.95333860470259e-07,"CDS",1824,"glpO","1.1.3.21","COG0578","Alpha-glycerophosphate oxidase"
"PHJJKLOP_00967",765.60523429483,1.03436074700577,0.100107127216957,10.3325385091119,5.02138151931171e-25,1.33162234444812e-24,"CDS",288,"","","","hypothetical protein"
"PHJJKLOP_00969",1413.07459053609,1.12091324612247,0.0737863967664451,15.191326521479,4.03667312915355e-52,1.57367179019345e-51,"CDS",1305,"pgaC","2.4.1.-","COG1215","Poly-beta-1,6-N-acetyl-D-glucosamine synthase"
"PHJJKLOP_00973",921.850481842836,1.15844690518038,0.0872719261023995,13.2739926447954,3.27647540339235e-40,1.08037085437849e-39,"CDS",1011,"dhaK","2.7.1.121","COG2376","PTS-dependent dihydroxyacetone kinase, dihydroxyacetone-binding subunit DhaK"
"PHJJKLOP_00974",416.132807058918,1.87978593095761,0.116349664358226,16.1563502681879,1.02450428764236e-58,4.32023357352285e-58,"CDS",606,"dhaL","2.7.1.121","COG2376","PTS-dependent dihydroxyacetone kinase, ADP-binding subunit DhaL"
"PHJJKLOP_00976",350.333263511113,1.53178799862633,0.114060569606196,13.4296015171147,4.05588071612939e-41,1.35831172976414e-40,"CDS",660,"anr","","","Transcriptional activator protein Anr"
"PHJJKLOP_00999",863.883004118731,1.65831899670583,0.0874495093286342,18.9631595355657,3.43853803862987e-80,1.78422580375352e-79,"CDS",552,"","","","hypothetical protein"
"PHJJKLOP_01010",1340.14087223676,1.10984657828381,0.0714928251401336,15.5238875524697,2.39114896179448e-54,9.55821093673254e-54,"CDS",1044,"sasA_2","2.7.-.-","","Adaptive-response sensory-kinase SasA"
"PHJJKLOP_01022",12573.7931330352,1.05344835333404,0.0521114663839931,20.2152890032207,7.1823449633822e-91,4.03451047286422e-90,"CDS",2145,"","","","hypothetical protein"
"PHJJKLOP_01023",93.3580110394658,2.85429900863498,0.251445209266913,11.3515744322856,7.2839155748927e-30,2.05930530984219e-29,"CDS",1374,"bglF_1","","COG1263","PTS system beta-glucoside-specific EIIBCA component"
"PHJJKLOP_01024",318.16772686066,3.83215867731783,0.17394384139027,22.0310109670385,1.45294224525552e-107,9.39548397903891e-107,"CDS",396,"rbsD","5.4.99.62","COG1869","D-ribose pyranase"
"PHJJKLOP_01025",2255.50635475508,1.46240194998843,0.089228229271046,16.3894538974447,2.27479023278718e-60,9.74352211296826e-60,"CDS",918,"rbsK","2.7.1.15","","Ribokinase"
"PHJJKLOP_01041",1455.67427619048,3.52925524240196,0.0893262847274435,39.5097059412086,0,0,"CDS",411,"spxA_2","","COG1393","Regulatory protein Spx"
"PHJJKLOP_01042",597.324162538832,3.5469938108786,0.118941984152634,29.8212093580588,2.07445153514416e-195,2.2422050166865e-194,"CDS",357,"spxA_3","","COG1393","Regulatory protein Spx"
"PHJJKLOP_01043",1029.80211995529,3.66250598360959,0.0977341958655634,37.4741506918161,2.42901287471915e-307,4.35476918976595e-306,"CDS",471,"bsaA","","","Glutathione peroxidase BsaA"
"PHJJKLOP_01048",3729.5320497249,3.52728715888975,0.0756677738543205,46.6154477556148,0,0,"CDS",1260,"lysA","4.1.1.20","COG0019","Diaminopimelate decarboxylase"
"PHJJKLOP_01049",2760.23242477667,3.21341705064476,0.0754451592506597,42.5927532337558,0,0,"CDS",801,"dapF","5.1.1.7","COG0253","Diaminopimelate epimerase"
"PHJJKLOP_01050",2012.51117883556,2.78494225911878,0.0827972532364113,33.6356841593153,5.04913932195316e-248,7.13071845751309e-247,"CDS",882,"dapA","4.3.3.7","COG0329","4-hydroxy-tetrahydrodipicolinate synthase"
"PHJJKLOP_01051",1498.83216480682,2.64299979197965,0.0842847496359257,31.357983542649,7.57262312566312e-216,9.14211033799813e-215,"CDS",717,"dapB","1.17.1.8","COG0289","4-hydroxy-tetrahydrodipicolinate reductase"
"PHJJKLOP_01052",1612.49849200466,2.29233226898875,0.0965143451887901,23.7512078075519,1.06761346493874e-124,7.61055884292047e-124,"CDS",696,"dapH_2","2.3.1.89","COG2171","2,3,4,5-tetrahydropyridine-2,6-dicarboxylate N-acetyltransferase"
"PHJJKLOP_01053",2703.43600421334,2.45373189937073,0.0764416996672695,32.0993896008485,4.49617976578799e-226,5.65611857931481e-225,"CDS",1002,"asd","1.2.1.11","COG0136","Aspartate-semialdehyde dehydrogenase"
"PHJJKLOP_01054",4273.32530159833,2.28199750335028,0.0796298993659506,28.6575459911488,1.29100826122078e-180,1.25904844758795e-179,"CDS",1362,"yclM","2.7.2.4","COG0527","Aspartokinase 3"
"PHJJKLOP_01055",2251.94418510552,2.3002983153665,0.0802795436518405,28.6536047756141,1.44556249294702e-180,1.40519938437772e-179,"CDS",1152,"scmP","3.5.1.-","COG1473","N-acetylcysteine deacetylase"
"PHJJKLOP_01056",3642.95475669123,1.94196875805849,0.0764945543913694,25.3870196840783,3.50827340748358e-142,2.80100548853489e-141,"CDS",1170,"dapX","2.6.1.-","COG0436","putative N-acetyl-LL-diaminopimelate aminotransferase"
"PHJJKLOP_01077",750.962183175899,1.14390101560416,0.0894221932389429,12.7921377699557,1.81414017502879e-37,5.74765680850391e-37,"CDS",1638,"pckA","4.1.1.49","","Phosphoenolpyruvate carboxykinase (ATP)"
"PHJJKLOP_01081",1791.77184966086,1.63210324990889,0.0716463636247563,22.7799872503919,7.24118252895087e-115,4.90500011123957e-114,"CDS",456,"argR_1","","","Arginine repressor"
"PHJJKLOP_01082",2525.26463970939,1.45982654889129,0.0702636060859167,20.7764250970302,7.07335820413226e-96,4.19359098280634e-95,"CDS",1503,"algC","5.4.2.2","COG1109","Phosphomannomutase/phosphoglucomutase"
"PHJJKLOP_01083",168.926278995611,1.56784234061807,0.156343605705381,10.0281833308397,1.14605757954331e-23,2.96312296472597e-23,"CDS",207,"","","","hypothetical protein"
"PHJJKLOP_01084",5677.89651780171,3.17647074133952,0.0834414113931626,38.0682767501678,0,0,"CDS",402,"ohrB_1","","COG1764","Organic hydroperoxide resistance protein OhrB"
"PHJJKLOP_01085",1980.2215264639,4.21604867887116,0.0954771242512448,44.1576839681175,0,0,"CDS",1332,"rclA","","COG1249","putative pyridine nucleotide-disulfide oxidoreductase RclA"
"PHJJKLOP_01086",1518.87544497793,4.3416486924862,0.103497473440312,41.9493205792127,0,0,"CDS",627,"","","","hypothetical protein"
"PHJJKLOP_01089",201.25496728047,2.37111420120411,0.164895904285736,14.3794608572896,6.96348936637734e-47,2.52711359550712e-46,"CDS",216,"","","","hypothetical protein"
"PHJJKLOP_01095",630.182919479116,3.98633297816283,0.130711778700289,30.4971213596837,2.84526838565454e-204,3.20253140851492e-203,"CDS",831,"ydbD","1.11.1.6","COG3546","putative manganese catalase"
"PHJJKLOP_01096",469.051808797071,1.84448165786187,0.105872847070299,17.4216686232793,5.65049628151148e-68,2.61882134161693e-67,"CDS",1335,"araN_1","","COG1653","putative arabinose-binding protein"
"PHJJKLOP_01097",146.039978126762,1.86982659664316,0.171730528453645,10.8881432642181,1.31289630245242e-27,3.60294365677593e-27,"CDS",912,"lacF_2","","","Lactose transport system permease protein LacF"
"PHJJKLOP_01098",81.0229192065501,1.09373462010513,0.211584846599173,5.16924835443016,2.35037382735256e-07,4.07470714481388e-07,"CDS",855,"araQ_3","","COG0395","L-arabinose transport system permease protein AraQ"
"PHJJKLOP_01124",535.830453293649,1.57965552729514,0.101922089444083,15.4986572185786,3.54217838697933e-54,1.41215473909669e-53,"CDS",600,"","","","hypothetical protein"
"PHJJKLOP_01126",1444.75096776336,4.8355816338023,0.107371582610358,45.0359537993417,0,0,"CDS",1422,"arcD1_1","","COG0531","Arginine/ornithine antiporter ArcD1"
"PHJJKLOP_01127",1835.20595156814,4.9632328402468,0.104625300686301,47.4381703822109,0,0,"CDS",1119,"vioD","4.2.1.145","","Capreomycidine synthase"
"PHJJKLOP_01128",408.242269503915,2.22967432620549,0.113077246863905,19.7181518655918,1.50632795793109e-86,8.1999016473558e-86,"CDS",1293,"sbnD_2","","","Staphyloferrin B transporter"
"PHJJKLOP_01133",1321.42084217121,1.17219630789292,0.0791043571329799,14.8183532535683,1.11484098381254e-49,4.2038210397163e-49,"CDS",465,"ogt","2.1.1.63","COG0350","Methylated-DNA--protein-cysteine methyltransferase, constitutive"
"PHJJKLOP_01145",2948.36381657878,1.01230938040896,0.0654808310211888,15.4596294002651,6.49712513597877e-54,2.58331907797084e-53,"CDS",1236,"sufS","2.8.1.7","COG0520","Cysteine desulfurase SufS"
"PHJJKLOP_01148",1305.4824112061,1.05662548539047,0.076823497400678,13.7539362453075,4.82322767379246e-43,1.6694501335647e-42,"CDS",1143,"xerC_3","","","Tyrosine recombinase XerC"
"PHJJKLOP_01166",180.287133052242,1.35592789176283,0.15089814622364,8.98571603227822,2.57054989803591e-19,6.12269402921201e-19,"CDS",438,"","","","hypothetical protein"
"PHJJKLOP_01169",23.3418741889125,1.56100660462286,0.417956617739218,3.73485318420497,0.000187824728807051,0.000288383198999134,"CDS",546,"","","","hypothetical protein"
"PHJJKLOP_01176",2209.7036843357,1.23638971238753,0.0688366100916592,17.9612231157406,3.92072338790871e-72,1.89028113098207e-71,"CDS",714,"strA","3.4.22.-","COG3764","Sortase A"
"PHJJKLOP_01177",2286.12286323389,2.05922480301353,0.0889649564825902,23.1464711997753,1.5777265253058e-118,1.08841318358654e-117,"CDS",852,"licT_2","","COG3711","Transcription antiterminator LicT"
"PHJJKLOP_01179",210.858154044082,1.1412649187945,0.139392052193698,8.18744613364761,2.66827589572222e-16,5.97965421541342e-16,"CDS",1866,"bglF_2","","COG1263","PTS system beta-glucoside-specific EIIBCA component"
"PHJJKLOP_01182",825.742404427208,1.05492738660118,0.0842105276449619,12.5272625181597,5.29592633246086e-36,1.64140822353911e-35,"CDS",489,"fruA_1","","COG1299","PTS system fructose-specific EIIB'BC component"
"PHJJKLOP_01183",260.334220315211,1.54325558692368,0.128892302519518,11.9732176146825,4.90873617797574e-33,1.44938423243189e-32,"CDS",111,"","","","hypothetical protein"
"PHJJKLOP_01194",3009.88088069067,2.53035664558897,0.0688426221677641,36.7556691757425,9.43811784237548e-296,1.56987360111512e-294,"CDS",438,"ndk","2.7.4.6","COG0105","Nucleoside diphosphate kinase"
"PHJJKLOP_01203",2027.66727992942,2.42213485817782,0.0738976770124182,32.7768741332802,1.25773772963387e-235,1.65160822917711e-234,"CDS",444,"","","","hypothetical protein"
"PHJJKLOP_01204",1469.373091269,4.14241682033184,0.0965016568590276,42.9258621578198,0,0,"CDS",1341,"yvbW","","COG1113","putative amino acid permease YvbW"
"PHJJKLOP_01205",1401.22721128374,1.97436121698977,0.0807893553069758,24.4383831197535,6.688126307945e-132,5.00606254149683e-131,"CDS",897,"","","","hypothetical protein"
"PHJJKLOP_01208",1706.8265294278,1.8487367276532,0.0724796249853031,25.5069852807333,1.64912422864819e-143,1.32372062749938e-142,"CDS",1503,"eat(A)","","","ABC-F type ribosomal protection protein Eat(A)"
"PHJJKLOP_01235",886.45510081863,1.04034195027462,0.0828745426657243,12.5532149778594,3.81692014614339e-36,1.18546254331466e-35,"CDS",921,"yceM","1.-.-.-","COG0673","Putative oxidoreductase YceM"
"PHJJKLOP_01237",47.2443893589621,1.00300543288863,0.280226590667801,3.57926573098717,0.000344560971025817,0.000519705565365892,"CDS",1479,"","","","hypothetical protein"
"PHJJKLOP_01239",1370.38909192784,1.39043307846023,0.07637632765909,18.2050266237794,4.70824739067801e-74,2.31469502260919e-73,"CDS",570,"","","","hypothetical protein"
"PHJJKLOP_01254",2587.22410253997,5.03575006051801,0.0998052803941573,50.4557478384962,0,0,"CDS",423,"","","","hypothetical protein"
"PHJJKLOP_01255",913.379780441381,4.74542768174736,0.126414684949502,37.5385793481428,0,0,"CDS",495,"","2.7.1.-","","putative phosphotransferase enzyme IIB component"
"PHJJKLOP_01256",934.236408420101,3.81043452952726,0.113956017979029,33.43776482457,3.87645028010843e-245,5.34842955697909e-244,"CDS",810,"","","","hypothetical protein"
"PHJJKLOP_01257",218.243189437148,1.39138826447707,0.143006469314876,9.7295476990867,2.25593798382624e-22,5.69981293128757e-22,"CDS",822,"manZ_2","","COG3716","PTS system mannose-specific EIID component"
"PHJJKLOP_01279",114.54180705893,1.19072325574391,0.181527901083252,6.55945035798009,5.40064681294618e-11,1.05133527685051e-10,"CDS",738,"ydjF","","COG1349","putative HTH-type transcriptional regulator YdjF"
"PHJJKLOP_01280",1637.2333095506,2.74811276453875,0.0842660415620976,32.612339604366,2.74164831163653e-233,3.53814441596541e-232,"CDS",366,"","","","hypothetical protein"
"PHJJKLOP_01284",4872.46263420878,1.44286981137875,0.0606223923635869,23.8009381537608,3.26589624068613e-125,2.34486650949982e-124,"CDS",798,"","","","hypothetical protein"
"PHJJKLOP_01285",4186.75060837602,1.58345557720107,0.0632106025889742,25.050474324655,1.72519400942745e-138,1.34862424653414e-137,"CDS",1185,"","","","hypothetical protein"
"PHJJKLOP_01286",6181.46096054842,1.80739460066244,0.0560357023987527,32.2543400598593,3.05803321410963e-228,3.89606444384862e-227,"CDS",1248,"","","","hypothetical protein"
"PHJJKLOP_01296",1585.81021627839,1.12941735805052,0.0710890742186291,15.8873549904038,7.7530615099681e-57,3.2150507147984e-56,"CDS",1122,"dinB","2.7.7.7","COG0389","DNA polymerase IV"
"PHJJKLOP_01299",887.844967407195,1.12336360888557,0.0832209708295479,13.498564096139,1.59453636788001e-41,5.38223436914629e-41,"CDS",768,"bceA_2","","COG1136","Bacitracin export ATP-binding protein BceA"
"PHJJKLOP_01300",4096.56984122309,1.0938501213903,0.0602649134050411,18.1506959785791,1.26784244084305e-73,6.19236585299201e-73,"CDS",2043,"bceB_2","","COG0577","Bacitracin export permease protein BceB"
"PHJJKLOP_01321",8283.59176617304,1.26907376880673,0.0618792344260114,20.5088796036117,1.79378793080013e-93,1.04081415984798e-92,"CDS",492,"manX_1","2.7.1.191","COG2893","PTS system mannose-specific EIIAB component"
"PHJJKLOP_01322",23604.6779732088,1.60712072135861,0.0601874651954977,26.7019173533633,4.47157209219336e-157,3.82511052686484e-156,"CDS",990,"manX_2","2.7.1.191","","PTS system mannose-specific EIIAB component"
"PHJJKLOP_01328",15001.7539574165,1.00489900701931,0.0608302564933184,16.5197233243572,2.64609135587166e-61,1.14155583854175e-60,"CDS",426,"","","","putative protein"
"PHJJKLOP_01338",778.876672498114,1.04155240543759,0.0884268081558505,11.778695026534,5.02652356528822e-32,1.4596907424319e-31,"CDS",957,"","","","hypothetical protein"
"PHJJKLOP_01362",1656.24154798015,5.48785375403451,0.130439943414391,42.0718808241144,0,0,"CDS",318,"ptcB_1","2.7.1.204","COG1440","PTS system galactose-specific EIIB component"
"PHJJKLOP_01363",2858.29720782736,5.56626060949433,0.19588146465388,28.4164743169031,1.26561752075185e-177,1.20677033666594e-176,"CDS",321,"licA_2","","COG1447","Lichenan-specific phosphotransferase enzyme IIA component"
"PHJJKLOP_01364",3757.5797261289,5.47206925619345,0.205631217233318,26.6110823532431,5.05256588429805e-156,4.29755177772397e-155,"CDS",1461,"celB","","COG1455","PTS system cellobiose-specific EIIC component"
"PHJJKLOP_01365",102.109100314596,5.51927153073252,0.423232314370708,13.0407611690496,7.17372626042981e-39,2.3194531775083e-38,"CDS",222,"","","","hypothetical protein"
"PHJJKLOP_01366",27.9279070629248,5.45062630569808,0.782537997480108,6.96531839124736,3.27661858242829e-12,6.64647427899073e-12,"CDS",183,"","","","hypothetical protein"
"PHJJKLOP_01367",34.864230574704,3.90692646394153,0.465393973862846,8.39487978650304,4.66371160376345e-17,1.06264479008126e-16,"CDS",414,"","","","hypothetical protein"
"PHJJKLOP_01369",961.205947208153,2.56472229184282,0.120342100224512,21.3119289679841,8.79944118387703e-101,5.42089030957363e-100,"CDS",165,"","","","hypothetical protein"
"PHJJKLOP_01378",1140.46524348807,4.31176767980164,0.105022312977076,41.0557295642767,0,0,"CDS",777,"","","","hypothetical protein"
"PHJJKLOP_01379",113.918700209085,3.93256114343782,0.269486219914375,14.5928097721929,3.1207508157846e-48,1.15637722060137e-47,"CDS",204,"","","","hypothetical protein"
"PHJJKLOP_01380",199.871405908081,3.3200800479906,0.189868518856657,17.4862060755692,1.82510409687328e-68,8.51146676953055e-68,"CDS",339,"","","","hypothetical protein"
"PHJJKLOP_01381",69.2205928543527,3.8374507017103,0.330524369685934,11.6101899093149,3.65802259138608e-31,1.04604772097516e-30,"CDS",180,"","","","hypothetical protein"
"PHJJKLOP_01382",685.364793144666,2.61911233574311,0.0997320987956774,26.2614781737314,5.28555131375009e-152,4.40806145776261e-151,"CDS",504,"","","","hypothetical protein"
"PHJJKLOP_01383",635.676937995368,3.17628052670192,0.107385875463161,29.5781965086417,2.85055834465627e-192,3.01574971162575e-191,"CDS",699,"","","","hypothetical protein"
"PHJJKLOP_01384",203.259149020161,3.16834467960156,0.179227131463724,17.677818384561,6.21551347999619e-70,2.94916756879692e-69,"CDS",342,"","","","hypothetical protein"
"PHJJKLOP_01386",318.961191959335,2.89788743964772,0.137699824511443,21.0449610224951,2.54326605116912e-98,1.535189225242e-97,"CDS",687,"","","","hypothetical protein"
"PHJJKLOP_01387",96.965778737012,3.23567867138629,0.262208490116359,12.3400987891369,5.50882501106681e-35,1.68472135680634e-34,"CDS",750,"","","","hypothetical protein"
"PHJJKLOP_01388",13.7532948132386,2.53951585453464,0.601219169177409,4.22394358784205,2.40064163915146e-05,3.87467442998354e-05,"CDS",270,"","","","hypothetical protein"
"PHJJKLOP_01389",24.4803845427079,2.7779073403712,0.444899993954642,6.24389161186281,4.26815814161005e-10,8.07256189259665e-10,"CDS",165,"","","","hypothetical protein"
"PHJJKLOP_01390",105.804928045331,2.65954895176915,0.218689552925835,12.1612985905691,4.9958154014299e-34,1.49874462042897e-33,"CDS",303,"","","","hypothetical protein"
"PHJJKLOP_01391",40.8631153771161,2.61385622874326,0.343763322911146,7.60365069376199,2.87891664667806e-14,6.12178724442764e-14,"CDS",162,"","","","hypothetical protein"
"PHJJKLOP_01392",104.908517853223,2.87854918259492,0.229291528921606,12.5541017417137,3.77440197856633e-36,1.17347450922405e-35,"CDS",300,"","","","hypothetical protein"
"PHJJKLOP_01393",47.5675132031453,2.35031833745232,0.305918566005702,7.68282346553793,1.55619972059349e-14,3.33997273366086e-14,"CDS",357,"","","","hypothetical protein"
"PHJJKLOP_01401",41.500856398438,4.17633049581273,0.454133055173388,9.19627067053775,3.70588360702831e-20,8.98414212100628e-20,"CDS",168,"","","","hypothetical protein"
"PHJJKLOP_01402",45.8917571013805,2.39645295841971,0.31186995897724,7.68414170534009,1.54026103525111e-14,3.30813596810747e-14,"CDS",345,"","","","hypothetical protein"
"PHJJKLOP_01403",50.7998114015063,1.96502609297269,0.300486101905233,6.53949078015068,6.17286470332546e-11,1.19854454745502e-10,"CDS",282,"","","","hypothetical protein"
"PHJJKLOP_01404",35.6656163568123,2.37089883583435,0.352530037421109,6.72538105739407,1.75133504011567e-11,3.45877118080891e-11,"CDS",315,"","","","hypothetical protein"
"PHJJKLOP_01405",303.396164896797,2.33648897566783,0.130808390214405,17.8619198037537,2.33469092500398e-71,1.11662374272555e-70,"CDS",1695,"","","","hypothetical protein"
"PHJJKLOP_01406",174.708802896578,3.43579990883203,0.196453635867681,17.4891133658945,1.73434555869431e-68,8.10082777337094e-68,"CDS",1179,"","","","hypothetical protein"
"PHJJKLOP_01407",102.313358507209,6.01233190269341,0.487402981002003,12.3354434360111,5.83667075557013e-35,1.78316247369153e-34,"CDS",687,"clpP_1","3.4.21.92","","ATP-dependent Clp protease proteolytic subunit"
"PHJJKLOP_01408",246.481773953691,3.36673054577287,0.165552215117817,20.3363666464801,6.13076005152006e-92,3.49628487509544e-91,"CDS",1161,"","","","hypothetical protein"
"PHJJKLOP_01409",191.959561929458,4.62344912487893,0.24169763808735,19.1290620854475,1.44653332773917e-81,7.5981066372826e-81,"CDS",876,"","","","hypothetical protein"
"PHJJKLOP_01410",58.8182991178533,5.53328721132311,0.55051420195808,10.0511252782257,9.08243059280021e-24,2.35231809643978e-23,"CDS",312,"","","","hypothetical protein"
"PHJJKLOP_01411",20.6341004743111,5.42968145722726,0.900081267341515,6.03243468588609,1.61507628763722e-09,3.00344000322102e-09,"CDS",354,"","","","hypothetical protein"
"PHJJKLOP_01412",7.25623818576383,6.40012317960461,1.30752490928347,4.89483843417706,9.83865246626626e-07,1.66894761949015e-06,"CDS",402,"","","","hypothetical protein"
"PHJJKLOP_01413",81.9606982010275,4.66071471499358,0.367172810104661,12.6935181111724,6.42342662075326e-37,2.01590558726785e-36,"CDS",414,"","","","hypothetical protein"
"PHJJKLOP_01414",180.406228491833,4.27044940178822,0.229165759963706,18.6347620275584,1.67899406527874e-77,8.53464894982097e-77,"CDS",609,"","","","hypothetical protein"
"PHJJKLOP_01415",31.9679838009483,5.3240936483081,0.699345079354161,7.61297077148931,2.67866382096807e-14,5.70001384504507e-14,"CDS",363,"","","","hypothetical protein"
"PHJJKLOP_01416",630.951040226325,3.90625690693001,0.124604852798947,31.3491555038619,9.9902642659611e-216,1.20123900450954e-214,"CDS",3432,"smc_2","","","Chromosome partition protein Smc"
"PHJJKLOP_01418",44.9197986634393,2.95577087665814,0.340525557993719,8.68002652744396,3.95676525593102e-18,9.21910908658169e-18,"CDS",738,"","","","hypothetical protein"
"PHJJKLOP_01419",173.954960382239,1.91997334574781,0.163735595878823,11.7260595378951,9.37209652186317e-32,2.7137385866981e-31,"CDS",2292,"","","","hypothetical protein"
"PHJJKLOP_01420",306.576831311371,1.53462559545131,0.129326490537785,11.8662896446799,1.77151504126577e-32,5.18974171580207e-32,"CDS",2127,"","","","hypothetical protein"
"PHJJKLOP_01421",156.592391748286,1.36981410205524,0.162547399667604,8.42716712082997,3.54133916273872e-17,8.09990026985464e-17,"CDS",447,"","","","hypothetical protein"
"PHJJKLOP_01438",378.378378850401,1.38759926805969,0.110762052120849,12.5277497255624,5.26349894517008e-36,1.63304827376572e-35,"CDS",924,"ccpB","","","Catabolite control protein B"
"PHJJKLOP_01462",2469.63140753292,1.14049864655576,0.0657563382489335,17.3443150413605,2.17758389189864e-67,1.00457414057697e-66,"CDS",1167,"","","","hypothetical protein"
"PHJJKLOP_01472",80.5109287342065,1.16775320253726,0.211658939594075,5.51714567207415,3.44549827618161e-08,6.15869960530611e-08,"CDS",393,"mtlA","","COG2213","PTS system mannitol-specific EIICB component"
"PHJJKLOP_01478",21.2990419728529,2.22067976595866,0.469442137277168,4.73046535370454,2.24005755754421e-06,3.75727301248592e-06,"CDS",1767,"","","","hypothetical protein"
"PHJJKLOP_01498",4654.02852573654,2.17069151538483,0.0705898677617865,30.7507519734996,1.19480171466618e-207,1.35501376276914e-206,"CDS",948,"nlhH","3.1.1.1","COG0657","Carboxylesterase NlhH"
"PHJJKLOP_01500",1007.08731814594,2.19144035797792,0.0921474429830331,23.7818900561508,5.14236570517954e-125,3.68331170366209e-124,"CDS",243,"","","","hypothetical protein"
"PHJJKLOP_01502",1325.28421100756,2.14903944230865,0.0821183317522426,26.1700328836742,5.83093469313744e-151,4.82260178763909e-150,"CDS",639,"","","","hypothetical protein"
"PHJJKLOP_01513",2493.5951478353,3.46250981801777,0.0758770469402515,45.6331652013853,0,0,"CDS",1104,"","","","hypothetical protein"
"PHJJKLOP_01514",329.699570974628,1.04487516834127,0.120752221531409,8.65305130696486,5.01404693633628e-18,1.16643795861623e-17,"CDS",549,"","","","hypothetical protein"
"PHJJKLOP_01515",73580.0668406831,7.32547459399679,0.0823985150204953,88.9029928776592,0,0,"CDS",1662,"dppE","","COG4166","Dipeptide-binding protein DppE"
"PHJJKLOP_01516",3009.90445468514,6.42036600529173,0.11868588100245,54.0954488525825,0,0,"CDS",348,"","","","hypothetical protein"
"PHJJKLOP_01517",6819.65455843287,6.99044172040115,0.100407226489918,69.6209024467281,0,0,"CDS",942,"oppB","","COG0601","Oligopeptide transport system permease protein OppB"
"PHJJKLOP_01518",5998.21421237724,6.38242330357363,0.0925946968281079,68.9286052247885,0,0,"CDS",1044,"dppC","","COG1173","Dipeptide transport system permease protein DppC"
"PHJJKLOP_01519",12073.9734139797,6.02830065211318,0.0722592166487069,83.4260448936249,0,0,"CDS",1071,"oppD_2","","COG0444","Oligopeptide transport ATP-binding protein OppD"
"PHJJKLOP_01520",10487.6671290155,5.88536855766752,0.0768664963837241,76.5661092225053,0,0,"CDS",954,"oppF_2","","COG4608","Oligopeptide transport ATP-binding protein OppF"
"PHJJKLOP_01521",14598.1157632568,5.80193176723243,0.0707437297134634,82.0133712306696,0,0,"CDS",1011,"","","","IS200/IS605 family transposase ISEfa4"
"PHJJKLOP_01522",3514.48302500516,1.20208579727411,0.0615054188649515,19.544388436953,4.60476969076453e-85,2.48857047908827e-84,"CDS",822,"","","","hypothetical protein"
"PHJJKLOP_01530",9890.12843481973,5.66220296380807,0.0882653225306968,64.1498019999743,0,0,"CDS",630,"niaX","","","Niacin transporter NiaX"
"PHJJKLOP_01531",1384.30899581949,2.35033515791158,0.0796552209740788,29.506354124313,2.38629892750296e-191,2.51569682709291e-190,"CDS",1110,"msmX","7.5.2.-","COG3839","Oligosaccharides import ATP-binding protein MsmX"
"PHJJKLOP_01532",431.179659048561,2.28261628351937,0.111580377424452,20.4571478982931,5.18860290530746e-93,2.98743790355587e-92,"CDS",423,"mgsA","4.2.3.3","COG1803","Methylglyoxal synthase"
"PHJJKLOP_01533",93235.8622470626,3.89454684163131,0.0663080477827095,58.7341502556926,0,0,"CDS",537,"folT_1","","","Folate transporter FolT"
"PHJJKLOP_01536",28.2170121868991,1.72369459156987,0.363367039819176,4.74367348350484,2.0987704223316e-06,3.52621697220023e-06,"CDS",225,"","","","hypothetical protein"
"PHJJKLOP_01538",16.7953164048885,3.84004874376585,0.674857946811163,5.6901585910203,1.26921437077675e-08,2.29331793971369e-08,"CDS",420,"manX_3","2.7.1.191","","PTS system mannose-specific EIIAB component"
"PHJJKLOP_01539",23.3867879977485,2.47472086809798,0.453144613924356,5.46121655660038,4.72882781917053e-08,8.41242453392548e-08,"CDS",471,"","2.7.1.-","","putative phosphotransferase enzyme IIB component"
"PHJJKLOP_01540",12.8199182286408,1.52623918800724,0.556533055536768,2.74240527642191,0.00609910381942591,0.008541027518878,"CDS",780,"sorA_2","","COG3715","PTS system sorbose-specific EIIC component"
"PHJJKLOP_01551",9788.14548121815,2.87585703213204,0.0806531582962042,35.6570913388198,1.82951354308812e-278,2.83811582798229e-277,"CDS",204,"","","","hypothetical protein"
"PHJJKLOP_01564",3137.17581661619,2.46555458570884,0.0842358520215505,29.2696580676606,2.52451545994875e-188,2.5884929065365e-187,"CDS",336,"","","","hypothetical protein"
"PHJJKLOP_01567",88.1569405050195,1.64768531628082,0.230774452091878,7.13980816050135,9.34612646593742e-13,1.92450499580582e-12,"CDS",255,"","","","hypothetical protein"
"PHJJKLOP_01572",795.952288770907,1.36704953357892,0.0858395433468661,15.9256384677497,4.20697418122884e-57,1.75427307779933e-56,"CDS",510,"ypjQ","","COG1267","putative protein YpjQ"
"PHJJKLOP_01573",818.248896169976,1.11667744322435,0.0826289092763374,13.5143674653846,1.28656744913359e-41,4.34761054481486e-41,"CDS",999,"yumC","1.18.1.2","COG0492","Ferredoxin--NADP reductase 2"
"PHJJKLOP_01577",6317.12960635787,2.48332964789596,0.0627608915214407,39.568106629709,0,0,"CDS",363,"","","","hypothetical protein"
"PHJJKLOP_01580",1.90550317273032,3.39432140788052,1.606745073655,2.11254508480251,0.0346397232183486,0.0454077632730892,"CDS",291,"","","","IS3 family transposase IS1485"
"PHJJKLOP_01581",485.991270996539,2.83575827501258,0.118400897103747,23.9504796363815,9.13445873627456e-127,6.67038279424537e-126,"CDS",375,"","","","hypothetical protein"
"PHJJKLOP_01582",124.361374065785,1.31118053870067,0.177354027370336,7.39301248548907,1.4353899243761e-13,3.00528491858884e-13,"CDS",630,"menH_1","4.2.99.20","","2-succinyl-6-hydroxy-2,4-cyclohexadiene-1-carboxylate synthase"
"PHJJKLOP_01585",385.062187448187,2.12460080858686,0.117959169977971,18.0113238248762,1.58785266887201e-72,7.68017914475413e-72,"CDS",165,"","","","hypothetical protein"
"PHJJKLOP_01586",6872.30771237326,2.68381630574443,0.0615421159391689,43.6094252657358,0,0,"CDS",1329,"pepC","3.4.22.40","COG3579","Aminopeptidase C"
"PHJJKLOP_01587",514.135199727176,1.02109419682893,0.100739425769832,10.1359938179707,3.82464422789048e-24,9.99213334930549e-24,"CDS",834,"","2.7.1.-","","putative ketoamine kinase"
"PHJJKLOP_01590",1390.31520609911,1.4179703036449,0.0737332791963546,19.2310761043028,2.03364310043577e-82,1.07956160331644e-81,"CDS",834,"","","","hypothetical protein"
"PHJJKLOP_01591",1494.72287090014,1.38114380087887,0.0831124543455241,16.6177718099508,5.18231947779757e-62,2.24867601688782e-61,"CDS",840,"yhaX","","COG0561","Stress response protein YhaX"
"PHJJKLOP_01597",416.849398500908,2.47870332172408,0.122113176593402,20.2984099740307,1.32813185519741e-91,7.54540184907217e-91,"CDS",648,"rex_1","","COG2344","Redox-sensing transcriptional repressor Rex"
"PHJJKLOP_01615",218.569787288463,2.3986099193482,0.157226026006473,15.2558070713398,1.50621083914674e-52,5.89489575477822e-52,"CDS",408,"","","","hypothetical protein"
"PHJJKLOP_01616",576.408380032339,1.1815765913311,0.092437357192662,12.7824575173477,2.05472891982868e-37,6.48930209490196e-37,"CDS",1224,"cdr_2","1.8.1.14","","Coenzyme A disulfide reductase"
"PHJJKLOP_01626",225.950910647497,2.31019264763533,0.153857882109615,15.0151075522374,5.84669625247695e-51,2.23563327968276e-50,"CDS",354,"","","","hypothetical protein"
"PHJJKLOP_01636",4594.74507335934,1.5312882807321,0.0668111582863971,22.919648753401,2.95956032089451e-116,2.01843362204058e-115,"CDS",267,"","","","hypothetical protein"
"PHJJKLOP_01637",8292.02621388037,1.53798928353803,0.0708467702268992,21.7086718083598,1.69896607108884e-104,1.07769161373729e-103,"CDS",432,"yrrK","3.1.-.-","COG0816","Putative pre-16S rRNA nuclease"
"PHJJKLOP_01638",12717.3100953483,1.59000136272707,0.0646520996760918,24.5931898684344,1.49393847024524e-133,1.12666291685498e-132,"CDS",306,"","","","hypothetical protein"
"PHJJKLOP_01660",493.872781889249,1.16533858744802,0.108928743655933,10.6981733960772,1.03804255023115e-26,2.81512626394208e-26,"CDS",423,"","","","hypothetical protein"
"PHJJKLOP_01663",312.9865155496,1.18699707382167,0.120277849159273,9.86879198554539,5.68450551503528e-23,1.4571412253438e-22,"CDS",471,"","","","hypothetical protein"
"PHJJKLOP_01665",9.69015461818624,1.42317462523509,0.598626126154507,2.3774014581979,0.0174351008252635,0.0234609851104895,"CDS",681,"","","","hypothetical protein"
"PHJJKLOP_01682",4793.70454662993,1.15220669874116,0.0557046171896991,20.6842225450967,4.80456393056216e-95,2.82610302713224e-94,"CDS",1263,"yhaP","","COG1668","putative protein YhaP"
"PHJJKLOP_01698",3614.36878953499,1.69111607714509,0.0711429435118254,23.7706790535591,6.71631124564026e-125,4.79919710487994e-124,"CDS",372,"gloA","4.4.1.5","COG0346","Lactoylglutathione lyase"
"PHJJKLOP_01709",1727.06838758194,2.14440693161915,0.0742167858972384,28.8938264530658,1.42740043326029e-183,1.41044122019185e-182,"CDS",1335,"rpoN1","","COG1508","RNA polymerase sigma-54 factor 1"
"PHJJKLOP_01722",1245.10497468674,1.14123413505374,0.0840891745087542,13.5717129074079,5.8928626126312e-42,2.00947957428449e-41,"CDS",279,"yjdJ","","COG2388","putative protein YjdJ"
"PHJJKLOP_01744",3459.86171515506,2.47330523237223,0.0869038635418246,28.4602448219335,3.63950812031083e-178,3.4813697483101e-177,"CDS",171,"","","","hypothetical protein"
"PHJJKLOP_01751",23598.4486962692,2.45780352973431,0.0593296037459149,41.4262589762121,0,0,"CDS",552,"hpf","","","Ribosome hibernation promotion factor"
"PHJJKLOP_01755",4762.21007772334,1.06397883476212,0.0679987703335613,15.6470305204473,3.48086897748141e-55,1.40644017794593e-54,"CDS",894,"ftsX","","COG2177","Cell division protein FtsX"
"PHJJKLOP_01758",2169.9567217342,1.25042217436847,0.0655186799669933,19.084972026274,3.36657012745797e-81,1.76215226601559e-80,"CDS",921,"","","","hypothetical protein"
"PHJJKLOP_01759",1507.16498676027,1.4894313166388,0.0788813970421905,18.8819084408732,1.60674136490431e-79,8.26560764007475e-79,"CDS",885,"","","","hypothetical protein"
"PHJJKLOP_01760",3238.6788044435,1.16995947624511,0.0615237069903084,19.0164008880254,1.24759345906923e-80,6.49616489817963e-80,"CDS",807,"pstB3_1","7.3.2.1","COG1117","Phosphate import ATP-binding protein PstB 3"
"PHJJKLOP_01773",1262.83169563372,1.37098057068337,0.0717685218905417,19.1028118535635,2.39248711953298e-81,1.25448448964654e-80,"CDS",441,"","","","hypothetical protein"
"PHJJKLOP_01774",11481.3391330328,1.78831814011651,0.0597603307870025,29.9248367029699,9.3534356375341e-197,1.02205059484588e-195,"CDS",603,"","","","hypothetical protein"
"PHJJKLOP_01777",13953.243238838,1.18552531763446,0.0513031103295314,23.1082542563125,3.82473181403522e-118,2.63247058648769e-117,"CDS",2346,"ponA_1","","COG0744","Penicillin-binding protein 1A/1B"
"PHJJKLOP_01783",2180.12634662243,1.94283976810662,0.0659998203132618,29.4370463265675,1.84434358756865e-190,1.93075688852466e-189,"CDS",1752,"yheI","3.6.3.-","COG1132","putative multidrug resistance ABC transporter ATP-binding/permease protein YheI"
"PHJJKLOP_01784",2150.05840815883,1.86895157017158,0.064709116025564,28.8823535996572,1.9890953458295e-183,1.95899719257024e-182,"CDS",1785,"yheH","3.6.3.-","COG1132","putative multidrug resistance ABC transporter ATP-binding/permease protein YheH"
"PHJJKLOP_01785",34.2992743341831,1.1933972318047,0.332679081976836,3.5872325507012,0.000334206241073733,0.000504850396455477,"CDS",852,"licT_3","","COG3711","Transcription antiterminator LicT"
"PHJJKLOP_01788",571.411444990851,2.24233910555353,0.100858730103345,22.2324741076544,1.66689779536715e-109,1.09374445511642e-108,"CDS",1404,"licH","3.2.1.86","COG1486","putative 6-phospho-beta-glucosidase"
"PHJJKLOP_01789",560.042140454941,1.35017752519204,0.0972885564674143,13.8780713191512,8.60277325255543e-44,3.00194675036725e-43,"CDS",1434,"bglH_2","3.2.1.86","COG2723","Aryl-phospho-beta-D-glucosidase BglH"
"PHJJKLOP_01827",27.0597537932628,1.89146005038049,0.384767897695553,4.91584683054069,8.83994952603087e-07,1.50294201481751e-06,"CDS",750,"glvR","","COG1737","HTH-type transcriptional regulator GlvR"
"PHJJKLOP_01828",34.7159864745785,2.52517714652237,0.372688828466662,6.77556436803218,1.23921553967042e-11,2.46198495406321e-11,"CDS",951,"pfkB","2.7.1.11","COG1105","ATP-dependent 6-phosphofructokinase isozyme 2"
"PHJJKLOP_01833",1581.47401617397,3.04207702982127,0.0893441497639199,34.048978448612,4.20256405110436e-254,6.04926767740694e-253,"CDS",276,"acyP","3.6.1.7","COG1254","Acylphosphatase"
"PHJJKLOP_01835",5681.30197616295,1.79224546537256,0.0577952255679659,31.0102685431155,3.91936681531784e-211,4.54828846707814e-210,"CDS",504,"","","","hypothetical protein"
"PHJJKLOP_01841",6694.54539401419,2.72005413620021,0.0764122786757973,35.5970818216386,1.55443325829765e-277,2.39895524502225e-276,"CDS",1119,"","","","hypothetical protein"
"PHJJKLOP_01855",66.9296435769232,1.97790423256345,0.245841166430044,8.0454557765299,8.59250273991039e-16,1.9042156331082e-15,"CDS",540,"","","","hypothetical protein"
"PHJJKLOP_01862",24.9020543102689,1.72382427299612,0.390242307787425,4.41731775001477,9.99332691431953e-06,1.63765849925959e-05,"CDS",753,"","","","hypothetical protein"
"PHJJKLOP_01863",10.800545388438,1.50676136492717,0.573623451883428,2.62674296174588,0.00862064253964104,0.0119003315125024,"CDS",324,"","","","hypothetical protein"
"PHJJKLOP_01864",68.6566316051817,1.91222498641147,0.259803547461664,7.36027281033808,1.83534749703412e-13,3.83195983690388e-13,"CDS",849,"","","","hypothetical protein"
"PHJJKLOP_01875",295.325102960133,2.37955740009086,0.135022174993921,17.6234562967009,1.62750664866156e-69,7.69787504911963e-69,"CDS",261,"","","","hypothetical protein"
"PHJJKLOP_01883",544.135334234428,1.75479657892216,0.102512473352769,17.1178835270466,1.09173006773346e-65,4.91524785382553e-65,"CDS",891,"pstS1_2","","COG0226","Phosphate-binding protein PstS 1"
"PHJJKLOP_01887",4377.11305294932,1.39201370968178,0.0618426111008586,22.5089737464602,3.39027606099833e-112,2.26573359969397e-111,"CDS",1737,"phoR_2","2.7.13.3","COG0642","Alkaline phosphatase synthesis sensor protein PhoR"
"PHJJKLOP_01888",1355.7903277913,1.16470846729009,0.0736982643000606,15.8037435257364,2.93177409899066e-56,1.19750772883738e-55,"CDS",705,"phoP","","COG0745","Alkaline phosphatase synthesis transcriptional regulatory protein PhoP"
"PHJJKLOP_01915",1394.69088244129,1.02588119166362,0.0731587446113974,14.0226735315493,1.13265930117399e-44,4.00848929989945e-44,"CDS",1848,"","","","hypothetical protein"
"PHJJKLOP_01916",592.562863344302,1.38434573721806,0.0958617732926017,14.4410612246091,2.85413486264957e-47,1.04465522967883e-46,"CDS",897,"","","","hypothetical protein"
"PHJJKLOP_01945",1093.69485959601,1.60631315371322,0.0878622565203941,18.2821750468061,1.14757031541191e-74,5.68845285487297e-74,"CDS",1548,"","","","IS66 family transposase ISRob1"
"PHJJKLOP_01951",114.144605669493,1.28486200607582,0.183309698500204,7.00924182729149,2.39612993181488e-12,4.89693721218686e-12,"CDS",294,"","","","hypothetical protein"
"PHJJKLOP_01973",1758.76971303338,4.44925347826726,0.110601621228711,40.2277419520526,0,0,"CDS",261,"","","","hypothetical protein"
"PHJJKLOP_01974",30.406695697528,1.66129496775964,0.358377506598168,4.63560055297324,3.55902661801122e-06,5.93633743416468e-06,"CDS",240,"","","","hypothetical protein"
"PHJJKLOP_01995",53.4937254675005,1.34215096391334,0.258991412005338,5.18222188728666,2.19258154947563e-07,3.80335408987835e-07,"CDS",387,"","","","hypothetical protein"
"PHJJKLOP_01999",4057.54496502466,3.36006081767641,0.090337948660484,37.1943448738745,8.42301846020398e-303,1.44105812970575e-301,"CDS",150,"","","","hypothetical protein"
"PHJJKLOP_02001",4790.76543604195,2.96456490348194,0.0951782771454705,31.1474949157874,5.48409322147936e-213,6.46432090752331e-212,"CDS",111,"","","","hypothetical protein"
"PHJJKLOP_02005",188.565588484655,1.32585504628806,0.144884374526389,9.15112516875707,5.63435997017556e-20,1.36042530247626e-19,"CDS",345,"","","","hypothetical protein"
"PHJJKLOP_02006",349.832102920767,1.76246060848408,0.115077901624753,15.3153697069584,6.03676507848614e-53,2.38130100724473e-52,"CDS",420,"","","","hypothetical protein"
"PHJJKLOP_02009",8876.70244425195,1.40591077904801,0.0560055279022896,25.103071637872,4.60371179293929e-139,3.61771997586883e-138,"CDS",567,"","","","hypothetical protein"
"PHJJKLOP_02016",1102.11744505353,2.88674470423781,0.096761586896663,29.833581660052,1.43368690869791e-195,1.55523862487012e-194,"CDS",183,"","","","hypothetical protein"
"PHJJKLOP_02017",797.194807464039,1.91600481536338,0.0854072373144706,22.4337524033077,1.84409137686216e-111,1.22693546273896e-110,"CDS",321,"","","","hypothetical protein"
"PHJJKLOP_02018",763.235130473104,2.24926907720201,0.12287744530012,18.3049791742359,7.55208544971409e-75,3.76849063940733e-74,"CDS",171,"","","","hypothetical protein"
"PHJJKLOP_02020",1508.84440972642,2.32973019562089,0.0752662956831516,30.9531666793906,2.30319686855294e-210,2.64205801702969e-209,"CDS",483,"","","","hypothetical protein"
"PHJJKLOP_02021",3323.66974006809,2.34217944178688,0.0629473166298971,37.20856689663,4.96050004829107e-303,8.63473089801365e-302,"CDS",699,"","","","hypothetical protein"
"PHJJKLOP_02022",963.015902426532,2.21148613276551,0.089222300044518,24.7862488600056,1.2613969086641e-135,9.70854073146609e-135,"CDS",342,"","","","hypothetical protein"
"PHJJKLOP_02023",1122.41180782426,2.08879203786564,0.0821694694529438,25.4205369922929,1.49532326755125e-142,1.19705825215199e-141,"CDS",672,"","","","hypothetical protein"
"PHJJKLOP_02024",1305.24157124258,2.37760606784306,0.0818263817611622,29.0567176095224,1.2656693283468e-185,1.28454710815943e-184,"CDS",687,"","","","hypothetical protein"
"PHJJKLOP_02025",193.6017438932,2.25494180881891,0.163251646550308,13.8126742147377,2.1374684779952e-43,7.43273010815056e-43,"CDS",750,"","","","hypothetical protein"
"PHJJKLOP_02026",58.6953157686991,1.96549439212675,0.262293652817171,7.49348819926183,6.70668660006916e-14,1.41407180849346e-13,"CDS",270,"","","","hypothetical protein"
"PHJJKLOP_02027",86.5680150095399,1.77763592733038,0.219941687234136,8.08230558601666,6.35536067877687e-16,1.41156898162151e-15,"CDS",165,"","","","hypothetical protein"
"PHJJKLOP_02028",617.18822002732,1.55800334888703,0.0983850073592779,15.8357801732695,1.76259360898298e-56,7.23896469862146e-56,"CDS",306,"","","","hypothetical protein"
"PHJJKLOP_02029",160.61513661013,1.5825256960913,0.158401071172971,9.99062496467096,1.67522187538314e-23,4.32380542663545e-23,"CDS",291,"","","","hypothetical protein"
"PHJJKLOP_02030",154.770154897279,1.41575652773533,0.165749337040872,8.54155167683245,1.32431349042787e-17,3.06413801417392e-17,"CDS",357,"","","","hypothetical protein"
"PHJJKLOP_02033",905.127191310732,1.95444951661987,0.0852233177890347,22.9332718711796,2.16434738746039e-116,1.47946485800374e-115,"CDS",567,"","","","hypothetical protein"
"PHJJKLOP_02034",3.93667076152133,2.43752556416343,1.05607586364806,2.30809702983208,0.0209937403543906,0.0280478619460265,"CDS",135,"","","","hypothetical protein"
"PHJJKLOP_02036",1251.2214541295,2.27845753755875,0.0804649430704953,28.3161517378145,2.18646196927013e-176,2.07160352404897e-175,"CDS",477,"","","","hypothetical protein"
"PHJJKLOP_02070",1203.05920112586,2.83722400794138,0.103033961086684,27.5367847457051,6.37143621791772e-167,5.76316617415277e-166,"CDS",447,"","","","hypothetical protein"
"PHJJKLOP_02073",3910.91416480363,3.83015724012553,0.0672445031696712,56.9586666505853,0,0,"CDS",957,"yfiY","","COG0614","putative siderophore-binding lipoprotein YfiY"
"PHJJKLOP_02082",256.732871581061,1.14118044544847,0.129278880730701,8.82727665182722,1.07255270656829e-18,2.5285218924925e-18,"CDS",366,"","","","hypothetical protein"
"PHJJKLOP_02083",1163.8653483172,1.49305290401936,0.0774796593331437,19.2702564372359,9.54618846481867e-83,5.09652314880127e-82,"CDS",1812,"","","","hypothetical protein"
"PHJJKLOP_02084",3480.1020845017,2.41407100942749,0.0966873336186247,24.9678103540387,1.3680745249626e-137,1.06390003317871e-136,"CDS",168,"","","","hypothetical protein"
"PHJJKLOP_02096",64728.3201010474,3.10030771874337,0.0537431864399112,57.6874562919663,0,0,"CDS",1692,"argS","6.1.1.19","COG0018","Arginine--tRNA ligase"
"PHJJKLOP_02116",615.49839057266,2.40730159237012,0.0997958498589934,24.122261554679,1.46009708344643e-128,1.07673169158586e-127,"CDS",468,"","4.1.2.-","","phosphoketolase"
"PHJJKLOP_02117",2421.58941144357,2.58628182374413,0.0703359762779133,36.7703977481615,5.48978742170262e-296,9.18235951987579e-295,"CDS",990,"xpkA_1","4.1.2.9","","Xylulose-5-phosphate phosphoketolase"
"PHJJKLOP_02118",1099.32907282135,2.51710627724591,0.0825739926982346,30.4830394534104,4.37312001824465e-204,4.90379076203164e-203,"CDS",885,"xpkA_2","4.1.2.9","","Xylulose-5-phosphate phosphoketolase"
"PHJJKLOP_02121",3454.48052081979,2.610009487801,0.0666708096925098,39.1477094674347,0,0,"CDS",786,"gdhIV","1.1.1.47","COG1028","Glucose 1-dehydrogenase 4"
"PHJJKLOP_02122",2676.28481564608,3.14079360503753,0.0731827475218651,42.9171315834943,0,0,"CDS",852,"glcU_2","","COG4975","Glucose uptake protein GlcU"
"PHJJKLOP_02123",251.103686739142,2.72031542359989,0.148663838129516,18.2984339556062,8.5161804731523e-75,4.24250321740732e-74,"CDS",453,"","","","hypothetical protein"
"PHJJKLOP_02124",269.044247699533,2.05566364268381,0.136146270261556,15.0989346879249,1.64570776541653e-51,6.34137586828454e-51,"CDS",369,"fra","","COG5646","Intracellular iron chaperone frataxin"
"PHJJKLOP_02128",957.759527822349,3.38353371025883,0.10811533287113,31.295595364738,5.3567809983842e-215,6.38972203552283e-214,"CDS",591,"ydeA","3.2.-.-","COG0693","putative protease YdeA"
"PHJJKLOP_02139",5979.35423529496,1.03163470651888,0.0601119095699999,17.1619020905924,5.12086969534056e-66,2.31949831586227e-65,"CDS",2817,"uvrA","","","UvrABC system protein A"
"PHJJKLOP_02147",254.793350245145,1.58379716744142,0.133097470150785,11.8995287111554,1.19017385800199e-32,3.49351032437055e-32,"CDS",417,"","","","hypothetical protein"
"PHJJKLOP_02150",128.203202103081,3.21174988806619,0.223334933121914,14.3808666345671,6.82347281279826e-47,2.47930553416481e-46,"CDS",258,"","","","hypothetical protein"
"PHJJKLOP_02151",144.77452256906,3.31499263117227,0.207258829703857,15.9944579244654,1.39668705409637e-57,5.84033664799514e-57,"CDS",588,"","","","hypothetical protein"
"PHJJKLOP_02152",76.4633634493239,1.98855571774827,0.233829964617676,8.50428096758112,1.82724521179923e-17,4.20182193865354e-17,"CDS",558,"","","","hypothetical protein"
"PHJJKLOP_02155",4177.81268872635,1.08640550305255,0.0800642841229449,13.5691652645553,6.10129029875043e-42,2.07582535846122e-41,"CDS",888,"cdaA","2.7.7.85","COG1624","Cyclic di-AMP synthase CdaA"
"PHJJKLOP_02160",3817.75497225865,1.09398204980007,0.0657740299413174,16.6324315353051,4.05786832531977e-62,1.76331752772241e-61,"CDS",1026,"sppA","3.4.21.-","COG0616","Putative signal peptide peptidase SppA"
"PHJJKLOP_02161",1461.32765357699,1.0612233926324,0.0751087207182801,14.1291634644247,2.51109467905132e-45,8.97161989150317e-45,"CDS",660,"","","","hypothetical protein"
"PHJJKLOP_02167",2905.2792090985,2.995334956909,0.0724044603941995,41.3694811148536,0,0,"CDS",156,"","","","hypothetical protein"
"PHJJKLOP_02168",770.169622228339,5.03933910459386,0.144012345702855,34.9924104075888,2.93490266966899e-268,4.4156274336628e-267,"CDS",1329,"","","","hypothetical protein"
"PHJJKLOP_02169",132.0315682778,3.90338761631689,0.253514471326801,15.3970998021849,1.71176273996117e-53,6.77912386698909e-53,"CDS",210,"","","","hypothetical protein"
"PHJJKLOP_02183",443.969615401808,1.21142410547588,0.112288358627805,10.7885102274164,3.90061214481414e-27,1.06167570559759e-26,"CDS",1035,"melR_2","","COG1609","HTH-type transcriptional repressor MelR"
"PHJJKLOP_02211",1601.75901526663,1.36396465215313,0.0814333462777429,16.7494609333759,5.71417182172354e-63,2.49755188821026e-62,"CDS",732,"pphA","3.1.3.16","COG0639","Serine/threonine-protein phosphatase 1"
"PHJJKLOP_02221",6951.46776047861,2.54172157367184,0.0693338246334084,36.6591860049663,3.26696019934773e-294,5.37432903123468e-293,"CDS",333,"","","","hypothetical protein"
"PHJJKLOP_02222",1710.45878816259,1.3820823499039,0.068230312711642,20.2561338938151,3.13645063590826e-91,1.76846199696974e-90,"CDS",492,"nrdR","","COG1327","Transcriptional repressor NrdR"
"PHJJKLOP_02225",5569.55837383693,1.18287889557036,0.0563102675025138,21.0064513637331,5.72570239253902e-98,3.44231987214093e-97,"CDS",708,"dnaI_2","","COG1484","Primosomal protein DnaI"
"PHJJKLOP_02226",4412.84869296902,1.3563765541722,0.0640884065285828,21.1641485198617,2.04421267551241e-99,1.24905566336411e-98,"CDS",441,"","","","hypothetical protein"
"PHJJKLOP_02243",1298.72287064034,2.04960698207801,0.0795767884505598,25.7563420437783,2.73702571346288e-146,2.22077370897232e-145,"CDS",414,"","","","hypothetical protein"
"PHJJKLOP_02245",5015.75160738015,4.66609693679381,0.0735070023877483,63.4782644540478,0,0,"CDS",216,"","","","hypothetical protein"
"PHJJKLOP_02255",1606.16486385824,2.45652314956535,0.2379517140434,10.3236203170081,5.51053054145752e-25,1.46004676470122e-24,"CDS",840,"","","","hypothetical protein"
"PHJJKLOP_02256",118.509427874266,1.87880819068824,0.186605252650217,10.0683564047899,7.62414806248599e-24,1.97976576748335e-23,"CDS",975,"","","","hypothetical protein"
"PHJJKLOP_02257",112.863021171798,1.62583297904697,0.186609619326808,8.71248215880909,2.97292112414708e-18,6.94841986393157e-18,"CDS",357,"","","","hypothetical protein"
"PHJJKLOP_02258",503.352305038036,1.31263016257573,0.0993350321876006,13.2141716136634,7.26820713112056e-40,2.3860758937034e-39,"CDS",1158,"","","","hypothetical protein"
"PHJJKLOP_02265",13.2903595107027,1.45349316563783,0.530338683052855,2.74068856767321,0.00613105898687036,0.00858176278947632,"CDS",903,"","1.1.1.343","COG1023","6-phosphogluconate dehydrogenase, NAD(+)-dependent, decarboxylating"
"PHJJKLOP_02266",7.6383680406949,2.85319557939217,0.806071945852284,3.53962893023823,0.000400689993294333,0.000601939708942917,"CDS",1002,"fldH","1.1.1.-","","Phenyllactate dehydrogenase"
"PHJJKLOP_02267",1.57824995231984,4.2023362837648,1.7229755911002,2.43899931343857,0.0147279962384705,0.0199889486572895,"CDS",273,"","","","hypothetical protein"
"PHJJKLOP_02285",1241.03714982302,5.00790132893003,0.120344158005012,41.6131652084138,0,0,"CDS",498,"","","","hypothetical protein"
"PHJJKLOP_02286",938.913811148699,4.36636108842689,0.114448315092702,38.1513793793311,0,0,"CDS",810,"yidA_3","3.1.3.23","COG0561","Sugar phosphatase YidA"
"PHJJKLOP_02287",3767.06645510576,7.36402407365293,0.1353355754562,54.4130695039328,0,0,"CDS",858,"gspA_1","","COG1442","General stress protein A"
"PHJJKLOP_02288",2397.46351968101,7.02907427250962,0.149785774006243,46.9275157747402,0,0,"CDS",903,"gspA_2","","COG1442","General stress protein A"
"PHJJKLOP_02289",233.014768106421,6.28063044663749,0.351050808393959,17.890944263513,1.38737312868002e-71,6.65672299241663e-71,"CDS",351,"","","","hypothetical protein"
"PHJJKLOP_02290",3541.48850621819,6.98585295951032,0.131970783560873,52.9348449029102,0,0,"CDS",939,"","","","hypothetical protein"
"PHJJKLOP_02291",9941.89504321294,7.27767931879451,0.206851671321315,35.1830820234933,3.62830988113754e-271,5.51429430666284e-270,"CDS",894,"yghA","1.-.-.-","","putative oxidoreductase YghA"
"PHJJKLOP_02292",3075.46923781181,3.59372048767752,0.0874540715117959,41.0926607023985,0,0,"CDS",564,"","","","hypothetical protein"
"PHJJKLOP_02293",15539.630665016,4.28659295531969,0.0752738882194965,56.9466126529841,0,0,"CDS",807,"","","","hypothetical protein"
"PHJJKLOP_02294",1575.54478968882,3.5819961869755,0.0875440078848756,40.916520428057,0,0,"CDS",243,"","","","hypothetical protein"
"PHJJKLOP_02299",7499.23631517559,3.1742108401441,0.0759890224814538,41.7719656930554,0,0,"CDS",567,"","","","hypothetical protein"
"PHJJKLOP_02300",2826.39682100953,3.37901555653929,0.198005487277055,17.0652621955435,2.69178095900692e-65,1.19572584440159e-64,"CDS",189,"","","","hypothetical protein"
"PHJJKLOP_02301",6310.43044536399,3.15228311649807,0.0705737692059007,44.6664979349651,0,0,"CDS",558,"","","","Stress response regulator gls24 "
"PHJJKLOP_02302",704.792786205541,3.092120077813,0.110701549365437,27.9320397549776,1.08957211162687e-171,1.01309903795368e-170,"CDS",243,"","","","hypothetical protein"
"PHJJKLOP_02330",185.544030179798,1.35773015421382,0.153815981329738,8.82697716112627,1.07542750909839e-18,2.53330445494932e-18,"CDS",411,"ohrA","","COG1764","Organic hydroperoxide resistance protein OhrA"
"PHJJKLOP_02332",420.373834668475,1.85344003511904,0.114434626390435,16.1964965813351,5.33829888618316e-59,2.26066009409228e-58,"CDS",771,"","","","hypothetical protein"
"PHJJKLOP_02333",50.2710182846036,2.16092930170053,0.296222700775773,7.29494834812222,2.9877367676683e-13,6.19050787709265e-13,"CDS",1767,"bbmA","3.2.1.-","COG0366","Intracellular maltogenic amylase"
"PHJJKLOP_02334",579.151665717247,3.96576228256147,0.14859099243414,26.6891163293039,6.29621199466474e-157,5.37061501767129e-156,"CDS",1260,"mdxE","","COG2182","Maltodextrin-binding protein MdxE"
"PHJJKLOP_02341",3117.98753063325,1.13624083330922,0.0834676008800107,13.6129566601852,3.35395634610031e-42,1.15025719361103e-41,"CDS",1452,"nylA","3.5.2.12","","6-aminohexanoate-cyclic-dimer hydrolase"
"PHJJKLOP_02342",1252.09572111009,1.43072264810556,0.0901667879193396,15.8675126520581,1.06373693182035e-56,4.39286672257947e-56,"CDS",837,"yckB","","COG0834","putative ABC transporter extracellular-binding protein YckB"
"PHJJKLOP_02343",718.275618337764,1.75745165387597,0.11045867460082,15.9104901468999,5.35922775421737e-57,2.23164504814003e-56,"CDS",660,"yecS_2","","COG0765","L-cystine transport system permease protein YecS"
"PHJJKLOP_02362",3501.48954969291,1.27326790178955,0.0597431763025301,21.3123570019431,8.71936051796015e-101,5.38263203933458e-100,"CDS",1644,"malL_2","3.2.1.10","COG0366","Oligo-1,6-glucosidase"
"PHJJKLOP_02363",2049.66322760014,2.2132543455427,0.0714920819524007,30.9580345836939,1.98070386972738e-210,2.28085668690914e-209,"CDS",546,"","","","hypothetical protein"
"PHJJKLOP_02364",2894.97687281256,1.88786690151355,0.0646461913432603,29.203064593385,1.7730254741454e-187,1.81175367562844e-186,"CDS",486,"hmpT","","COG4720","Thiamine precursor transporter HmpT"
"PHJJKLOP_02365",2786.09354646782,1.02368588257373,0.0771098925341398,13.2756751297572,3.20370585974729e-40,1.05754083176223e-39,"CDS",654,"pdxK","2.7.1.35","COG0351","Pyridoxine kinase"
"PHJJKLOP_02366",2980.81156274321,1.73854627449138,0.0640497770454657,27.1436741029914,3.00709682190593e-162,2.64801408376069e-161,"CDS",1542,"menE","6.2.1.26","","2-succinylbenzoate--CoA ligase"
"PHJJKLOP_02367",883.828681064179,2.12756019328587,0.0846023781852953,25.1477587146086,1.49527264734442e-139,1.17811744898663e-138,"CDS",1032,"xerC_10","","","Tyrosine recombinase XerC"
"PHJJKLOP_02368",11601.2576243349,5.61745085959711,0.0750249396560993,74.8744468885478,0,0,"CDS",987,"ysnF","","","Stress response protein YsnF"
"PHJJKLOP_02384",2339.84901069793,4.80653762502226,0.104572783344841,45.9635621361642,0,0,"CDS",2016,"","","","hypothetical protein"
"PHJJKLOP_02385",73.3441201229642,2.86780773445221,0.284242136810308,10.0893124665963,6.15994438851874e-24,1.60094388014107e-23,"CDS",285,"","","","hypothetical protein"
"PHJJKLOP_02386",92.7792643568846,1.3333384419633,0.212904232219914,6.26262065371278,3.78560761244198e-10,7.17802988704958e-10,"CDS",1374,"ulaA_1","","COG3037","Ascorbate-specific PTS system EIIC component"
"PHJJKLOP_02392",88.3552054065018,1.5434474238246,0.209488203582468,7.3677056628012,1.73589517622258e-13,3.62937860168325e-13,"CDS",399,"","","","hypothetical protein"
"PHJJKLOP_02393",436.897190343534,1.0521840072938,0.103307515220917,10.1849706194536,2.31429789976931e-24,6.07807711570992e-24,"CDS",237,"","","","hypothetical protein"
"PHJJKLOP_02399",2644.61625553487,2.36477817736568,0.0727890693355157,32.4880946954468,1.57050582308699e-231,2.00944206594976e-230,"CDS",771,"cmpD","3.6.3.-","","Bicarbonate transport ATP-binding protein CmpD"
"PHJJKLOP_02400",1655.36912959894,2.59293958207455,0.0748052029702235,34.6625566019343,2.88978584283387e-263,4.28317763041812e-262,"CDS",882,"","","","hypothetical protein"
"PHJJKLOP_02401",4827.86680775727,3.06183944505452,0.0606550522654413,50.4795450782098,0,0,"CDS",1050,"","","","hypothetical protein"
"PHJJKLOP_02408",1626.82805674524,1.30781334801944,0.0983604789752238,13.296126265803,2.43774666213196e-40,8.05586479737648e-40,"CDS",630,"pyrE","2.4.2.10","COG0461","Orotate phosphoribosyltransferase"
"PHJJKLOP_02410",888.938061936466,1.31686967699706,0.0970421133679275,13.5700844849107,6.02525482644869e-42,2.05228816272894e-41,"CDS",933,"pyrDB","1.3.1.14","COG0167","Dihydroorotate dehydrogenase B (NAD(+)), catalytic subunit"
"PHJJKLOP_02411",430.145961317662,1.38691015498406,0.145163206854772,9.55414381532356,1.24609976368821e-21,3.09355115462894e-21,"CDS",354,"pyrK_1","","COG0543","Dihydroorotate dehydrogenase B (NAD(+)), electron transfer subunit"
"PHJJKLOP_02412",770.338599436451,1.75385662639066,0.109752994537127,15.980034383457,1.76048793783438e-57,7.35132620066407e-57,"CDS",447,"pyrK_2","","COG0543","Dihydroorotate dehydrogenase B (NAD(+)), electron transfer subunit"
"PHJJKLOP_02413",6256.60674829564,1.62236526890682,0.0968258466207851,16.7554978915987,5.16268873651773e-63,2.25980849080908e-62,"CDS",3186,"carB","6.3.5.5","COG0458","Carbamoyl-phosphate synthase large chain"
"PHJJKLOP_02414",2083.30182690982,1.77586816569546,0.202106321756752,8.78680167081972,1.53878093712082e-18,3.61341970646254e-18,"CDS",1077,"carA","6.3.5.5","","Carbamoyl-phosphate synthase small chain"
"PHJJKLOP_02415",1419.77052887709,1.65264385955378,0.114508833460169,14.4324573887886,3.23351784152954e-47,1.18062834360237e-46,"CDS",1281,"pyrC","3.5.2.3","","Dihydroorotase"
"PHJJKLOP_02416",1142.3053796222,1.5334390855615,0.203444019345809,7.53740065936765,4.79431596294387e-14,1.01371341758856e-13,"CDS",927,"pyrB","2.1.3.2","COG0540","Aspartate carbamoyltransferase"
"PHJJKLOP_02417",1293.76535083191,1.24744712813508,0.194693422322982,6.40723817605744,1.48179245724181e-10,2.84207983150671e-10,"CDS",1284,"pyrP","","","Uracil permease"
"PHJJKLOP_02418",1027.72285049589,1.70107086298719,0.119718954873561,14.2088683014628,8.07194253841484e-46,2.89083683732225e-45,"CDS",540,"pyrR","","","Bifunctional protein pyrR"
"PHJJKLOP_02423",12599.0177055597,3.66981799837438,0.064558152166186,56.8451523972915,0,0,"CDS",1671,"fhs1","6.3.4.3","","Formate--tetrahydrofolate ligase 1"
"PHJJKLOP_02424",2661.18781386906,1.21734798497169,0.0644271949171539,18.8949400410349,1.25530130551203e-79,6.46879881016011e-79,"CDS",234,"","","","hypothetical protein"
"PHJJKLOP_02433",59.2686269535181,1.10313354107397,0.249459635621236,4.42209232899265,9.77496664954251e-06,1.60450932832951e-05,"CDS",324,"","","","hypothetical protein"
"PHJJKLOP_02451",2780.57346823514,2.5354718964262,0.0775601662654733,32.6903875856554,2.13910070561335e-234,2.78455109243755e-233,"CDS",288,"","","","hypothetical protein"
"PHJJKLOP_02454",8957.19268001261,1.78507457530526,0.0632768366286199,28.2105533464338,4.34050676256256e-175,4.08662806512965e-174,"CDS",927,"cysK","2.5.1.47","","Cysteine synthase"
"PHJJKLOP_02457",51504.5511663911,1.48512382416612,0.0629429814846181,23.5947485984447,4.36353251370159e-123,3.07398031671119e-122,"CDS",1998,"tkt","2.2.1.1","","Transketolase"
"PHJJKLOP_02460",2027.15706694142,3.51931484581024,0.0814931344264173,43.1854151957787,0,0,"CDS",219,"","","","hypothetical protein"
"PHJJKLOP_02466",6786.44199782396,1.26554084082566,0.0669529808571199,18.9019342324185,1.0994700511803e-79,5.6755402297135e-79,"CDS",588,"","","","hypothetical protein"
"PHJJKLOP_02468",16767.1378948146,2.86249728269294,0.0542661640127229,52.749210023797,0,0,"CDS",1011,"gap_2","1.2.1.12","","Glyceraldehyde-3-phosphate dehydrogenase"
"PHJJKLOP_02496",705.760927913186,1.15684740218084,0.0865932981058933,13.3595489198963,1.04193622987805e-40,3.47389428981613e-40,"CDS",483,"","","","hypothetical protein"
"PHJJKLOP_02499",2933.34119499213,2.62758344839227,0.075660380772713,34.7286574764359,2.91088019809032e-264,4.35758765654121e-263,"CDS",429,"","","","hypothetical protein"
"PHJJKLOP_02502",14224.1361031268,7.74615262290107,0.0989949984377119,78.2479190377985,0,0,"CDS",186,"","","","hypothetical protein"
"PHJJKLOP_02503",925.14447692563,1.34810091265926,0.109230672840915,12.3417798096205,5.3949940715844e-35,1.65159634461387e-34,"CDS",189,"","","","hypothetical protein"
"PHJJKLOP_02504",1855.88778973403,1.16797206641963,0.0665252664365541,17.5568190701429,5.27496161651633e-69,2.4793147692072e-68,"CDS",264,"","","","hypothetical protein"
"PHJJKLOP_02506",1071.98233781443,3.47554388342677,0.0931215926103334,37.322642214359,7.0465230158412e-305,1.2410170534958e-303,"CDS",192,"","","","hypothetical protein"
"PHJJKLOP_02507",406.978053307204,3.62521872337249,0.138522138920187,26.1706811029047,5.73271067555679e-151,4.75449744116815e-150,"CDS",321,"","","","hypothetical protein"
"PHJJKLOP_02508",934.10306909992,2.83957252482059,0.103978225418064,27.3092997442835,3.28929732181753e-164,2.93974811388707e-163,"CDS",435,"","","","Putative universal stress protein"
"PHJJKLOP_02509",3068.7342142168,1.56532738264617,0.0783611971600181,19.9757971978105,8.94444910026675e-89,4.96840085458231e-88,"CDS",639,"","","","hypothetical protein"
"PHJJKLOP_02512",5147.73891340833,1.63722598855972,0.0622500964928459,26.3007783248638,1.87880050106569e-152,1.57566630257442e-151,"CDS",345,"","","","hypothetical protein"
"PHJJKLOP_02524",689.953214879933,1.54018840835324,0.0901857062498339,17.0779658151879,2.16537300258196e-65,9.69077245101701e-65,"CDS",2274,"comEC","","COG0658","ComE operon protein 3"
"PHJJKLOP_02554",32704.3211135058,5.82456246483177,0.0838033948122068,69.502703057363,0,0,"CDS",915,"ydhF","1.-.-.-","COG4989","Oxidoreductase YdhF"
"PHJJKLOP_02555",38723.6702919252,8.282199043577,0.285348379137287,29.0248680178844,3.19514548240497e-185,3.21015623299345e-184,"CDS",1275,"purD","6.3.4.13","COG0151","Phosphoribosylamine--glycine ligase"
"PHJJKLOP_02556",33009.2414399701,8.32292052200206,0.300800699299646,27.6692193248896,1.63891217676771e-168,1.48694032037652e-167,"CDS",1536,"purH","","","Bifunctional purine biosynthesis protein PurH"
"PHJJKLOP_02557",7738.53462328833,8.08927409640006,0.210360243392749,38.4543864654937,0,0,"CDS",579,"purN","2.1.2.2","","Phosphoribosylglycinamide formyltransferase"
"PHJJKLOP_02558",23116.5352193015,8.40673763050431,0.254546350064704,33.0263530723083,3.40017434059909e-239,4.56507711917205e-238,"CDS",1053,"purM","6.3.3.1","COG0150","Phosphoribosylformylglycinamidine cyclo-ligase"
"PHJJKLOP_02559",25044.2883754655,8.79455960130316,0.319993806885466,27.4835306561135,2.76267368063489e-166,2.49139909633158e-165,"CDS",1440,"purF","2.4.2.14","","Amidophosphoribosyltransferase"
"PHJJKLOP_02560",55573.4602147471,8.92337415987872,0.43254000901806,20.6301705595658,1.47130266893179e-94,8.57019492369994e-94,"CDS",2223,"purL","6.3.5.3","COG0046","Phosphoribosylformylglycinamidine synthase subunit PurL"
"PHJJKLOP_02561",15610.8240686184,9.16920165228135,0.501507751510772,18.2832700484878,1.12475787087153e-74,5.58461868223776e-74,"CDS",672,"purQ","6.3.5.3","COG0047","Phosphoribosylformylglycinamidine synthase subunit PurQ"
"PHJJKLOP_02562",3632.52936376197,9.37895482455463,0.252013714266799,37.2160493401777,3.75416831001756e-303,6.57308767262724e-302,"CDS",255,"purS","6.3.5.3","COG1828","Phosphoribosylformylglycinamidine synthase subunit PurS"
"PHJJKLOP_02563",18791.0036741838,8.99981204228253,0.377078512869666,23.8672099711851,6.71149055889394e-126,4.83033719551165e-125,"CDS",729,"purC","6.3.2.6","COG0152","Phosphoribosylaminoimidazole-succinocarboxamide synthase"
"PHJJKLOP_02564",1174.10055140062,2.99524093468192,0.0883329340225291,33.9085412233447,4.98549829054227e-252,7.14190520664286e-251,"CDS",378,"","","","hypothetical protein"
"PHJJKLOP_02565",28333.6040455013,3.74274626541955,0.0591571117760552,63.267900562625,0,0,"CDS",1296,"purB","4.3.2.2","COG0015","Adenylosuccinate lyase"
"PHJJKLOP_02566",9690.96198002314,3.4833641807352,0.0584659089901482,59.5794068868777,0,0,"CDS",1125,"purK","6.3.4.18","","N5-carboxyaminoimidazole ribonucleotide synthase"
"PHJJKLOP_02567",3107.99063234961,5.6563956880467,0.10282181767947,55.0116290073723,0,0,"CDS",489,"purE","5.4.99.18","COG0041","N5-carboxyaminoimidazole ribonucleotide mutase"
"PHJJKLOP_02568",9525.65138784674,1.1602857169275,0.0639045684521304,18.1565378662504,1.13990545004626e-73,5.57659627032434e-73,"CDS",1308,"","","","Nucleobase transporter PlUacP"
"PHJJKLOP_02569",5561.07775245361,1.50514115047927,0.0570285395435447,26.3927704010377,1.65871392435257e-153,1.39499704761561e-152,"CDS",582,"xpt","2.4.2.22","COG0503","Xanthine phosphoribosyltransferase"
"PHJJKLOP_02575",2925.29747215478,1.04972702846682,0.0661827083416526,15.8610467109907,1.17912190780328e-56,4.85597110311281e-56,"CDS",684,"","","","hypothetical protein"
"PHJJKLOP_02580",594.540597479179,1.2687998430481,0.0931411353936033,13.622336013903,2.94979122625025e-42,1.01396956732414e-41,"CDS",957,"","","","hypothetical protein"
"PHJJKLOP_02582",3413.41914919397,1.29566591735365,0.0639429424200117,20.2628447850119,2.73683709607115e-91,1.54897736590492e-90,"CDS",1500,"yqiK","","COG2268","Inner membrane protein YqiK"
"PHJJKLOP_02583",946.939226579752,1.61885662708807,0.0943694466422732,17.1544571329816,5.8211463484408e-66,2.62873486685245e-65,"CDS",525,"yuaF","","","putative membrane protein YuaF"
"PHJJKLOP_02584",503.314313500599,3.98408202836408,0.135550681714715,29.3918258319729,6.98519288807082e-190,7.28699216267736e-189,"CDS",873,"dcuS_1","2.7.13.3","COG3290","Sensor histidine kinase DcuS"
"PHJJKLOP_02585",270.353287180998,3.66412106588107,0.168060288991107,21.8024203568694,2.20067236034538e-105,1.41390837915752e-104,"CDS",786,"dcuS_2","2.7.13.3","COG3290","Sensor histidine kinase DcuS"
"PHJJKLOP_02586",205.489844008624,2.93948300322027,0.169647352728621,17.3270195846937,2.94184044533633e-67,1.35297546748648e-66,"CDS",717,"dcuR","","COG4565","Transcriptional regulatory protein DcuR"
"PHJJKLOP_02587",94.2049498374518,1.20744269435131,0.201204440582061,6.00107378772714,1.96016881926385e-09,3.63389810828233e-09,"CDS",1020,"hgdH","1.1.1.399","COG1052","(R)-2-hydroxyglutarate dehydrogenase"
"PHJJKLOP_02598",113.454644641828,1.27745187746905,0.179616525404586,7.11210660929775,1.14284924457903e-12,2.34683857220138e-12,"CDS",243,"fosX","","COG0346","Fosfomycin resistance protein FosX"
"PHJJKLOP_02599",962.545113098683,2.01450672976693,0.0856910706777938,23.5089457259982,3.30403060005867e-122,2.31669030833153e-121,"CDS",291,"","","","hypothetical protein"
"PHJJKLOP_02602",769.089639070794,1.83719981706323,0.0929261392709447,19.7705385317527,5.34028881001453e-87,2.93372930223551e-86,"CDS",723,"ycfH","3.1.-.-","COG0084","putative metal-dependent hydrolase YcfH"
"PHJJKLOP_02603",485.38927142879,1.67118258261275,0.102585769677309,16.2905887226813,1.15115734777614e-59,4.89568906142295e-59,"CDS",738,"ssuB","3.6.3.-","COG1116","Aliphatic sulfonates import ATP-binding protein SsuB"
"PHJJKLOP_02604",851.426743470614,1.39518628819533,0.0829945971367026,16.8105676312554,2.04206569293349e-63,8.95160275935999e-63,"CDS",993,"thiY","","COG0715","Formylaminopyrimidine-binding protein"
"PHJJKLOP_02605",637.867700363913,1.71016931855654,0.094286265158027,18.1380534661144,1.59583909616311e-73,7.76901179497944e-73,"CDS",744,"ribX","","","Riboflavin transport system permease protein RibX"
"PHJJKLOP_02612",5337.82904130662,1.50387143204152,0.0686340275981254,21.9114553621591,2.02022476043891e-106,1.3035674424039e-105,"CDS",741,"","","","hypothetical protein"
"PHJJKLOP_02613",990.805827499641,1.02214061352127,0.0766137532352102,13.3414768283603,1.32802292687301e-40,4.4080938393102e-40,"CDS",948,"exuR_2","","COG1609","putative HTH-type transcriptional repressor ExuR"
"PHJJKLOP_02614",626.969957599746,4.00038887612145,0.127818093062982,31.2975164959649,5.04388785111948e-215,6.04056009050069e-214,"CDS",765,"","","","hypothetical protein"
"PHJJKLOP_02615",363.527425872101,3.94597498979205,0.159491976626671,24.7408996568433,3.88473001551631e-135,2.97465004257182e-134,"CDS",390,"","","","hypothetical protein"
"PHJJKLOP_02617",357.384869284574,3.06328322164779,0.138388621572799,22.1353691281356,1.44326530124629e-108,9.3937745911552e-108,"CDS",615,"","","","hypothetical protein"
"PHJJKLOP_02636",1713.68117477328,5.11309645614387,0.104626710942754,48.8698957471908,0,0,"CDS",399,"","","","hypothetical protein"
"PHJJKLOP_02637",4259.30674203461,4.93662822059731,0.0799035383972208,61.7823480614347,0,0,"CDS",543,"folT_2","","","Folate transporter FolT"
"PHJJKLOP_02644",1693.06975669839,2.21327322313523,0.0776325679774285,28.5095969487797,8.90768047083828e-179,8.57543258189383e-178,"CDS",654,"","","","hypothetical protein"
"PHJJKLOP_02683",241.023064197929,1.06469854220441,0.135638143389894,7.8495511335917,4.17528919498121e-15,9.09150243619908e-15,"CDS",342,"","","","hypothetical protein"
"PHJJKLOP_02686",21263.1107505211,2.9141264173307,0.0720888597103598,40.4240881190123,0,0,"CDS",1188,"tuf_2","","","Elongation factor Tu"
"PHJJKLOP_02689",6859.07560402879,2.3957082126679,0.0644017815426716,37.199409011388,6.97590593894684e-303,1.20033691846016e-301,"CDS",852,"yvgN","1.1.1.-","COG0656","Glyoxal reductase"
"PHJJKLOP_02690",461.074197013282,2.55180552239499,0.12079182574965,21.125647423227,4.62246098031263e-99,2.81293662094634e-98,"CDS",246,"","","","hypothetical protein"
"PHJJKLOP_02703",1898.76262529358,1.36594078010196,0.086637317307576,15.7661943207759,5.31578577489775e-56,2.15949289145778e-55,"CDS",441,"","","","Putative universal stress protein"
"PHJJKLOP_02712",5.23168868585967,2.49799761456614,0.95326461743999,2.62046610024671,0.00878096598548706,0.0120985789970309,"CDS",300,"","","","hypothetical protein"
"PHJJKLOP_02718",484.836152458609,2.21546075694341,0.115274732267136,19.2189625026353,2.56854546717582e-82,1.36110179269459e-81,"CDS",1023,"","","","hypothetical protein"
"PHJJKLOP_02721",528.004084989271,3.07990240010825,0.120701162046149,25.5167584793482,1.28470596281633e-143,1.03398108942798e-142,"CDS",921,"manP_1","","COG1299","PTS system mannose-specific EIIBCA component"
"PHJJKLOP_02722",1884.9850729232,3.01808673319339,0.0900814836148685,33.5039634348922,4.21987698194924e-246,5.90388396446543e-245,"CDS",972,"manP_2","","COG1299","PTS system mannose-specific EIIBCA component"
"PHJJKLOP_02734",105.341648696922,1.91505217456124,0.200106560693518,9.57016185738317,1.06738438129001e-21,2.65869287652437e-21,"CDS",195,"","","","hypothetical protein"
"PHJJKLOP_02735",137.958731590665,1.43189365218382,0.168693065072055,8.48815955517915,2.09935210203285e-17,4.82013818518893e-17,"CDS",300,"","","","hypothetical protein"
"PHJJKLOP_02746",410.566597315647,1.25292316081027,0.104847304931333,11.9499796549929,6.4941132933904e-33,1.91560346802077e-32,"CDS",1236,"","","","hypothetical protein"
"PHJJKLOP_02773",279.40105971652,1.80836428174546,0.133564301228999,13.5392785729847,9.16849106161964e-42,3.11582999301807e-41,"CDS",333,"","","","hypothetical protein"
"PHJJKLOP_02774",177.403112370992,1.40348524318894,0.149607531002823,9.38111359622969,6.52795712058355e-21,1.60597400320683e-20,"CDS",156,"","","","hypothetical protein"
"PHJJKLOP_02775",57.4631481502342,1.44863730399039,0.255327133867166,5.67365200106013,1.39784954864149e-08,2.52270135541448e-08,"CDS",123,"","","","hypothetical protein"
"PHJJKLOP_02776",285.729365054431,1.88055909419852,0.136854257456784,13.741326935279,5.74137790541269e-43,1.98266268152314e-42,"CDS",240,"","","","hypothetical protein"
"PHJJKLOP_02777",277.055172796991,1.08031312264319,0.126389932393143,8.54746182854832,1.25824884711562e-17,2.91353213322827e-17,"CDS",690,"","","","hypothetical protein"
"PHJJKLOP_02779",143.745479749515,2.18031596437725,0.176419425697823,12.3587068473501,4.37132117072149e-35,1.3395839902907e-34,"CDS",675,"","","","hypothetical protein"
"PHJJKLOP_02780",1182.73107508998,2.33384008223328,0.0786964696883356,29.6562233538057,2.81942788301665e-193,2.99339258218151e-192,"CDS",1977,"","","","hypothetical protein"
"PHJJKLOP_02781",474.352394978984,2.28241220129848,0.125418312600543,18.1983966613229,5.31405120252883e-74,2.60824086891333e-73,"CDS",753,"srtA","3.4.22.-","","Sortase A"
"PHJJKLOP_02782",531.563859701323,2.64497462758677,0.107418764199657,24.6230223117315,7.16116540885359e-134,5.42798208458421e-133,"CDS",756,"","","","hypothetical protein"
"PHJJKLOP_02783",98.7071436706578,1.72551572169555,0.203262213378238,8.48911213263553,2.08221741632032e-17,4.78446580542059e-17,"CDS",261,"","","","hypothetical protein"
"PHJJKLOP_02784",1139.48160738253,1.71479155381593,0.0761114962585098,22.5299939971184,2.10984899092152e-112,1.41317402210716e-111,"CDS",2091,"","","","hypothetical protein"
"PHJJKLOP_02787",74.4622353288558,1.91549864886152,0.236347365091229,8.1045906651938,5.29233920002488e-16,1.18072008680138e-15,"CDS",303,"","","","hypothetical protein"
"PHJJKLOP_02788",433.392897678473,1.42856490825354,0.106455035433867,13.4194207200373,4.65336336372078e-41,1.55666702915978e-40,"CDS",2064,"","","","hypothetical protein"
"PHJJKLOP_02789",380.658041493241,1.71871876129642,0.119865287545261,14.338753082684,1.25286260534832e-46,4.53575651803248e-46,"CDS",1830,"","","","hypothetical protein"
"PHJJKLOP_02791",118.875568043582,1.3102052115004,0.178661678243237,7.33344287585076,2.24314118575689e-13,4.66710542748863e-13,"CDS",792,"","","","hypothetical protein"
"PHJJKLOP_02792",34.9419623679774,1.27057732246589,0.324898028145952,3.91069570263786,9.20306578711932e-05,0.00014411076865395,"CDS",2373,"","","","hypothetical protein"
"PHJJKLOP_02798",77.1212780634427,1.37791741433568,0.219856942105597,6.26733639219759,3.67276177679501e-10,6.9684719643373e-10,"CDS",645,"","","","hypothetical protein"
"PHJJKLOP_02799",105.840693333642,1.272609360419,0.188894888891193,6.73712966978183,1.61546005361387e-11,3.19675307370783e-11,"CDS",807,"","","","hypothetical protein"
"PHJJKLOP_02800",11.7134112700177,1.2625938344695,0.545675632562501,2.31381751195366,0.0206777343611081,0.0276503513520132,"CDS",135,"","","","hypothetical protein"
"PHJJKLOP_02801",176.859175348979,1.08763621171655,0.147224500944274,7.38760331833789,1.49498958698999e-13,3.12788177739204e-13,"CDS",1074,"","","","hypothetical protein"
"PHJJKLOP_02804",29.4537405652862,1.2901165076328,0.353530528299098,3.64923649971557,0.000263020876199433,0.000399332912444778,"CDS",423,"","","","hypothetical protein"
"PHJJKLOP_02805",192.480562079225,1.56666316006574,0.147548347200166,10.6179648216621,2.45862915087434e-26,6.63763361381223e-26,"CDS",1593,"","","","hypothetical protein"
"PHJJKLOP_02806",41.5266953606695,1.40843416104874,0.295762657315506,4.76204188125846,1.91643895228182e-06,3.2234933837819e-06,"CDS",336,"","","","hypothetical protein"
"PHJJKLOP_02807",56.9469899634488,1.11701145894753,0.252826074310898,4.41810229420384,9.95712954737844e-06,1.63334547099586e-05,"CDS",195,"","","","hypothetical protein"
"PHJJKLOP_02808",15.3692495219421,1.99090066427953,0.511889037480434,3.88932076779555,0.000100525178054922,0.000157083707252837,"CDS",1251,"","","","IS110 family transposase ISSpn10"
"PHJJKLOP_02809",267.401668871669,1.51663123735816,0.129477887684037,11.7134382131656,1.08777276585438e-31,3.14362129437068e-31,"CDS",2373,"","","","hypothetical protein"
"PHJJKLOP_02810",175.089931719295,1.46898702280554,0.15374918080768,9.55443804701017,1.24256420774598e-21,3.08733380746181e-21,"CDS",1470,"","","","hypothetical protein"
"PHJJKLOP_02811",171.878532353919,1.31049812045488,0.15583021892284,8.40978168107289,4.1077459045178e-17,9.36678692926603e-17,"CDS",2010,"topB_3","5.6.2.1","COG0550","DNA topoisomerase 3"
"PHJJKLOP_02812",35.0556986427459,1.42315618902357,0.323529810930509,4.39884097521154,1.08830533655625e-05,1.77859507513615e-05,"CDS",150,"","","","hypothetical protein"
"PHJJKLOP_02813",613.24448613708,1.14234097930725,0.0920202347471366,12.414019399606,2.19357959565156e-35,6.75676677919831e-35,"CDS",597,"","","","hypothetical protein"
"PHJJKLOP_02816",546.46752340939,1.3676428883141,0.110220071537997,12.4082925117919,2.35624123185031e-35,7.25034557878709e-35,"CDS",306,"ssb_2","","COG0629","Single-stranded DNA-binding protein"
"PHJJKLOP_02817",40.7068123218164,1.62739320867533,0.308015022871435,5.28348647901696,1.26748222656204e-07,2.22571365766965e-07,"CDS",258,"","","","hypothetical protein"
"PHJJKLOP_02822",20.1526067017744,1.49741963934903,0.422765517457814,3.54196257148256,0.000397161824140297,0.00059723882545256,"CDS",180,"","","","hypothetical protein"
"PHJJKLOP_02823",13.0514444379805,1.492217535348,0.526615774190181,2.83359824844347,0.00460271568653759,0.00650025036108186,"CDS",357,"","","","hypothetical protein"
"PHJJKLOP_02836",5098.95382533181,1.1837222208296,0.060009105642711,19.7257100926878,1.2972293828132e-86,7.07450778168075e-86,"CDS",1521,"","","","IS66 family transposase ISCth11"
"PHJJKLOP_02841",193.533580696685,3.11144610243485,0.182311716135169,17.0666272491669,2.62958927420576e-65,1.1698351095055e-64,"CDS",420,"","","","IS6 family transposase IS1216V"
"PHJJKLOP_02865",701.175018362804,1.00260258135398,0.0880743052860457,11.383599088267,5.0472842641929e-30,1.42966594957365e-29,"CDS",996,"lacD","4.1.2.40","","Tagatose 1,6-diphosphate aldolase"
"PHJJKLOP_02868",31.3320397837751,1.30609852705672,0.349525605900604,3.73677494583371,0.000186395614572113,0.000286335797859879,"CDS",837,"","","","IS3 family transposase IS1485"
"PHJJKLOP_02877",21.8808177617602,1.05836296239766,0.402895936073371,2.62688914838029,0.00861694002773694,0.0119003315125024,"CDS",837,"","","","IS3 family transposase IS1485"
"PHJJKLOP_02900",450.476303592659,2.59238939737278,0.130864345019553,19.8097457102272,2.4531991401032e-87,1.35264792365911e-86,"CDS",1575,"","","","hypothetical protein"
"PHJJKLOP_02903",191.325057620956,1.06386342672275,0.142445968863305,7.46854007320953,8.10894227789398e-14,1.70373145122909e-13,"CDS",1032,"btuD_6","7.6.2.8","","Vitamin B12 import ATP-binding protein BtuD"
"PHJJKLOP_02904",92.4933027048666,1.25947969688434,0.210112371297423,5.99431479977679,2.0434519319442e-09,3.78360858641988e-09,"CDS",831,"","","","hypothetical protein"
"PHJJKLOP_02905",94.6667699715838,1.73601945030274,0.208905840222078,8.31005704989989,9.5656073797997e-17,2.16637129312559e-16,"CDS",816,"","","","hypothetical protein"
"PHJJKLOP_02906",110.943649889048,1.77313765515371,0.198062968084601,8.95239363673642,3.47855995616738e-19,8.25916614493666e-19,"CDS",825,"","","","hypothetical protein"
"PHJJKLOP_02907",254.465983218901,1.45174070660925,0.127775897379104,11.3616162076485,6.49321104690074e-30,1.83749280476567e-29,"CDS",1101,"","","","hypothetical protein"
"PHJJKLOP_02908",711.316117748007,1.81295114606845,0.0898912399807944,20.1682738657938,1.86018762876886e-90,1.04100967486616e-89,"CDS",786,"hisK","3.1.3.15","COG1387","Histidinol-phosphatase"
"PHJJKLOP_02909",491.288178259721,1.8281186545918,0.104082723190062,17.5640932381596,4.64049992404837e-69,2.18453722839636e-68,"CDS",288,"","","","hypothetical protein"
"PHJJKLOP_02910",147.152515129901,1.60370558920425,0.163956968609669,9.78125908769504,1.35514104717439e-22,3.45007848234706e-22,"CDS",237,"","","","Putative bifunctional phosphatase/peptidyl-prolyl cis-trans isomerase"
"PHJJKLOP_02912",18.6395579414264,2.82098205778932,0.537895425961193,5.24448047266505,1.56723302509553e-07,2.73922689850322e-07,"CDS",696,"","","","IS1182 family transposase ISEfa7"
"PHJJKLOP_02915",65.8047375949958,1.00026601399533,0.239535334075743,4.17585997429104,2.96862396281113e-05,4.76827260979427e-05,"CDS",1548,"","","","IS66 family transposase ISRob1"
"PHJJKLOP_02935",39.6892392455908,1.18807816287272,0.309725276563764,3.83590960367785,0.000125100418756724,0.000194168301585086,"CDS",300,"","","","hypothetical protein"
"PHJJKLOP_02936",31.43576136538,2.40527289165099,0.371816205867778,6.46898347541723,9.86643839054826e-11,1.90213242377988e-10,"CDS",954,"","","COG2826","IS30 family transposase IS1252"
"PHJJKLOP_02937",181.652366254419,2.3323600436789,0.160841960488747,14.500942643273,1.1949749485195e-47,4.4006826517434e-47,"CDS",651,"","","","hypothetical protein"
"PHJJKLOP_02938",131.155428198435,2.38092601438863,0.194160139895465,12.262692103902,1.43646968149567e-34,4.33984886619377e-34,"CDS",510,"","","","hypothetical protein"
"PHJJKLOP_02939",1641.02345940179,4.06984353520376,0.09379766679792,43.3896031121108,0,0,"CDS",564,"hsdS","","COG0732","Type-1 restriction enzyme EcoKI specificity protein"
"PHJJKLOP_02940",5944.02655021509,4.49539381112483,0.0758785243151529,59.2446130403606,0,0,"CDS",1044,"","","","hypothetical protein"
"PHJJKLOP_02941",19402.2245256149,5.37564792610212,0.0676313927111038,79.4845072770406,0,0,"CDS",405,"ohrB_2","","COG1764","Organic hydroperoxide resistance protein OhrB"
"PHJJKLOP_02943",55.4695071671308,1.34182208569906,0.254250489155971,5.27755950501206,1.30915699659433e-07,2.29620155114437e-07,"CDS",1179,"","","","IS256 family transposase ISEf1"
"PHJJKLOP_02954",8941.15099962725,3.09133442903974,0.0609123845011746,50.7505075421917,0,0,"CDS",1845,"bglF_5","","COG1263","PTS system beta-glucoside-specific EIIBCA component"
"PHJJKLOP_02955",73.1240990930274,2.27883151472956,0.249019816532895,9.15120550025996,5.63017121489944e-20,1.36042530247626e-19,"CDS",681,"","","","IS6 family transposase IS1216E"
"PHJJKLOP_02957",62.4496937528951,1.1213924645762,0.245234686919114,4.57273185398146,4.81406057620339e-06,7.9985002026376e-06,"CDS",747,"sorA_3","","COG3715","PTS system sorbose-specific EIIC component"
"PHJJKLOP_02963",113.208861875295,1.51679820459764,0.184601370363924,8.2166140024173,2.09329470828434e-16,4.7051984659184e-16,"CDS",156,"","","","IS6 family transposase IS1216V"
"PHJJKLOP_02970",322.243084797982,1.17115140175774,0.117893956070343,9.93393928573363,2.96312693535209e-23,7.62165124093141e-23,"CDS",870,"frlB_3","3.5.-.-","COG2222","Fructosamine deglycase FrlB"
"PHJJKLOP_02971",115.777278832644,2.33375330291551,0.197246373590078,11.8316664607764,2.67772166487578e-32,7.82919791468564e-32,"CDS",309,"","","","hypothetical protein"
"PHJJKLOP_02972",211.271441528106,3.22666038394511,0.176685577068207,18.2621605989917,1.65606312433029e-74,8.18193563406748e-74,"CDS",525,"manZ_8","","COG3716","PTS system mannose-specific EIID component"
"PHJJKLOP_02973",505.202681629821,4.03955715559404,0.148663925297854,27.1724101694519,1.37644562599864e-162,1.21565728738641e-161,"CDS",774,"sorA_4","","COG3715","PTS system sorbose-specific EIIC component"
"PHJJKLOP_02974",208.211947950045,5.2199085742513,0.271785070803188,19.2060165734095,3.29607883040572e-82,1.74046913901847e-81,"CDS",471,"manX_6","2.7.1.191","COG2893","PTS system mannose-specific EIIAB component"
"PHJJKLOP_02975",559.991538316057,4.16458753236519,0.136352216827986,30.542866329918,7.03298082116953e-205,7.94594135040814e-204,"CDS",417,"","","","hypothetical protein"
"PHJJKLOP_02978",14.0773421884197,1.83081770771831,0.529923219328225,3.4548735381688,0.000550550990405553,0.000820074460335436,"CDS",1149,"","","","IS200/IS605 family transposase ISEfa4"
"PHJJKLOP_02983",763.820329682703,1.93001555815012,0.0933079026204913,20.6843740342125,4.78949773510806e-95,2.82278665726644e-94,"CDS",360,"","","","IS6 family transposase IS1297"
"PHJJKLOP_02986",485.150848522886,2.20924888307732,0.122685770407499,18.0073766969009,1.7052054992187e-72,8.2344923623561e-72,"CDS",201,"","","","hypothetical protein"
"PHJJKLOP_02987",1196.59385481536,1.70610316598827,0.103387620168723,16.5020063640502,3.54901906311441e-61,1.52888677337619e-60,"CDS",264,"","","","hypothetical protein"
"PHJJKLOP_03008",4334.68994821947,2.61201872397321,0.0745181793531539,35.052100663845,3.62215948735107e-269,5.47714419450964e-268,"CDS",351,"pemK","3.1.-.-","","Endoribonuclease PemK"
"PHJJKLOP_03009",5872.9604225862,1.95625838655091,0.0815901729308551,23.976642238628,4.87449654728932e-127,3.57702026043731e-126,"CDS",264,"","","","hypothetical protein"
"PHJJKLOP_03017",427.783568652893,1.73199594772121,0.107291934860873,16.142834500721,1.27546857616956e-58,5.363417018331e-58,"CDS",261,"","","","hypothetical protein"
"PHJJKLOP_03033",125.742783820289,2.75935695943732,0.204176522043713,13.5145653957537,1.28311198659309e-41,4.34083309362678e-41,"CDS",480,"","","","hypothetical protein"
"PHJJKLOP_03034",64.4483009590905,2.24239228532257,0.265653016457668,8.44105711737665,3.14480418790398e-17,7.2039355306691e-17,"CDS",243,"","","","hypothetical protein"
"PHJJKLOP_03035",6.91138726445609,2.18383832302662,0.781352520445212,2.7949462833783,0.00519083394547531,0.00730670278925862,"CDS",153,"","","","hypothetical protein"
"PHJJKLOP_03064",914.664010905239,1.46078469882338,0.0967434415798382,15.099573417779,1.62984392875704e-51,6.28834113749816e-51,"CDS",609,"vanX","3.4.13.22","","D-alanyl-D-alanine dipeptidase"
"PHJJKLOP_03065",330.815496680172,1.42645537163065,0.120729005349579,11.8153493230583,3.25194442091061e-32,9.48959219903154e-32,"CDS",681,"","","","IS6 family transposase IS1216E"
"PHJJKLOP_03067",8268.12298587741,1.58624678285461,0.0644030796406359,24.6299834061623,6.0313060554017e-134,4.58318028676972e-133,"CDS",285,"","","","hypothetical protein"
"PHJJKLOP_03073",64.2306641898447,2.19086465615411,0.25721503487754,8.51763839231707,1.62839709658056e-17,3.75032377474015e-17,"CDS",681,"","","","IS6 family transposase IS1216E"
"PHJJKLOP_03076",88714.3144075467,2.69662624157883,0.0625582313356415,43.1058580782233,0,0,"CDS",2352,"","","","hypothetical protein"
"PHJJKLOP_03077",20183.5327466591,2.72326544397726,0.0547677583399359,49.7238800075462,0,0,"CDS",387,"","","","hypothetical protein"
"PHJJKLOP_03079",446.206273044726,1.35787972000866,0.109334789740175,12.4194661482914,2.0492435052599e-35,6.32519077809088e-35,"CDS",300,"ligA_2","6.5.1.2","","DNA ligase"
"PHJJKLOP_03080",500.124088114979,1.95232368312671,0.119628790588828,16.3198480358878,7.13129042760974e-60,3.04146489177544e-59,"CDS",168,"","","","hypothetical protein"
"PHJJKLOP_03083",30.5216847143909,1.29261853678279,0.343795014249493,3.75985247954973,0.0001700135810366,0.000261976665786712,"CDS",681,"","","","IS6 family transposase IS1216E"
"PHJJKLOP_03084",475.996122099017,1.29770851321883,0.110785052931167,11.7137508976515,1.0837673886813e-31,3.13507204030128e-31,"CDS",318,"","","","hypothetical protein"
"PHJJKLOP_03089",594.640583124175,1.76608016055205,0.121162362576652,14.576144959494,3.98386854482894e-48,1.47074012616743e-47,"CDS",363,"","","","hypothetical protein"
"PHJJKLOP_03091",531.644485891337,1.10848487365782,0.0977785115739828,11.3366920380977,8.63469765710131e-30,2.43889479107182e-29,"CDS",420,"","","","hypothetical protein"
"PHJJKLOP_03094",13.3615043701458,2.35292156801186,0.567078625873169,4.14919811937702,3.33641961168601e-05,5.34183974191867e-05,"CDS",237,"","","","hypothetical protein"
"PHJJKLOP_03102",2.78840386186656,3.00618368773024,1.41952168990928,2.11774410289029,0.0341967455801118,0.0448467175938916,"CDS",969,"vanH_2","1.1.1.-","","D-specific alpha-keto acid dehydrogenase"
"PHJJKLOP_03126",1493.40621689146,2.7140262495746,0.0934176844509424,29.0525960424533,1.42688441109626e-185,1.44327429960209e-184,"CDS",270,"","","","hypothetical protein"
"PHJJKLOP_03128",6.10745801360815,2.20616050542427,0.848978603900753,2.59860554233964,0.0093603265410383,0.01289090048936,"CDS",105,"","","","hypothetical protein"
"PHJJKLOP_03130",489.542951942318,1.16203706021595,0.0995310814689709,11.6751173911258,1.70829746475122e-31,4.922658911901e-31,"CDS",423,"","","","hypothetical protein"
"PHJJKLOP_03137",1000.83578680914,1.14838307810273,0.0761774578598608,15.075103716579,2.36144767125927e-51,9.07596190982059e-51,"CDS",327,"","","","hypothetical protein"
"PHJJKLOP_03139",3.70379646274791,3.45450278293621,1.29590535183325,2.6657060857487,0.00768268272987625,0.0106490518950229,"CDS",321,"","","","IS6 family transposase IS1216V"
"PHJJKLOP_03145",2.0043921673608,4.53292370273179,1.62003434892428,2.79804172407931,0.00514134706566359,0.00724044831354505,"CDS",258,"yoeB_2","3.1.-.-","COG4115","Toxin YoeB"
"PHJJKLOP_03148",162.946411613685,1.43045219973687,0.169920004779729,8.41838606108324,3.81706148485622e-17,8.71722508440849e-17,"CDS",693,"","","","hypothetical protein"
"PHJJKLOP_03149",230.942634217539,1.16586461922914,0.133568158145733,8.72861193426868,2.57817205144261e-18,6.03994297497589e-18,"CDS",636,"","","","hypothetical protein"
"PHJJKLOP_03150",36.4016814925766,1.76821747688827,0.325398555121038,5.43400531151881,5.51029394038439e-08,9.77938355513389e-08,"CDS",153,"","","","hypothetical protein"
"PHJJKLOP_03178",30.6483515429293,1.16374298223876,0.346672930257353,3.35689025784289,0.000788243924090878,0.00116600904581427,"CDS",135,"","","","hypothetical protein"
