"","baseMean","log2FoldChange","lfcSE","stat","pvalue","padj"
"PHJJKLOP_00940",35.2895863300194,23.0155006147414,3.11939506424806,7.37819357301875,1.60451574543443e-13,1.03972620304151e-10
"PHJJKLOP_01718",36.607931878295,22.6285048961137,3.53798062771059,6.39588151469231,1.59623749229145e-10,5.17180947502429e-08
"PHJJKLOP_02940",32.1279651096678,22.3238777673232,3.52605993136283,6.33111126919926,2.43401730234167e-10,5.257477373058e-08
"PHJJKLOP_02893",24.2522086423081,-20.7899912808637,3.50973946759083,-5.92351411631544,3.1513366436253e-09,5.10516536267298e-07
"PHJJKLOP_01909",19.5148611117506,-19.2270062042774,3.49580362572222,-5.50002467610152,3.79738101785961e-08,4.92140579914605e-06
"PHJJKLOP_02212",46.8774521153238,-8.88766871709709,2.5444940549688,-3.49290213500068,0.000477801581395303,0.0516025707906928
"PHJJKLOP_00928",85.3292823754852,9.44442349854659,2.84620312979083,3.31825350049442,0.000905822345686212,0.0733716100005832
"PHJJKLOP_01116",72.1067232737989,-9.1534339146409,2.73487779436024,-3.34692611622968,0.000817129860005555,0.0733716100005832
"PHJJKLOP_01456",35.6985294334169,-8.04710546176431,2.46222682939632,-3.26822263720409,0.00108225195859083,0.0779221410185401
"PHJJKLOP_01624",58.3306688130358,10.0025525564742,3.16703817134678,3.15833028062955,0.00158675672873221,0.0998292288279061
"PHJJKLOP_02846",50.0516656345836,8.52821143579623,2.71676299886476,3.13910762159227,0.00169463197084408,0.0998292288279061
"PHJJKLOP_01171",25.4806420838574,8.92273673166142,3.0062575059156,2.96805470393125,0.00299690988753495,0.161833133926888
"PHJJKLOP_01511",40.0784628589671,8.31884862578056,2.94746924073731,2.82236995413042,0.0047670151100721,0.237617368563594
"PHJJKLOP_01985",56.7675343143748,8.7397186880992,3.20884136555939,2.72363688087012,0.00645674533616611,0.278931398522376
"PHJJKLOP_03162",45.6738643510233,-8.04084631099913,2.95071704087385,-2.72504825085425,0.00642920906453797,0.278931398522376
"PHJJKLOP_02339",34.6279729104499,-9.15172429023676,3.48174765400478,-2.62848580646281,0.00857659345065251,0.347352034751427
"PHJJKLOP_01655",48.348425358567,-8.09949479390927,3.13483122605997,-2.58371000217743,0.00977439416405379,0.360596028145069
"PHJJKLOP_01809",41.5904641991824,8.13075862435449,3.15726077273174,2.57525722758705,0.010016556337363,0.360596028145069
"PHJJKLOP_00221",7.92711886861487,7.21842566857977,2.89869595994485,2.49023207964078,0.0127659704715131,0.411513916856895
"PHJJKLOP_00374",23.1084716236363,-7.71470571902877,3.25567915868061,-2.36961486160547,0.0178066231698912,0.411513916856895
"PHJJKLOP_00430",31.0777976570907,-7.43523658727115,3.13880836777826,-2.36880870574906,0.0178454807678118,0.411513916856895
"PHJJKLOP_01075",25.992177361927,-7.63033317497538,3.11704342406541,-2.44793932483093,0.0143675848280652,0.411513916856895
"PHJJKLOP_01162",22.81416497926,8.30596649762907,3.5278073426453,2.35442746468147,0.0185512639150578,0.411513916856895
"PHJJKLOP_01679",21.446828140255,-7.00294703557149,2.94406086462137,-2.37866924550561,0.0173752586146951,0.411513916856895
"PHJJKLOP_02042",18.8536729219871,-7.50656890366306,3.09349263452338,-2.42656756957807,0.015242411659793,0.411513916856895
"PHJJKLOP_02139",21.6725061003098,7.72634076633974,3.23619639099855,2.387475861425,0.0169645167720252,0.411513916856895
"PHJJKLOP_02190",25.6574902079536,-8.71876911234443,3.50372005806023,-2.48843200023561,0.0128307771332946,0.411513916856895
"PHJJKLOP_02533",20.088079243318,8.57922480705452,3.47415485054451,2.46944226038453,0.0135323855299324,0.411513916856895
"PHJJKLOP_02714",16.5963778475001,8.30424009455183,3.46826157824922,2.39435230221124,0.0166497476777441,0.411513916856895
"PHJJKLOP_02784",14.8357066584134,8.14259774132745,3.47303349277304,2.34452036188859,0.0190515702248563,0.411513916856895
"PHJJKLOP_01073",14.9577124135143,-7.94270913707127,3.45446906634447,-2.29925611853178,0.0214904000294716,0.421286401052419
"PHJJKLOP_01284",12.6025159676095,7.90722195230778,3.46342154525128,2.28306657130705,0.0224264473014109,0.421286401052419
"PHJJKLOP_02036",38.0770785227942,7.12993167712964,3.1023023359629,2.29827105968272,0.021546366523228,0.421286401052419
"PHJJKLOP_02375",18.9058485213147,7.278556598123,3.19581319580246,2.2775288016468,0.0227546667235103,0.421286401052419
"PHJJKLOP_02377",15.8533669011847,6.49052012574402,2.80177308883745,2.31657593957302,0.0205268432914594,0.421286401052419
"PHJJKLOP_01351",6.60277264655109,-6.70586328627111,2.98152405771659,-2.24913941878665,0.0245036273230365,0.430873384181763
"PHJJKLOP_03153",24.9511555771299,7.0197653392135,3.12324088076335,2.24759011783228,0.0246023382943291,0.430873384181763
"PHJJKLOP_02214",16.0909080184024,-7.05748955673974,3.15657050745707,-2.23580925566755,0.0253642683987085,0.432527524272714
"PHJJKLOP_01505",93.996508881707,-4.9893534932155,2.24783057589346,-2.21963058369394,0.0264438544421615,0.439374812269761
"PHJJKLOP_00885",25.2044377630626,-5.89258343623854,2.67881096659722,-2.19970110236021,0.0278281085448026,0.450815358425803
"PHJJKLOP_00371",17.1704954862616,7.59264962231773,3.48977543644108,2.17568429848908,0.0295788750673114,0.456359786752804
"PHJJKLOP_00989",22.2726004302062,6.8042672329469,3.11945513216388,2.18123580710936,0.0291659796435074,0.456359786752804
"PHJJKLOP_01486",11.9590773900772,-7.44930650920823,3.44034166180969,-2.16528102191157,0.0303661708266791,0.457611132457861
"PHJJKLOP_00536",20.31220524135,7.06499966877418,3.28056485481345,2.15359243954832,0.0312721477013325,0.460553447965078
"PHJJKLOP_01205",12.0952392712003,-7.33496355188952,3.43672300348861,-2.13429000371686,0.0328190490413047,0.462320516929683
"PHJJKLOP_03163",14.4576742785326,7.44210021631328,3.48249541754856,2.1370021562159,0.0325978162441229,0.462320516929683
"PHJJKLOP_01902",22.4316684032015,5.18065194879331,2.4385304211203,2.12449756784794,0.0336285592123413,0.463644816374408
"PHJJKLOP_02356",13.2879494934374,-6.96463592833529,3.50773950192876,-1.98550545857403,0.0470882634157748,0.622718259049431
"PHJJKLOP_02435",9.65763092154701,6.5283666650593,3.28684862116524,1.98620849862714,0.047010177586035,0.622718259049431
"PHJJKLOP_01164",51.0111639851813,-5.3862180513053,2.72636042652754,-1.97560747980982,0.0481992508328232,0.624662290793389
"PHJJKLOP_00599",7.73509199878675,6.30655149877693,3.23371022592358,1.95025251434696,0.0511460294157459,0.649855432576536
"PHJJKLOP_01105",24.1324902650681,-6.79209457831489,3.49899258638947,-1.94115717899348,0.0522392152947832,0.650980990596529
"PHJJKLOP_02353",6.80528801357612,-6.80796217600464,3.52252380195471,-1.93269444261151,0.0532738502156111,0.651348206409736
"PHJJKLOP_02781",7.42627804539281,6.78487983932887,3.57146528426655,1.8997468263848,0.0574663520099723,0.689596224119668
"PHJJKLOP_01177",27.3960403280971,-5.96517313216163,3.16585552083467,-1.88422152966378,0.0595350165085002,0.701430739954693
"PHJJKLOP_01639",15.7870120326686,-6.48882260011431,3.48573264336614,-1.86153766338433,0.0626682870271621,0.72516160702859
"PHJJKLOP_01662",10.2127649790726,-5.31989927358883,2.87860983781274,-1.84807930679173,0.0645908708588649,0.734296216079727
"PHJJKLOP_00025",5.43947866812118,6.69369695726302,3.91222639389089,1.71096871278091,0.0870868886722361,0.745191448180887
"PHJJKLOP_00252",3.83235997072174,6.18803858247344,3.91449909070663,1.58079959634284,0.113923866877695,0.745191448180887
"PHJJKLOP_00325",3.92259643761531,-6.00324264385086,3.91390774482843,-1.53382323632516,0.12507314490713,0.745191448180887
"PHJJKLOP_00348",17.9294553655457,4.45818078307735,2.5601861596673,1.74135023980315,0.0816222048267745,0.745191448180887
"PHJJKLOP_00387",42.5750428242665,4.44183177326316,2.58478493835244,1.71845313215668,0.0857139961486177,0.745191448180887
"PHJJKLOP_00562",3.89300933294625,6.21242101077338,3.91437030783564,1.58708055758996,0.112494400692573,0.745191448180887
"PHJJKLOP_00596",4.10928762922104,6.29040844327298,3.91397268033165,1.60716718205094,0.10801769905468,0.745191448180887
"PHJJKLOP_00598",3.24417444412187,5.94944339520594,3.91588082718648,1.51931165879748,0.12868406645343,0.745191448180887
"PHJJKLOP_00802",5.89857769004712,5.11593122421867,3.06852733919259,1.66722686771459,0.0954693021711963,0.745191448180887
"PHJJKLOP_00807",4.41437083572413,-6.18369182314611,3.69229806301131,-1.67475423641798,0.0939824612159635,0.745191448180887
"PHJJKLOP_00818",34.4357071698565,-5.42163786321155,2.97484209799961,-1.82249601310176,0.0683797581311422,0.745191448180887
"PHJJKLOP_00869",5.46182895968979,5.36477647324147,3.53211451506369,1.51885689163301,0.128798521907808,0.745191448180887
"PHJJKLOP_00937",3.24417444412187,5.94944339520594,3.91588082718648,1.51931165879748,0.12868406645343,0.745191448180887
"PHJJKLOP_00977",31.5336131248405,3.88237674737541,2.42155711203419,1.60325632134858,0.108878075504227,0.745191448180887
"PHJJKLOP_01006",11.0319709548332,5.79759168922424,3.46944274842097,1.67104405797239,0.0947129757694273,0.745191448180887
"PHJJKLOP_01007",4.70679092247967,-6.27222442054843,3.63483830898365,-1.7255855384396,0.0844220028969642,0.745191448180887
"PHJJKLOP_01070",40.5554028587951,-4.59842218566296,2.59414095131426,-1.77261847831872,0.0762919476950862,0.745191448180887
"PHJJKLOP_01190",4.64998336990802,6.46871405997077,3.91314027061008,1.65307492515781,0.0983156158185238,0.745191448180887
"PHJJKLOP_01208",4.3000884470372,-5.50988936725192,3.56463878515123,-1.54570762967731,0.122175193787463,0.745191448180887
"PHJJKLOP_01231",3.53962149628296,-5.86524634026303,3.75234442526684,-1.5630884789703,0.11803178510836,0.745191448180887
"PHJJKLOP_01282",4.82135609219832,6.5195378367662,3.91292121218998,1.66615617417897,0.0956823124242392,0.745191448180887
"PHJJKLOP_01358",4.10928762922104,6.29040844327298,3.91397268033165,1.60716718205094,0.10801769905468,0.745191448180887
"PHJJKLOP_01474",125.798460580571,-2.68526822328036,1.74283787939708,-1.54074469864592,0.123378933416179,0.745191448180887
"PHJJKLOP_01612",3.24417444412187,5.94944339520594,3.91588082718648,1.51931165879748,0.12868406645343,0.745191448180887
"PHJJKLOP_01701",55.8223731420114,-4.78091111907106,2.98041551436109,-1.60410892240841,0.108690045515146,0.745191448180887
"PHJJKLOP_01711",3.26580627701192,5.73375395339374,3.55219894829903,1.61414212346956,0.10649660233224,0.745191448180887
"PHJJKLOP_01816",3.83235997072174,6.18803858247344,3.91449909070663,1.58079959634284,0.113923866877695,0.745191448180887
"PHJJKLOP_01839",3.40905578900222,6.02193714380513,3.91543664586246,1.53799887176534,0.12404889064396,0.745191448180887
"PHJJKLOP_01906",4.54184422177062,6.43477248770188,3.91329091366251,1.6443378807428,0.100106428763103,0.745191448180887
"PHJJKLOP_01920",8.61526901218869,5.43515489342878,3.48223560554559,1.56082342181933,0.118565419545266,0.745191448180887
"PHJJKLOP_01924",4.64998336990802,6.46871405997077,3.91314027061008,1.65307492515781,0.0983156158185238,0.745191448180887
"PHJJKLOP_01956",3.50932213573758,6.06372007522879,3.915190570243,1.54876754181916,0.121437610804974,0.745191448180887
"PHJJKLOP_01974",4.43370507363322,6.40001305631701,3.91344889746768,1.6353894541611,0.101967431735851,0.745191448180887
"PHJJKLOP_02050",5.73831310110742,4.99007611206001,3.17505497147795,1.57165030428975,0.11603167327189,0.745191448180887
"PHJJKLOP_02065",5.06547055844159,-5.38880669115274,3.38203689963668,-1.59336129411588,0.111079163536585,0.745191448180887
"PHJJKLOP_02073",4.32685803146003,6.36328852565006,3.91361999246735,1.62593418315975,0.10396365735662,0.745191448180887
"PHJJKLOP_02077",4.21118656288509,6.32654284369254,3.9137955927631,1.61647247377732,0.105992200085219,0.745191448180887
"PHJJKLOP_02130",6.97267722673848,6.14382591244952,3.89758874839739,1.57631456499246,0.114953326632572,0.745191448180887
"PHJJKLOP_02153",4.61225194982653,6.45769501183556,3.91318878919559,1.65023855472177,0.0988941541077994,0.745191448180887
"PHJJKLOP_02243",3.67673103667145,6.12997559659379,3.91481465484563,1.56584056642536,0.11738594661641,0.745191448180887
"PHJJKLOP_02310",3.50682478578304,5.74311186366386,3.6438508489713,1.57611057688742,0.115000321918584,0.745191448180887
"PHJJKLOP_02335",4.54184422177062,6.43477248770188,3.91329091366251,1.6443378807428,0.100106428763103,0.745191448180887
"PHJJKLOP_02337",8.83093701132553,-5.18952001307657,3.13843568383228,-1.6535371554085,0.098221590755333,0.745191448180887
"PHJJKLOP_02358",14.4494672737966,5.99683680113385,3.47004520775176,1.728172528628,0.0839572973413121,0.745191448180887
"PHJJKLOP_02455",4.83551857096936,-6.3157966344631,3.59713551024032,-1.75578501740713,0.0791251236010229,0.745191448180887
"PHJJKLOP_02529",8.04205868677573,6.36439174745989,3.88812824835867,1.6368780402618,0.101655955201105,0.745191448180887
"PHJJKLOP_02604",4.54184422177062,6.43477248770188,3.91329091366251,1.6443378807428,0.100106428763103,0.745191448180887
"PHJJKLOP_02621",42.4794744604635,4.62091247553657,2.58421927738889,1.78812708192688,0.0737555072102407,0.745191448180887
"PHJJKLOP_02675",4.11092021614973,6.29180291306166,3.9139657638726,1.60752630264102,0.107938964264506,0.745191448180887
"PHJJKLOP_02712",6.5020209067414,4.27088264669697,2.58269559195829,1.65365312892281,0.0981980111527423,0.745191448180887
"PHJJKLOP_02723",36.6399626666759,-4.08918315795527,2.59252031029074,-1.57730033655809,0.114726435005652,0.745191448180887
"PHJJKLOP_02801",94.2891523468977,-2.88637673608484,1.76095078958272,-1.63910130434071,0.101192163462832,0.745191448180887
"PHJJKLOP_02845",3.54909228135774,-5.86931980009437,3.80539023274606,-1.54237001755768,0.122983703135696,0.745191448180887
"PHJJKLOP_02854",4.60481937473068,6.45324032280107,3.66020337110527,1.76308244884556,0.0778865849281414,0.745191448180887
"PHJJKLOP_02875",3.78487018480885,6.17178718550105,3.91458614139453,1.57661294516881,0.114884612279568,0.745191448180887
"PHJJKLOP_02138",46.8263747880024,-3.76893715467378,2.48990739660257,-1.51368567353807,0.130105580237982,0.746092176939933
"PHJJKLOP_02035",62.6858693627134,3.97468745508731,2.66541189037554,1.49120947101624,0.135906507876717,0.772521202667656
"PHJJKLOP_00758",10.3945083557096,-4.64479718461803,3.13867714949451,-1.47985822159698,0.13891108712507,0.782733777887349
"PHJJKLOP_01345",3.30346584104247,-5.76646484594605,3.91517056988126,-1.47285149983157,0.140791082211999,0.784129357353626
"PHJJKLOP_01987",9.72491313012494,-4.80890402988654,3.27150426773271,-1.46993665186912,0.141578911744405,0.784129357353626
"PHJJKLOP_02960",3.24040575281265,-5.72608341865672,3.91540727051982,-1.46244899266801,0.143618212255976,0.788683063914175
"PHJJKLOP_00617",8.1887049337934,-5.64234251727817,3.89052202424274,-1.45027903251014,0.146980723637411,0.795626316784003
"PHJJKLOP_00652",3.09526689340721,-5.67387420278388,3.91572322668645,-1.44899776473354,0.147338206811852,0.795626316784003
"PHJJKLOP_01195",123.753465071698,2.97582098084161,2.08031012402,1.43046988354367,0.152582203523571,0.812489240251855
"PHJJKLOP_01510",7.27267325687104,5.56621525539283,3.89484469081711,1.4291238026811,0.152968653257294,0.812489240251855
"PHJJKLOP_03066",75.6965248463363,-3.79517856709245,2.66817205420432,-1.42238899515954,0.15491335608054,0.816128900326746
"PHJJKLOP_00384",17.0200843156191,-4.29196292055343,3.15149444073205,-1.36188179965708,0.17323519089198,0.905293578209703
"PHJJKLOP_00814",89.6182445450688,-3.05652757327313,2.25194672809816,-1.35728236158342,0.174691509596652,0.905600785749046
"PHJJKLOP_01059",7.65023750948757,3.47067110558486,2.58859255041423,1.34075604329058,0.179999672100948,0.925712599376303
"PHJJKLOP_02462",6.91503472610907,-5.19677412663272,3.88962642730868,-1.33605995942096,0.181529676067042,0.926230158200339
"PHJJKLOP_01847",4.28357391071111,-5.17454289662191,3.91939417298163,-1.32024049336315,0.186754736229959,0.945445852164166
"PHJJKLOP_00561",70.4736348541446,3.5150384442563,2.67878353706644,1.31217711159508,0.189460382683332,0.951479179915795
"PHJJKLOP_01953",6.81526630768501,-4.32187639942491,3.30426028140901,-1.30797093187283,0.190883168810268,0.951479179915795
"PHJJKLOP_00985",28.2970831489628,3.52595008658594,2.72889464036499,1.29207996323169,0.196329454021371,0.963799137923095
"PHJJKLOP_02401",5.14526657492775,-4.6807385778735,3.61438808342008,-1.29502932995629,0.195310111780693,0.963799137923095
"PHJJKLOP_01673",13.708950264341,-3.52218390196364,2.77508525561743,-1.26921646635321,0.204363869733046,0.995697651030178
"PHJJKLOP_00051",43.6055422470277,1.09493100528859,2.38260988851926,0.459551104259482,0.645838462404839,1
"PHJJKLOP_00069",34.8834325727356,0.00191824666553778,2.54767449994186,0.000752940246323288,0.999399240659015,1
"PHJJKLOP_00070",4.82077987554532,1.56395693435293,3.754674284613,0.416535980434352,0.677017844448968,1
"PHJJKLOP_00073",6.50756738458302,0.141634093153785,3.60824830895779,0.0392528676039745,0.968688783833629,1
"PHJJKLOP_00076",4.30345604140556,-0.756534077939926,4.01136093313029,-0.188597857572881,0.850408012089556,1
"PHJJKLOP_00077",26.4499694845888,-1.27879760439341,3.27045087654859,-0.391015689476725,0.695785638755422,1
"PHJJKLOP_00078",200.981725550745,-0.367706182705079,1.72235139329007,-0.213490803408403,0.830944161597285,1
"PHJJKLOP_00084",15.6777095882811,-1.59258031271119,3.25250501868498,-0.489647303712721,0.624383497015847,1
"PHJJKLOP_00102",5.92129780907556,0.060456659422041,3.73919437035811,0.0161683650096668,0.987100073229078,1
"PHJJKLOP_00136",35.3915841058408,-0.0865094060959732,2.41312882177093,-0.0358494769593305,0.971402381490838,1
"PHJJKLOP_00137",27.0505085740925,-1.51127935378595,2.84758758606028,-0.530722693547364,0.595610957732162,1
"PHJJKLOP_00155",270.241635211323,0.239724354145516,1.6939037106474,0.141521830691247,0.887457715205316,1
"PHJJKLOP_00156",37.8388190577427,-1.76924255853975,2.21069497395246,-0.800310571736885,0.423530879504144,1
"PHJJKLOP_00161",37.0967791837337,2.42499188446191,2.31829901944876,1.04602204638749,0.295550853786095,1
"PHJJKLOP_00165",78.3671182952339,-1.17065081786531,2.13833678997525,-0.547458577785056,0.584063720787608,1
"PHJJKLOP_00169",108.714050364582,1.27902764707711,2.07137042110131,0.617478956949224,0.536918856879334,1
"PHJJKLOP_00172",468.670168014601,-0.583525773359347,1.7255416934218,-0.338169616870976,0.735235370698371,1
"PHJJKLOP_00173",311.705460025374,-0.743772469864339,1.68141114188303,-0.442350149429473,0.658235846472452,1
"PHJJKLOP_00174",20.7751114615439,-1.4310536069532,3.26177179447602,-0.438735048655693,0.66085352809592,1
"PHJJKLOP_00191",2026.78101084926,-0.919220892504466,1.70618147963969,-0.538759155150709,0.590053050251827,1
"PHJJKLOP_00203",27.4148382024118,2.20752291030083,2.93956650690814,0.750968860583024,0.45267139642367,1
"PHJJKLOP_00211",37.6751712373888,-1.70207735026875,2.78962228833974,-0.610146168312182,0.541764985701321,1
"PHJJKLOP_00213",20.1727489162321,-2.20309458447832,3.25325594744774,-0.677196820682585,0.498281084691767,1
"PHJJKLOP_00214",215.146004878567,0.614459389779248,1.89084998228254,0.324964643169366,0.745207831298986,1
"PHJJKLOP_00216",130.444959467872,-1.14529796022922,2.99100942916826,-0.38291352379578,0.701783883670511,1
"PHJJKLOP_00244",9.3924357544888,3.11183716996205,3.205949821879,0.970644377752054,0.331725398999879,1
"PHJJKLOP_00245",38.6359489072498,0.642487549467138,2.68251319945559,0.239509557528936,0.810710486267515,1
"PHJJKLOP_00258",36.7986145243998,0.0288426508301766,2.68344483623086,0.0107483673376676,0.9914242087709,1
"PHJJKLOP_00266",24.823717060534,-0.684806886606499,2.90925061824031,-0.235389444385754,0.813906478099171,1
"PHJJKLOP_00268",13.5139377365796,0,3.66013294781195,0,1,1
"PHJJKLOP_00274",20.4066570726102,0.490396885187473,2.70457422426258,0.181321289239597,0.85611539659152,1
"PHJJKLOP_00278",34.1823486052236,0.339219358871394,2.97493945860991,0.114025634333379,0.909217472709711,1
"PHJJKLOP_00295",312.564515724378,-0.79922487661891,1.64894074066913,-0.484689872053613,0.627896351835515,1
"PHJJKLOP_00299",48.0530843753455,-1.81601079221308,3.02689274756152,-0.599958750991778,0.548533726209096,1
"PHJJKLOP_00306",15.1675103530459,0.603589146911446,2.50478537074947,0.240974398030297,0.809574959310025,1
"PHJJKLOP_00307",6.18868765504054,1.08891463061847,2.62555089446032,0.414737582469259,0.678334016836691,1
"PHJJKLOP_00314",155.162925147231,-0.747977055101245,1.815316117972,-0.412036805984434,0.680312446098641,1
"PHJJKLOP_00315",18.727231290135,-2.75122261296349,3.25892420977869,-0.844211904256076,0.398551003585977,1
"PHJJKLOP_00327",217.159307487568,-0.200716802982148,1.88099667506869,-0.106707686218966,0.915020884705821,1
"PHJJKLOP_00329",99.5981376033796,-1.03334372336449,2.17364255152316,-0.475397264670026,0.634503843749756,1
"PHJJKLOP_00330",13.3624440527696,-0.0707402282434155,3.32410206360028,-0.0212810036785687,0.983021497276701,1
"PHJJKLOP_00333",250.946875461664,0.994505109929649,1.74666018182524,0.569375268456857,0.569101496828341,1
"PHJJKLOP_00334",64.5606970874049,-1.88941176163778,3.04809687082247,-0.619866048131193,0.535345980213337,1
"PHJJKLOP_00335",261.562296525155,0.560364852566396,1.67461764188418,0.334622566101661,0.73790982004188,1
"PHJJKLOP_00339",46.1295812427665,-1.02754629960902,2.76237462870868,-0.37197934303696,0.709908229426569,1
"PHJJKLOP_00341",137.964037571698,0.11685915865428,2.75557045626411,0.0424083363169428,0.96617318290947,1
"PHJJKLOP_00345",23.0678457887085,-0.999146550512785,2.35724312932617,-0.423862323780914,0.671666222557932,1
"PHJJKLOP_00351",44.1084235029531,-1.11919868240512,2.38119190951464,-0.470016162046028,0.638343470624671,1
"PHJJKLOP_00353",184.282971348509,-0.891688755786567,1.70882560855411,-0.521813783292404,0.601799991971399,1
"PHJJKLOP_00356",50.5551061338623,1.0496185159644,3.03047414557398,0.346354552305742,0.729076275777951,1
"PHJJKLOP_00358",117.762200924036,0.204930707585142,2.06969445403228,0.0990149571043615,0.921126394411008,1
"PHJJKLOP_00359",13.2577710224215,-2.52348593720392,3.23876669426715,-0.779150267807395,0.43589120181549,1
"PHJJKLOP_00364",172.911748685849,-0.882839031203049,2.17534514920797,-0.405838600612176,0.684861194351182,1
"PHJJKLOP_00365",626.104536478692,-0.187527751110744,1.66991239785447,-0.11229795727709,0.91058716141658,1
"PHJJKLOP_00370",127.846225420631,0.253728241896134,1.80045042031247,0.140924870262242,0.88792929458501,1
"PHJJKLOP_00433",6164.18098708986,-0.868825408723965,1.67021528897759,-0.520187675479734,0.602932774478271,1
"PHJJKLOP_00434",18.1928710116596,-2.15716436586116,2.77858613531548,-0.776353246150579,0.437540442148874,1
"PHJJKLOP_00435",31.5538611998069,1.02723940731946,2.95232728494722,0.347942253068267,0.727883552147938,1
"PHJJKLOP_00452",130.302605729427,-0.59279411750691,1.75212732103246,-0.338328219867949,0.735115859905228,1
"PHJJKLOP_00454",51.8026170285063,-2.64379037269773,2.16965575372929,-1.21852988344049,0.223022675835977,1
"PHJJKLOP_00463",116.925043950436,-0.452463165018146,1.91955447208928,-0.235712594561423,0.813655696194134,1
"PHJJKLOP_00464",295.652912244235,0.271388480242199,1.67130612172974,0.162381072332412,0.871005775113127,1
"PHJJKLOP_00472",66.9707579623433,-1.35097867785741,2.33265557175792,-0.579159089843384,0.562481832120902,1
"PHJJKLOP_00484",375.165198930973,-1.52706215984402,1.71563178304401,-0.890087357285129,0.373418980983938,1
"PHJJKLOP_00487",6.99014245286502,-0.766575645982096,3.59720049472482,-0.213103397240786,0.831246314891783,1
"PHJJKLOP_00490",11.2860705495969,-3.14943457111493,2.87874841203581,-1.09402911277255,0.273942210087304,1
"PHJJKLOP_00491",37.4692218954666,1.70035926109534,2.98031971429161,0.570529145897187,0.568318859749362,1
"PHJJKLOP_00501",133.013761815812,0.35418398536851,1.80511445057442,0.196211373331924,0.84444472645175,1
"PHJJKLOP_00505",34.873630513196,0.285271293901453,2.2424573165001,0.127213700703427,0.898771261890298,1
"PHJJKLOP_00509",43.2835310348294,-1.00807026250372,3.08426797989956,-0.326842631403432,0.743786913441602,1
"PHJJKLOP_00511",69.3894176115716,-0.187189157329109,2.03876605308566,-0.0918149274880265,0.926845083739676,1
"PHJJKLOP_00513",32.0913476857921,-2.21601802335396,3.08525439998259,-0.718261036550653,0.472596349754821,1
"PHJJKLOP_00520",50.1138941804517,-1.53604590510966,2.36548971600582,-0.649356407984434,0.5161080334151,1
"PHJJKLOP_00522",131.705850348437,-1.61429066587972,1.77570810625007,-0.909096861245271,0.363298999274932,1
"PHJJKLOP_00524",133.599530798102,1.78799131455927,2.42984211978813,0.73584670378303,0.461823994902035,1
"PHJJKLOP_00528",36.2271737868114,-0.163280037774526,2.83351744644309,-0.0576245041227791,0.954047730633793,1
"PHJJKLOP_00531",6.21992690984133,-0.354902734059999,3.58558245338866,-0.0989804972200787,0.92115375501711,1
"PHJJKLOP_00541",188.21302535675,-0.255744094227146,1.72343879441466,-0.14839174739246,0.882033612596582,1
"PHJJKLOP_00542",292.58716156047,-0.598890715252577,1.67365313225224,-0.357834430391587,0.720467222617252,1
"PHJJKLOP_00546",54.9525129452038,1.21277971725185,2.21389260178919,0.547804223326698,0.583826338380648,1
"PHJJKLOP_00550",329.570107161705,1.44217923480275,1.69628310183923,0.850199611868463,0.395214117495377,1
"PHJJKLOP_00557",206.18136124509,-1.1192273445652,2.21662586259206,-0.50492388609795,0.613612296650461,1
"PHJJKLOP_00572",12.2752067317992,-1.35159676741739,2.86881085624677,-0.471134848250562,0.637544440859728,1
"PHJJKLOP_00577",10.0592500817584,1.34671703807687,3.31981118516506,0.405660732783486,0.684991898059016,1
"PHJJKLOP_00585",54.6767639873088,1.42113462686783,2.3713229477707,0.599300330730509,0.548972627380232,1
"PHJJKLOP_00587",565.014640922986,0.0630932720834557,1.64905796650397,0.0382601905845763,0.969480230841706,1
"PHJJKLOP_00589",12.0195642565144,0,3.71333909370756,0,1,1
"PHJJKLOP_00591",128.78276109649,0.173039998266678,1.76569680025627,0.0980009694991591,0.921931523526058,1
"PHJJKLOP_00593",44.6642244723004,-3.78010120308291,3.31520748554031,-1.14023065511594,0.254190219244284,1
"PHJJKLOP_00594",73.7567370034989,1.77891796248687,3.41310497071674,0.521202241873419,0.602225892585436,1
"PHJJKLOP_00597",16.6799093777367,0.373735747068287,2.87687172359304,0.12991046628993,0.896637263563785,1
"PHJJKLOP_00601",4.38093816832432,2.13832140653964,3.6152561408056,0.591471620061519,0.554204465116593,1
"PHJJKLOP_00603",8.82693752186415,1.65673144984982,2.87827140845707,0.575599453540738,0.564885950507606,1
"PHJJKLOP_00608",15.2352074810952,-0.262922682460684,3.27205962116319,-0.080353878871931,0.935955807563804,1
"PHJJKLOP_00610",272.089077890023,-0.522160383021411,1.75801777364654,-0.297016555150253,0.766453869988726,1
"PHJJKLOP_00615",41.027529889786,-1.36970623502644,2.71274003873378,-0.504916142154841,0.613617735935038,1
"PHJJKLOP_00660",40.0225016189554,-2.85837158519651,2.96279529949755,-0.964755002035157,0.334667539013337,1
"PHJJKLOP_00661",21.8576812355101,-0.567369417918999,3.05206185558246,-0.185897090152756,0.852525464151193,1
"PHJJKLOP_00668",23.8203758073789,-0.0228958584329413,3.31990976477968,-0.00689653034423986,0.99449740853442,1
"PHJJKLOP_00670",34.1884768295176,-2.31806204378444,2.88566486622626,-0.80330258406476,0.421799864748762,1
"PHJJKLOP_00674",28.0550562445202,0.00153713928052679,2.9577810515935,0.000519693396405614,0.999585344681322,1
"PHJJKLOP_00678",28.2652840885281,0.349754483919969,2.07534514810892,0.168528345388077,0.866167646172459,1
"PHJJKLOP_00680",82.2331666023991,-0.271610352090167,1.76856201296723,-0.153576945619491,0.877943315987424,1
"PHJJKLOP_00686",951.969498186535,0.800219344636628,1.66432194667144,0.480808022893062,0.630652947657243,1
"PHJJKLOP_00687",118.486477828678,1.42771808540619,2.15676065541384,0.661973354262733,0.507988298555719,1
"PHJJKLOP_00733",102.523067465832,-0.31661974472638,2.72487794410251,-0.11619593655989,0.907497257095654,1
"PHJJKLOP_00741",4.48403845948481,-1.13396882551649,3.75626598614534,-0.301887254443384,0.762738012220672,1
"PHJJKLOP_00751",5.82877349773096,0.909839133285691,3.73522651512687,0.243583389012965,0.807553494505909,1
"PHJJKLOP_00753",256.989689375631,-0.715174452396293,1.78270707752565,-0.401173283829072,0.688292548928661,1
"PHJJKLOP_00756",135.847533753434,-1.34250191008159,2.12038068616568,-0.633141925334766,0.526640965984964,1
"PHJJKLOP_00760",39.7380904314356,-0.340099170850054,2.97653533766598,-0.114260081695096,0.909031625396203,1
"PHJJKLOP_00763",22.2020278127778,-2.66243625936239,2.58972866053334,-1.0280753732764,0.303914373881537,1
"PHJJKLOP_00768",28.7836895177315,0.292550688142108,2.72551860717006,0.107337622782134,0.914521138276885,1
"PHJJKLOP_00769",474.332104273528,-0.206770665415179,1.78975732818953,-0.115530000720457,0.908025042539141,1
"PHJJKLOP_00771",11.3365261435986,-0.706176706848935,2.93257617662487,-0.240804215923789,0.809706861926399,1
"PHJJKLOP_00772",38.6849283464549,-0.0772506913071872,2.73001897579663,-0.0282967598364935,0.977425464842524,1
"PHJJKLOP_00781",755.273262257293,-0.0970879264873594,1.66522479623863,-0.0583031952843001,0.953507122378003,1
"PHJJKLOP_00783",23.7694204559887,-0.818933155604619,2.92771401534593,-0.279717606061279,0.779694169634805,1
"PHJJKLOP_00788",188.830787237463,-1.36883512228876,2.19782836869312,-0.622812564341727,0.533407700787931,1
"PHJJKLOP_00791",7.76486632966059,0.0786023855585315,3.59256015152768,0.0218792121059148,0.982544307142405,1
"PHJJKLOP_00800",74.9945512079402,3.56077365608325,2.87198882083853,1.23982852239781,0.215038826095453,1
"PHJJKLOP_00810",29.7124849812505,0.886586204032616,2.97812809512282,0.29769915051154,0.765932791842045,1
"PHJJKLOP_00819",44.0539547408374,1.5496603372956,2.72008181184025,0.569710929483841,0.568873775923885,1
"PHJJKLOP_00827",11.3253736614372,0.378104171841923,2.13963769249424,0.176714110603069,0.859732956655313,1
"PHJJKLOP_00829",101.565820961035,-0.518926567237999,2.16135869154529,-0.240092757055048,0.810258349053493,1
"PHJJKLOP_00839",80.1558788683776,1.80623405052687,1.9730617253762,0.915447310794337,0.359956851016015,1
"PHJJKLOP_00846",82.8235752387659,0.0444359697353856,2.13687522276023,0.0207948359651936,0.98340931715246,1
"PHJJKLOP_00848",143.662133969864,1.25643317235282,2.0538786877143,0.611736798219117,0.540711911245476,1
"PHJJKLOP_00849",7.44402319148385,0.299003154350941,3.40035322980767,0.0879329687662634,0.929929952800692,1
"PHJJKLOP_00851",11.1198528310698,-3.40545615459999,3.2442865621559,-1.04967797676201,0.293866192565118,1
"PHJJKLOP_00856",54.3019978638059,2.52835640941734,2.65854213965607,0.951031157905373,0.341588559247666,1
"PHJJKLOP_00859",91.5047839348391,0.149785091061247,2.46294752281367,0.0608153806257848,0.951506241026469,1
"PHJJKLOP_00860",95.3920502626266,-0.661025470627644,2.45622176592975,-0.269122877989573,0.787835125600453,1
"PHJJKLOP_00863",327.418424085498,-0.443664897603397,1.69557019135639,-0.261661180330425,0.7935826716107,1
"PHJJKLOP_00865",73.7892080981685,-1.38930303133498,2.43149284691177,-0.57137862161492,0.567743017462935,1
"PHJJKLOP_00875",111.287294509721,-1.05018291223368,1.69081240562918,-0.621111430657432,0.534526308851685,1
"PHJJKLOP_00880",21.3738836802784,0.752571624044223,2.64837288786323,0.284163769948354,0.776284878845718,1
"PHJJKLOP_00881",14.1169162390248,-1.60777711757548,2.90257397583665,-0.553914260570066,0.579637525045421,1
"PHJJKLOP_00883",104.310804321613,-0.822258388969654,2.78025254413809,-0.295749532071578,0.767421367185434,1
"PHJJKLOP_00897",41.4712959251365,-0.70013855555511,2.7435366176055,-0.255195629998981,0.798572006114614,1
"PHJJKLOP_00902",73.6310677220783,3.26875317064516,2.6943400784269,1.21319249816216,0.225056231627645,1
"PHJJKLOP_00910",10.7352500654969,-0.74051220677237,3.24691477882363,-0.228066412953611,0.819594610609774,1
"PHJJKLOP_00913",68.176077843973,-0.418606328737895,2.74325537892607,-0.15259473542043,0.878717876903009,1
"PHJJKLOP_00925",27.3971382200858,0.937566277802272,3.23858282941873,0.289498934313361,0.772199595290198,1
"PHJJKLOP_00926",1730.47329906004,0.29824329573412,1.63833211849937,0.182040803794591,0.855550704065881,1
"PHJJKLOP_00929",54.5434861567404,0.0697460301008541,2.21673485127892,0.0314634066679716,0.974899974935738,1
"PHJJKLOP_00932",139.17064455274,-0.809171922415153,2.10435115258609,-0.384523239584201,0.700590674700135,1
"PHJJKLOP_00938",16.1034440854023,-0.449226243974871,3.27751312275488,-0.137063141213994,0.890980886501575,1
"PHJJKLOP_00944",74.6310300079076,-0.321631088958931,1.70392545169222,-0.188758897074699,0.850281788031149,1
"PHJJKLOP_00950",17.5443141925979,2.72803014226617,3.25635271002069,0.837756344351543,0.402167561606861,1
"PHJJKLOP_00953",19.6529908805744,0.49643283982855,2.89772486675851,0.171318141871722,0.863973616192439,1
"PHJJKLOP_00956",52.8931570618754,-0.504898703288832,2.74322321888441,-0.184053087555215,0.853971808381826,1
"PHJJKLOP_00957",39.3347204536128,0.983168393107183,2.41269738540293,0.407497599597635,0.683642556792548,1
"PHJJKLOP_00958",16.1911630467088,-0.169049494867033,2.97335795616244,-0.056854740451505,0.954660907845181,1
"PHJJKLOP_00965",383.030172904027,-0.0762318875630618,2.32436723698914,-0.0327968344889461,0.973836602568246,1
"PHJJKLOP_00966",18.0781104376005,1.17432623302629,3.42762748529933,0.34260614318879,0.731894779899574,1
"PHJJKLOP_00970",84.3555990475728,2.30393329999873,2.38430690499814,0.966290579106689,0.33389879883501,1
"PHJJKLOP_00973",71.0174471724576,0.063029950212341,2.17378107951619,0.0289955372260252,0.976868149877069,1
"PHJJKLOP_00975",34.2366759528625,-1.93387237828759,2.77683814557051,-0.69642963576124,0.486159808897026,1
"PHJJKLOP_00976",3.15053069491442,-3.12546352696895,3.82884416803078,-0.8162942626564,0.414331855027138,1
"PHJJKLOP_00980",11.9633923952486,-1.55891575802143,2.50330415945364,-0.622743246015168,0.533453259041778,1
"PHJJKLOP_00987",855.110023116314,0.381015904063522,1.70554329443659,0.223398553004418,0.823225330409183,1
"PHJJKLOP_00990",38.3921068966275,0.499087064950055,2.76022956829794,0.180813607202176,0.856513882153872,1
"PHJJKLOP_00991",25.6884076892588,-0.496645139978382,2.74964893251713,-0.180621290996496,0.856664842949215,1
"PHJJKLOP_01000",33.5855257474931,0.158958157286158,2.33364199988367,0.0681159137922962,0.945693362404788,1
"PHJJKLOP_01008",892.237754172338,0.569492857247704,1.65158896361212,0.344815126399361,0.730233360508691,1
"PHJJKLOP_01009",42.2629329341786,1.31409642955575,3.38166105851036,0.38859495579803,0.697575798775858,1
"PHJJKLOP_01017",24.525574668774,-2.20508570078582,2.63644545512186,-0.836385860554016,0.402937864420508,1
"PHJJKLOP_01021",8.10773452957294,1.5409377294683,2.44540898403225,0.630134975184169,0.528606278318554,1
"PHJJKLOP_01022",39.5717581749938,-1.5533671739655,2.83409546276364,-0.548099806225562,0.583623373639573,1
"PHJJKLOP_01027",16.4310817864283,0.390961472272084,2.9078173620367,0.134451866673719,0.893045270240348,1
"PHJJKLOP_01031",20.0758490781993,-0.585684827939733,3.29699835151179,-0.177641832205095,0.859004269654381,1
"PHJJKLOP_01034",5.5425872218508,-3.88247986822457,3.12991974960954,-1.24044070737242,0.214812432239672,1
"PHJJKLOP_01036",51.2519434129175,-1.63796235719999,2.74755908745659,-0.596151822422223,0.551073807057996,1
"PHJJKLOP_01040",16.9288539661242,-2.25988616593858,2.90328152434761,-0.778390296285991,0.436338957628033,1
"PHJJKLOP_01046",26.3447002002473,-0.0220147330900257,2.7248642768922,-0.00807920353197709,0.99355379836605,1
"PHJJKLOP_01047",3.30421918917505,-1.51528529417585,4.0290328441816,-0.376091571545291,0.706848820067641,1
"PHJJKLOP_01049",37.4210035168775,-1.91775978483617,2.25719402518191,-0.849621150614917,0.395535748963884,1
"PHJJKLOP_01050",3.74649023710861,-1.10927362706512,3.76210494139691,-0.294854514784809,0.768105019862972,1
"PHJJKLOP_01056",4.85260953352914,2.28992284383154,3.27184729954009,0.699886832785082,0.483997981061327,1
"PHJJKLOP_01057",3.91538687703622,0,4.08052381408439,0,1,1
"PHJJKLOP_01062",57.2011824135172,2.18350050262449,2.66799268012446,0.818405732103671,0.413125549745218,1
"PHJJKLOP_01078",11.6744582907739,-1.50645034189008,2.76985750450616,-0.543872866903551,0.58652896155858,1
"PHJJKLOP_01081",7.66391937709887,1.77011445857457,3.23754262642244,0.546746302003315,0.58455303911943,1
"PHJJKLOP_01085",51.6381578806905,-0.40659543303143,3.0136507554922,-0.134917900586335,0.892676786334884,1
"PHJJKLOP_01087",32.0661810683383,-1.7475544473933,2.93014056030149,-0.596406353698435,0.550903796933454,1
"PHJJKLOP_01095",37.1865675595351,0.339543257605436,2.20864763813241,0.15373355701616,0.877819824622399,1
"PHJJKLOP_01102",200.108726048774,1.82380187197289,1.79338156364014,1.01696254101721,0.309171249560102,1
"PHJJKLOP_01103",107.747963346914,-0.175790638629911,2.14991822969243,-0.0817661975242005,0.934832636504221,1
"PHJJKLOP_01109",28.3937060692851,-0.476369530323357,2.87722690394905,-0.16556550672786,0.868498894226437,1
"PHJJKLOP_01111",137.163953792363,2.15538446048942,2.04197729990475,1.05553791444692,0.29117937877259,1
"PHJJKLOP_01117",4.55064318127807,-0.45525590171801,3.40462248119299,-0.133716999236428,0.893626362438619,1
"PHJJKLOP_01123",42.3089544472351,-2.22893777393371,3.0692809515995,-0.72620845373316,0.467710990290915,1
"PHJJKLOP_01131",3.69786538386754,0,4.08052381408439,0,1,1
"PHJJKLOP_01132",7.17395554559985,-2.58556509976079,2.61502441926687,-0.988734591046633,0.322793013913705,1
"PHJJKLOP_01136",10.8100988950369,-1.14898502246499,2.91718422587361,-0.393867830586156,0.693678622032164,1
"PHJJKLOP_01137",22.5563606236472,2.74144707298009,2.45427959899431,1.11700682925591,0.26399140521022,1
"PHJJKLOP_01154",512.806900782836,0.119453232746668,1.6700496902646,0.0715267536307511,0.94297853276521,1
"PHJJKLOP_01157",10.2193334751059,-2.6298129802246,3.22698883635137,-0.81494331514268,0.415104757678684,1
"PHJJKLOP_01158",762.753805670368,1.2116562892531,1.643460180937,0.737259291893696,0.460964682711923,1
"PHJJKLOP_01159",20.0515076556885,-0.39182324297137,3.27265470551289,-0.119726423417457,0.904699868054993,1
"PHJJKLOP_01163",20.7223804887362,0.586848194042067,2.87151860738844,0.204368584808088,0.83806547777646,1
"PHJJKLOP_01170",213.478744688966,0.183965010299797,1.76968706859084,0.103953412761435,0.917206319419747,1
"PHJJKLOP_01173",3.50883724176157,-4.85454631476586,3.92250297561269,-1.23761443775772,0.215859058439024,1
"PHJJKLOP_01179",190.568147824153,0.312385705673939,2.52520451097483,0.123707091570712,0.901547196534079,1
"PHJJKLOP_01184",25.9207070554153,1.16703176999574,2.93813704450434,0.39720127152633,0.691219044618525,1
"PHJJKLOP_01185",22.5050732065987,0.788711225339214,3.2559250840221,0.242238750888243,0.808595170144067,1
"PHJJKLOP_01188",33.081882438333,-1.00706320845149,2.69182294128556,-0.374119409195068,0.708315479066418,1
"PHJJKLOP_01189",5.40602688229438,1.17143377996402,2.44782227343212,0.478561614819177,0.632250531279721,1
"PHJJKLOP_01194",97.7997825956731,1.70894526531456,2.3591717180931,0.724383584377608,0.468830274993014,1
"PHJJKLOP_01199",45.7489815443298,-1.89776807783492,2.96646118271603,-0.639741416099489,0.522340725031645,1
"PHJJKLOP_01200",4.69798835630433,0,3.81173551254216,0,1,1
"PHJJKLOP_01202",118.53149020726,1.45624488572998,1.66457098966331,0.874846969443178,0.381657176735416,1
"PHJJKLOP_01207",37.2705750670507,0.445392423541285,3.01091893555542,0.147925743958671,0.882401370972113,1
"PHJJKLOP_01214",75.1040454810448,-1.95022305766576,2.07175102725127,-0.941340456460759,0.346530416677491,1
"PHJJKLOP_01216",121.480661736912,0.222582434057341,2.2519111716091,0.098841569269491,0.921264062570901,1
"PHJJKLOP_01220",42.9658694529277,-3.2287188396018,3.32652233642541,-0.970598875662833,0.331748066081385,1
"PHJJKLOP_01221",115.264308853228,1.51371255498328,1.6870132745445,0.897273647945647,0.36957291451441,1
"PHJJKLOP_01228",126.374645657685,-0.574952653213719,2.46722571571777,-0.23303609781258,0.815733375296044,1
"PHJJKLOP_01232",27.2633192031065,1.85448149295375,2.66877351827649,0.694881555236424,0.487129532721054,1
"PHJJKLOP_01235",5.91730019295152,0.65780218833789,3.34055872447004,0.196913822684631,0.843894976521291,1
"PHJJKLOP_01236",4.56228654230444,-0.354517619122935,3.75161600055935,-0.094497309711356,0.924714119423352,1
"PHJJKLOP_01241",124.84799035333,1.39897520829451,1.77540208710778,0.787976548215908,0.430710423659212,1
"PHJJKLOP_01248",14.888679516801,-0.449444299713774,2.64523986007512,-0.169906822627801,0.865083415459153,1
"PHJJKLOP_01253",87.0966354268032,-1.16570030054888,1.74224479014235,-0.669079515774378,0.503444756103423,1
"PHJJKLOP_01256",64.5392239605399,-1.54837908212715,2.15965936545027,-0.716955232337911,0.473401720142492,1
"PHJJKLOP_01261",16.7304568170678,-2.35793857738474,3.22895869802656,-0.730247363902747,0.465238995876386,1
"PHJJKLOP_01265",4.45919060995792,0,4.08052381408439,0,1,1
"PHJJKLOP_01266",4.38330051671395,-0.0445510271574007,3.75221037920464,-0.0118732753910361,0.990526719461952,1
"PHJJKLOP_01271",249.183062052566,-0.121798532375428,1.70176972971586,-0.0715716881365401,0.942942771869262,1
"PHJJKLOP_01274",9.59433158824752,0,3.68709011702648,0,1,1
"PHJJKLOP_01277",60.9082645609949,-1.07614710503018,2.48446905025571,-0.433149732704226,0.664905994615483,1
"PHJJKLOP_01281",116.316321036028,-0.0294054601535963,2.11424960347235,-0.0139082254551696,0.98890319940082,1
"PHJJKLOP_01286",364.651024070623,2.51217067321739,2.10166829071076,1.1953221563655,0.231961186413251,1
"PHJJKLOP_01293",18.1135377773779,0.366115866758922,2.78645356969515,0.131391339421807,0.895465739410535,1
"PHJJKLOP_01298",53.4344721396586,0.00601837075866764,2.04564993031802,0.00294203356570008,0.997652600226908,1
"PHJJKLOP_01299",8.35246784592894,-2.29979133645086,2.83923486658877,-0.810003907571748,0.417937929917591,1
"PHJJKLOP_01308",13.5489456945868,-3.26736038162831,3.20698993766831,-1.01882464402239,0.308286223805632,1
"PHJJKLOP_01309",5.40087891740786,-0.0704657738199907,3.34862416263193,-0.0210432017442669,0.983211193287189,1
"PHJJKLOP_01310",81.7535687831483,1.2849361326664,2.41617241108366,0.531806474890634,0.594860037799481,1
"PHJJKLOP_01314",19.1650973909709,0,3.67563886768975,0,1,1
"PHJJKLOP_01317",3.36439493302808,4.20615080500795,3.85844776690084,1.09011474538799,0.275662601705622,1
"PHJJKLOP_01320",225.810346806315,0.050042473830808,2.61481533222688,0.019138052777207,0.98473097525598,1
"PHJJKLOP_01322",22.0673944721252,0,3.19428847726761,0,1,1
"PHJJKLOP_01324",742.400310839437,0.0221442132197475,2.4178657361973,0.00915857852991241,0.99269261374895,1
"PHJJKLOP_01333",7.52043140641812,0.921841279006501,3.5419827780377,0.260261366803486,0.794662170790122,1
"PHJJKLOP_01336",12.9548887281455,-1.78257938723966,3.23731868481568,-0.550634509849361,0.581884247028056,1
"PHJJKLOP_01350",142.341217977301,-2.07831449845911,2.65129378014785,-0.783886913634751,0.433106469134387,1
"PHJJKLOP_01361",48.979383980313,1.35953598394802,2.41474563806318,0.563014158724592,0.573425242686508,1
"PHJJKLOP_01371",46.4017649530808,-1.95225955246715,2.94906777428986,-0.661992094412701,0.507976288234725,1
"PHJJKLOP_01374",109.355549198856,-0.779410140648095,2.77786807299354,-0.280578530069707,0.779033685311072,1
"PHJJKLOP_01388",171.975238929653,-0.442940549198654,2.1459931593267,-0.206403523363339,0.83647571884239,1
"PHJJKLOP_01404",166.733327234047,0.650513522046384,2.08088351633512,0.312614097300399,0.754573866492471,1
"PHJJKLOP_01405",50.5725754535463,-1.48580073141469,3.0832977395046,-0.481886881172045,0.629886305965172,1
"PHJJKLOP_01406",39.897546130058,0.419748261629301,2.9556512440634,0.142015490654518,0.88706776993079,1
"PHJJKLOP_01408",523.757329069129,-0.489748065227762,1.6685402892686,-0.293518872979951,0.769125575889747,1
"PHJJKLOP_01416",61.5050859432741,-2.93549001498374,2.51275941718629,-1.16823361397281,0.2427125450969,1
"PHJJKLOP_01418",12.6604961671811,2.40557144103525,3.21551692471238,0.748113444077246,0.454391733502826,1
"PHJJKLOP_01420",152.163709482333,-0.210446291434252,1.74200383317084,-0.120807019724631,0.903843889895448,1
"PHJJKLOP_01439",41.6601279188871,0.457272305444021,2.87014477480291,0.159320292641134,0.873416533739405,1
"PHJJKLOP_01446",135.846089374583,0.580990620123588,2.18263036810234,0.266188278425139,0.790094209934657,1
"PHJJKLOP_01447",24.8912138528021,0.560690743343302,2.13149282692767,0.263050729638852,0.79251147890607,1
"PHJJKLOP_01462",27.4642552691598,-1.39461978303744,3.01410865088963,-0.462697249691317,0.643581389948108,1
"PHJJKLOP_01466",75.9443341682547,-0.175756501728856,1.79169381570373,-0.0980951656965023,0.92185672622905,1
"PHJJKLOP_01468",25.3343825994474,3.44438081119983,2.90470786051313,1.1857925053404,0.235704251981222,1
"PHJJKLOP_01471",11.6570244488152,-0.509428786353247,3.26757762086053,-0.155904111688428,0.87610860428387,1
"PHJJKLOP_01482",18.2875015410718,-0.422730496788438,2.99250064821958,-0.141263293306201,0.88766194647422,1
"PHJJKLOP_01483",38.0998706943092,2.53727733485594,3.02749662386805,0.8380776760749,0.401987079763178,1
"PHJJKLOP_01491",14.8697894649124,-2.39319425381674,3.23614519746309,-0.739520048634665,0.459591270242632,1
"PHJJKLOP_01494",50.8353933614138,0.519623069824376,1.72366486161213,0.301464096296758,0.763060624268909,1
"PHJJKLOP_01520",25.9997108821617,0.858688344101789,3.30400133263916,0.259893461791036,0.794945954765287,1
"PHJJKLOP_01524",4.16060347867565,0,3.83619527243094,0,1,1
"PHJJKLOP_01527",76.4381139484461,1.31545079756213,2.44765583263819,0.537432910305973,0.590968615587695,1
"PHJJKLOP_01534",19.5127608264925,-1.05686571283382,2.64376473950927,-0.399757851763312,0.689334877345607,1
"PHJJKLOP_01537",25.2300668408282,0.812366681653589,2.73629921947685,0.296885178298923,0.766554172292057,1
"PHJJKLOP_01541",4.8634283135606,-3.55491387818563,3.12438692648562,-1.13779565778182,0.255205818560179,1
"PHJJKLOP_01542",26.4069068395294,0.864890547181722,3.32725645148136,0.259941053475651,0.794909243333115,1
"PHJJKLOP_01544",16.4094017397097,0.779563375370515,2.95520352192145,0.263793464506854,0.791939070824372,1
"PHJJKLOP_01557",6.39025325416819,2.74228515325555,3.58623231953763,0.764670246909466,0.444467927544566,1
"PHJJKLOP_01563",103.425250652006,-1.5567288124359,2.24043609778487,-0.694832945235549,0.487159999127155,1
"PHJJKLOP_01572",71.7899272606687,-1.44011046056243,2.71771246076918,-0.529898023190741,0.596182636836553,1
"PHJJKLOP_01574",120.725543257131,1.01926898937654,2.04141581074942,0.499295138212121,0.61757147967082,1
"PHJJKLOP_01577",78.2854079361836,-0.379300477875161,2.74400869033571,-0.138228599352124,0.890059753036166,1
"PHJJKLOP_01605",13.1989545529307,0.814803480900926,2.92999051497369,0.278090825460656,0.78094263830316,1
"PHJJKLOP_01608",63.3919476344429,0.0139917873725172,2.53418386860778,0.00552122028154331,0.995594725962212,1
"PHJJKLOP_01620",39.3352341451197,1.75112303043503,3.00056645402916,0.583597483096442,0.559491153937122,1
"PHJJKLOP_01622",52.4124587118656,-0.929249025395211,2.42411706225515,-0.383335045928325,0.701471357310618,1
"PHJJKLOP_01623",36.8442448514494,2.13344381730859,3.32966492324597,0.640738292437177,0.521692730786555,1
"PHJJKLOP_01635",87.8340952005092,-1.1335649065384,2.27713973626366,-0.497802084117312,0.618623546847989,1
"PHJJKLOP_01637",4.18203900602795,-4.47859814302932,3.92714274919855,-1.14042153011711,0.254110727305411,1
"PHJJKLOP_01652",41.3649973116812,-2.16696554584735,2.25949899531362,-0.959046917189079,0.337535110161841,1
"PHJJKLOP_01654",72.4314202988753,-0.953971716726578,2.22646454980768,-0.428469304309822,0.668309476959795,1
"PHJJKLOP_01659",913.815151339536,-0.503513641380802,1.6903825456478,-0.297869640619036,0.765802659994599,1
"PHJJKLOP_01668",166.688890171231,-0.0875839934319043,1.90863483737041,-0.0458882923632326,0.963399285688817,1
"PHJJKLOP_01669",77.1547032897329,-1.86840702527139,2.48359509962289,-0.752299368586726,0.451871047489632,1
"PHJJKLOP_01674",28.5648805716111,-0.539685504297083,2.97994038754436,-0.181106141100297,0.85628426440685,1
"PHJJKLOP_01684",35.0067510301913,-0.437454493073371,2.68507074831133,-0.162921030422938,0.870580612174829,1
"PHJJKLOP_01686",99.2063788407901,1.55150191854591,2.08200533883469,0.74519593663208,0.456153278941968,1
"PHJJKLOP_01691",5.6873319279429,-4.90870052651767,3.91604603484099,-1.25348386685066,0.210029666783668,1
"PHJJKLOP_01707",6.41932503238473,0,3.34077673705509,0,1,1
"PHJJKLOP_01709",52.3769512774327,-1.42922295595055,2.93521714564628,-0.486922392801663,0.626313329299753,1
"PHJJKLOP_01710",8.92982480199613,-1.23651955312292,2.91512030304708,-0.424174450649748,0.671438592312102,1
"PHJJKLOP_01721",9.97541984077308,-1.76992309418568,2.40256742978651,-0.736679883462398,0.461317042997738,1
"PHJJKLOP_01736",9.15489316184555,-2.05137724665626,2.92075704996035,-0.702344361946883,0.482464433960958,1
"PHJJKLOP_01746",334.131748902965,1.52104197904201,2.14635652177497,0.70866231383785,0.478534056686522,1
"PHJJKLOP_01756",45.7328930290645,-0.651723001285156,2.03194703000622,-0.320738184441334,0.748408807817343,1
"PHJJKLOP_01766",77.5259707386533,0.18539986844272,1.76397963606316,0.105103179567591,0.916293936350399,1
"PHJJKLOP_01775",4.30271531636748,-3.95046322223114,3.3432284316356,-1.18163125942862,0.237352044548195,1
"PHJJKLOP_01781",32.8793674579007,1.29312764060471,2.49137434465489,0.51904188681201,0.603731531917056,1
"PHJJKLOP_01783",73.7552036984145,1.8762284193733,2.42233282757772,0.774554346129838,0.438603043149958,1
"PHJJKLOP_01784",97.601994227176,0.119515346265367,2.12625436170763,0.0562093362006707,0.955175043710699,1
"PHJJKLOP_01786",23.1741522131977,1.31552522662605,2.44506784547826,0.538032197780891,0.590554820085969,1
"PHJJKLOP_01796",59.6856824498017,1.41458520449094,2.55933269089498,0.552716420777741,0.580457607355377,1
"PHJJKLOP_01797",59.378870034825,-1.0866146175024,2.22257711814261,-0.488898499238791,0.624913558253955,1
"PHJJKLOP_01810",5.69182614904789,-2.82023259281008,3.24617969646157,-0.868785112507547,0.384964677517628,1
"PHJJKLOP_01829",26.8586301178634,2.75152501362804,2.59983616399658,1.05834554181994,0.289897937353602,1
"PHJJKLOP_01831",3.49628478467272,1.51362545895458,3.76848809411977,0.401653241605406,0.687939240832607,1
"PHJJKLOP_01835",95.4654834175438,-0.934128232740543,1.79543971229248,-0.520278250695376,0.602869652558117,1
"PHJJKLOP_01838",36.268127470165,-0.590939059059413,2.06997148443668,-0.285481739000975,0.775275092736515,1
"PHJJKLOP_01842",170.388170090653,0.643153531861062,1.72307735949131,0.373258651631831,0.708955947453855,1
"PHJJKLOP_01845",43.8810733592285,-0.269320788902615,2.51499767765072,-0.107085899639554,0.91472083329772,1
"PHJJKLOP_01849",18.3792141331326,-1.93199061608128,2.90907101446996,-0.664126316089019,0.506609468319331,1
"PHJJKLOP_01850",28.8541194935608,-0.961706415370299,3.04610150602235,-0.315717126782854,0.752217225830737,1
"PHJJKLOP_01858",762.242935192517,0.584423797090171,1.68171885075511,0.347515755578143,0.728203883966822,1
"PHJJKLOP_01866",16.2322582351469,-0.700160786438862,2.94148147015598,-0.238029983714884,0.811857838799758,1
"PHJJKLOP_01868",585.711767593041,0.51539283527142,1.80340986467586,0.28578796499156,0.775040526414702,1
"PHJJKLOP_01886",48.1843617722617,-0.877404073840187,2.66423298836114,-0.329327081254972,0.741908476853673,1
"PHJJKLOP_01893",37.2437703127786,-2.39718269841295,2.60476164459542,-0.920307892043341,0.357411886070504,1
"PHJJKLOP_01911",32.2346722612585,-1.61032427021872,3.31798878396455,-0.48533143873217,0.627441257792015,1
"PHJJKLOP_01921",70.4653334471152,2.40830829539522,2.24217591472108,1.07409426690537,0.282780433838291,1
"PHJJKLOP_01929",53.9433964924849,1.01252146723386,2.33416618923336,0.433782937951994,0.664446072703956,1
"PHJJKLOP_01930",5.6110864339885,-2.8616192071236,3.2598874255639,-0.877827615973149,0.38003727535757,1
"PHJJKLOP_01932",297.27349215538,1.02766943474654,1.68402936445611,0.610244367727189,0.541699943274797,1
"PHJJKLOP_01935",74.3327443357953,0.905870284233148,2.45003807738441,0.369737226778218,0.711578291359269,1
"PHJJKLOP_01938",724.924492265469,0.860231082494874,1.70150959215066,0.505569340580424,0.613159009297812,1
"PHJJKLOP_01941",7.41343129667329,1.38061653307428,3.20003513208821,0.431437929924646,0.666149975517375,1
"PHJJKLOP_01952",103.302179683649,-1.05953552217396,2.17668024206439,-0.486766729305669,0.62642365053537,1
"PHJJKLOP_01954",75.9477542623933,-0.316800950368317,2.54929175215139,-0.124270182140182,0.901101355470906,1
"PHJJKLOP_01971",74.798798486977,-0.520374387259966,3.09543575492226,-0.168110220485915,0.866496568996763,1
"PHJJKLOP_01973",51.6402199075017,0.550842428410765,2.7790889017519,0.19820971832298,0.842880984210338,1
"PHJJKLOP_02008",65.1370325409465,-1.36094309359413,2.79599735900736,-0.486746916698552,0.626437692650016,1
"PHJJKLOP_02009",10.1915534474826,-1.2562141315739,3.16739247817029,-0.39660829538232,0.691656334404144,1
"PHJJKLOP_02011",79.4055140092265,-1.30555919002486,1.78966808922619,-0.729497943157357,0.465697125497624,1
"PHJJKLOP_02026",4.68560553686348,-0.0968892091921719,2.39513919187472,-0.0404524336292685,0.96773242843927,1
"PHJJKLOP_02030",4.33031887105233,-3.17386185729016,3.3406513412112,-0.950072765192981,0.342075280582348,1
"PHJJKLOP_02038",36.8183501726081,-3.17592986875986,3.28790818107269,-0.965942384596551,0.334073011955403,1
"PHJJKLOP_02047",41.6495222058283,-1.23442398171018,2.53264065904292,-0.487405892858351,0.625970718324336,1
"PHJJKLOP_02052",91.3382098320537,0.428481297208311,2.1213034298147,0.201989631085327,0.839924830306637,1
"PHJJKLOP_02054",41.9402332359295,1.7581073669941,2.39484255473651,0.734122317776979,0.462874192697903,1
"PHJJKLOP_02062",89.5515017499355,-0.258416937989788,2.06791724634829,-0.124964835244797,0.900551389471676,1
"PHJJKLOP_02075",701.166425737097,0.665705853769375,1.69125478033451,0.393616539335195,0.693864168401421,1
"PHJJKLOP_02090",39.9600801793217,-1.43401115505159,3.3348759941383,-0.430004341262506,0.66719248324143,1
"PHJJKLOP_02092",18.0938752711849,-1.60323226379093,3.25161153700087,-0.493057748610915,0.621971783785976,1
"PHJJKLOP_02097",43.2339721084762,1.46194577536989,2.62787485521772,0.556322449095001,0.577990443268993,1
"PHJJKLOP_02098",6.86464454999243,0.0147301102951137,2.68102381231196,0.00549421091579612,0.995616275991277,1
"PHJJKLOP_02099",6.23494610468144,0.534734794665548,3.74480280640615,0.142793845847047,0.886452997576587,1
"PHJJKLOP_02100",6.39863996051299,1.25848642179076,3.19014015905424,0.394492517270419,0.693217450598317,1
"PHJJKLOP_02120",29.5086821696408,0.633809731274363,2.20372462166951,0.28760840852892,0.773646507656381,1
"PHJJKLOP_02121",95.9523275270706,0.701945954720125,1.75906953994582,0.399043891546064,0.689860863738834,1
"PHJJKLOP_02122",12.2913183920395,1.71425876869781,2.95693512364855,0.57974175861613,0.562088778468372,1
"PHJJKLOP_02126",19.7134349176427,0,3.64562398374224,0,1,1
"PHJJKLOP_02131",15.6188840499654,2.20602179071763,2.29298317998388,0.96207499905566,0.336011931597145,1
"PHJJKLOP_02136",5.77754848526895,2.7396041838554,3.29521163284969,0.831389449024917,0.405753657571428,1
"PHJJKLOP_02146",1041.36283337581,-0.979768417179403,1.6891280655402,-0.580043891974565,0.561885019186855,1
"PHJJKLOP_02154",43.9173645771722,-0.925013881750545,2.33526540930427,-0.39610653164521,0.692026440016825,1
"PHJJKLOP_02168",23.569785590187,-0.489763440492152,2.47840956094342,-0.197611988030631,0.843348654676713,1
"PHJJKLOP_02172",48.5794540962508,3.23974680745822,2.67492117822996,1.21115598987557,0.225835626275326,1
"PHJJKLOP_02184",98.263760655012,-1.61282903814349,1.75989560729769,-0.916434492736747,0.359439050981326,1
"PHJJKLOP_02188",44.0318274220333,0.696924613408131,2.69992467685479,0.258127428288109,0.796308563969033,1
"PHJJKLOP_02189",49.0381051951818,-0.119591189845148,1.8518052367668,-0.0645808681554173,0.948507717905924,1
"PHJJKLOP_02191",60.2054533280437,0.31078444467744,2.2638465378432,0.137281586663347,0.890808224343737,1
"PHJJKLOP_02192",19.4510606518122,-3.11336109038507,2.6210249569268,-1.18784107040153,0.234896030176485,1
"PHJJKLOP_02200",118.298924936032,-0.921867125606103,2.01765733053534,-0.45689974786824,0.647743105234881,1
"PHJJKLOP_02201",73.2060657792961,-2.26626208660782,2.17169535484916,-1.04354511858558,0.296695895773251,1
"PHJJKLOP_02210",20.2285273638946,-1.59709414682124,3.26165674183214,-0.489657334672232,0.62437639765178,1
"PHJJKLOP_02230",18.3872333930756,-0.103158757092327,3.30194576365328,-0.031241808459686,0.975076697845047,1
"PHJJKLOP_02231",39.0402006339283,0.839388850211086,2.47158506105185,0.339615602731416,0.734146026551483,1
"PHJJKLOP_02232",29.5943894712007,-2.5578096851281,2.36339108455637,-1.08226255986246,0.279135877281423,1
"PHJJKLOP_02235",9.08987497382906,2.0026018598204,2.97063882451969,0.674131719847901,0.500227574786223,1
"PHJJKLOP_02236",23.5393886929412,0.101461272307516,2.95000082981929,0.0343936419549182,0.972563253458959,1
"PHJJKLOP_02246",25.0737101286275,-0.669396045424747,3.30692271749535,-0.20242264564675,0.839586326162389,1
"PHJJKLOP_02249",29.1465404471853,-0.626093588478019,2.052322480592,-0.305065892128911,0.760315967875952,1
"PHJJKLOP_02250",157.416100427697,-0.0720186242210257,2.13857235159819,-0.0336760288550467,0.973135494330371,1
"PHJJKLOP_02255",32.2545053408892,-2.09724431644173,2.62286852120174,-0.799599484110174,0.423942886480845,1
"PHJJKLOP_02256",885.087075378398,0.0179460088752711,1.67023362850559,0.0107446099569483,0.991427206553857,1
"PHJJKLOP_02261",79.9312695489626,-0.580819910955974,1.71176978981199,-0.339309593154911,0.734376516582803,1
"PHJJKLOP_02262",57.9492269420838,-0.416458495114321,2.16373164840517,-0.192472340745804,0.847372231729471,1
"PHJJKLOP_02265",25.085838489476,-0.281417837425258,1.75574732386866,-0.160283791180825,0.872657526560603,1
"PHJJKLOP_02272",77.3628395745871,0.241505838925134,2.75179376276672,0.0877630592062678,0.930064998914631,1
"PHJJKLOP_02273",17.297227381477,0.0159005522305325,2.7354562800135,0.00581276050606592,0.995362114254203,1
"PHJJKLOP_02274",86.9396309804175,2.43983231979392,2.73458858081858,0.89221184382463,0.372279395087055,1
"PHJJKLOP_02288",9.3782424171264,0.473752928370592,3.60883417602221,0.131275892785071,0.895557061508123,1
"PHJJKLOP_02298",26.0328242191313,0.574139895174968,2.74780851203396,0.208944652678866,0.834491445602462,1
"PHJJKLOP_02308",74.8748214262893,-0.815237046514742,1.86208304388784,-0.437809177840217,0.66152461732854,1
"PHJJKLOP_02313",383.893624800767,0.026239080888531,1.7076531158905,0.0153655801897728,0.987740523213266,1
"PHJJKLOP_02317",65.3529806039656,0.339506234132311,2.71919296567007,0.124855513536035,0.900637937747719,1
"PHJJKLOP_02318",62.5643411615641,-1.01268790827428,3.04934507155066,-0.332100134459137,0.73981364860237,1
"PHJJKLOP_02334",10.7308606343976,-1.41685533903989,3.00338525591342,-0.471752778385729,0.637103260221708,1
"PHJJKLOP_02360",100.664189827319,1.41275979220379,1.75677703978638,0.804177058447654,0.421294726179337,1
"PHJJKLOP_02361",12.7480065402752,3.10023096506892,2.6320657422509,1.1778698819345,0.238848483747583,1
"PHJJKLOP_02362",39.2052332008266,-0.877064775070307,3.01874982901891,-0.290539072379956,0.771403863776512,1
"PHJJKLOP_02364",69.696149897491,-0.956643953668054,2.35923056516969,-0.405489810021703,0.685117507166715,1
"PHJJKLOP_02370",9.57493321929718,-0.0415434601963894,2.93283686281361,-0.0141649406835861,0.988698390461409,1
"PHJJKLOP_02371",63.7381852319379,1.08402350050753,2.46920723588431,0.439016816714981,0.660649351180542,1
"PHJJKLOP_02376",12.4254931010605,-0.3176764534164,2.94838201291117,-0.10774602884744,0.91419715627779,1
"PHJJKLOP_02379",382.884592353647,0.37111200619145,1.7511621280655,0.211923270977437,0.832166895298448,1
"PHJJKLOP_02385",46.7996037901682,2.41557785023967,3.35929883128226,0.71907203602891,0.472096536144434,1
"PHJJKLOP_02387",105.1570865133,1.89758209291566,2.3737129115777,0.79941516249091,0.424049721399777,1
"PHJJKLOP_02391",41.4389991414009,1.3313212806591,2.69713673735114,0.493605408365982,0.621584880473234,1
"PHJJKLOP_02395",358.042322146612,-0.441999699510256,1.75005795961872,-0.252562892035047,0.800606008342963,1
"PHJJKLOP_02413",10.5854025567138,0,3.70769226475804,0,1,1
"PHJJKLOP_02417",8.23809986577372,1.95925276856515,3.45425368084027,0.567200023389292,0.570578292158393,1
"PHJJKLOP_02423",40.8061376066752,2.42654476071138,2.84089033229241,0.854149395747112,0.393022217731116,1
"PHJJKLOP_02431",3.72834482550214,-4.06718539504775,3.93379143957938,-1.03390976809961,0.301178348048472,1
"PHJJKLOP_02436",8.37448753864488,0,3.71075928028684,0,1,1
"PHJJKLOP_02452",5.27801568863772,0,4.08052381408439,0,1,1
"PHJJKLOP_02468",5.83362563146093,0.43299639035843,3.34597630313709,0.129408086349107,0.897034749503109,1
"PHJJKLOP_02513",20.6125908996931,0.51278204344476,3.08593763212462,0.166167338609406,0.868025262089788,1
"PHJJKLOP_02521",7.73135684964103,-4.25029422769486,3.45770860357014,-1.22922279318343,0.218988285265566,1
"PHJJKLOP_02536",25.2484635489016,0,3.64214840124947,0,1,1
"PHJJKLOP_02548",40.9984883178356,-0.489407502810523,2.33648925588059,-0.209462766233039,0.834086998896307,1
"PHJJKLOP_02549",45.9875578157138,-2.24380687237814,2.35245486432069,-0.953815057797535,0.340177265955154,1
"PHJJKLOP_02555",57.1732544979969,-0.933803357787588,2.10104679788142,-0.444446719953685,0.656719641718073,1
"PHJJKLOP_02560",30.0446354786681,-1.39349078639374,3.22199063975712,-0.432493741353258,0.665382600022281,1
"PHJJKLOP_02565",33.6485438995862,-0.385357795406261,2.78674516663841,-0.138282394823747,0.890017238729401,1
"PHJJKLOP_02574",3.69786538386754,0,4.08052381408439,0,1,1
"PHJJKLOP_02575",24.2310716947609,0.964344908560883,3.01239505481083,0.32012564455011,0.748873086228459,1
"PHJJKLOP_02579",58.3602347293277,-0.0292935341210238,2.12159464921227,-0.0138073190050231,0.988983703369168,1
"PHJJKLOP_02581",15.8297352356834,-0.734470587674226,2.53277152396856,-0.289986909882576,0.771826251942546,1
"PHJJKLOP_02588",22.5596445387102,1.16045867688209,2.71562483000977,0.427326582102993,0.669141473991889,1
"PHJJKLOP_02590",36.0436618597258,-1.88735999056859,2.24922747692426,-0.839114767150849,0.401404910140394,1
"PHJJKLOP_02591",102.418645132689,1.12064929585038,2.23571718844025,0.501248235530274,0.61619643099844,1
"PHJJKLOP_02594",298.457379554339,0.246695975508499,2.1123162952834,0.116789316097853,0.907027010329428,1
"PHJJKLOP_02595",8.82420608294202,0.293883005361872,3.2897428245792,0.0893331245123888,0.928817169744197,1
"PHJJKLOP_02599",55.0830490464554,0.244250719405538,2.43292092951,0.100394022856604,0.920031514863416,1
"PHJJKLOP_02606",301.807587463404,-0.177246578490727,1.75389598109524,-0.101058774523244,0.919503803611514,1
"PHJJKLOP_02615",3.96857440130425,-1.09359661837184,3.64656002822733,-0.299898153302433,0.764254842987779,1
"PHJJKLOP_02631",21.0573295940581,0.0225691727503341,2.43540502915593,0.00926711264867354,0.99260601972629,1
"PHJJKLOP_02634",3.37158314411452,0,4.08052381408439,0,1,1
"PHJJKLOP_02640",179.500806178861,0.305082959889111,1.86181254594703,0.163863413936728,0.869838669174619,1
"PHJJKLOP_02641",157.116676067765,-0.0833424666931072,2.43839885845384,-0.0341791772105543,0.972734271016929,1
"PHJJKLOP_02644",5.41025370949446,-1.36680712506222,3.42000244831884,-0.399650920055363,0.689413646165831,1
"PHJJKLOP_02648",23.5412534382128,-2.12364703747675,2.87252889138221,-0.739295275270459,0.459727717674441,1
"PHJJKLOP_02653",49.5137266184528,2.02279785101266,2.70748505390574,0.747113210503095,0.454995226605294,1
"PHJJKLOP_02656",23.257472942119,0,3.6501604330472,0,1,1
"PHJJKLOP_02662",3.8489987518572,-1.31793864660747,3.3836090079863,-0.389506779151122,0.696901296797482,1
"PHJJKLOP_02666",113.994993182615,1.12462862009795,2.42549777036145,0.463669203839489,0.642884764494984,1
"PHJJKLOP_02667",204.77781022023,-0.248604690746295,1.67876342617718,-0.148087983613277,0.882273332571732,1
"PHJJKLOP_02673",22.0973482443717,-0.0443522555279739,2.65784636226309,-0.0166872909426597,0.986686086109439,1
"PHJJKLOP_02676",26.5683508748303,1.57517113943494,2.54131104964906,0.619826187609918,0.535372225605442,1
"PHJJKLOP_02677",15.3884463061894,2.03889346439424,3.21490271418319,0.634200672822619,0.525949868539345,1
"PHJJKLOP_02685",14.3618516499448,-1.35522739425118,3.27691457678697,-0.413568117964183,0.679190426245846,1
"PHJJKLOP_02700",151.208634394295,-0.277051370164694,2.10736088440936,-0.131468403069627,0.895404780294102,1
"PHJJKLOP_02707",107.227954724391,-2.54143796287938,2.42114531839345,-1.04968419019381,0.29386333489449,1
"PHJJKLOP_02720",21.3169492510694,-0.976930660817244,2.71302469044442,-0.360089115391432,0.718780492253173,1
"PHJJKLOP_02721",949.312966243231,-1.59691378060237,1.82019293261097,-0.877332150890004,0.380306254086662,1
"PHJJKLOP_02736",77.4661330478,-0.888884734243878,3.06148114507614,-0.290344670478697,0.77155256782481,1
"PHJJKLOP_02739",16.2741101079747,-3.23703036451158,2.87879509092674,-1.12443930959654,0.260826703615434,1
"PHJJKLOP_02748",183.982873542277,0.680845036209831,2.16932611203554,0.313850938516097,0.753634254245937,1
"PHJJKLOP_02789",32.5771745323326,1.77619463684274,2.91815479183765,0.608670465943384,0.54274288693756,1
"PHJJKLOP_02797",28.4404005473117,1.59427708047748,3.04046990249579,0.52435219936524,0.6000335968105,1
"PHJJKLOP_02805",62.184007015764,-2.1721272928432,2.68782283640728,-0.808136333772137,0.419012103410632,1
"PHJJKLOP_02809",17.9138918921772,0.477863939300521,2.46038510408151,0.19422322891965,0.846001095132726,1
"PHJJKLOP_02811",7.36272808303243,3.36668151969661,3.44309393635095,0.977807048524698,0.328169764270444,1
"PHJJKLOP_02826",32.6145842911057,0.888957070422021,3.28500985620059,0.270610168412152,0.78669087428765,1
"PHJJKLOP_02829",10.547491912754,0.802799110874203,3.29278018332192,0.243805861970507,0.807381180114517,1
"PHJJKLOP_02831",43.9509909174556,1.1349995171345,2.69550379768833,0.421071384914343,0.67370295607977,1
"PHJJKLOP_02832",63.7994516054153,-0.779008327290809,2.45766244863526,-0.31697124547083,0.751265420879586,1
"PHJJKLOP_02856",32.3724417062764,-1.51923150353226,2.66237349581544,-0.570630494151213,0.568250143161263,1
"PHJJKLOP_02860",32.8796915211115,3.04546881983655,3.37301213470754,0.902892933144046,0.36658272161692,1
"PHJJKLOP_02863",27.0711630744339,-0.771753100026454,2.55512750935043,-0.302040934239971,0.76262085829383,1
"PHJJKLOP_02865",17.4157684991971,1.2846921052274,2.95796084867736,0.434316805038796,0.664058402146937,1
"PHJJKLOP_02866",521.294356281035,0.939620814395641,1.76066277315997,0.533674493900523,0.593566758807309,1
"PHJJKLOP_02872",54.467785833012,-0.809329879204229,2.33750150955726,-0.346237157877824,0.729164491718728,1
"PHJJKLOP_02874",4.5761421884686,-2.98372258156162,3.9264418176427,-0.759904952151549,0.447311401285455,1
"PHJJKLOP_02894",66.9988452951068,1.47460144336297,1.88457363561798,0.782458915636599,0.433944921229882,1
"PHJJKLOP_02900",40.1135669840137,0.28020550166098,3.36568755861696,0.0832535690793959,0.933649918573916,1
"PHJJKLOP_02904",4.81145447019741,-1.11611782275161,3.61783422191433,-0.308504412941571,0.757698542853169,1
"PHJJKLOP_02918",60.4763005843096,-0.236432447330656,2.40899429498472,-0.0981457066224211,0.92181659405895,1
"PHJJKLOP_02932",20.7823663372466,-1.46414242728365,3.30470938109683,-0.443047257244056,0.657731553374463,1
"PHJJKLOP_02934",49.5042481744857,0.758047751618071,2.04057015210904,0.371488209231418,0.710273936345834,1
"PHJJKLOP_02936",18.2814646238132,-2.49257707253212,2.59192915751843,-0.961668672657152,0.336216063569169,1
"PHJJKLOP_02949",18.2879234785372,-0.0168798676130007,2.97247039401587,-0.00567873363751006,0.995469050458087,1
"PHJJKLOP_02950",974.346411160791,0.510172604409533,1.73747630966861,0.293628524067093,0.769041777040259,1
"PHJJKLOP_02952",41.1881904604472,0.187257857865921,2.58642509597974,0.0724002632656901,0.942283375290487,1
"PHJJKLOP_02953",10.4149729897063,-0.688766088773071,2.92266494333023,-0.235663718602056,0.813693625340153,1
"PHJJKLOP_02959",49.4159045314849,0.860597781275327,3.40888369649195,0.252457360795547,0.800687568019768,1
"PHJJKLOP_02971",212.094143350676,0.128223140818868,1.75490204471858,0.0730656968602654,0.941753838610293,1
"PHJJKLOP_02973",37.3003732143089,-1.03840953339294,2.77939304114968,-0.373610179639581,0.708694359282962,1
"PHJJKLOP_02980",56.9671491601867,-0.437712495328937,2.72610200912418,-0.160563505644296,0.872437200161263,1
"PHJJKLOP_02990",5.75561719071278,4.85028409328854,3.91154917647096,1.23999057009543,0.214978882051388,1
"PHJJKLOP_02991",69.2067920807,2.61995177133156,2.18181971741466,1.20081038337854,0.229824763156963,1
"PHJJKLOP_02997",1044.78584990899,-0.0329016184620848,1.69364548371413,-0.019426508545302,0.984500863635397,1
"PHJJKLOP_03005",88.1211097765018,0.981274082733163,2.44976928484605,0.400557754072269,0.688745754282347,1
"PHJJKLOP_03006",160.120318307906,0.0210540625611042,2.45889861523891,0.00856239555003309,0.99316828026473,1
"PHJJKLOP_03009",4.35042986337358,0,4.08052381408439,0,1,1
"PHJJKLOP_03018",233.663151742788,-0.271841444048093,1.67744695391171,-0.162056656047557,0.871261238393873,1
"PHJJKLOP_03022",136.408836171475,0.464971996867693,2.15921473943589,0.215343100607571,0.829499828350196,1
"PHJJKLOP_03024",59.9705880241233,0.887550177808308,1.78028559440734,0.498543705906791,0.618100871820285,1
"PHJJKLOP_03038",5.22051583604829,0,4.08052381408439,0,1,1
"PHJJKLOP_03067",9.37017984410326,0.920891981614143,3.210952314824,0.286797152783198,0.774267643156097,1
"PHJJKLOP_03075",40.8843296561429,-0.920470406309113,3.07844890932571,-0.299004607002144,0.764936530394466,1
"PHJJKLOP_03076",68.7526738163098,0.687279788627256,2.44538661675339,0.28105158665656,0.77867083328643,1
"PHJJKLOP_03082",535.321773038681,1.60957424946073,1.65967182073354,0.969814772627356,0.33213882798782,1
"PHJJKLOP_03085",395.344713124896,-0.506068611232846,1.73610867408397,-0.29149592925101,0.770672056760565,1
"PHJJKLOP_03087",106.086503455715,-0.77234925464767,2.08305640725339,-0.370776927575404,0.710803687528446,1
"PHJJKLOP_03088",18.5092772263743,-0.468379508300086,3.30678176219123,-0.141642098567072,0.887362712299957,1
"PHJJKLOP_03115",74.3248657218565,-1.26460464216653,2.16974776399332,-0.582834863642897,0.560004472809434,1
"PHJJKLOP_03132",354.092753519934,-0.905486903861542,1.76263949296038,-0.513710777205361,0.607454215936259,1
"PHJJKLOP_03133",22.3043795619915,0.784090785995783,2.9778813377563,0.263304912809776,0.79231557338365,1
"PHJJKLOP_03155",12.0064459174982,-0.246194352267375,3.25903116140253,-0.0755421903242633,0.939783330390557,1
"PHJJKLOP_03156",77.5217489918255,0.602930616886459,2.74465880732799,0.219674159599251,0.826124930748588,1
"PHJJKLOP_03166",20.8381246754558,0.342975716847095,2.75427661728076,0.124524789810585,0.900899773703959,1
"PHJJKLOP_03174",81.0254476381644,-0.0145988049353348,2.26581936493167,-0.0064430577129325,0.994859219294713,1
"PHJJKLOP_03175",173.052588315064,0.464314236385278,1.75687110791068,0.264284747068016,0.791560512650629,1
"PHJJKLOP_00001",0,NA,NA,NA,NA,NA
"PHJJKLOP_00002",0,NA,NA,NA,NA,NA
"PHJJKLOP_00003",0,NA,NA,NA,NA,NA
"PHJJKLOP_00004",0,NA,NA,NA,NA,NA
"PHJJKLOP_00005",0,NA,NA,NA,NA,NA
"PHJJKLOP_00006",0,NA,NA,NA,NA,NA
"PHJJKLOP_00023",0,NA,NA,NA,NA,NA
"PHJJKLOP_00024",0,NA,NA,NA,NA,NA
"PHJJKLOP_00026",0,NA,NA,NA,NA,NA
"PHJJKLOP_00027",0,NA,NA,NA,NA,NA
"PHJJKLOP_00028",0,NA,NA,NA,NA,NA
"PHJJKLOP_00029",0,NA,NA,NA,NA,NA
"PHJJKLOP_00030",0,NA,NA,NA,NA,NA
"PHJJKLOP_00031",0,NA,NA,NA,NA,NA
"PHJJKLOP_00032",0,NA,NA,NA,NA,NA
"PHJJKLOP_00033",0,NA,NA,NA,NA,NA
"PHJJKLOP_00034",0,NA,NA,NA,NA,NA
"PHJJKLOP_00035",0,NA,NA,NA,NA,NA
"PHJJKLOP_00036",13.5957932919158,-2.58061705241521,3.27617835779967,-0.7876912581,NA,NA
"PHJJKLOP_00037",0,NA,NA,NA,NA,NA
"PHJJKLOP_00038",0,NA,NA,NA,NA,NA
"PHJJKLOP_00039",0,NA,NA,NA,NA,NA
"PHJJKLOP_00040",0.906061861421063,-2.98313734417493,3.96344558336274,-0.752662621809965,0.451652676588886,NA
"PHJJKLOP_00041",0,NA,NA,NA,NA,NA
"PHJJKLOP_00042",0,NA,NA,NA,NA,NA
"PHJJKLOP_00043",6.33361882636526,0,4.08052381408439,0,NA,NA
"PHJJKLOP_00044",0,NA,NA,NA,NA,NA
"PHJJKLOP_00045",0,NA,NA,NA,NA,NA
"PHJJKLOP_00046",0,NA,NA,NA,NA,NA
"PHJJKLOP_00047",0,NA,NA,NA,NA,NA
"PHJJKLOP_00048",0,NA,NA,NA,NA,NA
"PHJJKLOP_00049",2.59596115374444,5.56621591775199,3.91863721415224,1.42044685781309,0.155477629385528,NA
"PHJJKLOP_00050",0,NA,NA,NA,NA,NA
"PHJJKLOP_00052",0,NA,NA,NA,NA,NA
"PHJJKLOP_00053",0,NA,NA,NA,NA,NA
"PHJJKLOP_00054",0,NA,NA,NA,NA,NA
"PHJJKLOP_00055",0,NA,NA,NA,NA,NA
"PHJJKLOP_00056",0,NA,NA,NA,NA,NA
"PHJJKLOP_00057",0,NA,NA,NA,NA,NA
"PHJJKLOP_00058",0,NA,NA,NA,NA,NA
"PHJJKLOP_00059",0,NA,NA,NA,NA,NA
"PHJJKLOP_00060",6.05595696536193,-6.63969420635803,3.9113787951151,-1.69753290441987,NA,NA
"PHJJKLOP_00061",0.401065386941437,2.94346641721935,3.97908117976235,0.739735201229332,0.459460684289621,NA
"PHJJKLOP_00062",0,NA,NA,NA,NA,NA
"PHJJKLOP_00063",0,NA,NA,NA,NA,NA
"PHJJKLOP_00064",0,NA,NA,NA,NA,NA
"PHJJKLOP_00065",0,NA,NA,NA,NA,NA
"PHJJKLOP_00066",0,NA,NA,NA,NA,NA
"PHJJKLOP_00067",0,NA,NA,NA,NA,NA
"PHJJKLOP_00068",0,NA,NA,NA,NA,NA
"PHJJKLOP_00071",0,NA,NA,NA,NA,NA
"PHJJKLOP_00072",0,NA,NA,NA,NA,NA
"PHJJKLOP_00074",0,NA,NA,NA,NA,NA
"PHJJKLOP_00075",0,NA,NA,NA,NA,NA
"PHJJKLOP_00079",0,NA,NA,NA,NA,NA
"PHJJKLOP_00080",0,NA,NA,NA,NA,NA
"PHJJKLOP_00081",0,NA,NA,NA,NA,NA
"PHJJKLOP_00082",0,NA,NA,NA,NA,NA
"PHJJKLOP_00083",0,NA,NA,NA,NA,NA
"PHJJKLOP_00085",0,NA,NA,NA,NA,NA
"PHJJKLOP_00086",0,NA,NA,NA,NA,NA
"PHJJKLOP_00087",0,NA,NA,NA,NA,NA
"PHJJKLOP_00088",0,NA,NA,NA,NA,NA
"PHJJKLOP_00089",0,NA,NA,NA,NA,NA
"PHJJKLOP_00090",0,NA,NA,NA,NA,NA
"PHJJKLOP_00091",0,NA,NA,NA,NA,NA
"PHJJKLOP_00092",0,NA,NA,NA,NA,NA
"PHJJKLOP_00093",0,NA,NA,NA,NA,NA
"PHJJKLOP_00094",0,NA,NA,NA,NA,NA
"PHJJKLOP_00095",0,NA,NA,NA,NA,NA
"PHJJKLOP_00096",0,NA,NA,NA,NA,NA
"PHJJKLOP_00097",0,NA,NA,NA,NA,NA
"PHJJKLOP_00098",0,NA,NA,NA,NA,NA
"PHJJKLOP_00099",0.300315076458406,-2.33867289032124,3.99445761203253,-0.585479461160493,0.558225372937166,NA
"PHJJKLOP_00100",0,NA,NA,NA,NA,NA
"PHJJKLOP_00101",0,NA,NA,NA,NA,NA
"PHJJKLOP_00103",0,NA,NA,NA,NA,NA
"PHJJKLOP_00104",0,NA,NA,NA,NA,NA
"PHJJKLOP_00105",0,NA,NA,NA,NA,NA
"PHJJKLOP_00106",0,NA,NA,NA,NA,NA
"PHJJKLOP_00107",0,NA,NA,NA,NA,NA
"PHJJKLOP_00108",0,NA,NA,NA,NA,NA
"PHJJKLOP_00109",0,NA,NA,NA,NA,NA
"PHJJKLOP_00110",0,NA,NA,NA,NA,NA
"PHJJKLOP_00111",0.100266346735359,1.17432335466883,4.08052381408439,0.287787403817011,0.773509479957705,NA
"PHJJKLOP_00112",0,NA,NA,NA,NA,NA
"PHJJKLOP_00113",0,NA,NA,NA,NA,NA
"PHJJKLOP_00114",0,NA,NA,NA,NA,NA
"PHJJKLOP_00115",0,NA,NA,NA,NA,NA
"PHJJKLOP_00116",0.216278296274791,2.04644758456223,4.0403024401899,0.506508513869087,0.612499714398064,NA
"PHJJKLOP_00117",0,NA,NA,NA,NA,NA
"PHJJKLOP_00118",0,NA,NA,NA,NA,NA
"PHJJKLOP_00119",2.60959009253537,2.41682074910814,3.8075412864728,0.634745776150732,0.525594233201765,NA
"PHJJKLOP_00120",0,NA,NA,NA,NA,NA
"PHJJKLOP_00121",0,NA,NA,NA,NA,NA
"PHJJKLOP_00122",0.325039042859131,2.0464472517852,4.04030174241114,0.506508518981043,0.61249971081035,NA
"PHJJKLOP_00123",2.75882483977599,-5.50847371847381,3.91680260204574,-1.40637001098721,0.159614280547371,NA
"PHJJKLOP_00124",0,NA,NA,NA,NA,NA
"PHJJKLOP_00125",0,NA,NA,NA,NA,NA
"PHJJKLOP_00126",0,NA,NA,NA,NA,NA
"PHJJKLOP_00127",0.435042986337358,0,4.08052381408439,0,1,NA
"PHJJKLOP_00128",0,NA,NA,NA,NA,NA
"PHJJKLOP_00129",0.200532693470719,1.95216416393155,4.04915119729243,0.482116885444266,0.629722915370352,NA
"PHJJKLOP_00130",0,NA,NA,NA,NA,NA
"PHJJKLOP_00131",0,NA,NA,NA,NA,NA
"PHJJKLOP_00132",3.76815100066964,-5.95676987652531,3.91413961523407,-1.52185932595281,NA,NA
"PHJJKLOP_00133",0,NA,NA,NA,NA,NA
"PHJJKLOP_00134",0,NA,NA,NA,NA,NA
"PHJJKLOP_00135",0,NA,NA,NA,NA,NA
"PHJJKLOP_00138",0,NA,NA,NA,NA,NA
"PHJJKLOP_00139",0,NA,NA,NA,NA,NA
"PHJJKLOP_00140",0,NA,NA,NA,NA,NA
"PHJJKLOP_00141",0,NA,NA,NA,NA,NA
"PHJJKLOP_00142",0,NA,NA,NA,NA,NA
"PHJJKLOP_00143",0,NA,NA,NA,NA,NA
"PHJJKLOP_00144",0,NA,NA,NA,NA,NA
"PHJJKLOP_00146",0,NA,NA,NA,NA,NA
"PHJJKLOP_00147",0,NA,NA,NA,NA,NA
"PHJJKLOP_00148",0,NA,NA,NA,NA,NA
"PHJJKLOP_00149",0,NA,NA,NA,NA,NA
"PHJJKLOP_00150",0,NA,NA,NA,NA,NA
"PHJJKLOP_00151",0,NA,NA,NA,NA,NA
"PHJJKLOP_00152",0,NA,NA,NA,NA,NA
"PHJJKLOP_00153",0,NA,NA,NA,NA,NA
"PHJJKLOP_00154",0,NA,NA,NA,NA,NA
"PHJJKLOP_00157",0,NA,NA,NA,NA,NA
"PHJJKLOP_00158",1.30346250755967,4.63697625327858,3.92930278067905,1.18010153762628,0.237959833151481,NA
"PHJJKLOP_00159",0,NA,NA,NA,NA,NA
"PHJJKLOP_00160",0,NA,NA,NA,NA,NA
"PHJJKLOP_00162",0,NA,NA,NA,NA,NA
"PHJJKLOP_00163",0,NA,NA,NA,NA,NA
"PHJJKLOP_00164",0,NA,NA,NA,NA,NA
"PHJJKLOP_00166",0,NA,NA,NA,NA,NA
"PHJJKLOP_00167",0,NA,NA,NA,NA,NA
"PHJJKLOP_00168",0,NA,NA,NA,NA,NA
"PHJJKLOP_00170",0,NA,NA,NA,NA,NA
"PHJJKLOP_00171",0,NA,NA,NA,NA,NA
"PHJJKLOP_00175",0,NA,NA,NA,NA,NA
"PHJJKLOP_00176",0,NA,NA,NA,NA,NA
"PHJJKLOP_00177",0,NA,NA,NA,NA,NA
"PHJJKLOP_00178",0,NA,NA,NA,NA,NA
"PHJJKLOP_00179",0,NA,NA,NA,NA,NA
"PHJJKLOP_00180",0,NA,NA,NA,NA,NA
"PHJJKLOP_00181",0,NA,NA,NA,NA,NA
"PHJJKLOP_00182",0,NA,NA,NA,NA,NA
"PHJJKLOP_00183",0,NA,NA,NA,NA,NA
"PHJJKLOP_00184",0,NA,NA,NA,NA,NA
"PHJJKLOP_00185",0,NA,NA,NA,NA,NA
"PHJJKLOP_00186",0,NA,NA,NA,NA,NA
"PHJJKLOP_00187",0,NA,NA,NA,NA,NA
"PHJJKLOP_00188",0,NA,NA,NA,NA,NA
"PHJJKLOP_00189",0,NA,NA,NA,NA,NA
"PHJJKLOP_00190",0,NA,NA,NA,NA,NA
"PHJJKLOP_00192",2.2058596281779,5.39461130833894,3.92012891422795,1.37613109833185,0.168781049096465,NA
"PHJJKLOP_00193",0,NA,NA,NA,NA,NA
"PHJJKLOP_00194",0,NA,NA,NA,NA,NA
"PHJJKLOP_00195",0,NA,NA,NA,NA,NA
"PHJJKLOP_00196",0,NA,NA,NA,NA,NA
"PHJJKLOP_00197",0,NA,NA,NA,NA,NA
"PHJJKLOP_00198",0,NA,NA,NA,NA,NA
"PHJJKLOP_00199",0,NA,NA,NA,NA,NA
"PHJJKLOP_00200",0,NA,NA,NA,NA,NA
"PHJJKLOP_00201",0,NA,NA,NA,NA,NA
"PHJJKLOP_00202",0,NA,NA,NA,NA,NA
"PHJJKLOP_00204",0,NA,NA,NA,NA,NA
"PHJJKLOP_00205",0,NA,NA,NA,NA,NA
"PHJJKLOP_00206",0,NA,NA,NA,NA,NA
"PHJJKLOP_00207",0,NA,NA,NA,NA,NA
"PHJJKLOP_00208",0.543803732921697,0,4.08052381408439,0,1,NA
"PHJJKLOP_00209",0,NA,NA,NA,NA,NA
"PHJJKLOP_00210",0,NA,NA,NA,NA,NA
"PHJJKLOP_00212",0.750787691146016,-3.64085813538166,3.94295683730002,-0.923382701261008,0.355807803366837,NA
"PHJJKLOP_00215",0,NA,NA,NA,NA,NA
"PHJJKLOP_00217",2.48967119687101,-5.36097840845429,3.91787445479001,-1.36833848820754,0.171206148663943,NA
"PHJJKLOP_00218",0,NA,NA,NA,NA,NA
"PHJJKLOP_00219",0,NA,NA,NA,NA,NA
"PHJJKLOP_00220",0,NA,NA,NA,NA,NA
"PHJJKLOP_00222",0,NA,NA,NA,NA,NA
"PHJJKLOP_00223",0,NA,NA,NA,NA,NA
"PHJJKLOP_00225",0,NA,NA,NA,NA,NA
"PHJJKLOP_00226",0,NA,NA,NA,NA,NA
"PHJJKLOP_00227",0,NA,NA,NA,NA,NA
"PHJJKLOP_00228",0,NA,NA,NA,NA,NA
"PHJJKLOP_00229",0,NA,NA,NA,NA,NA
"PHJJKLOP_00230",2.75882483977599,-5.50847371847381,3.91680260204574,-1.40637001098721,0.159614280547371,NA
"PHJJKLOP_00231",0,NA,NA,NA,NA,NA
"PHJJKLOP_00232",0,NA,NA,NA,NA,NA
"PHJJKLOP_00233",0,NA,NA,NA,NA,NA
"PHJJKLOP_00234",66.1670828658469,-3.24765962587501,3.73038744911667,-0.870595794719402,NA,NA
"PHJJKLOP_00235",0,NA,NA,NA,NA,NA
"PHJJKLOP_00236",0,NA,NA,NA,NA,NA
"PHJJKLOP_00237",0,NA,NA,NA,NA,NA
"PHJJKLOP_00238",3.05046240130568,5.57879301312565,3.9185345385657,1.42369371973627,0.154535152504075,NA
"PHJJKLOP_00239",1.95769343851811,0,4.08052381408439,0,1,NA
"PHJJKLOP_00240",0,NA,NA,NA,NA,NA
"PHJJKLOP_00241",1.47172434684218,2.63020901358479,3.97330852237953,0.661969489348794,0.507990775547868,NA
"PHJJKLOP_00242",0,NA,NA,NA,NA,NA
"PHJJKLOP_00243",0,NA,NA,NA,NA,NA
"PHJJKLOP_00246",0,NA,NA,NA,NA,NA
"PHJJKLOP_00247",0,NA,NA,NA,NA,NA
"PHJJKLOP_00248",0,NA,NA,NA,NA,NA
"PHJJKLOP_00249",0,NA,NA,NA,NA,NA
"PHJJKLOP_00250",0,NA,NA,NA,NA,NA
"PHJJKLOP_00251",6.95951346801268,-6.79618157869849,3.16916664838165,-2.14446961385542,NA,NA
"PHJJKLOP_00253",0,NA,NA,NA,NA,NA
"PHJJKLOP_00254",0,NA,NA,NA,NA,NA
"PHJJKLOP_00255",0,NA,NA,NA,NA,NA
"PHJJKLOP_00256",0,NA,NA,NA,NA,NA
"PHJJKLOP_00257",0,NA,NA,NA,NA,NA
"PHJJKLOP_00259",11.2225111456581,-0.428344340739484,3.34652144641189,-0.12799689098026,NA,NA
"PHJJKLOP_00260",0,NA,NA,NA,NA,NA
"PHJJKLOP_00261",0,NA,NA,NA,NA,NA
"PHJJKLOP_00262",0,NA,NA,NA,NA,NA
"PHJJKLOP_00263",0,NA,NA,NA,NA,NA
"PHJJKLOP_00264",0,NA,NA,NA,NA,NA
"PHJJKLOP_00265",0,NA,NA,NA,NA,NA
"PHJJKLOP_00267",0,NA,NA,NA,NA,NA
"PHJJKLOP_00269",50.2696493939223,0.808343183033967,3.09889144465664,0.260849144757161,NA,NA
"PHJJKLOP_00270",0,NA,NA,NA,NA,NA
"PHJJKLOP_00271",0,NA,NA,NA,NA,NA
"PHJJKLOP_00272",0,NA,NA,NA,NA,NA
"PHJJKLOP_00273",0,NA,NA,NA,NA,NA
"PHJJKLOP_00275",0,NA,NA,NA,NA,NA
"PHJJKLOP_00276",0,NA,NA,NA,NA,NA
"PHJJKLOP_00277",0,NA,NA,NA,NA,NA
"PHJJKLOP_00279",0,NA,NA,NA,NA,NA
"PHJJKLOP_00280",0.435042986337358,0,4.08052381408439,0,1,NA
"PHJJKLOP_00281",0,NA,NA,NA,NA,NA
"PHJJKLOP_00282",0,NA,NA,NA,NA,NA
"PHJJKLOP_00283",0,NA,NA,NA,NA,NA
"PHJJKLOP_00284",0.108139148137396,1.17432335466883,4.08052381408439,0.287787403817011,0.773509479957705,NA
"PHJJKLOP_00285",0,NA,NA,NA,NA,NA
"PHJJKLOP_00286",5.29881825873239,6.65712944661371,3.91236541849839,1.70156126397027,NA,NA
"PHJJKLOP_00287",0,NA,NA,NA,NA,NA
"PHJJKLOP_00288",0,NA,NA,NA,NA,NA
"PHJJKLOP_00289",0,NA,NA,NA,NA,NA
"PHJJKLOP_00290",3.00108139194741,-3.77702437901165,3.93973601525361,-0.958699863236526,0.337709967391152,NA
"PHJJKLOP_00291",0,NA,NA,NA,NA,NA
"PHJJKLOP_00292",0,NA,NA,NA,NA,NA
"PHJJKLOP_00293",0,NA,NA,NA,NA,NA
"PHJJKLOP_00294",0,NA,NA,NA,NA,NA
"PHJJKLOP_00296",0,NA,NA,NA,NA,NA
"PHJJKLOP_00297",0,NA,NA,NA,NA,NA
"PHJJKLOP_00298",0,NA,NA,NA,NA,NA
"PHJJKLOP_00300",0,NA,NA,NA,NA,NA
"PHJJKLOP_00301",0,NA,NA,NA,NA,NA
"PHJJKLOP_00302",0,NA,NA,NA,NA,NA
"PHJJKLOP_00303",0,NA,NA,NA,NA,NA
"PHJJKLOP_00304",0,NA,NA,NA,NA,NA
"PHJJKLOP_00305",0,NA,NA,NA,NA,NA
"PHJJKLOP_00308",0,NA,NA,NA,NA,NA
"PHJJKLOP_00309",0,NA,NA,NA,NA,NA
"PHJJKLOP_00310",0,NA,NA,NA,NA,NA
"PHJJKLOP_00311",0,NA,NA,NA,NA,NA
"PHJJKLOP_00312",20.7947702098294,-16.2539308833215,3.81199794392742,-4.263887631213,NA,NA
"PHJJKLOP_00313",0,NA,NA,NA,NA,NA
"PHJJKLOP_00316",0,NA,NA,NA,NA,NA
"PHJJKLOP_00317",0,NA,NA,NA,NA,NA
"PHJJKLOP_00318",0,NA,NA,NA,NA,NA
"PHJJKLOP_00319",2.33333063394858,4.39552984761786,3.91933785630923,1.12149807155361,0.262075911923606,NA
"PHJJKLOP_00320",0.205941589223709,1.17432335466883,4.08052381408439,0.287787403817011,0.773509479957705,NA
"PHJJKLOP_00321",0,NA,NA,NA,NA,NA
"PHJJKLOP_00322",0,NA,NA,NA,NA,NA
"PHJJKLOP_00323",0,NA,NA,NA,NA,NA
"PHJJKLOP_00324",0,NA,NA,NA,NA,NA
"PHJJKLOP_00326",0,NA,NA,NA,NA,NA
"PHJJKLOP_00328",1.30346250755967,4.63697625327858,3.92930278067905,1.18010153762628,0.237959833151481,NA
"PHJJKLOP_00331",0.117289237525283,0,4.08052381408439,0,1,NA
"PHJJKLOP_00332",0,NA,NA,NA,NA,NA
"PHJJKLOP_00336",0,NA,NA,NA,NA,NA
"PHJJKLOP_00337",0,NA,NA,NA,NA,NA
"PHJJKLOP_00338",0,NA,NA,NA,NA,NA
"PHJJKLOP_00340",2.54679979371906,-5.19666150068529,3.91920367657,-1.32594831234525,0.184856818691117,NA
"PHJJKLOP_00342",0,NA,NA,NA,NA,NA
"PHJJKLOP_00343",0,NA,NA,NA,NA,NA
"PHJJKLOP_00344",0,NA,NA,NA,NA,NA
"PHJJKLOP_00346",0,NA,NA,NA,NA,NA
"PHJJKLOP_00347",0,NA,NA,NA,NA,NA
"PHJJKLOP_00349",0,NA,NA,NA,NA,NA
"PHJJKLOP_00350",0,NA,NA,NA,NA,NA
"PHJJKLOP_00352",0,NA,NA,NA,NA,NA
"PHJJKLOP_00354",0,NA,NA,NA,NA,NA
"PHJJKLOP_00355",0,NA,NA,NA,NA,NA
"PHJJKLOP_00357",1.88885241008888,0.403799275771066,3.7883883348299,0.106588670453499,0.91511530704576,NA
"PHJJKLOP_00360",10.0059886857592,0,4.08052381408439,0,NA,NA
"PHJJKLOP_00361",0,NA,NA,NA,NA,NA
"PHJJKLOP_00362",21.0205265284971,-1.21878093642168,3.65950733457161,-0.333045086399411,NA,NA
"PHJJKLOP_00363",57.1145260152724,26.6329512666588,3.90732274599444,6.81616364912813,NA,NA
"PHJJKLOP_00366",0,NA,NA,NA,NA,NA
"PHJJKLOP_00367",9.16224587060041,0.382078578005494,3.71107528945232,0.102956299240666,NA,NA
"PHJJKLOP_00368",0,NA,NA,NA,NA,NA
"PHJJKLOP_00369",0,NA,NA,NA,NA,NA
"PHJJKLOP_00372",0,NA,NA,NA,NA,NA
"PHJJKLOP_00373",0,NA,NA,NA,NA,NA
"PHJJKLOP_00375",6.75702532952696,3.36612788124594,3.86964927154383,0.869879321105242,NA,NA
"PHJJKLOP_00376",0,NA,NA,NA,NA,NA
"PHJJKLOP_00377",0,NA,NA,NA,NA,NA
"PHJJKLOP_00378",20.771610004382,1.532135757904,3.70440039561122,0.413598853870979,NA,NA
"PHJJKLOP_00379",0,NA,NA,NA,NA,NA
"PHJJKLOP_00380",0,NA,NA,NA,NA,NA
"PHJJKLOP_00381",0,NA,NA,NA,NA,NA
"PHJJKLOP_00382",10.0179781311,6.1438368099915,3.88091084305274,1.58309145931287,NA,NA
"PHJJKLOP_00383",0,NA,NA,NA,NA,NA
"PHJJKLOP_00385",0,NA,NA,NA,NA,NA
"PHJJKLOP_00386",3.56628576849091,-5.87756852497516,3.9145523137077,-1.50146633738768,NA,NA
"PHJJKLOP_00388",1.22021905161423,4.39655936057238,3.93336729091343,1.11775967902336,0.263669646576163,NA
"PHJJKLOP_00389",0,NA,NA,NA,NA,NA
"PHJJKLOP_00390",0,NA,NA,NA,NA,NA
"PHJJKLOP_00391",0,NA,NA,NA,NA,NA
"PHJJKLOP_00392",0.175427558863639,0.216646003186351,4.07994024212227,0.0531002883203156,0.957652001732258,NA
"PHJJKLOP_00419",0,NA,NA,NA,NA,NA
"PHJJKLOP_00420",0,NA,NA,NA,NA,NA
"PHJJKLOP_00421",0,NA,NA,NA,NA,NA
"PHJJKLOP_00422",6.92006501399167,0,4.08052381408439,0,NA,NA
"PHJJKLOP_00423",0,NA,NA,NA,NA,NA
"PHJJKLOP_00424",0,NA,NA,NA,NA,NA
"PHJJKLOP_00425",0,NA,NA,NA,NA,NA
"PHJJKLOP_00426",0,NA,NA,NA,NA,NA
"PHJJKLOP_00427",0,NA,NA,NA,NA,NA
"PHJJKLOP_00428",0,NA,NA,NA,NA,NA
"PHJJKLOP_00429",0,NA,NA,NA,NA,NA
"PHJJKLOP_00431",0,NA,NA,NA,NA,NA
"PHJJKLOP_00432",0,NA,NA,NA,NA,NA
"PHJJKLOP_00436",6.30661660562653,-6.69757030884673,3.91119928263668,-1.7124083496793,NA,NA
"PHJJKLOP_00437",0,NA,NA,NA,NA,NA
"PHJJKLOP_00438",0,NA,NA,NA,NA,NA
"PHJJKLOP_00439",0,NA,NA,NA,NA,NA
"PHJJKLOP_00440",0,NA,NA,NA,NA,NA
"PHJJKLOP_00441",3.49899735776467,-5.85017261567885,3.91470039396325,-1.49441132831014,NA,NA
"PHJJKLOP_00442",0.411883178447418,2.04644698314071,4.04030117905828,0.506508523114036,0.612499707909699,NA
"PHJJKLOP_00443",0,NA,NA,NA,NA,NA
"PHJJKLOP_00444",0,NA,NA,NA,NA,NA
"PHJJKLOP_00445",0,NA,NA,NA,NA,NA
"PHJJKLOP_00446",0,NA,NA,NA,NA,NA
"PHJJKLOP_00447",0,NA,NA,NA,NA,NA
"PHJJKLOP_00448",0,NA,NA,NA,NA,NA
"PHJJKLOP_00449",0,NA,NA,NA,NA,NA
"PHJJKLOP_00450",0,NA,NA,NA,NA,NA
"PHJJKLOP_00451",0,NA,NA,NA,NA,NA
"PHJJKLOP_00453",0,NA,NA,NA,NA,NA
"PHJJKLOP_00455",0,NA,NA,NA,NA,NA
"PHJJKLOP_00456",7.03735425151696,0,4.08052381408439,0,NA,NA
"PHJJKLOP_00457",0,NA,NA,NA,NA,NA
"PHJJKLOP_00458",4.30645828647959,-6.14889501715959,3.91322736523779,-1.57131044103949,NA,NA
"PHJJKLOP_00459",7.74108967666865,0,4.08052381408439,0,NA,NA
"PHJJKLOP_00460",0,NA,NA,NA,NA,NA
"PHJJKLOP_00461",0,NA,NA,NA,NA,NA
"PHJJKLOP_00462",0,NA,NA,NA,NA,NA
"PHJJKLOP_00465",0,NA,NA,NA,NA,NA
"PHJJKLOP_00466",0,NA,NA,NA,NA,NA
"PHJJKLOP_00467",0,NA,NA,NA,NA,NA
"PHJJKLOP_00468",0,NA,NA,NA,NA,NA
"PHJJKLOP_00469",0,NA,NA,NA,NA,NA
"PHJJKLOP_00470",0,NA,NA,NA,NA,NA
"PHJJKLOP_00471",0,NA,NA,NA,NA,NA
"PHJJKLOP_00473",0,NA,NA,NA,NA,NA
"PHJJKLOP_00474",0,NA,NA,NA,NA,NA
"PHJJKLOP_00475",0,NA,NA,NA,NA,NA
"PHJJKLOP_00476",0,NA,NA,NA,NA,NA
"PHJJKLOP_00477",1.51394807392354,4.85028572678455,3.92621895622493,1.23535793109412,0.216697322273961,NA
"PHJJKLOP_00478",0,NA,NA,NA,NA,NA
"PHJJKLOP_00479",0,NA,NA,NA,NA,NA
"PHJJKLOP_00480",0,NA,NA,NA,NA,NA
"PHJJKLOP_00481",0,NA,NA,NA,NA,NA
"PHJJKLOP_00482",0.586446187626413,0,4.08052381408439,0,1,NA
"PHJJKLOP_00483",0,NA,NA,NA,NA,NA
"PHJJKLOP_00485",0.269153642904975,-2.19501134724903,4.00336270700962,-0.548291900557927,0.583491487909657,NA
"PHJJKLOP_00486",0,NA,NA,NA,NA,NA
"PHJJKLOP_00488",0,NA,NA,NA,NA,NA
"PHJJKLOP_00489",0,NA,NA,NA,NA,NA
"PHJJKLOP_00492",0,NA,NA,NA,NA,NA
"PHJJKLOP_00493",0,NA,NA,NA,NA,NA
"PHJJKLOP_00494",1.10122803754974,2.69084105550922,3.99275302600018,0.673931254446964,0.500355020575438,NA
"PHJJKLOP_00495",0,NA,NA,NA,NA,NA
"PHJJKLOP_00496",0,NA,NA,NA,NA,NA
"PHJJKLOP_00497",0,NA,NA,NA,NA,NA
"PHJJKLOP_00498",0,NA,NA,NA,NA,NA
"PHJJKLOP_00499",6.19053378681441,-6.6713461835397,3.91127973231508,-1.70566838480533,NA,NA
"PHJJKLOP_00500",0,NA,NA,NA,NA,NA
"PHJJKLOP_00502",0,NA,NA,NA,NA,NA
"PHJJKLOP_00503",0,NA,NA,NA,NA,NA
"PHJJKLOP_00504",0,NA,NA,NA,NA,NA
"PHJJKLOP_00506",0,NA,NA,NA,NA,NA
"PHJJKLOP_00507",0,NA,NA,NA,NA,NA
"PHJJKLOP_00508",0,NA,NA,NA,NA,NA
"PHJJKLOP_00510",0,NA,NA,NA,NA,NA
"PHJJKLOP_00512",0,NA,NA,NA,NA,NA
"PHJJKLOP_00514",7.7164241351231,0.265111713538857,3.71556219414395,0.0713517092936019,NA,NA
"PHJJKLOP_00515",0,NA,NA,NA,NA,NA
"PHJJKLOP_00516",0.134576821452487,-1.41104474913748,4.04101678141596,-0.349180620982982,0.726953713896934,NA
"PHJJKLOP_00517",0,NA,NA,NA,NA,NA
"PHJJKLOP_00518",0,NA,NA,NA,NA,NA
"PHJJKLOP_00519",0,NA,NA,NA,NA,NA
"PHJJKLOP_00521",0,NA,NA,NA,NA,NA
"PHJJKLOP_00523",0,NA,NA,NA,NA,NA
"PHJJKLOP_00525",0,NA,NA,NA,NA,NA
"PHJJKLOP_00526",0,NA,NA,NA,NA,NA
"PHJJKLOP_00527",0,NA,NA,NA,NA,NA
"PHJJKLOP_00529",0,NA,NA,NA,NA,NA
"PHJJKLOP_00530",0,NA,NA,NA,NA,NA
"PHJJKLOP_00532",0,NA,NA,NA,NA,NA
"PHJJKLOP_00533",0,NA,NA,NA,NA,NA
"PHJJKLOP_00534",0.74017251798868,-3.62484687557059,3.94335532798717,-0.919229076275212,0.357975765705265,NA
"PHJJKLOP_00535",0,NA,NA,NA,NA,NA
"PHJJKLOP_00537",0,NA,NA,NA,NA,NA
"PHJJKLOP_00538",0,NA,NA,NA,NA,NA
"PHJJKLOP_00539",0,NA,NA,NA,NA,NA
"PHJJKLOP_00540",0,NA,NA,NA,NA,NA
"PHJJKLOP_00543",0,NA,NA,NA,NA,NA
"PHJJKLOP_00544",0,NA,NA,NA,NA,NA
"PHJJKLOP_00545",0,NA,NA,NA,NA,NA
"PHJJKLOP_00547",28.310013977267,32.2346012364681,3.90784827307916,8.24868290269341,NA,NA
"PHJJKLOP_00548",0,NA,NA,NA,NA,NA
"PHJJKLOP_00549",0,NA,NA,NA,NA,NA
"PHJJKLOP_00551",0,NA,NA,NA,NA,NA
"PHJJKLOP_00552",0,NA,NA,NA,NA,NA
"PHJJKLOP_00553",0,NA,NA,NA,NA,NA
"PHJJKLOP_00554",0,NA,NA,NA,NA,NA
"PHJJKLOP_00555",0,NA,NA,NA,NA,NA
"PHJJKLOP_00556",0,NA,NA,NA,NA,NA
"PHJJKLOP_00558",0,NA,NA,NA,NA,NA
"PHJJKLOP_00559",0.226049984109622,0,4.08052381408439,0,1,NA
"PHJJKLOP_00560",0,NA,NA,NA,NA,NA
"PHJJKLOP_00563",0,NA,NA,NA,NA,NA
"PHJJKLOP_00564",0,NA,NA,NA,NA,NA
"PHJJKLOP_00565",0,NA,NA,NA,NA,NA
"PHJJKLOP_00566",0,NA,NA,NA,NA,NA
"PHJJKLOP_00567",0,NA,NA,NA,NA,NA
"PHJJKLOP_00568",0.785556316179093,-1.16977217476987,3.90014258858515,-0.299930617458329,0.764230079484847,NA
"PHJJKLOP_00569",0,NA,NA,NA,NA,NA
"PHJJKLOP_00570",14.2476578025485,0,4.08052381408439,0,NA,NA
"PHJJKLOP_00571",0,NA,NA,NA,NA,NA
"PHJJKLOP_00573",0.0672884107262436,-0.74514268340539,4.07994024212431,-0.182635685619115,0.855083882178741,NA
"PHJJKLOP_00574",0,NA,NA,NA,NA,NA
"PHJJKLOP_00575",0,NA,NA,NA,NA,NA
"PHJJKLOP_00576",1.0766145716199,-4.15940403205632,3.93213574125987,-1.05779767173644,0.290147694509973,NA
"PHJJKLOP_00578",0,NA,NA,NA,NA,NA
"PHJJKLOP_00579",0,NA,NA,NA,NA,NA
"PHJJKLOP_00580",0,NA,NA,NA,NA,NA
"PHJJKLOP_00581",3.0453009043615,0,4.08052381408439,0,1,NA
"PHJJKLOP_00582",0,NA,NA,NA,NA,NA
"PHJJKLOP_00583",0,NA,NA,NA,NA,NA
"PHJJKLOP_00584",0.195604882172626,0,4.08052381408439,0,1,NA
"PHJJKLOP_00586",2.12972258372512,4.32155528666175,3.92005226399419,1.10242287490791,0.270277871276771,NA
"PHJJKLOP_00588",0,NA,NA,NA,NA,NA
"PHJJKLOP_00590",0,NA,NA,NA,NA,NA
"PHJJKLOP_00592",1.4263793310058,0.443677732895493,3.80880024777386,0.116487529939332,0.907266168483344,NA
"PHJJKLOP_00595",0,NA,NA,NA,NA,NA
"PHJJKLOP_00600",0.108139148137396,1.17432335466883,4.08052381408439,0.287787403817011,0.773509479957705,NA
"PHJJKLOP_00602",0,NA,NA,NA,NA,NA
"PHJJKLOP_00604",0,NA,NA,NA,NA,NA
"PHJJKLOP_00605",0,NA,NA,NA,NA,NA
"PHJJKLOP_00606",0,NA,NA,NA,NA,NA
"PHJJKLOP_00607",0.134576821452487,-1.41104474913748,4.04101678141596,-0.349180620982982,0.726953713896934,NA
"PHJJKLOP_00609",0,NA,NA,NA,NA,NA
"PHJJKLOP_00611",12.6127738530846,1.29160235968561,3.61460391306972,0.357328877727217,NA,NA
"PHJJKLOP_00612",2.48967119687101,-5.36097840845429,3.91787445479001,-1.36833848820754,0.171206148663943,NA
"PHJJKLOP_00613",0,NA,NA,NA,NA,NA
"PHJJKLOP_00614",4.35456860864689,-6.16411609366016,3.91316013002307,-1.5752271537183,NA,NA
"PHJJKLOP_00616",2.81161785157229,5.74304447804795,3.91727449950251,1.46608170522063,0.142626029144683,NA
"PHJJKLOP_00618",0,NA,NA,NA,NA,NA
"PHJJKLOP_00628",0,NA,NA,NA,NA,NA
"PHJJKLOP_00629",0,NA,NA,NA,NA,NA
"PHJJKLOP_00630",0,NA,NA,NA,NA,NA
"PHJJKLOP_00631",2.25800851497652,-2.33866642817543,3.99445551283644,-0.585478151067142,0.558226253595386,NA
"PHJJKLOP_00632",0,NA,NA,NA,NA,NA
"PHJJKLOP_00633",0,NA,NA,NA,NA,NA
"PHJJKLOP_00634",0,NA,NA,NA,NA,NA
"PHJJKLOP_00635",0,NA,NA,NA,NA,NA
"PHJJKLOP_00636",0,NA,NA,NA,NA,NA
"PHJJKLOP_00637",0,NA,NA,NA,NA,NA
"PHJJKLOP_00638",6.30661660562653,-6.69757030884673,3.91119928263668,-1.7124083496793,NA,NA
"PHJJKLOP_00639",0,NA,NA,NA,NA,NA
"PHJJKLOP_00640",0,NA,NA,NA,NA,NA
"PHJJKLOP_00641",0,NA,NA,NA,NA,NA
"PHJJKLOP_00642",14.1623207944519,-2.96038522407918,3.60478407011031,-0.821237879024634,NA,NA
"PHJJKLOP_00643",3.7008625899434,-5.93084995696062,3.91427220444874,-1.51518587547896,NA,NA
"PHJJKLOP_00644",0,NA,NA,NA,NA,NA
"PHJJKLOP_00645",0,NA,NA,NA,NA,NA
"PHJJKLOP_00646",0,NA,NA,NA,NA,NA
"PHJJKLOP_00647",0,NA,NA,NA,NA,NA
"PHJJKLOP_00648",0,NA,NA,NA,NA,NA
"PHJJKLOP_00649",0,NA,NA,NA,NA,NA
"PHJJKLOP_00650",0.100266346735359,1.17432335466883,4.08052381408439,0.287787403817011,0.773509479957705,NA
"PHJJKLOP_00651",0,NA,NA,NA,NA,NA
"PHJJKLOP_00653",0,NA,NA,NA,NA,NA
"PHJJKLOP_00654",0,NA,NA,NA,NA,NA
"PHJJKLOP_00655",0,NA,NA,NA,NA,NA
"PHJJKLOP_00656",0,NA,NA,NA,NA,NA
"PHJJKLOP_00657",2.38557671431372,5.3696783474212,3.29854056906178,1.62789519637424,0.103547110160099,NA
"PHJJKLOP_00658",0,NA,NA,NA,NA,NA
"PHJJKLOP_00659",0.0750787691146016,-0.756583610767306,4.07949570396922,-0.185460082733063,0.852868186467075,NA
"PHJJKLOP_00662",1.29018161277811,0,4.08052381408439,0,1,NA
"PHJJKLOP_00663",0,NA,NA,NA,NA,NA
"PHJJKLOP_00664",1.30346250755967,4.63697625327858,3.92930278067905,1.18010153762628,0.237959833151481,NA
"PHJJKLOP_00665",0,NA,NA,NA,NA,NA
"PHJJKLOP_00666",0,NA,NA,NA,NA,NA
"PHJJKLOP_00667",0,NA,NA,NA,NA,NA
"PHJJKLOP_00669",0,NA,NA,NA,NA,NA
"PHJJKLOP_00671",0,NA,NA,NA,NA,NA
"PHJJKLOP_00672",0,NA,NA,NA,NA,NA
"PHJJKLOP_00673",0,NA,NA,NA,NA,NA
"PHJJKLOP_00675",0,NA,NA,NA,NA,NA
"PHJJKLOP_00676",0,NA,NA,NA,NA,NA
"PHJJKLOP_00677",0,NA,NA,NA,NA,NA
"PHJJKLOP_00679",0,NA,NA,NA,NA,NA
"PHJJKLOP_00681",0,NA,NA,NA,NA,NA
"PHJJKLOP_00682",0,NA,NA,NA,NA,NA
"PHJJKLOP_00683",0,NA,NA,NA,NA,NA
"PHJJKLOP_00684",0,NA,NA,NA,NA,NA
"PHJJKLOP_00685",0,NA,NA,NA,NA,NA
"PHJJKLOP_00688",0,NA,NA,NA,NA,NA
"PHJJKLOP_00689",0,NA,NA,NA,NA,NA
"PHJJKLOP_00690",0.652564479506037,0,4.08052381408439,0,1,NA
"PHJJKLOP_00691",0,NA,NA,NA,NA,NA
"PHJJKLOP_00692",0,NA,NA,NA,NA,NA
"PHJJKLOP_00693",0,NA,NA,NA,NA,NA
"PHJJKLOP_00694",1.19877865780999,-2.21272664353479,3.80843491942298,-0.581006815227406,0.561235860308653,NA
"PHJJKLOP_00695",0,NA,NA,NA,NA,NA
"PHJJKLOP_00696",0,NA,NA,NA,NA,NA
"PHJJKLOP_00697",0,NA,NA,NA,NA,NA
"PHJJKLOP_00698",0,NA,NA,NA,NA,NA
"PHJJKLOP_00699",0,NA,NA,NA,NA,NA
"PHJJKLOP_00700",0,NA,NA,NA,NA,NA
"PHJJKLOP_00701",0,NA,NA,NA,NA,NA
"PHJJKLOP_00702",0,NA,NA,NA,NA,NA
"PHJJKLOP_00703",0,NA,NA,NA,NA,NA
"PHJJKLOP_00704",0,NA,NA,NA,NA,NA
"PHJJKLOP_00705",0.538307285809949,-3.17230797322159,3.95659915540665,-0.801776436939957,0.422682291160423,NA
"PHJJKLOP_00706",0,NA,NA,NA,NA,NA
"PHJJKLOP_00707",0.324417444412187,2.63017670611181,3.99640220130237,0.658136136861969,0.510450657069971,NA
"PHJJKLOP_00708",0,NA,NA,NA,NA,NA
"PHJJKLOP_00709",0,NA,NA,NA,NA,NA
"PHJJKLOP_00710",0,NA,NA,NA,NA,NA
"PHJJKLOP_00711",0,NA,NA,NA,NA,NA
"PHJJKLOP_00712",0,NA,NA,NA,NA,NA
"PHJJKLOP_00713",0,NA,NA,NA,NA,NA
"PHJJKLOP_00714",0,NA,NA,NA,NA,NA
"PHJJKLOP_00715",0,NA,NA,NA,NA,NA
"PHJJKLOP_00716",0,NA,NA,NA,NA,NA
"PHJJKLOP_00717",0,NA,NA,NA,NA,NA
"PHJJKLOP_00718",0,NA,NA,NA,NA,NA
"PHJJKLOP_00719",0,NA,NA,NA,NA,NA
"PHJJKLOP_00720",0,NA,NA,NA,NA,NA
"PHJJKLOP_00721",0.150157538229203,-1.51526355539842,4.035533597025,-0.375480347014202,0.707303259872995,NA
"PHJJKLOP_00722",0,NA,NA,NA,NA,NA
"PHJJKLOP_00723",0,NA,NA,NA,NA,NA
"PHJJKLOP_00724",0,NA,NA,NA,NA,NA
"PHJJKLOP_00725",0,NA,NA,NA,NA,NA
"PHJJKLOP_00726",0,NA,NA,NA,NA,NA
"PHJJKLOP_00727",0.0750787691146016,-0.756583610767306,4.07949570396922,-0.185460082733063,0.852868186467075,NA
"PHJJKLOP_00728",0,NA,NA,NA,NA,NA
"PHJJKLOP_00729",0.865113185099166,4.04343849820709,3.94069958894664,1.026071236069,0.304858007331849,NA
"PHJJKLOP_00730",0,NA,NA,NA,NA,NA
"PHJJKLOP_00731",0,NA,NA,NA,NA,NA
"PHJJKLOP_00732",0,NA,NA,NA,NA,NA
"PHJJKLOP_00734",0,NA,NA,NA,NA,NA
"PHJJKLOP_00735",0,NA,NA,NA,NA,NA
"PHJJKLOP_00736",0,NA,NA,NA,NA,NA
"PHJJKLOP_00737",0,NA,NA,NA,NA,NA
"PHJJKLOP_00738",0,NA,NA,NA,NA,NA
"PHJJKLOP_00739",0,NA,NA,NA,NA,NA
"PHJJKLOP_00740",0,NA,NA,NA,NA,NA
"PHJJKLOP_00742",0,NA,NA,NA,NA,NA
"PHJJKLOP_00743",0,NA,NA,NA,NA,NA
"PHJJKLOP_00744",0,NA,NA,NA,NA,NA
"PHJJKLOP_00745",0,NA,NA,NA,NA,NA
"PHJJKLOP_00746",2.70347870343489,5.68647639658266,3.91769247965278,1.45148615571956,0.146644534517519,NA
"PHJJKLOP_00747",0,NA,NA,NA,NA,NA
"PHJJKLOP_00748",0,NA,NA,NA,NA,NA
"PHJJKLOP_00749",1.54038574723863,3.11984433367167,3.88664714535902,0.802708405726262,0.422143293351297,NA
"PHJJKLOP_00750",0,NA,NA,NA,NA,NA
"PHJJKLOP_00752",35.4796032473335,-5.78373190057492,2.82889153493742,-2.04452232584551,NA,NA
"PHJJKLOP_00754",0,NA,NA,NA,NA,NA
"PHJJKLOP_00755",0.217521493168679,0,4.08052381408439,0,1,NA
"PHJJKLOP_00757",0,NA,NA,NA,NA,NA
"PHJJKLOP_00759",16.637894986368,-20.2276365002215,3.8770114946163,-5.21732693553011,NA,NA
"PHJJKLOP_00761",0,NA,NA,NA,NA,NA
"PHJJKLOP_00762",0,NA,NA,NA,NA,NA
"PHJJKLOP_00764",0,NA,NA,NA,NA,NA
"PHJJKLOP_00765",0,NA,NA,NA,NA,NA
"PHJJKLOP_00766",0,NA,NA,NA,NA,NA
"PHJJKLOP_00767",0,NA,NA,NA,NA,NA
"PHJJKLOP_00770",0,NA,NA,NA,NA,NA
"PHJJKLOP_00773",0,NA,NA,NA,NA,NA
"PHJJKLOP_00774",0,NA,NA,NA,NA,NA
"PHJJKLOP_00775",0,NA,NA,NA,NA,NA
"PHJJKLOP_00776",0,NA,NA,NA,NA,NA
"PHJJKLOP_00777",0.646918357232266,1.25739728275382,4.02521177173914,0.312380404822911,0.754751440493922,NA
"PHJJKLOP_00778",0,NA,NA,NA,NA,NA
"PHJJKLOP_00779",0.201865232178731,-1.85024842336227,4.02017616912424,-0.46024063263012,0.645343508632052,NA
"PHJJKLOP_00780",0,NA,NA,NA,NA,NA
"PHJJKLOP_00782",0.176049157310583,-0.745140963477675,4.07993999709096,-0.182635275030753,0.855084204362463,NA
"PHJJKLOP_00784",6.21632958883998,0,4.08052381408439,0,NA,NA
"PHJJKLOP_00785",0,NA,NA,NA,NA,NA
"PHJJKLOP_00786",0,NA,NA,NA,NA,NA
"PHJJKLOP_00787",24.7249030369144,25.5016080642829,3.90799905797885,6.52548981868792,NA,NA
"PHJJKLOP_00789",0,NA,NA,NA,NA,NA
"PHJJKLOP_00790",0,NA,NA,NA,NA,NA
"PHJJKLOP_00792",0,NA,NA,NA,NA,NA
"PHJJKLOP_00793",0,NA,NA,NA,NA,NA
"PHJJKLOP_00794",0,NA,NA,NA,NA,NA
"PHJJKLOP_00795",0,NA,NA,NA,NA,NA
"PHJJKLOP_00796",7.21917696494587,7.10370553106179,3.91088637990125,1.81639271536218,NA,NA
"PHJJKLOP_00797",0.108139148137396,1.17432335466883,4.08052381408439,0.287787403817011,0.773509479957705,NA
"PHJJKLOP_00798",7.39573076773508,0,4.08052381408439,0,NA,NA
"PHJJKLOP_00799",0,NA,NA,NA,NA,NA
"PHJJKLOP_00801",0,NA,NA,NA,NA,NA
"PHJJKLOP_00803",0,NA,NA,NA,NA,NA
"PHJJKLOP_00804",0,NA,NA,NA,NA,NA
"PHJJKLOP_00805",0,NA,NA,NA,NA,NA
"PHJJKLOP_00806",0,NA,NA,NA,NA,NA
"PHJJKLOP_00808",0,NA,NA,NA,NA,NA
"PHJJKLOP_00809",0,NA,NA,NA,NA,NA
"PHJJKLOP_00811",0,NA,NA,NA,NA,NA
"PHJJKLOP_00812",0,NA,NA,NA,NA,NA
"PHJJKLOP_00813",0,NA,NA,NA,NA,NA
"PHJJKLOP_00815",0,NA,NA,NA,NA,NA
"PHJJKLOP_00816",0.170547671200666,-0.756583610767307,4.07949570396922,-0.185460082733063,0.852868186467074,NA
"PHJJKLOP_00817",0,NA,NA,NA,NA,NA
"PHJJKLOP_00820",1.71483917442631,1.29202239941532,3.80815121355073,0.339278123940524,0.734400220924681,NA
"PHJJKLOP_00821",0,NA,NA,NA,NA,NA
"PHJJKLOP_00822",0,NA,NA,NA,NA,NA
"PHJJKLOP_00823",0,NA,NA,NA,NA,NA
"PHJJKLOP_00824",0,NA,NA,NA,NA,NA
"PHJJKLOP_00825",0,NA,NA,NA,NA,NA
"PHJJKLOP_00826",0,NA,NA,NA,NA,NA
"PHJJKLOP_00828",0,NA,NA,NA,NA,NA
"PHJJKLOP_00830",0,NA,NA,NA,NA,NA
"PHJJKLOP_00831",0,NA,NA,NA,NA,NA
"PHJJKLOP_00832",15.8962727319384,-1.57120375279197,3.27814808153739,-0.479296149445179,NA,NA
"PHJJKLOP_00833",0,NA,NA,NA,NA,NA
"PHJJKLOP_00834",0,NA,NA,NA,NA,NA
"PHJJKLOP_00835",0,NA,NA,NA,NA,NA
"PHJJKLOP_00836",0.123624515184572,1.17432335466883,4.08052381408439,0.287787403817011,0.773509479957705,NA
"PHJJKLOP_00837",0.234578475050565,0,4.08052381408439,0,1,NA
"PHJJKLOP_00838",0,NA,NA,NA,NA,NA
"PHJJKLOP_00840",0,NA,NA,NA,NA,NA
"PHJJKLOP_00841",0,NA,NA,NA,NA,NA
"PHJJKLOP_00842",0,NA,NA,NA,NA,NA
"PHJJKLOP_00843",0,NA,NA,NA,NA,NA
"PHJJKLOP_00844",0,NA,NA,NA,NA,NA
"PHJJKLOP_00845",6.35715867061035,0,4.08052381408439,0,NA,NA
"PHJJKLOP_00847",0,NA,NA,NA,NA,NA
"PHJJKLOP_00850",0,NA,NA,NA,NA,NA
"PHJJKLOP_00852",0,NA,NA,NA,NA,NA
"PHJJKLOP_00853",0,NA,NA,NA,NA,NA
"PHJJKLOP_00854",0,NA,NA,NA,NA,NA
"PHJJKLOP_00855",0,NA,NA,NA,NA,NA
"PHJJKLOP_00857",0,NA,NA,NA,NA,NA
"PHJJKLOP_00858",0,NA,NA,NA,NA,NA
"PHJJKLOP_00861",0,NA,NA,NA,NA,NA
"PHJJKLOP_00862",2.42238278614477,-5.32162163241368,3.91817932627314,-1.35818735929972,0.174404240578909,NA
"PHJJKLOP_00864",0,NA,NA,NA,NA,NA
"PHJJKLOP_00866",0,NA,NA,NA,NA,NA
"PHJJKLOP_00867",0,NA,NA,NA,NA,NA
"PHJJKLOP_00868",1.97799224295316,5.23250761721079,3.92170996431562,1.33424135512885,0.182124770277432,NA
"PHJJKLOP_00870",0,NA,NA,NA,NA,NA
"PHJJKLOP_00871",0,NA,NA,NA,NA,NA
"PHJJKLOP_00872",0,NA,NA,NA,NA,NA
"PHJJKLOP_00873",0,NA,NA,NA,NA,NA
"PHJJKLOP_00874",0,NA,NA,NA,NA,NA
"PHJJKLOP_00876",0,NA,NA,NA,NA,NA
"PHJJKLOP_00877",0,NA,NA,NA,NA,NA
"PHJJKLOP_00878",0,NA,NA,NA,NA,NA
"PHJJKLOP_00879",0,NA,NA,NA,NA,NA
"PHJJKLOP_00882",0,NA,NA,NA,NA,NA
"PHJJKLOP_00884",0.825866460260617,-3.77703096015705,3.93973684278569,-0.958701332317009,0.33770922709731,NA
"PHJJKLOP_00886",0,NA,NA,NA,NA,NA
"PHJJKLOP_00887",0,NA,NA,NA,NA,NA
"PHJJKLOP_00888",0,NA,NA,NA,NA,NA
"PHJJKLOP_00889",0,NA,NA,NA,NA,NA
"PHJJKLOP_00890",0,NA,NA,NA,NA,NA
"PHJJKLOP_00891",0,NA,NA,NA,NA,NA
"PHJJKLOP_00892",0,NA,NA,NA,NA,NA
"PHJJKLOP_00893",0,NA,NA,NA,NA,NA
"PHJJKLOP_00894",0,NA,NA,NA,NA,NA
"PHJJKLOP_00895",0,NA,NA,NA,NA,NA
"PHJJKLOP_00896",0,NA,NA,NA,NA,NA
"PHJJKLOP_00898",0,NA,NA,NA,NA,NA
"PHJJKLOP_00899",0,NA,NA,NA,NA,NA
"PHJJKLOP_00900",0,NA,NA,NA,NA,NA
"PHJJKLOP_00901",0,NA,NA,NA,NA,NA
"PHJJKLOP_00903",0,NA,NA,NA,NA,NA
"PHJJKLOP_00904",0,NA,NA,NA,NA,NA
"PHJJKLOP_00905",0,NA,NA,NA,NA,NA
"PHJJKLOP_00906",0,NA,NA,NA,NA,NA
"PHJJKLOP_00907",0,NA,NA,NA,NA,NA
"PHJJKLOP_00908",2.16278296274791,5.36464839507228,3.92040797819696,1.36839033715556,0.171189927242012,NA
"PHJJKLOP_00909",0,NA,NA,NA,NA,NA
"PHJJKLOP_00911",0,NA,NA,NA,NA,NA
"PHJJKLOP_00912",0,NA,NA,NA,NA,NA
"PHJJKLOP_00914",0,NA,NA,NA,NA,NA
"PHJJKLOP_00915",13.6595813244581,8.02347869293896,3.61008811169748,2.22251602860914,NA,NA
"PHJJKLOP_00916",0,NA,NA,NA,NA,NA
"PHJJKLOP_00917",5.56797190163736,4.24680545762694,3.71503907639675,1.14313883926787,NA,NA
"PHJJKLOP_00918",0,NA,NA,NA,NA,NA
"PHJJKLOP_00919",0,NA,NA,NA,NA,NA
"PHJJKLOP_00920",1.95136391106107,-5.01119667490617,3.92089620351819,-1.27807430107679,0.201223229275412,NA
"PHJJKLOP_00921",7.49765393140304,4.50257269013539,3.87168145970831,1.16295019024489,NA,NA
"PHJJKLOP_00922",0,NA,NA,NA,NA,NA
"PHJJKLOP_00923",0,NA,NA,NA,NA,NA
"PHJJKLOP_00924",0,NA,NA,NA,NA,NA
"PHJJKLOP_00927",1.61492185742985,-4.7397918749971,3.92379531733427,-1.20796104069394,0.227062248368115,NA
"PHJJKLOP_00930",0,NA,NA,NA,NA,NA
"PHJJKLOP_00931",0,NA,NA,NA,NA,NA
"PHJJKLOP_00933",0,NA,NA,NA,NA,NA
"PHJJKLOP_00934",0.0672884107262436,-0.74514268340539,4.07994024212431,-0.182635685619115,0.855083882178741,NA
"PHJJKLOP_00935",6.31677984432764,6.91114994770807,3.91146854908438,1.76689390723233,NA,NA
"PHJJKLOP_00936",0,NA,NA,NA,NA,NA
"PHJJKLOP_00939",0,NA,NA,NA,NA,NA
"PHJJKLOP_00941",0,NA,NA,NA,NA,NA
"PHJJKLOP_00942",0,NA,NA,NA,NA,NA
"PHJJKLOP_00943",0,NA,NA,NA,NA,NA
"PHJJKLOP_00945",0.0672884107262436,-0.74514268340539,4.07994024212431,-0.182635685619115,0.855083882178741,NA
"PHJJKLOP_00946",0,NA,NA,NA,NA,NA
"PHJJKLOP_00947",0,NA,NA,NA,NA,NA
"PHJJKLOP_00948",0,NA,NA,NA,NA,NA
"PHJJKLOP_00949",0,NA,NA,NA,NA,NA
"PHJJKLOP_00951",5.79026053303008,5.7979627385512,3.74594992778333,1.54779504540312,NA,NA
"PHJJKLOP_00952",0,NA,NA,NA,NA,NA
"PHJJKLOP_00954",0,NA,NA,NA,NA,NA
"PHJJKLOP_00955",0,NA,NA,NA,NA,NA
"PHJJKLOP_00959",15.9862747364727,18.3872870690332,3.82624927004807,4.80556434547251,NA,NA
"PHJJKLOP_00960",13.4685078364415,6.326762111231,3.59170298075417,1.76149368283859,NA,NA
"PHJJKLOP_00961",0,NA,NA,NA,NA,NA
"PHJJKLOP_00962",0,NA,NA,NA,NA,NA
"PHJJKLOP_00963",0,NA,NA,NA,NA,NA
"PHJJKLOP_00964",0,NA,NA,NA,NA,NA
"PHJJKLOP_00967",0,NA,NA,NA,NA,NA
"PHJJKLOP_00968",0,NA,NA,NA,NA,NA
"PHJJKLOP_00969",0,NA,NA,NA,NA,NA
"PHJJKLOP_00971",0,NA,NA,NA,NA,NA
"PHJJKLOP_00972",0.283566707001035,1.08877022363666,4.03971305875392,0.269516722549721,0.787532075427829,NA
"PHJJKLOP_00974",0,NA,NA,NA,NA,NA
"PHJJKLOP_00978",0,NA,NA,NA,NA,NA
"PHJJKLOP_00979",0,NA,NA,NA,NA,NA
"PHJJKLOP_00981",0,NA,NA,NA,NA,NA
"PHJJKLOP_00982",0,NA,NA,NA,NA,NA
"PHJJKLOP_00983",0,NA,NA,NA,NA,NA
"PHJJKLOP_00984",0,NA,NA,NA,NA,NA
"PHJJKLOP_00986",21.6959399866896,0.430441651263867,2.52817742737091,0.170257691016366,NA,NA
"PHJJKLOP_00988",0,NA,NA,NA,NA,NA
"PHJJKLOP_00992",39.4293795819823,-0.107904763633412,2.30279277288235,-0.0468582170762811,NA,NA
"PHJJKLOP_00993",0,NA,NA,NA,NA,NA
"PHJJKLOP_00994",0,NA,NA,NA,NA,NA
"PHJJKLOP_00995",0,NA,NA,NA,NA,NA
"PHJJKLOP_00996",0,NA,NA,NA,NA,NA
"PHJJKLOP_00997",0,NA,NA,NA,NA,NA
"PHJJKLOP_00998",0,NA,NA,NA,NA,NA
"PHJJKLOP_00999",0,NA,NA,NA,NA,NA
"PHJJKLOP_01001",0,NA,NA,NA,NA,NA
"PHJJKLOP_01002",0,NA,NA,NA,NA,NA
"PHJJKLOP_01003",0,NA,NA,NA,NA,NA
"PHJJKLOP_01004",14.9331739900641,6.94926369660548,3.89036129638955,1.78627720336791,NA,NA
"PHJJKLOP_01005",0,NA,NA,NA,NA,NA
"PHJJKLOP_01010",2.48967119687101,-5.36097840845429,3.91787445479001,-1.36833848820754,0.171206148663943,NA
"PHJJKLOP_01011",0.0672884107262436,-0.74514268340539,4.07994024212431,-0.182635685619115,0.855083882178741,NA
"PHJJKLOP_01012",0,NA,NA,NA,NA,NA
"PHJJKLOP_01013",20.2288051970113,-20.5778735152633,3.88926701314113,-5.29093874134493,NA,NA
"PHJJKLOP_01014",0,NA,NA,NA,NA,NA
"PHJJKLOP_01015",0.134576821452487,-1.41104474913748,4.04101678141596,-0.349180620982982,0.726953713896934,NA
"PHJJKLOP_01016",0,NA,NA,NA,NA,NA
"PHJJKLOP_01018",0,NA,NA,NA,NA,NA
"PHJJKLOP_01019",0,NA,NA,NA,NA,NA
"PHJJKLOP_01020",0,NA,NA,NA,NA,NA
"PHJJKLOP_01023",0.170547671200666,-0.756583610767307,4.07949570396922,-0.185460082733063,0.852868186467074,NA
"PHJJKLOP_01024",0,NA,NA,NA,NA,NA
"PHJJKLOP_01025",8.61885020050723,-5.3085027754298,3.88520405950894,-1.36633821393174,NA,NA
"PHJJKLOP_01026",0,NA,NA,NA,NA,NA
"PHJJKLOP_01028",0,NA,NA,NA,NA,NA
"PHJJKLOP_01029",5.62578882768937,-5.54413577475483,3.75288595052411,-1.47729929655351,NA,NA
"PHJJKLOP_01030",5.54679807580131,0,4.08052381408439,0,NA,NA
"PHJJKLOP_01032",0,NA,NA,NA,NA,NA
"PHJJKLOP_01033",0,NA,NA,NA,NA,NA
"PHJJKLOP_01035",0,NA,NA,NA,NA,NA
"PHJJKLOP_01037",0,NA,NA,NA,NA,NA
"PHJJKLOP_01038",0,NA,NA,NA,NA,NA
"PHJJKLOP_01039",0,NA,NA,NA,NA,NA
"PHJJKLOP_01041",0,NA,NA,NA,NA,NA
"PHJJKLOP_01042",0,NA,NA,NA,NA,NA
"PHJJKLOP_01043",0,NA,NA,NA,NA,NA
"PHJJKLOP_01044",0,NA,NA,NA,NA,NA
"PHJJKLOP_01045",0,NA,NA,NA,NA,NA
"PHJJKLOP_01048",13.5129496737299,20.244546976225,3.53017933200833,5.73470780723986,NA,NA
"PHJJKLOP_01051",0,NA,NA,NA,NA,NA
"PHJJKLOP_01052",0,NA,NA,NA,NA,NA
"PHJJKLOP_01053",4.244642506089,-5.79376196145988,3.91501407125976,-1.47988279377897,NA,NA
"PHJJKLOP_01054",0,NA,NA,NA,NA,NA
"PHJJKLOP_01055",13.0048014752233,3.57798046418535,3.59144797659203,0.996250116249921,NA,NA
"PHJJKLOP_01058",0,NA,NA,NA,NA,NA
"PHJJKLOP_01060",0,NA,NA,NA,NA,NA
"PHJJKLOP_01061",0.200532693470719,1.95216416393155,4.04915119729243,0.482116885444266,0.629722915370352,NA
"PHJJKLOP_01063",0,NA,NA,NA,NA,NA
"PHJJKLOP_01064",0,NA,NA,NA,NA,NA
"PHJJKLOP_01065",15.0265862803103,19.8792910232909,3.85935277849428,5.15093907301388,NA,NA
"PHJJKLOP_01066",0,NA,NA,NA,NA,NA
"PHJJKLOP_01067",0,NA,NA,NA,NA,NA
"PHJJKLOP_01068",0,NA,NA,NA,NA,NA
"PHJJKLOP_01069",1.73022637019833,5.04284356847404,3.92379902925834,1.28519415262387,0.198724446473773,NA
"PHJJKLOP_01071",0,NA,NA,NA,NA,NA
"PHJJKLOP_01072",10.0336683180441,-2.72232273761284,3.4098363488466,-0.798373428840269,NA,NA
"PHJJKLOP_01074",0,NA,NA,NA,NA,NA
"PHJJKLOP_01076",0,NA,NA,NA,NA,NA
"PHJJKLOP_01077",0,NA,NA,NA,NA,NA
"PHJJKLOP_01079",0,NA,NA,NA,NA,NA
"PHJJKLOP_01080",29.2331566811396,6.81673542553132,3.55813995375747,1.91581430582367,NA,NA
"PHJJKLOP_01082",16.6399000772687,-2.26804311037392,3.36040587856277,-0.674931300662987,NA,NA
"PHJJKLOP_01083",0,NA,NA,NA,NA,NA
"PHJJKLOP_01084",0,NA,NA,NA,NA,NA
"PHJJKLOP_01086",0,NA,NA,NA,NA,NA
"PHJJKLOP_01088",0,NA,NA,NA,NA,NA
"PHJJKLOP_01089",0,NA,NA,NA,NA,NA
"PHJJKLOP_01090",0,NA,NA,NA,NA,NA
"PHJJKLOP_01091",0,NA,NA,NA,NA,NA
"PHJJKLOP_01092",0,NA,NA,NA,NA,NA
"PHJJKLOP_01093",0,NA,NA,NA,NA,NA
"PHJJKLOP_01094",0,NA,NA,NA,NA,NA
"PHJJKLOP_01096",0,NA,NA,NA,NA,NA
"PHJJKLOP_01097",0,NA,NA,NA,NA,NA
"PHJJKLOP_01098",0.300799040206078,2.5314856505154,4.00266539111272,0.632449980989207,0.527092883106287,NA
"PHJJKLOP_01099",0,NA,NA,NA,NA,NA
"PHJJKLOP_01100",0,NA,NA,NA,NA,NA
"PHJJKLOP_01101",5.1384166788157,-5.41026172832969,3.77338241201187,-1.43379629668785,NA,NA
"PHJJKLOP_01104",0,NA,NA,NA,NA,NA
"PHJJKLOP_01106",7.97379715371504,3.74695586246785,3.85231938653963,0.972649327976301,NA,NA
"PHJJKLOP_01107",0,NA,NA,NA,NA,NA
"PHJJKLOP_01108",0,NA,NA,NA,NA,NA
"PHJJKLOP_01110",0.234578475050565,0,4.08052381408439,0,1,NA
"PHJJKLOP_01112",0,NA,NA,NA,NA,NA
"PHJJKLOP_01113",0,NA,NA,NA,NA,NA
"PHJJKLOP_01114",0,NA,NA,NA,NA,NA
"PHJJKLOP_01115",0.638498181773292,3.36603867849341,3.9608622714783,0.849824721937912,0.395422542808816,NA
"PHJJKLOP_01118",0,NA,NA,NA,NA,NA
"PHJJKLOP_01119",14.2540779353256,-1.78472667143047,3.61396237555736,-0.493842073039077,NA,NA
"PHJJKLOP_01120",0,NA,NA,NA,NA,NA
"PHJJKLOP_01121",0,NA,NA,NA,NA,NA
"PHJJKLOP_01122",0,NA,NA,NA,NA,NA
"PHJJKLOP_01124",0,NA,NA,NA,NA,NA
"PHJJKLOP_01125",0,NA,NA,NA,NA,NA
"PHJJKLOP_01126",0,NA,NA,NA,NA,NA
"PHJJKLOP_01127",0,NA,NA,NA,NA,NA
"PHJJKLOP_01128",0,NA,NA,NA,NA,NA
"PHJJKLOP_01129",0,NA,NA,NA,NA,NA
"PHJJKLOP_01130",0,NA,NA,NA,NA,NA
"PHJJKLOP_01133",0,NA,NA,NA,NA,NA
"PHJJKLOP_01134",10.7284991006834,24.1180401519828,3.90955330682643,6.16900148410064,NA,NA
"PHJJKLOP_01135",7.62859040473242,0,4.08052381408439,0,NA,NA
"PHJJKLOP_01138",0,NA,NA,NA,NA,NA
"PHJJKLOP_01139",0,NA,NA,NA,NA,NA
"PHJJKLOP_01140",2.82777941119283,0,4.08052381408439,0,1,NA
"PHJJKLOP_01141",0,NA,NA,NA,NA,NA
"PHJJKLOP_01142",0,NA,NA,NA,NA,NA
"PHJJKLOP_01143",0,NA,NA,NA,NA,NA
"PHJJKLOP_01144",0,NA,NA,NA,NA,NA
"PHJJKLOP_01145",0,NA,NA,NA,NA,NA
"PHJJKLOP_01146",0,NA,NA,NA,NA,NA
"PHJJKLOP_01147",0,NA,NA,NA,NA,NA
"PHJJKLOP_01148",0,NA,NA,NA,NA,NA
"PHJJKLOP_01149",0,NA,NA,NA,NA,NA
"PHJJKLOP_01150",0,NA,NA,NA,NA,NA
"PHJJKLOP_01151",0.283566707001035,1.08877022363666,4.03971305875392,0.269516722549721,0.787532075427829,NA
"PHJJKLOP_01152",0,NA,NA,NA,NA,NA
"PHJJKLOP_01153",0,NA,NA,NA,NA,NA
"PHJJKLOP_01155",0,NA,NA,NA,NA,NA
"PHJJKLOP_01156",0,NA,NA,NA,NA,NA
"PHJJKLOP_01160",0,NA,NA,NA,NA,NA
"PHJJKLOP_01161",0,NA,NA,NA,NA,NA
"PHJJKLOP_01165",0,NA,NA,NA,NA,NA
"PHJJKLOP_01166",0,NA,NA,NA,NA,NA
"PHJJKLOP_01167",0,NA,NA,NA,NA,NA
"PHJJKLOP_01168",9.76150159796219,-2.59406613881589,3.29292307231399,-0.787770039520845,NA,NA
"PHJJKLOP_01169",0,NA,NA,NA,NA,NA
"PHJJKLOP_01172",0,NA,NA,NA,NA,NA
"PHJJKLOP_01174",0,NA,NA,NA,NA,NA
"PHJJKLOP_01175",14.97417351561,6.84974111231229,3.88721542368924,1.76212027524099,NA,NA
"PHJJKLOP_01176",0,NA,NA,NA,NA,NA
"PHJJKLOP_01178",0,NA,NA,NA,NA,NA
"PHJJKLOP_01180",0,NA,NA,NA,NA,NA
"PHJJKLOP_01181",0,NA,NA,NA,NA,NA
"PHJJKLOP_01182",0,NA,NA,NA,NA,NA
"PHJJKLOP_01183",0,NA,NA,NA,NA,NA
"PHJJKLOP_01186",0,NA,NA,NA,NA,NA
"PHJJKLOP_01187",0,NA,NA,NA,NA,NA
"PHJJKLOP_01191",0,NA,NA,NA,NA,NA
"PHJJKLOP_01192",23.5976598774093,2.60777265309431,3.29706183497989,0.790938351664312,NA,NA
"PHJJKLOP_01193",0,NA,NA,NA,NA,NA
"PHJJKLOP_01196",0.100266346735359,1.17432335466883,4.08052381408439,0.287787403817011,0.773509479957705,NA
"PHJJKLOP_01197",0,NA,NA,NA,NA,NA
"PHJJKLOP_01198",11.6308962213017,25.4294368375277,3.90933967336553,6.50479082459358,NA,NA
"PHJJKLOP_01201",0,NA,NA,NA,NA,NA
"PHJJKLOP_01203",0.0978024410863131,0,4.08052381408439,0,1,NA
"PHJJKLOP_01204",0,NA,NA,NA,NA,NA
"PHJJKLOP_01206",0,NA,NA,NA,NA,NA
"PHJJKLOP_01209",0,NA,NA,NA,NA,NA
"PHJJKLOP_01210",3.63357417921716,-5.90445575498303,3.91440967708415,-1.50838983194556,NA,NA
"PHJJKLOP_01211",3.56628576849091,-5.87756852497516,3.9145523137077,-1.50146633738768,NA,NA
"PHJJKLOP_01212",0,NA,NA,NA,NA,NA
"PHJJKLOP_01213",0,NA,NA,NA,NA,NA
"PHJJKLOP_01215",0,NA,NA,NA,NA,NA
"PHJJKLOP_01217",0,NA,NA,NA,NA,NA
"PHJJKLOP_01218",0,NA,NA,NA,NA,NA
"PHJJKLOP_01219",3.56628576849091,-5.87756852497516,3.9145523137077,-1.50146633738768,NA,NA
"PHJJKLOP_01222",0,NA,NA,NA,NA,NA
"PHJJKLOP_01223",0,NA,NA,NA,NA,NA
"PHJJKLOP_01224",0,NA,NA,NA,NA,NA
"PHJJKLOP_01225",0,NA,NA,NA,NA,NA
"PHJJKLOP_01226",0,NA,NA,NA,NA,NA
"PHJJKLOP_01227",0,NA,NA,NA,NA,NA
"PHJJKLOP_01229",0,NA,NA,NA,NA,NA
"PHJJKLOP_01230",0,NA,NA,NA,NA,NA
"PHJJKLOP_01233",0,NA,NA,NA,NA,NA
"PHJJKLOP_01234",0,NA,NA,NA,NA,NA
"PHJJKLOP_01237",0,NA,NA,NA,NA,NA
"PHJJKLOP_01238",115.340963372034,0.760154748564339,1.93904460886192,0.392025405238352,NA,NA
"PHJJKLOP_01239",0,NA,NA,NA,NA,NA
"PHJJKLOP_01240",0,NA,NA,NA,NA,NA
"PHJJKLOP_01242",0,NA,NA,NA,NA,NA
"PHJJKLOP_01243",0,NA,NA,NA,NA,NA
"PHJJKLOP_01244",0,NA,NA,NA,NA,NA
"PHJJKLOP_01245",0,NA,NA,NA,NA,NA
"PHJJKLOP_01246",0,NA,NA,NA,NA,NA
"PHJJKLOP_01247",0,NA,NA,NA,NA,NA
"PHJJKLOP_01249",0,NA,NA,NA,NA,NA
"PHJJKLOP_01250",0,NA,NA,NA,NA,NA
"PHJJKLOP_01251",0,NA,NA,NA,NA,NA
"PHJJKLOP_01252",0,NA,NA,NA,NA,NA
"PHJJKLOP_01254",0,NA,NA,NA,NA,NA
"PHJJKLOP_01255",0,NA,NA,NA,NA,NA
"PHJJKLOP_01257",0,NA,NA,NA,NA,NA
"PHJJKLOP_01258",6.08227220783098,-2.17381268367848,3.70869574752053,-0.586139395535962,NA,NA
"PHJJKLOP_01259",12.8436740772532,-2.81068559993551,3.57969432056588,-0.78517475187412,NA,NA
"PHJJKLOP_01260",0,NA,NA,NA,NA,NA
"PHJJKLOP_01262",0,NA,NA,NA,NA,NA
"PHJJKLOP_01263",0,NA,NA,NA,NA,NA
"PHJJKLOP_01264",0,NA,NA,NA,NA,NA
"PHJJKLOP_01267",0,NA,NA,NA,NA,NA
"PHJJKLOP_01268",0,NA,NA,NA,NA,NA
"PHJJKLOP_01269",1.71902133124748,-4.82750800394312,3.9227987254099,-1.23062852362854,0.21846183205258,NA
"PHJJKLOP_01270",0,NA,NA,NA,NA,NA
"PHJJKLOP_01272",0,NA,NA,NA,NA,NA
"PHJJKLOP_01273",0,NA,NA,NA,NA,NA
"PHJJKLOP_01275",0,NA,NA,NA,NA,NA
"PHJJKLOP_01276",0,NA,NA,NA,NA,NA
"PHJJKLOP_01278",0.117289237525283,0,4.08052381408439,0,1,NA
"PHJJKLOP_01279",0,NA,NA,NA,NA,NA
"PHJJKLOP_01280",0,NA,NA,NA,NA,NA
"PHJJKLOP_01283",0,NA,NA,NA,NA,NA
"PHJJKLOP_01285",0,NA,NA,NA,NA,NA
"PHJJKLOP_01287",0,NA,NA,NA,NA,NA
"PHJJKLOP_01288",0,NA,NA,NA,NA,NA
"PHJJKLOP_01289",0,NA,NA,NA,NA,NA
"PHJJKLOP_01290",0,NA,NA,NA,NA,NA
"PHJJKLOP_01291",0,NA,NA,NA,NA,NA
"PHJJKLOP_01292",0,NA,NA,NA,NA,NA
"PHJJKLOP_01294",0,NA,NA,NA,NA,NA
"PHJJKLOP_01295",0,NA,NA,NA,NA,NA
"PHJJKLOP_01296",0,NA,NA,NA,NA,NA
"PHJJKLOP_01297",0,NA,NA,NA,NA,NA
"PHJJKLOP_01300",0.201865232178731,-1.85024842336227,4.02017616912424,-0.46024063263012,0.645343508632052,NA
"PHJJKLOP_01301",7.58625903406468,7.01560370993115,3.50078950641813,2.00400615263191,NA,NA
"PHJJKLOP_01302",14.7798764183803,-1.20592228554848,3.62758239621542,-0.33243139750777,NA,NA
"PHJJKLOP_01303",0,NA,NA,NA,NA,NA
"PHJJKLOP_01304",0,NA,NA,NA,NA,NA
"PHJJKLOP_01305",0,NA,NA,NA,NA,NA
"PHJJKLOP_01306",0,NA,NA,NA,NA,NA
"PHJJKLOP_01307",0,NA,NA,NA,NA,NA
"PHJJKLOP_01311",8.0062567076355,-1.53607630348069,3.38999837319811,-0.453120070978548,NA,NA
"PHJJKLOP_01312",0,NA,NA,NA,NA,NA
"PHJJKLOP_01315",0,NA,NA,NA,NA,NA
"PHJJKLOP_01316",0,NA,NA,NA,NA,NA
"PHJJKLOP_01318",0,NA,NA,NA,NA,NA
"PHJJKLOP_01319",0,NA,NA,NA,NA,NA
"PHJJKLOP_01321",0,NA,NA,NA,NA,NA
"PHJJKLOP_01323",0,NA,NA,NA,NA,NA
"PHJJKLOP_01325",0,NA,NA,NA,NA,NA
"PHJJKLOP_01326",1.58352000761397,-0.7451555229228,4.01506923895189,-0.185589706820926,0.852766526098947,NA
"PHJJKLOP_01327",0,NA,NA,NA,NA,NA
"PHJJKLOP_01328",0,NA,NA,NA,NA,NA
"PHJJKLOP_01329",0,NA,NA,NA,NA,NA
"PHJJKLOP_01330",0,NA,NA,NA,NA,NA
"PHJJKLOP_01331",0,NA,NA,NA,NA,NA
"PHJJKLOP_01332",0,NA,NA,NA,NA,NA
"PHJJKLOP_01334",0,NA,NA,NA,NA,NA
"PHJJKLOP_01335",0,NA,NA,NA,NA,NA
"PHJJKLOP_01337",0,NA,NA,NA,NA,NA
"PHJJKLOP_01338",0,NA,NA,NA,NA,NA
"PHJJKLOP_01339",0,NA,NA,NA,NA,NA
"PHJJKLOP_01340",0,NA,NA,NA,NA,NA
"PHJJKLOP_01341",0.511643013601997,-3.01723227874479,3.96214743183073,-0.761514388511956,0.446349888069002,NA
"PHJJKLOP_01342",0,NA,NA,NA,NA,NA
"PHJJKLOP_01343",0,NA,NA,NA,NA,NA
"PHJJKLOP_01344",0.201865232178731,-1.85024842336227,4.02017616912424,-0.46024063263012,0.645343508632052,NA
"PHJJKLOP_01346",0,NA,NA,NA,NA,NA
"PHJJKLOP_01347",0,NA,NA,NA,NA,NA
"PHJJKLOP_01348",0,NA,NA,NA,NA,NA
"PHJJKLOP_01349",0.540695740686979,3.36603961257348,3.96086253457815,0.849824901315838,0.395422443065261,NA
"PHJJKLOP_01352",0,NA,NA,NA,NA,NA
"PHJJKLOP_01353",0,NA,NA,NA,NA,NA
"PHJJKLOP_01354",0,NA,NA,NA,NA,NA
"PHJJKLOP_01355",0,NA,NA,NA,NA,NA
"PHJJKLOP_01356",0,NA,NA,NA,NA,NA
"PHJJKLOP_01357",0,NA,NA,NA,NA,NA
"PHJJKLOP_01359",0,NA,NA,NA,NA,NA
"PHJJKLOP_01360",0.108760746584339,0,4.08052381408439,0,1,NA
"PHJJKLOP_01362",0,NA,NA,NA,NA,NA
"PHJJKLOP_01363",0,NA,NA,NA,NA,NA
"PHJJKLOP_01364",0,NA,NA,NA,NA,NA
"PHJJKLOP_01365",0,NA,NA,NA,NA,NA
"PHJJKLOP_01366",0,NA,NA,NA,NA,NA
"PHJJKLOP_01367",0,NA,NA,NA,NA,NA
"PHJJKLOP_01368",2.91975699970968,5.79747786107843,3.9168874311637,1.48012368569806,0.138840241610277,NA
"PHJJKLOP_01369",0,NA,NA,NA,NA,NA
"PHJJKLOP_01372",0,NA,NA,NA,NA,NA
"PHJJKLOP_01373",0,NA,NA,NA,NA,NA
"PHJJKLOP_01375",0,NA,NA,NA,NA,NA
"PHJJKLOP_01376",0,NA,NA,NA,NA,NA
"PHJJKLOP_01377",0,NA,NA,NA,NA,NA
"PHJJKLOP_01378",0,NA,NA,NA,NA,NA
"PHJJKLOP_01379",0,NA,NA,NA,NA,NA
"PHJJKLOP_01380",0,NA,NA,NA,NA,NA
"PHJJKLOP_01381",0,NA,NA,NA,NA,NA
"PHJJKLOP_01382",0,NA,NA,NA,NA,NA
"PHJJKLOP_01383",0,NA,NA,NA,NA,NA
"PHJJKLOP_01384",0,NA,NA,NA,NA,NA
"PHJJKLOP_01385",0,NA,NA,NA,NA,NA
"PHJJKLOP_01386",0,NA,NA,NA,NA,NA
"PHJJKLOP_01387",0,NA,NA,NA,NA,NA
"PHJJKLOP_01389",0,NA,NA,NA,NA,NA
"PHJJKLOP_01390",0,NA,NA,NA,NA,NA
"PHJJKLOP_01391",0,NA,NA,NA,NA,NA
"PHJJKLOP_01392",15.8439954559827,0,4.08052381408439,0,NA,NA
"PHJJKLOP_01393",0,NA,NA,NA,NA,NA
"PHJJKLOP_01394",0,NA,NA,NA,NA,NA
"PHJJKLOP_01395",0,NA,NA,NA,NA,NA
"PHJJKLOP_01396",0,NA,NA,NA,NA,NA
"PHJJKLOP_01397",0,NA,NA,NA,NA,NA
"PHJJKLOP_01398",0,NA,NA,NA,NA,NA
"PHJJKLOP_01399",0,NA,NA,NA,NA,NA
"PHJJKLOP_01400",0,NA,NA,NA,NA,NA
"PHJJKLOP_01401",0,NA,NA,NA,NA,NA
"PHJJKLOP_01402",0,NA,NA,NA,NA,NA
"PHJJKLOP_01403",0,NA,NA,NA,NA,NA
"PHJJKLOP_01407",0.403730464357462,-2.76526276816473,3.97248437460293,-0.696104127141123,0.486363622079885,NA
"PHJJKLOP_01409",0,NA,NA,NA,NA,NA
"PHJJKLOP_01410",0,NA,NA,NA,NA,NA
"PHJJKLOP_01411",0,NA,NA,NA,NA,NA
"PHJJKLOP_01412",0,NA,NA,NA,NA,NA
"PHJJKLOP_01413",0,NA,NA,NA,NA,NA
"PHJJKLOP_01414",0,NA,NA,NA,NA,NA
"PHJJKLOP_01415",0,NA,NA,NA,NA,NA
"PHJJKLOP_01417",0,NA,NA,NA,NA,NA
"PHJJKLOP_01419",6.45968742971939,-6.73264048030936,3.91109394861696,-1.72142131300378,NA,NA
"PHJJKLOP_01421",0,NA,NA,NA,NA,NA
"PHJJKLOP_01422",0,NA,NA,NA,NA,NA
"PHJJKLOP_01423",0,NA,NA,NA,NA,NA
"PHJJKLOP_01424",0,NA,NA,NA,NA,NA
"PHJJKLOP_01425",0,NA,NA,NA,NA,NA
"PHJJKLOP_01426",0,NA,NA,NA,NA,NA
"PHJJKLOP_01428",0,NA,NA,NA,NA,NA
"PHJJKLOP_01429",0,NA,NA,NA,NA,NA
"PHJJKLOP_01430",0,NA,NA,NA,NA,NA
"PHJJKLOP_01431",0,NA,NA,NA,NA,NA
"PHJJKLOP_01432",0,NA,NA,NA,NA,NA
"PHJJKLOP_01433",0,NA,NA,NA,NA,NA
"PHJJKLOP_01434",0,NA,NA,NA,NA,NA
"PHJJKLOP_01435",0,NA,NA,NA,NA,NA
"PHJJKLOP_01436",0,NA,NA,NA,NA,NA
"PHJJKLOP_01437",0,NA,NA,NA,NA,NA
"PHJJKLOP_01438",0,NA,NA,NA,NA,NA
"PHJJKLOP_01440",0,NA,NA,NA,NA,NA
"PHJJKLOP_01441",0,NA,NA,NA,NA,NA
"PHJJKLOP_01442",0.687297171358497,-1.14922754572947,3.92202453633895,-0.29301895872437,0.769507660434023,NA
"PHJJKLOP_01443",0,NA,NA,NA,NA,NA
"PHJJKLOP_01444",0,NA,NA,NA,NA,NA
"PHJJKLOP_01445",0,NA,NA,NA,NA,NA
"PHJJKLOP_01448",17.2243514765518,7.71503719073012,3.50298037488638,2.20242090022567,NA,NA
"PHJJKLOP_01449",0,NA,NA,NA,NA,NA
"PHJJKLOP_01450",0,NA,NA,NA,NA,NA
"PHJJKLOP_01451",0,NA,NA,NA,NA,NA
"PHJJKLOP_01452",0,NA,NA,NA,NA,NA
"PHJJKLOP_01453",0.780018553014858,2.57381722670919,3.95360389171972,0.651005335182844,0.515043042900396,NA
"PHJJKLOP_01454",0,NA,NA,NA,NA,NA
"PHJJKLOP_01455",7.6778795177551,7.19209978290635,3.91064404028201,1.83910877820209,NA,NA
"PHJJKLOP_01457",0,NA,NA,NA,NA,NA
"PHJJKLOP_01458",6.81811157800443,7.02128024498924,3.91112611649988,1.79520681150335,NA,NA
"PHJJKLOP_01459",0,NA,NA,NA,NA,NA
"PHJJKLOP_01460",0,NA,NA,NA,NA,NA
"PHJJKLOP_01461",0,NA,NA,NA,NA,NA
"PHJJKLOP_01463",0,NA,NA,NA,NA,NA
"PHJJKLOP_01464",0,NA,NA,NA,NA,NA
"PHJJKLOP_01465",9.22450389965305,23.7581473699231,3.91000039805593,6.07625190568669,NA,NA
"PHJJKLOP_01467",0,NA,NA,NA,NA,NA
"PHJJKLOP_01469",0,NA,NA,NA,NA,NA
"PHJJKLOP_01470",0,NA,NA,NA,NA,NA
"PHJJKLOP_01472",0,NA,NA,NA,NA,NA
"PHJJKLOP_01473",0,NA,NA,NA,NA,NA
"PHJJKLOP_01475",0,NA,NA,NA,NA,NA
"PHJJKLOP_01476",0,NA,NA,NA,NA,NA
"PHJJKLOP_01477",38.0977735145369,-2.01003663078546,3.73003341942408,-0.53887898706704,NA,NA
"PHJJKLOP_01478",1.00932616089365,-4.0671929358957,3.93379215092539,-1.03391149807926,0.301177539219108,NA
"PHJJKLOP_01479",2.67020219491784,2.6301730271205,3.99639971852015,0.658135625155744,0.510450985849667,NA
"PHJJKLOP_01480",0,NA,NA,NA,NA,NA
"PHJJKLOP_01481",0,NA,NA,NA,NA,NA
"PHJJKLOP_01484",0,NA,NA,NA,NA,NA
"PHJJKLOP_01485",0,NA,NA,NA,NA,NA
"PHJJKLOP_01487",0,NA,NA,NA,NA,NA
"PHJJKLOP_01488",0,NA,NA,NA,NA,NA
"PHJJKLOP_01489",0,NA,NA,NA,NA,NA
"PHJJKLOP_01490",0,NA,NA,NA,NA,NA
"PHJJKLOP_01492",0,NA,NA,NA,NA,NA
"PHJJKLOP_01493",0,NA,NA,NA,NA,NA
"PHJJKLOP_01495",1.63141119876509,0,4.08052381408439,0,1,NA
"PHJJKLOP_01496",0,NA,NA,NA,NA,NA
"PHJJKLOP_01497",0,NA,NA,NA,NA,NA
"PHJJKLOP_01498",0,NA,NA,NA,NA,NA
"PHJJKLOP_01499",0,NA,NA,NA,NA,NA
"PHJJKLOP_01500",0,NA,NA,NA,NA,NA
"PHJJKLOP_01502",0,NA,NA,NA,NA,NA
"PHJJKLOP_01503",14.3380875831564,24.6802265306488,3.90886197794771,6.3139160885918,NA,NA
"PHJJKLOP_01504",0,NA,NA,NA,NA,NA
"PHJJKLOP_01506",2.9912403022369,-2.30378115025513,2.96380899730714,-0.777304189422567,0.436979323929028,NA
"PHJJKLOP_01507",0,NA,NA,NA,NA,NA
"PHJJKLOP_01508",0,NA,NA,NA,NA,NA
"PHJJKLOP_01509",0,NA,NA,NA,NA,NA
"PHJJKLOP_01512",0,NA,NA,NA,NA,NA
"PHJJKLOP_01513",0,NA,NA,NA,NA,NA
"PHJJKLOP_01514",0,NA,NA,NA,NA,NA
"PHJJKLOP_01515",1.0001263664436,-1.07280645213475,3.85984271953879,-0.277940457704179,0.78105806622726,NA
"PHJJKLOP_01516",0,NA,NA,NA,NA,NA
"PHJJKLOP_01517",0,NA,NA,NA,NA,NA
"PHJJKLOP_01518",0,NA,NA,NA,NA,NA
"PHJJKLOP_01519",20.0547036901646,1.18414964533983,3.64474571592237,0.324892252473685,NA,NA
"PHJJKLOP_01521",0,NA,NA,NA,NA,NA
"PHJJKLOP_01522",0,NA,NA,NA,NA,NA
"PHJJKLOP_01523",0,NA,NA,NA,NA,NA
"PHJJKLOP_01525",0,NA,NA,NA,NA,NA
"PHJJKLOP_01526",0,NA,NA,NA,NA,NA
"PHJJKLOP_01528",0,NA,NA,NA,NA,NA
"PHJJKLOP_01529",0.782419528690505,0,4.08052381408439,0,1,NA
"PHJJKLOP_01530",0,NA,NA,NA,NA,NA
"PHJJKLOP_01531",0.201865232178731,-1.85024842336227,4.02017616912424,-0.46024063263012,0.645343508632052,NA
"PHJJKLOP_01532",0,NA,NA,NA,NA,NA
"PHJJKLOP_01533",0,NA,NA,NA,NA,NA
"PHJJKLOP_01535",0,NA,NA,NA,NA,NA
"PHJJKLOP_01536",0,NA,NA,NA,NA,NA
"PHJJKLOP_01538",0,NA,NA,NA,NA,NA
"PHJJKLOP_01539",0,NA,NA,NA,NA,NA
"PHJJKLOP_01540",0,NA,NA,NA,NA,NA
"PHJJKLOP_01543",0,NA,NA,NA,NA,NA
"PHJJKLOP_01545",0,NA,NA,NA,NA,NA
"PHJJKLOP_01546",0,NA,NA,NA,NA,NA
"PHJJKLOP_01547",0,NA,NA,NA,NA,NA
"PHJJKLOP_01548",0,NA,NA,NA,NA,NA
"PHJJKLOP_01549",0,NA,NA,NA,NA,NA
"PHJJKLOP_01550",0,NA,NA,NA,NA,NA
"PHJJKLOP_01551",0,NA,NA,NA,NA,NA
"PHJJKLOP_01552",0,NA,NA,NA,NA,NA
"PHJJKLOP_01553",129.188035979796,-0.863389825959792,2.16173943068585,-0.399395881716357,NA,NA
"PHJJKLOP_01554",0,NA,NA,NA,NA,NA
"PHJJKLOP_01555",0,NA,NA,NA,NA,NA
"PHJJKLOP_01556",0,NA,NA,NA,NA,NA
"PHJJKLOP_01558",0.216278296274791,2.04644758456223,4.0403024401899,0.506508513869087,0.612499714398064,NA
"PHJJKLOP_01559",0,NA,NA,NA,NA,NA
"PHJJKLOP_01560",0,NA,NA,NA,NA,NA
"PHJJKLOP_01561",2.50149717143981,0,4.08052381408439,0,1,NA
"PHJJKLOP_01562",0,NA,NA,NA,NA,NA
"PHJJKLOP_01564",0,NA,NA,NA,NA,NA
"PHJJKLOP_01565",0,NA,NA,NA,NA,NA
"PHJJKLOP_01566",0,NA,NA,NA,NA,NA
"PHJJKLOP_01567",0,NA,NA,NA,NA,NA
"PHJJKLOP_01568",0,NA,NA,NA,NA,NA
"PHJJKLOP_01569",0,NA,NA,NA,NA,NA
"PHJJKLOP_01570",13.7908588705681,20.3933139276699,3.87593630322092,5.26151936777778,NA,NA
"PHJJKLOP_01571",0,NA,NA,NA,NA,NA
"PHJJKLOP_01573",0,NA,NA,NA,NA,NA
"PHJJKLOP_01575",0,NA,NA,NA,NA,NA
"PHJJKLOP_01576",0.324417444412187,2.63017670611181,3.99640220130237,0.658136136861969,0.510450657069971,NA
"PHJJKLOP_01579",0,NA,NA,NA,NA,NA
"PHJJKLOP_01580",0,NA,NA,NA,NA,NA
"PHJJKLOP_01581",0,NA,NA,NA,NA,NA
"PHJJKLOP_01582",0,NA,NA,NA,NA,NA
"PHJJKLOP_01585",0,NA,NA,NA,NA,NA
"PHJJKLOP_01586",0,NA,NA,NA,NA,NA
"PHJJKLOP_01587",0,NA,NA,NA,NA,NA
"PHJJKLOP_01588",0,NA,NA,NA,NA,NA
"PHJJKLOP_01589",0,NA,NA,NA,NA,NA
"PHJJKLOP_01590",0,NA,NA,NA,NA,NA
"PHJJKLOP_01591",8.22247960921087,1.67304931808103,3.60894535062077,0.463583999074202,NA,NA
"PHJJKLOP_01592",0,NA,NA,NA,NA,NA
"PHJJKLOP_01593",0,NA,NA,NA,NA,NA
"PHJJKLOP_01594",0,NA,NA,NA,NA,NA
"PHJJKLOP_01595",0,NA,NA,NA,NA,NA
"PHJJKLOP_01596",4.8228966013807,-4.29777115782826,3.24852870827605,-1.32299004988909,NA,NA
"PHJJKLOP_01597",0,NA,NA,NA,NA,NA
"PHJJKLOP_01598",0,NA,NA,NA,NA,NA
"PHJJKLOP_01599",0.234578475050565,0,4.08052381408439,0,1,NA
"PHJJKLOP_01600",25.5155389130209,-0.27587997952984,3.72976078587385,-0.0739672046997523,NA,NA
"PHJJKLOP_01601",0,NA,NA,NA,NA,NA
"PHJJKLOP_01602",0,NA,NA,NA,NA,NA
"PHJJKLOP_01603",0,NA,NA,NA,NA,NA
"PHJJKLOP_01604",0,NA,NA,NA,NA,NA
"PHJJKLOP_01606",18.2015623222918,-1.15414745949011,3.64231757684563,-0.316871726624574,NA,NA
"PHJJKLOP_01607",0,NA,NA,NA,NA,NA
"PHJJKLOP_01609",0,NA,NA,NA,NA,NA
"PHJJKLOP_01610",0,NA,NA,NA,NA,NA
"PHJJKLOP_01611",0,NA,NA,NA,NA,NA
"PHJJKLOP_01613",0,NA,NA,NA,NA,NA
"PHJJKLOP_01614",0,NA,NA,NA,NA,NA
"PHJJKLOP_01615",0,NA,NA,NA,NA,NA
"PHJJKLOP_01616",0,NA,NA,NA,NA,NA
"PHJJKLOP_01617",0,NA,NA,NA,NA,NA
"PHJJKLOP_01618",0,NA,NA,NA,NA,NA
"PHJJKLOP_01619",0,NA,NA,NA,NA,NA
"PHJJKLOP_01621",18.8379342761253,0.209261315819873,2.70579471265921,0.0773382085643203,NA,NA
"PHJJKLOP_01625",0,NA,NA,NA,NA,NA
"PHJJKLOP_01626",0,NA,NA,NA,NA,NA
"PHJJKLOP_01627",0,NA,NA,NA,NA,NA
"PHJJKLOP_01628",0,NA,NA,NA,NA,NA
"PHJJKLOP_01629",0,NA,NA,NA,NA,NA
"PHJJKLOP_01630",0,NA,NA,NA,NA,NA
"PHJJKLOP_01631",0,NA,NA,NA,NA,NA
"PHJJKLOP_01632",0,NA,NA,NA,NA,NA
"PHJJKLOP_01633",0,NA,NA,NA,NA,NA
"PHJJKLOP_01636",0,NA,NA,NA,NA,NA
"PHJJKLOP_01638",0,NA,NA,NA,NA,NA
"PHJJKLOP_01640",0,NA,NA,NA,NA,NA
"PHJJKLOP_01641",0,NA,NA,NA,NA,NA
"PHJJKLOP_01642",0,NA,NA,NA,NA,NA
"PHJJKLOP_01643",0,NA,NA,NA,NA,NA
"PHJJKLOP_01644",0,NA,NA,NA,NA,NA
"PHJJKLOP_01645",0,NA,NA,NA,NA,NA
"PHJJKLOP_01646",0,NA,NA,NA,NA,NA
"PHJJKLOP_01647",0,NA,NA,NA,NA,NA
"PHJJKLOP_01648",0,NA,NA,NA,NA,NA
"PHJJKLOP_01649",0,NA,NA,NA,NA,NA
"PHJJKLOP_01650",0,NA,NA,NA,NA,NA
"PHJJKLOP_01651",0,NA,NA,NA,NA,NA
"PHJJKLOP_01653",0,NA,NA,NA,NA,NA
"PHJJKLOP_01656",0,NA,NA,NA,NA,NA
"PHJJKLOP_01657",0,NA,NA,NA,NA,NA
"PHJJKLOP_01658",0,NA,NA,NA,NA,NA
"PHJJKLOP_01660",2.27092211088531,5.43501400228526,3.91976164588383,1.38656747355865,0.165573692314919,NA
"PHJJKLOP_01661",9.64245276093068,-5.06006400952649,3.8690347530927,-1.30783627763533,NA,NA
"PHJJKLOP_01663",0,NA,NA,NA,NA,NA
"PHJJKLOP_01664",0,NA,NA,NA,NA,NA
"PHJJKLOP_01665",0,NA,NA,NA,NA,NA
"PHJJKLOP_01666",0,NA,NA,NA,NA,NA
"PHJJKLOP_01667",0,NA,NA,NA,NA,NA
"PHJJKLOP_01670",0,NA,NA,NA,NA,NA
"PHJJKLOP_01671",0,NA,NA,NA,NA,NA
"PHJJKLOP_01672",0,NA,NA,NA,NA,NA
"PHJJKLOP_01675",0.315323934254992,0,4.08052381408439,0,1,NA
"PHJJKLOP_01676",0,NA,NA,NA,NA,NA
"PHJJKLOP_01677",0,NA,NA,NA,NA,NA
"PHJJKLOP_01678",2.28514088727626,-2.22991720505143,3.81572314782388,-0.58440225316744,0.558949711197354,NA
"PHJJKLOP_01680",0,NA,NA,NA,NA,NA
"PHJJKLOP_01681",0,NA,NA,NA,NA,NA
"PHJJKLOP_01682",6.5132967650885,3.62883984107444,3.87641956506883,0.936131855739927,NA,NA
"PHJJKLOP_01683",0.134576821452487,-1.41104474913748,4.04101678141596,-0.349180620982982,0.726953713896934,NA
"PHJJKLOP_01685",0,NA,NA,NA,NA,NA
"PHJJKLOP_01687",0.237836081926909,-1.83508665765195,4.02080244947684,-0.456398114732228,0.648103721192803,NA
"PHJJKLOP_01688",0,NA,NA,NA,NA,NA
"PHJJKLOP_01689",0,NA,NA,NA,NA,NA
"PHJJKLOP_01690",0,NA,NA,NA,NA,NA
"PHJJKLOP_01692",2.34886578850687,5.48086900178177,3.91935704537109,1.39841023370272,0.161989911797863,NA
"PHJJKLOP_01693",0,NA,NA,NA,NA,NA
"PHJJKLOP_01694",0,NA,NA,NA,NA,NA
"PHJJKLOP_01695",0,NA,NA,NA,NA,NA
"PHJJKLOP_01696",0,NA,NA,NA,NA,NA
"PHJJKLOP_01697",0,NA,NA,NA,NA,NA
"PHJJKLOP_01698",0,NA,NA,NA,NA,NA
"PHJJKLOP_01699",0,NA,NA,NA,NA,NA
"PHJJKLOP_01700",0,NA,NA,NA,NA,NA
"PHJJKLOP_01702",0.870085972674716,0,4.08052381408439,0,1,NA
"PHJJKLOP_01703",0,NA,NA,NA,NA,NA
"PHJJKLOP_01704",0,NA,NA,NA,NA,NA
"PHJJKLOP_01705",0,NA,NA,NA,NA,NA
"PHJJKLOP_01706",0,NA,NA,NA,NA,NA
"PHJJKLOP_01712",0,NA,NA,NA,NA,NA
"PHJJKLOP_01713",0,NA,NA,NA,NA,NA
"PHJJKLOP_01714",0.892563453262826,3.36603713052328,3.9608618354465,0.849824424674442,0.395422708102963,NA
"PHJJKLOP_01715",0,NA,NA,NA,NA,NA
"PHJJKLOP_01716",0,NA,NA,NA,NA,NA
"PHJJKLOP_01717",0,NA,NA,NA,NA,NA
"PHJJKLOP_01719",0,NA,NA,NA,NA,NA
"PHJJKLOP_01720",0.652564479506037,0,4.08052381408439,0,1,NA
"PHJJKLOP_01722",0,NA,NA,NA,NA,NA
"PHJJKLOP_01723",2.08594073251355,-5.10691129635582,3.91999592317447,-1.30278484887305,0.192648224795456,NA
"PHJJKLOP_01724",0,NA,NA,NA,NA,NA
"PHJJKLOP_01725",0,NA,NA,NA,NA,NA
"PHJJKLOP_01726",0,NA,NA,NA,NA,NA
"PHJJKLOP_01727",0,NA,NA,NA,NA,NA
"PHJJKLOP_01728",0,NA,NA,NA,NA,NA
"PHJJKLOP_01729",0,NA,NA,NA,NA,NA
"PHJJKLOP_01730",0,NA,NA,NA,NA,NA
"PHJJKLOP_01731",0,NA,NA,NA,NA,NA
"PHJJKLOP_01732",0,NA,NA,NA,NA,NA
"PHJJKLOP_01733",0.234578475050565,0,4.08052381408439,0,1,NA
"PHJJKLOP_01734",0,NA,NA,NA,NA,NA
"PHJJKLOP_01735",0,NA,NA,NA,NA,NA
"PHJJKLOP_01737",0,NA,NA,NA,NA,NA
"PHJJKLOP_01738",16.3267546392757,3.64491190311377,3.03649962470195,1.2003663275511,NA,NA
"PHJJKLOP_01739",0,NA,NA,NA,NA,NA
"PHJJKLOP_01740",0,NA,NA,NA,NA,NA
"PHJJKLOP_01741",0,NA,NA,NA,NA,NA
"PHJJKLOP_01744",0,NA,NA,NA,NA,NA
"PHJJKLOP_01745",0,NA,NA,NA,NA,NA
"PHJJKLOP_01747",0,NA,NA,NA,NA,NA
"PHJJKLOP_01748",0,NA,NA,NA,NA,NA
"PHJJKLOP_01749",0,NA,NA,NA,NA,NA
"PHJJKLOP_01750",1.41388970559641,0,4.08052381408439,0,1,NA
"PHJJKLOP_01751",0,NA,NA,NA,NA,NA
"PHJJKLOP_01752",2.60590672889554,3.85095203863663,3.94551084884021,0.976033823292774,0.32904770334907,NA
"PHJJKLOP_01753",0,NA,NA,NA,NA,NA
"PHJJKLOP_01754",0,NA,NA,NA,NA,NA
"PHJJKLOP_01755",0,NA,NA,NA,NA,NA
"PHJJKLOP_01757",0,NA,NA,NA,NA,NA
"PHJJKLOP_01758",0,NA,NA,NA,NA,NA
"PHJJKLOP_01759",0,NA,NA,NA,NA,NA
"PHJJKLOP_01760",0,NA,NA,NA,NA,NA
"PHJJKLOP_01761",0,NA,NA,NA,NA,NA
"PHJJKLOP_01762",0,NA,NA,NA,NA,NA
"PHJJKLOP_01763",0,NA,NA,NA,NA,NA
"PHJJKLOP_01764",0,NA,NA,NA,NA,NA
"PHJJKLOP_01765",0,NA,NA,NA,NA,NA
"PHJJKLOP_01767",0,NA,NA,NA,NA,NA
"PHJJKLOP_01768",0,NA,NA,NA,NA,NA
"PHJJKLOP_01769",0,NA,NA,NA,NA,NA
"PHJJKLOP_01770",0,NA,NA,NA,NA,NA
"PHJJKLOP_01771",12.1428447874801,-0.40392205638684,3.61407543704773,-0.111763593046856,NA,NA
"PHJJKLOP_01772",0,NA,NA,NA,NA,NA
"PHJJKLOP_01773",0,NA,NA,NA,NA,NA
"PHJJKLOP_01774",0,NA,NA,NA,NA,NA
"PHJJKLOP_01776",0,NA,NA,NA,NA,NA
"PHJJKLOP_01777",0,NA,NA,NA,NA,NA
"PHJJKLOP_01778",0,NA,NA,NA,NA,NA
"PHJJKLOP_01779",0,NA,NA,NA,NA,NA
"PHJJKLOP_01780",0,NA,NA,NA,NA,NA
"PHJJKLOP_01782",0,NA,NA,NA,NA,NA
"PHJJKLOP_01785",0,NA,NA,NA,NA,NA
"PHJJKLOP_01787",0,NA,NA,NA,NA,NA
"PHJJKLOP_01788",0,NA,NA,NA,NA,NA
"PHJJKLOP_01789",0,NA,NA,NA,NA,NA
"PHJJKLOP_01790",0,NA,NA,NA,NA,NA
"PHJJKLOP_01791",0.269153642904975,-2.19501134724903,4.00336270700962,-0.548291900557927,0.583491487909657,NA
"PHJJKLOP_01792",0,NA,NA,NA,NA,NA
"PHJJKLOP_01793",0,NA,NA,NA,NA,NA
"PHJJKLOP_01794",0,NA,NA,NA,NA,NA
"PHJJKLOP_01795",0,NA,NA,NA,NA,NA
"PHJJKLOP_01798",0,NA,NA,NA,NA,NA
"PHJJKLOP_01799",2.76466944188357,0.394601104611789,2.31983377447385,0.17009887042501,0.864932381841305,NA
"PHJJKLOP_01800",0,NA,NA,NA,NA,NA
"PHJJKLOP_01801",0,NA,NA,NA,NA,NA
"PHJJKLOP_01802",0,NA,NA,NA,NA,NA
"PHJJKLOP_01803",0,NA,NA,NA,NA,NA
"PHJJKLOP_01804",1.30512895901207,0,4.08052381408439,0,1,NA
"PHJJKLOP_01805",1.62208722206094,4.94977502208447,3.92492856069286,1.26111213122582,0.207268450481038,NA
"PHJJKLOP_01806",0,NA,NA,NA,NA,NA
"PHJJKLOP_01807",0,NA,NA,NA,NA,NA
"PHJJKLOP_01808",0,NA,NA,NA,NA,NA
"PHJJKLOP_01811",2.5953395552975,5.6275995169302,3.9181452271714,1.43629171218671,0.150919351369603,NA
"PHJJKLOP_01812",0.324417444412187,2.63017670611181,3.99640220130237,0.658136136861969,0.510450657069971,NA
"PHJJKLOP_01813",0,NA,NA,NA,NA,NA
"PHJJKLOP_01814",0,NA,NA,NA,NA,NA
"PHJJKLOP_01815",0,NA,NA,NA,NA,NA
"PHJJKLOP_01817",0,NA,NA,NA,NA,NA
"PHJJKLOP_01818",0,NA,NA,NA,NA,NA
"PHJJKLOP_01819",0,NA,NA,NA,NA,NA
"PHJJKLOP_01820",0,NA,NA,NA,NA,NA
"PHJJKLOP_01821",0,NA,NA,NA,NA,NA
"PHJJKLOP_01822",0,NA,NA,NA,NA,NA
"PHJJKLOP_01823",0,NA,NA,NA,NA,NA
"PHJJKLOP_01824",0,NA,NA,NA,NA,NA
"PHJJKLOP_01825",0,NA,NA,NA,NA,NA
"PHJJKLOP_01826",0,NA,NA,NA,NA,NA
"PHJJKLOP_01827",0,NA,NA,NA,NA,NA
"PHJJKLOP_01828",2.13395683455579,2.06505300924118,3.81131981943826,0.541820972018439,0.587941842491999,NA
"PHJJKLOP_01830",0,NA,NA,NA,NA,NA
"PHJJKLOP_01832",0,NA,NA,NA,NA,NA
"PHJJKLOP_01833",0,NA,NA,NA,NA,NA
"PHJJKLOP_01834",0,NA,NA,NA,NA,NA
"PHJJKLOP_01836",9.7717793019259,-0.37032973454837,3.5871088835266,-0.10323905590072,NA,NA
"PHJJKLOP_01837",6.05595696536193,-6.63969420635803,3.9113787951151,-1.69753290441987,NA,NA
"PHJJKLOP_01840",0,NA,NA,NA,NA,NA
"PHJJKLOP_01841",0,NA,NA,NA,NA,NA
"PHJJKLOP_01843",0,NA,NA,NA,NA,NA
"PHJJKLOP_01844",0,NA,NA,NA,NA,NA
"PHJJKLOP_01846",0,NA,NA,NA,NA,NA
"PHJJKLOP_01848",2.61025791802415,0,4.08052381408439,0,1,NA
"PHJJKLOP_01851",0,NA,NA,NA,NA,NA
"PHJJKLOP_01852",0,NA,NA,NA,NA,NA
"PHJJKLOP_01853",2.77876510256397,0.0715019057623789,3.51415242376669,0.0203468424644309,0.983766688626517,NA
"PHJJKLOP_01854",0,NA,NA,NA,NA,NA
"PHJJKLOP_01855",0,NA,NA,NA,NA,NA
"PHJJKLOP_01856",0,NA,NA,NA,NA,NA
"PHJJKLOP_01857",0,NA,NA,NA,NA,NA
"PHJJKLOP_01859",0,NA,NA,NA,NA,NA
"PHJJKLOP_01860",0,NA,NA,NA,NA,NA
"PHJJKLOP_01861",1.20932946808981,-3.6248433208946,3.94335479753146,-0.919228298494407,0.357976172440603,NA
"PHJJKLOP_01862",0.0750787691146016,-0.756583610767306,4.07949570396922,-0.185460082733063,0.852868186467075,NA
"PHJJKLOP_01863",0,NA,NA,NA,NA,NA
"PHJJKLOP_01864",1.73854637261442,-3.77800318840926,3.92379531733361,-0.962844104461744,0.33562576360782,NA
"PHJJKLOP_01865",0,NA,NA,NA,NA,NA
"PHJJKLOP_01867",0,NA,NA,NA,NA,NA
"PHJJKLOP_01869",0,NA,NA,NA,NA,NA
"PHJJKLOP_01870",0,NA,NA,NA,NA,NA
"PHJJKLOP_01871",0,NA,NA,NA,NA,NA
"PHJJKLOP_01872",0,NA,NA,NA,NA,NA
"PHJJKLOP_01873",0,NA,NA,NA,NA,NA
"PHJJKLOP_01874",0,NA,NA,NA,NA,NA
"PHJJKLOP_01875",0,NA,NA,NA,NA,NA
"PHJJKLOP_01876",0,NA,NA,NA,NA,NA
"PHJJKLOP_01877",0,NA,NA,NA,NA,NA
"PHJJKLOP_01878",0,NA,NA,NA,NA,NA
"PHJJKLOP_01879",0,NA,NA,NA,NA,NA
"PHJJKLOP_01880",0,NA,NA,NA,NA,NA
"PHJJKLOP_01881",0,NA,NA,NA,NA,NA
"PHJJKLOP_01882",0,NA,NA,NA,NA,NA
"PHJJKLOP_01883",0,NA,NA,NA,NA,NA
"PHJJKLOP_01884",0,NA,NA,NA,NA,NA
"PHJJKLOP_01885",5.31411637697404,6.66192477266276,3.91234698626131,1.70279497091054,NA,NA
"PHJJKLOP_01887",0,NA,NA,NA,NA,NA
"PHJJKLOP_01888",0,NA,NA,NA,NA,NA
"PHJJKLOP_01889",0,NA,NA,NA,NA,NA
"PHJJKLOP_01890",0,NA,NA,NA,NA,NA
"PHJJKLOP_01891",0,NA,NA,NA,NA,NA
"PHJJKLOP_01892",0,NA,NA,NA,NA,NA
"PHJJKLOP_01894",0,NA,NA,NA,NA,NA
"PHJJKLOP_01895",0,NA,NA,NA,NA,NA
"PHJJKLOP_01896",0,NA,NA,NA,NA,NA
"PHJJKLOP_01897",0,NA,NA,NA,NA,NA
"PHJJKLOP_01898",0,NA,NA,NA,NA,NA
"PHJJKLOP_01899",0,NA,NA,NA,NA,NA
"PHJJKLOP_01900",0,NA,NA,NA,NA,NA
"PHJJKLOP_01901",0,NA,NA,NA,NA,NA
"PHJJKLOP_01903",0,NA,NA,NA,NA,NA
"PHJJKLOP_01904",0,NA,NA,NA,NA,NA
"PHJJKLOP_01905",0,NA,NA,NA,NA,NA
"PHJJKLOP_01907",0,NA,NA,NA,NA,NA
"PHJJKLOP_01908",0,NA,NA,NA,NA,NA
"PHJJKLOP_01910",0,NA,NA,NA,NA,NA
"PHJJKLOP_01912",0,NA,NA,NA,NA,NA
"PHJJKLOP_01913",0,NA,NA,NA,NA,NA
"PHJJKLOP_01914",0,NA,NA,NA,NA,NA
"PHJJKLOP_01915",0,NA,NA,NA,NA,NA
"PHJJKLOP_01916",0,NA,NA,NA,NA,NA
"PHJJKLOP_01917",0,NA,NA,NA,NA,NA
"PHJJKLOP_01918",0,NA,NA,NA,NA,NA
"PHJJKLOP_01919",0,NA,NA,NA,NA,NA
"PHJJKLOP_01922",0,NA,NA,NA,NA,NA
"PHJJKLOP_01923",0,NA,NA,NA,NA,NA
"PHJJKLOP_01925",0,NA,NA,NA,NA,NA
"PHJJKLOP_01926",0,NA,NA,NA,NA,NA
"PHJJKLOP_01927",0,NA,NA,NA,NA,NA
"PHJJKLOP_01928",0,NA,NA,NA,NA,NA
"PHJJKLOP_01931",1.06751067391072,3.82184834912667,3.94629593787525,0.968464709512998,0.332812335631917,NA
"PHJJKLOP_01933",0,NA,NA,NA,NA,NA
"PHJJKLOP_01934",0.538307285809949,-3.17230797322159,3.95659915540665,-0.801776436939957,0.422682291160423,NA
"PHJJKLOP_01936",0,NA,NA,NA,NA,NA
"PHJJKLOP_01937",0.684617087604192,0,4.08052381408439,0,1,NA
"PHJJKLOP_01939",6.98100740915412,-3.49022633010258,3.86210308419096,-0.903711333959312,NA,NA
"PHJJKLOP_01940",0,NA,NA,NA,NA,NA
"PHJJKLOP_01942",0,NA,NA,NA,NA,NA
"PHJJKLOP_01943",0,NA,NA,NA,NA,NA
"PHJJKLOP_01944",0,NA,NA,NA,NA,NA
"PHJJKLOP_01945",0,NA,NA,NA,NA,NA
"PHJJKLOP_01946",0,NA,NA,NA,NA,NA
"PHJJKLOP_01947",0,NA,NA,NA,NA,NA
"PHJJKLOP_01948",0,NA,NA,NA,NA,NA
"PHJJKLOP_01949",0,NA,NA,NA,NA,NA
"PHJJKLOP_01950",0,NA,NA,NA,NA,NA
"PHJJKLOP_01951",0,NA,NA,NA,NA,NA
"PHJJKLOP_01955",0,NA,NA,NA,NA,NA
"PHJJKLOP_01957",2.48967119687101,-5.36097840845429,3.91787445479001,-1.36833848820754,0.171206148663943,NA
"PHJJKLOP_01958",0,NA,NA,NA,NA,NA
"PHJJKLOP_01959",0,NA,NA,NA,NA,NA
"PHJJKLOP_01960",0,NA,NA,NA,NA,NA
"PHJJKLOP_01961",20.6217038169083,-3.32625979408931,3.2282456699979,-1.0303614204465,NA,NA
"PHJJKLOP_01962",0,NA,NA,NA,NA,NA
"PHJJKLOP_01963",0,NA,NA,NA,NA,NA
"PHJJKLOP_01964",0,NA,NA,NA,NA,NA
"PHJJKLOP_01965",0,NA,NA,NA,NA,NA
"PHJJKLOP_01966",0,NA,NA,NA,NA,NA
"PHJJKLOP_01967",0,NA,NA,NA,NA,NA
"PHJJKLOP_01968",0,NA,NA,NA,NA,NA
"PHJJKLOP_01969",0,NA,NA,NA,NA,NA
"PHJJKLOP_01970",0,NA,NA,NA,NA,NA
"PHJJKLOP_01972",0,NA,NA,NA,NA,NA
"PHJJKLOP_01975",0,NA,NA,NA,NA,NA
"PHJJKLOP_01977",0,NA,NA,NA,NA,NA
"PHJJKLOP_01979",0.407191222185607,1.733166246365,3.99215827836221,0.434142668079794,0.664184842796489,NA
"PHJJKLOP_01980",0,NA,NA,NA,NA,NA
"PHJJKLOP_01981",0,NA,NA,NA,NA,NA
"PHJJKLOP_01982",0,NA,NA,NA,NA,NA
"PHJJKLOP_01983",10.2324506704753,1.20023446373663,3.69536326652569,0.324794716289169,NA,NA
"PHJJKLOP_01984",0,NA,NA,NA,NA,NA
"PHJJKLOP_01986",0,NA,NA,NA,NA,NA
"PHJJKLOP_01988",0,NA,NA,NA,NA,NA
"PHJJKLOP_01989",0,NA,NA,NA,NA,NA
"PHJJKLOP_01990",0,NA,NA,NA,NA,NA
"PHJJKLOP_01991",7.62380043914337,0,4.08052381408439,0,NA,NA
"PHJJKLOP_01992",0.586446187626413,0,4.08052381408439,0,1,NA
"PHJJKLOP_01993",0,NA,NA,NA,NA,NA
"PHJJKLOP_01994",0,NA,NA,NA,NA,NA
"PHJJKLOP_01995",0,NA,NA,NA,NA,NA
"PHJJKLOP_01996",0,NA,NA,NA,NA,NA
"PHJJKLOP_01997",0,NA,NA,NA,NA,NA
"PHJJKLOP_01998",0,NA,NA,NA,NA,NA
"PHJJKLOP_01999",0,NA,NA,NA,NA,NA
"PHJJKLOP_02000",0,NA,NA,NA,NA,NA
"PHJJKLOP_02001",0,NA,NA,NA,NA,NA
"PHJJKLOP_02002",2.48967119687101,-5.36097840845429,3.91787445479001,-1.36833848820754,0.171206148663943,NA
"PHJJKLOP_02003",0,NA,NA,NA,NA,NA
"PHJJKLOP_02004",0,NA,NA,NA,NA,NA
"PHJJKLOP_02005",0,NA,NA,NA,NA,NA
"PHJJKLOP_02006",0,NA,NA,NA,NA,NA
"PHJJKLOP_02007",0,NA,NA,NA,NA,NA
"PHJJKLOP_02012",0,NA,NA,NA,NA,NA
"PHJJKLOP_02013",2.30515873968538,1.25389990716463,3.13374273911374,0.400128540072582,0.689061844272347,NA
"PHJJKLOP_02014",0,NA,NA,NA,NA,NA
"PHJJKLOP_02015",0,NA,NA,NA,NA,NA
"PHJJKLOP_02016",0,NA,NA,NA,NA,NA
"PHJJKLOP_02017",0,NA,NA,NA,NA,NA
"PHJJKLOP_02018",0,NA,NA,NA,NA,NA
"PHJJKLOP_02019",0,NA,NA,NA,NA,NA
"PHJJKLOP_02020",0,NA,NA,NA,NA,NA
"PHJJKLOP_02021",0,NA,NA,NA,NA,NA
"PHJJKLOP_02022",0,NA,NA,NA,NA,NA
"PHJJKLOP_02023",0,NA,NA,NA,NA,NA
"PHJJKLOP_02024",0,NA,NA,NA,NA,NA
"PHJJKLOP_02025",0,NA,NA,NA,NA,NA
"PHJJKLOP_02027",0,NA,NA,NA,NA,NA
"PHJJKLOP_02028",0,NA,NA,NA,NA,NA
"PHJJKLOP_02029",0,NA,NA,NA,NA,NA
"PHJJKLOP_02031",0,NA,NA,NA,NA,NA
"PHJJKLOP_02032",0,NA,NA,NA,NA,NA
"PHJJKLOP_02033",0,NA,NA,NA,NA,NA
"PHJJKLOP_02034",0,NA,NA,NA,NA,NA
"PHJJKLOP_02037",0,NA,NA,NA,NA,NA
"PHJJKLOP_02039",0,NA,NA,NA,NA,NA
"PHJJKLOP_02040",0,NA,NA,NA,NA,NA
"PHJJKLOP_02041",0,NA,NA,NA,NA,NA
"PHJJKLOP_02043",0,NA,NA,NA,NA,NA
"PHJJKLOP_02044",0,NA,NA,NA,NA,NA
"PHJJKLOP_02045",0,NA,NA,NA,NA,NA
"PHJJKLOP_02046",0,NA,NA,NA,NA,NA
"PHJJKLOP_02048",0,NA,NA,NA,NA,NA
"PHJJKLOP_02049",0,NA,NA,NA,NA,NA
"PHJJKLOP_02051",0,NA,NA,NA,NA,NA
"PHJJKLOP_02053",0,NA,NA,NA,NA,NA
"PHJJKLOP_02055",0,NA,NA,NA,NA,NA
"PHJJKLOP_02056",0,NA,NA,NA,NA,NA
"PHJJKLOP_02057",0,NA,NA,NA,NA,NA
"PHJJKLOP_02058",0,NA,NA,NA,NA,NA
"PHJJKLOP_02059",0,NA,NA,NA,NA,NA
"PHJJKLOP_02060",0,NA,NA,NA,NA,NA
"PHJJKLOP_02061",0,NA,NA,NA,NA,NA
"PHJJKLOP_02063",0,NA,NA,NA,NA,NA
"PHJJKLOP_02064",0,NA,NA,NA,NA,NA
"PHJJKLOP_02066",0,NA,NA,NA,NA,NA
"PHJJKLOP_02067",0,NA,NA,NA,NA,NA
"PHJJKLOP_02068",0,NA,NA,NA,NA,NA
"PHJJKLOP_02069",0,NA,NA,NA,NA,NA
"PHJJKLOP_02070",0,NA,NA,NA,NA,NA
"PHJJKLOP_02071",0,NA,NA,NA,NA,NA
"PHJJKLOP_02072",0.37729279104237,-1.23322266066471,4.00336270700574,-0.308046697469259,0.758046799424499,NA
"PHJJKLOP_02074",1.92242279855891,1.174325888447,3.51218936359773,0.334357224760818,0.738110013457125,NA
"PHJJKLOP_02076",0,NA,NA,NA,NA,NA
"PHJJKLOP_02078",0.269153642904975,-2.19501134724903,4.00336270700962,-0.548291900557927,0.583491487909657,NA
"PHJJKLOP_02079",0,NA,NA,NA,NA,NA
"PHJJKLOP_02080",0,NA,NA,NA,NA,NA
"PHJJKLOP_02081",0,NA,NA,NA,NA,NA
"PHJJKLOP_02082",0,NA,NA,NA,NA,NA
"PHJJKLOP_02083",0,NA,NA,NA,NA,NA
"PHJJKLOP_02084",0,NA,NA,NA,NA,NA
"PHJJKLOP_02085",0,NA,NA,NA,NA,NA
"PHJJKLOP_02086",0,NA,NA,NA,NA,NA
"PHJJKLOP_02087",0,NA,NA,NA,NA,NA
"PHJJKLOP_02088",0,NA,NA,NA,NA,NA
"PHJJKLOP_02089",0,NA,NA,NA,NA,NA
"PHJJKLOP_02091",14.6457290317157,-16.5050155869924,3.8109250227924,-4.33097357945358,NA,NA
"PHJJKLOP_02093",0,NA,NA,NA,NA,NA
"PHJJKLOP_02094",1.5476334467036,-4.67879565676213,3.92452449329514,-1.19219428105383,0.233185075345265,NA
"PHJJKLOP_02095",0,NA,NA,NA,NA,NA
"PHJJKLOP_02096",0,NA,NA,NA,NA,NA
"PHJJKLOP_02101",0,NA,NA,NA,NA,NA
"PHJJKLOP_02102",0,NA,NA,NA,NA,NA
"PHJJKLOP_02103",0,NA,NA,NA,NA,NA
"PHJJKLOP_02104",1.08139148137396,4.36513270902188,3.93395022094081,1.10960547639516,0.267169070372624,NA
"PHJJKLOP_02105",0,NA,NA,NA,NA,NA
"PHJJKLOP_02106",0,NA,NA,NA,NA,NA
"PHJJKLOP_02107",0,NA,NA,NA,NA,NA
"PHJJKLOP_02108",0.0672884107262436,-0.74514268340539,4.07994024212431,-0.182635685619115,0.855083882178741,NA
"PHJJKLOP_02109",2.17521493168679,0,4.08052381408439,0,1,NA
"PHJJKLOP_02110",0,NA,NA,NA,NA,NA
"PHJJKLOP_02111",0,NA,NA,NA,NA,NA
"PHJJKLOP_02112",0,NA,NA,NA,NA,NA
"PHJJKLOP_02113",0,NA,NA,NA,NA,NA
"PHJJKLOP_02114",0,NA,NA,NA,NA,NA
"PHJJKLOP_02115",0,NA,NA,NA,NA,NA
"PHJJKLOP_02116",2.48949367036007,-1.59551491496666,3.56068539632804,-0.448092077051244,0.654086745811107,NA
"PHJJKLOP_02117",0,NA,NA,NA,NA,NA
"PHJJKLOP_02118",0,NA,NA,NA,NA,NA
"PHJJKLOP_02119",0,NA,NA,NA,NA,NA
"PHJJKLOP_02123",0.870085972674716,0,4.08052381408439,0,1,NA
"PHJJKLOP_02124",0,NA,NA,NA,NA,NA
"PHJJKLOP_02125",0,NA,NA,NA,NA,NA
"PHJJKLOP_02127",0,NA,NA,NA,NA,NA
"PHJJKLOP_02128",0,NA,NA,NA,NA,NA
"PHJJKLOP_02129",0,NA,NA,NA,NA,NA
"PHJJKLOP_02132",0,NA,NA,NA,NA,NA
"PHJJKLOP_02133",0,NA,NA,NA,NA,NA
"PHJJKLOP_02134",0.0672884107262436,-0.74514268340539,4.07994024212431,-0.182635685619115,0.855083882178741,NA
"PHJJKLOP_02135",0,NA,NA,NA,NA,NA
"PHJJKLOP_02137",0,NA,NA,NA,NA,NA
"PHJJKLOP_02140",0,NA,NA,NA,NA,NA
"PHJJKLOP_02141",0,NA,NA,NA,NA,NA
"PHJJKLOP_02142",0,NA,NA,NA,NA,NA
"PHJJKLOP_02143",0,NA,NA,NA,NA,NA
"PHJJKLOP_02144",0,NA,NA,NA,NA,NA
"PHJJKLOP_02145",0,NA,NA,NA,NA,NA
"PHJJKLOP_02147",0,NA,NA,NA,NA,NA
"PHJJKLOP_02148",0,NA,NA,NA,NA,NA
"PHJJKLOP_02149",0,NA,NA,NA,NA,NA
"PHJJKLOP_02150",0,NA,NA,NA,NA,NA
"PHJJKLOP_02151",16.185914778489,0,4.08052381408439,0,NA,NA
"PHJJKLOP_02152",0,NA,NA,NA,NA,NA
"PHJJKLOP_02155",0,NA,NA,NA,NA,NA
"PHJJKLOP_02156",0,NA,NA,NA,NA,NA
"PHJJKLOP_02157",0,NA,NA,NA,NA,NA
"PHJJKLOP_02158",0,NA,NA,NA,NA,NA
"PHJJKLOP_02159",0,NA,NA,NA,NA,NA
"PHJJKLOP_02160",2.81161785157229,5.74304447804795,3.91727449950251,1.46608170522063,0.142626029144683,NA
"PHJJKLOP_02161",20.5101103921935,-1.5861671705422,3.2736959743291,-0.484518777241452,NA,NA
"PHJJKLOP_02162",2.91975699970968,5.79747786107843,3.9168874311637,1.48012368569806,0.138840241610277,NA
"PHJJKLOP_02163",0,NA,NA,NA,NA,NA
"PHJJKLOP_02164",0,NA,NA,NA,NA,NA
"PHJJKLOP_02165",0,NA,NA,NA,NA,NA
"PHJJKLOP_02166",0.344232412019576,-2.53860637090716,3.98338587179404,-0.63729863302543,0.523930341198572,NA
"PHJJKLOP_02167",0,NA,NA,NA,NA,NA
"PHJJKLOP_02169",0,NA,NA,NA,NA,NA
"PHJJKLOP_02170",0,NA,NA,NA,NA,NA
"PHJJKLOP_02171",0,NA,NA,NA,NA,NA
"PHJJKLOP_02173",0.874749339441167,-3.86292276892746,3.93785349592271,-0.980971682396812,0.326606706152348,NA
"PHJJKLOP_02174",0,NA,NA,NA,NA,NA
"PHJJKLOP_02175",0,NA,NA,NA,NA,NA
"PHJJKLOP_02176",0,NA,NA,NA,NA,NA
"PHJJKLOP_02177",0.216278296274791,2.04644758456223,4.0403024401899,0.506508513869087,0.612499714398064,NA
"PHJJKLOP_02178",0,NA,NA,NA,NA,NA
"PHJJKLOP_02179",0,NA,NA,NA,NA,NA
"PHJJKLOP_02180",15.2090949731617,1.35450190713546,3.6266419911742,0.373486522913423,NA,NA
"PHJJKLOP_02181",0,NA,NA,NA,NA,NA
"PHJJKLOP_02182",0,NA,NA,NA,NA,NA
"PHJJKLOP_02183",2.42238278614477,-5.32162163241368,3.91817932627314,-1.35818735929972,0.174404240578909,NA
"PHJJKLOP_02185",0,NA,NA,NA,NA,NA
"PHJJKLOP_02186",0,NA,NA,NA,NA,NA
"PHJJKLOP_02187",1.38289510197087,-1.5465041112701,3.98497025154693,-0.388084229906047,0.697953701889561,NA
"PHJJKLOP_02193",41.1465053982184,0.0902989301428789,3.0084838585214,0.0300147630465462,NA,NA
"PHJJKLOP_02194",0,NA,NA,NA,NA,NA
"PHJJKLOP_02195",0,NA,NA,NA,NA,NA
"PHJJKLOP_02196",0,NA,NA,NA,NA,NA
"PHJJKLOP_02197",0,NA,NA,NA,NA,NA
"PHJJKLOP_02198",14.6446497418547,-6.99170377862528,3.60627365596061,-1.93876129368859,NA,NA
"PHJJKLOP_02199",0,NA,NA,NA,NA,NA
"PHJJKLOP_02202",0,NA,NA,NA,NA,NA
"PHJJKLOP_02203",0,NA,NA,NA,NA,NA
"PHJJKLOP_02204",0,NA,NA,NA,NA,NA
"PHJJKLOP_02205",0,NA,NA,NA,NA,NA
"PHJJKLOP_02206",0,NA,NA,NA,NA,NA
"PHJJKLOP_02207",0,NA,NA,NA,NA,NA
"PHJJKLOP_02208",7.27193272656752,0,4.08052381408439,0,NA,NA
"PHJJKLOP_02209",0,NA,NA,NA,NA,NA
"PHJJKLOP_02211",1.00932616089365,-4.0671929358957,3.93379215092539,-1.03391149807926,0.301177539219108,NA
"PHJJKLOP_02213",0,NA,NA,NA,NA,NA
"PHJJKLOP_02215",9.02403397426546,3.36616216461602,3.83784298873181,0.877097415006116,NA,NA
"PHJJKLOP_02216",0,NA,NA,NA,NA,NA
"PHJJKLOP_02217",9.99254287907748,5.94944261850979,3.87715308666895,1.5344874152548,NA,NA
"PHJJKLOP_02218",0,NA,NA,NA,NA,NA
"PHJJKLOP_02219",0,NA,NA,NA,NA,NA
"PHJJKLOP_02220",0,NA,NA,NA,NA,NA
"PHJJKLOP_02221",0,NA,NA,NA,NA,NA
"PHJJKLOP_02222",0,NA,NA,NA,NA,NA
"PHJJKLOP_02223",0,NA,NA,NA,NA,NA
"PHJJKLOP_02224",0,NA,NA,NA,NA,NA
"PHJJKLOP_02225",0,NA,NA,NA,NA,NA
"PHJJKLOP_02226",0,NA,NA,NA,NA,NA
"PHJJKLOP_02227",0,NA,NA,NA,NA,NA
"PHJJKLOP_02228",0,NA,NA,NA,NA,NA
"PHJJKLOP_02229",8.90603709946834,-1.45804399677837,3.69608005782583,-0.394483878586777,NA,NA
"PHJJKLOP_02233",0,NA,NA,NA,NA,NA
"PHJJKLOP_02234",0,NA,NA,NA,NA,NA
"PHJJKLOP_02237",0,NA,NA,NA,NA,NA
"PHJJKLOP_02238",0.108760746584339,0,4.08052381408439,0,1,NA
"PHJJKLOP_02239",0,NA,NA,NA,NA,NA
"PHJJKLOP_02240",0,NA,NA,NA,NA,NA
"PHJJKLOP_02241",0,NA,NA,NA,NA,NA
"PHJJKLOP_02242",0,NA,NA,NA,NA,NA
"PHJJKLOP_02244",0,NA,NA,NA,NA,NA
"PHJJKLOP_02245",0,NA,NA,NA,NA,NA
"PHJJKLOP_02247",2.1519696965572,-1.41395784910631,3.77303176731259,-0.374753762042515,0.707843604785579,NA
"PHJJKLOP_02248",5.1835293775746,0,4.08052381408439,0,NA,NA
"PHJJKLOP_02251",0,NA,NA,NA,NA,NA
"PHJJKLOP_02252",0,NA,NA,NA,NA,NA
"PHJJKLOP_02253",0,NA,NA,NA,NA,NA
"PHJJKLOP_02254",0,NA,NA,NA,NA,NA
"PHJJKLOP_02257",0,NA,NA,NA,NA,NA
"PHJJKLOP_02258",0,NA,NA,NA,NA,NA
"PHJJKLOP_02259",0,NA,NA,NA,NA,NA
"PHJJKLOP_02260",18.0091039571098,0.0931810116559287,3.7158110322458,0.0250768973037929,NA,NA
"PHJJKLOP_02263",0,NA,NA,NA,NA,NA
"PHJJKLOP_02264",13.7089245221181,-0.0705705495672235,3.50141969875253,-0.0201548387907814,NA,NA
"PHJJKLOP_02266",0.108139148137396,1.17432335466883,4.08052381408439,0.287787403817011,0.773509479957705,NA
"PHJJKLOP_02267",1.00932616089365,-4.0671929358957,3.93379215092539,-1.03391149807926,0.301177539219108,NA
"PHJJKLOP_02268",4.07815538098577,-5.07027193323758,3.82091942514874,-1.32697693122388,NA,NA
"PHJJKLOP_02269",0.108139148137396,1.17432335466883,4.08052381408439,0.287787403817011,0.773509479957705,NA
"PHJJKLOP_02270",0,NA,NA,NA,NA,NA
"PHJJKLOP_02271",0,NA,NA,NA,NA,NA
"PHJJKLOP_02275",0,NA,NA,NA,NA,NA
"PHJJKLOP_02276",0,NA,NA,NA,NA,NA
"PHJJKLOP_02277",0,NA,NA,NA,NA,NA
"PHJJKLOP_02278",0,NA,NA,NA,NA,NA
"PHJJKLOP_02279",0,NA,NA,NA,NA,NA
"PHJJKLOP_02280",0,NA,NA,NA,NA,NA
"PHJJKLOP_02281",24.6012785217299,25.3509962942708,3.90800510564478,6.48694042330023,NA,NA
"PHJJKLOP_02282",0,NA,NA,NA,NA,NA
"PHJJKLOP_02283",12.567603816637,6.43541787271158,3.65532278261835,1.76056076451388,NA,NA
"PHJJKLOP_02285",0,NA,NA,NA,NA,NA
"PHJJKLOP_02286",5.32927658263263,0,4.08052381408439,0,NA,NA
"PHJJKLOP_02287",0,NA,NA,NA,NA,NA
"PHJJKLOP_02289",0,NA,NA,NA,NA,NA
"PHJJKLOP_02290",0,NA,NA,NA,NA,NA
"PHJJKLOP_02291",0,NA,NA,NA,NA,NA
"PHJJKLOP_02292",1.91705343634394,-3.94689204549205,3.9219283691042,-1.00636515357713,0.314239949638806,NA
"PHJJKLOP_02293",0,NA,NA,NA,NA,NA
"PHJJKLOP_02294",0,NA,NA,NA,NA,NA
"PHJJKLOP_02295",0,NA,NA,NA,NA,NA
"PHJJKLOP_02296",0,NA,NA,NA,NA,NA
"PHJJKLOP_02297",3.49899735776467,-5.85017261567885,3.91470039396325,-1.49441132831014,NA,NA
"PHJJKLOP_02299",0,NA,NA,NA,NA,NA
"PHJJKLOP_02300",0,NA,NA,NA,NA,NA
"PHJJKLOP_02301",0,NA,NA,NA,NA,NA
"PHJJKLOP_02302",0,NA,NA,NA,NA,NA
"PHJJKLOP_02303",0,NA,NA,NA,NA,NA
"PHJJKLOP_02304",0,NA,NA,NA,NA,NA
"PHJJKLOP_02305",0,NA,NA,NA,NA,NA
"PHJJKLOP_02306",0,NA,NA,NA,NA,NA
"PHJJKLOP_02307",62.8829193856693,7.39136784892775,3.0416963714272,2.43001501345107,NA,NA
"PHJJKLOP_02309",0,NA,NA,NA,NA,NA
"PHJJKLOP_02311",0,NA,NA,NA,NA,NA
"PHJJKLOP_02312",0,NA,NA,NA,NA,NA
"PHJJKLOP_02314",0,NA,NA,NA,NA,NA
"PHJJKLOP_02315",0,NA,NA,NA,NA,NA
"PHJJKLOP_02316",0,NA,NA,NA,NA,NA
"PHJJKLOP_02319",0,NA,NA,NA,NA,NA
"PHJJKLOP_02320",0,NA,NA,NA,NA,NA
"PHJJKLOP_02321",0.123624515184572,1.17432335466883,4.08052381408439,0.287787403817011,0.773509479957705,NA
"PHJJKLOP_02322",14.0068932843725,-20.1065504838592,3.87148705472563,-5.19349547076921,NA,NA
"PHJJKLOP_02323",0,NA,NA,NA,NA,NA
"PHJJKLOP_02324",0,NA,NA,NA,NA,NA
"PHJJKLOP_02325",0,NA,NA,NA,NA,NA
"PHJJKLOP_02326",0,NA,NA,NA,NA,NA
"PHJJKLOP_02327",0,NA,NA,NA,NA,NA
"PHJJKLOP_02328",0,NA,NA,NA,NA,NA
"PHJJKLOP_02329",0,NA,NA,NA,NA,NA
"PHJJKLOP_02330",0,NA,NA,NA,NA,NA
"PHJJKLOP_02331",0.324417444412187,2.63017670611181,3.99640220130237,0.658136136861969,0.510450657069971,NA
"PHJJKLOP_02332",0,NA,NA,NA,NA,NA
"PHJJKLOP_02333",0,NA,NA,NA,NA,NA
"PHJJKLOP_02336",0,NA,NA,NA,NA,NA
"PHJJKLOP_02338",0.540695740686979,3.36603961257348,3.96086253457815,0.849824901315838,0.395422443065261,NA
"PHJJKLOP_02340",0,NA,NA,NA,NA,NA
"PHJJKLOP_02341",0,NA,NA,NA,NA,NA
"PHJJKLOP_02342",0,NA,NA,NA,NA,NA
"PHJJKLOP_02343",6.41688404847603,0,4.08052381408439,0,NA,NA
"PHJJKLOP_02344",49.4595821665888,-1.32325099033701,2.99891583853909,-0.441243123041967,NA,NA
"PHJJKLOP_02345",1.76630019785542,-0.428770158506351,3.7935615857268,-0.11302575398264,0.910010137314336,NA
"PHJJKLOP_02346",2.37906125902271,5.50210653254544,3.91917395493812,1.40389444199404,0.160350284989358,NA
"PHJJKLOP_02347",0,NA,NA,NA,NA,NA
"PHJJKLOP_02348",1.66306075924631,-4.15939988648514,3.93213533571301,-1.05779672655415,0.290148125514671,NA
"PHJJKLOP_02349",0,NA,NA,NA,NA,NA
"PHJJKLOP_02350",0,NA,NA,NA,NA,NA
"PHJJKLOP_02351",0,NA,NA,NA,NA,NA
"PHJJKLOP_02352",0,NA,NA,NA,NA,NA
"PHJJKLOP_02354",2.06645418510245,0,4.08052381408439,0,1,NA
"PHJJKLOP_02355",0,NA,NA,NA,NA,NA
"PHJJKLOP_02357",0,NA,NA,NA,NA,NA
"PHJJKLOP_02359",0,NA,NA,NA,NA,NA
"PHJJKLOP_02363",8.61291657295919,-7.14706416158122,3.91002469347073,-1.82788210353657,NA,NA
"PHJJKLOP_02365",0,NA,NA,NA,NA,NA
"PHJJKLOP_02366",13.5344492395224,6.71533988377972,3.87947826091323,1.73099046627959,NA,NA
"PHJJKLOP_02367",0,NA,NA,NA,NA,NA
"PHJJKLOP_02368",0,NA,NA,NA,NA,NA
"PHJJKLOP_02369",0,NA,NA,NA,NA,NA
"PHJJKLOP_02372",0,NA,NA,NA,NA,NA
"PHJJKLOP_02373",0,NA,NA,NA,NA,NA
"PHJJKLOP_02374",1.96639857360407,-3.89344019447003,3.79143804436796,-1.0269032881214,0.304466005857404,NA
"PHJJKLOP_02378",0.67589416058641,1.42095985499483,3.93365992265801,0.361230986646826,0.717926779816674,NA
"PHJJKLOP_02380",0,NA,NA,NA,NA,NA
"PHJJKLOP_02381",0,NA,NA,NA,NA,NA
"PHJJKLOP_02382",0,NA,NA,NA,NA,NA
"PHJJKLOP_02383",0,NA,NA,NA,NA,NA
"PHJJKLOP_02384",0,NA,NA,NA,NA,NA
"PHJJKLOP_02386",2.37906125902271,5.50210653254544,3.91917395493812,1.40389444199404,0.160350284989358,NA
"PHJJKLOP_02388",0,NA,NA,NA,NA,NA
"PHJJKLOP_02389",8.86194348428651,-0.25958762859907,3.57173604998066,-0.0726782788443945,NA,NA
"PHJJKLOP_02390",0,NA,NA,NA,NA,NA
"PHJJKLOP_02392",0,NA,NA,NA,NA,NA
"PHJJKLOP_02393",0,NA,NA,NA,NA,NA
"PHJJKLOP_02394",0,NA,NA,NA,NA,NA
"PHJJKLOP_02396",0,NA,NA,NA,NA,NA
"PHJJKLOP_02397",0.714356443120532,-3.33946443837544,3.95123119382705,-0.84517059988609,0.398015594756373,NA
"PHJJKLOP_02398",0,NA,NA,NA,NA,NA
"PHJJKLOP_02399",0,NA,NA,NA,NA,NA
"PHJJKLOP_02400",0,NA,NA,NA,NA,NA
"PHJJKLOP_02402",0,NA,NA,NA,NA,NA
"PHJJKLOP_02403",0,NA,NA,NA,NA,NA
"PHJJKLOP_02404",1.62892480497732,3.04453455787173,3.97423349011554,0.766068366502347,0.443635624183838,NA
"PHJJKLOP_02405",0,NA,NA,NA,NA,NA
"PHJJKLOP_02406",0.217521493168679,0,4.08052381408439,0,1,NA
"PHJJKLOP_02407",0,NA,NA,NA,NA,NA
"PHJJKLOP_02408",0,NA,NA,NA,NA,NA
"PHJJKLOP_02409",0,NA,NA,NA,NA,NA
"PHJJKLOP_02410",0,NA,NA,NA,NA,NA
"PHJJKLOP_02411",0,NA,NA,NA,NA,NA
"PHJJKLOP_02412",0,NA,NA,NA,NA,NA
"PHJJKLOP_02414",2.82777941119283,0,4.08052381408439,0,1,NA
"PHJJKLOP_02415",0,NA,NA,NA,NA,NA
"PHJJKLOP_02416",0,NA,NA,NA,NA,NA
"PHJJKLOP_02418",0,NA,NA,NA,NA,NA
"PHJJKLOP_02419",0,NA,NA,NA,NA,NA
"PHJJKLOP_02420",0,NA,NA,NA,NA,NA
"PHJJKLOP_02421",5.78187889859014,-6.5155987300153,3.5049101160237,-1.85899167577148,NA,NA
"PHJJKLOP_02422",0,NA,NA,NA,NA,NA
"PHJJKLOP_02424",0,NA,NA,NA,NA,NA
"PHJJKLOP_02425",0.324417444412187,2.63017670611181,3.99640220130237,0.658136136861969,0.510450657069971,NA
"PHJJKLOP_02426",0,NA,NA,NA,NA,NA
"PHJJKLOP_02427",0,NA,NA,NA,NA,NA
"PHJJKLOP_02428",0,NA,NA,NA,NA,NA
"PHJJKLOP_02429",3.56628576849091,-5.87756852497516,3.9145523137077,-1.50146633738768,NA,NA
"PHJJKLOP_02430",6.79934833515147,7.01582740537029,3.91114246393414,1.79380512729092,NA,NA
"PHJJKLOP_02432",0,NA,NA,NA,NA,NA
"PHJJKLOP_02433",0,NA,NA,NA,NA,NA
"PHJJKLOP_02434",22.0823553793059,1.69881084457666,3.63730569384285,0.467051985059261,NA,NA
"PHJJKLOP_02437",0,NA,NA,NA,NA,NA
"PHJJKLOP_02438",0,NA,NA,NA,NA,NA
"PHJJKLOP_02439",0,NA,NA,NA,NA,NA
"PHJJKLOP_02440",0,NA,NA,NA,NA,NA
"PHJJKLOP_02441",0,NA,NA,NA,NA,NA
"PHJJKLOP_02442",0,NA,NA,NA,NA,NA
"PHJJKLOP_02443",0,NA,NA,NA,NA,NA
"PHJJKLOP_02444",0,NA,NA,NA,NA,NA
"PHJJKLOP_02445",0,NA,NA,NA,NA,NA
"PHJJKLOP_02446",0,NA,NA,NA,NA,NA
"PHJJKLOP_02447",0.117289237525283,0,4.08052381408439,0,1,NA
"PHJJKLOP_02448",0,NA,NA,NA,NA,NA
"PHJJKLOP_02449",0,NA,NA,NA,NA,NA
"PHJJKLOP_02450",0,NA,NA,NA,NA,NA
"PHJJKLOP_02451",0,NA,NA,NA,NA,NA
"PHJJKLOP_02453",2.35509437541853,-5.28116056387301,3.91850147362028,-1.3477500517548,0.177738787816291,NA
"PHJJKLOP_02454",0,NA,NA,NA,NA,NA
"PHJJKLOP_02456",0,NA,NA,NA,NA,NA
"PHJJKLOP_02457",2.1171553155827,-0.245364018229491,3.78141370722112,-0.0648868484717595,0.948264091925662,NA
"PHJJKLOP_02458",0,NA,NA,NA,NA,NA
"PHJJKLOP_02459",8.28513492069484,-1.03518850070801,3.59136653601822,-0.28824362267844,NA,NA
"PHJJKLOP_02460",0,NA,NA,NA,NA,NA
"PHJJKLOP_02461",0,NA,NA,NA,NA,NA
"PHJJKLOP_02463",5.70598645270972,-6.55338874004758,3.91166017964103,-1.67534715161504,NA,NA
"PHJJKLOP_02464",0,NA,NA,NA,NA,NA
"PHJJKLOP_02465",1.74949867888233,-4.85455270078512,3.92250334667299,-1.23761594872894,0.215858497915686,NA
"PHJJKLOP_02466",0,NA,NA,NA,NA,NA
"PHJJKLOP_02467",0,NA,NA,NA,NA,NA
"PHJJKLOP_02469",0,NA,NA,NA,NA,NA
"PHJJKLOP_02470",0,NA,NA,NA,NA,NA
"PHJJKLOP_02471",0,NA,NA,NA,NA,NA
"PHJJKLOP_02472",0,NA,NA,NA,NA,NA
"PHJJKLOP_02473",0,NA,NA,NA,NA,NA
"PHJJKLOP_02474",0,NA,NA,NA,NA,NA
"PHJJKLOP_02475",0,NA,NA,NA,NA,NA
"PHJJKLOP_02476",4.6548836851053,-6.26014875364265,3.91275183342991,-1.59993503808674,NA,NA
"PHJJKLOP_02477",0.911569286240695,4.11596440368807,3.93904509693421,1.04491426282262,0.296062597187677,NA
"PHJJKLOP_02478",0,NA,NA,NA,NA,NA
"PHJJKLOP_02479",0,NA,NA,NA,NA,NA
"PHJJKLOP_02480",0,NA,NA,NA,NA,NA
"PHJJKLOP_02481",0,NA,NA,NA,NA,NA
"PHJJKLOP_02482",0,NA,NA,NA,NA,NA
"PHJJKLOP_02483",0.543803732921697,0,4.08052381408439,0,1,NA
"PHJJKLOP_02484",1.40372885429503,4.74365649457087,3.92770385272017,1.20774291353092,0.22714616582489,NA
"PHJJKLOP_02485",0,NA,NA,NA,NA,NA
"PHJJKLOP_02486",0,NA,NA,NA,NA,NA
"PHJJKLOP_02487",0,NA,NA,NA,NA,NA
"PHJJKLOP_02488",0,NA,NA,NA,NA,NA
"PHJJKLOP_02489",2.70594949314581,-3.5270655014325,3.87596561659628,-0.909983691890906,0.362831110354127,NA
"PHJJKLOP_02490",0,NA,NA,NA,NA,NA
"PHJJKLOP_02491",0,NA,NA,NA,NA,NA
"PHJJKLOP_02492",0,NA,NA,NA,NA,NA
"PHJJKLOP_02493",0,NA,NA,NA,NA,NA
"PHJJKLOP_02494",0,NA,NA,NA,NA,NA
"PHJJKLOP_02495",1.6205714869678,-4.74310618379693,3.92375656258743,-1.20881764914315,0.226732909509615,NA
"PHJJKLOP_02496",0,NA,NA,NA,NA,NA
"PHJJKLOP_02497",0,NA,NA,NA,NA,NA
"PHJJKLOP_02498",0,NA,NA,NA,NA,NA
"PHJJKLOP_02499",0,NA,NA,NA,NA,NA
"PHJJKLOP_02501",0,NA,NA,NA,NA,NA
"PHJJKLOP_02502",0,NA,NA,NA,NA,NA
"PHJJKLOP_02503",24.445726897129,22.1282130841796,3.90910244144788,5.66068897288442,NA,NA
"PHJJKLOP_02504",0,NA,NA,NA,NA,NA
"PHJJKLOP_02505",0,NA,NA,NA,NA,NA
"PHJJKLOP_02506",0,NA,NA,NA,NA,NA
"PHJJKLOP_02507",0,NA,NA,NA,NA,NA
"PHJJKLOP_02508",0,NA,NA,NA,NA,NA
"PHJJKLOP_02509",0,NA,NA,NA,NA,NA
"PHJJKLOP_02511",0,NA,NA,NA,NA,NA
"PHJJKLOP_02512",0,NA,NA,NA,NA,NA
"PHJJKLOP_02514",0,NA,NA,NA,NA,NA
"PHJJKLOP_02515",5.65555882238565,0,4.08052381408439,0,NA,NA
"PHJJKLOP_02516",0,NA,NA,NA,NA,NA
"PHJJKLOP_02517",0,NA,NA,NA,NA,NA
"PHJJKLOP_02518",0,NA,NA,NA,NA,NA
"PHJJKLOP_02519",1.19636821242773,0,4.08052381408439,0,1,NA
"PHJJKLOP_02520",0,NA,NA,NA,NA,NA
"PHJJKLOP_02522",0,NA,NA,NA,NA,NA
"PHJJKLOP_02523",0,NA,NA,NA,NA,NA
"PHJJKLOP_02524",0,NA,NA,NA,NA,NA
"PHJJKLOP_02525",0,NA,NA,NA,NA,NA
"PHJJKLOP_02526",0,NA,NA,NA,NA,NA
"PHJJKLOP_02527",0,NA,NA,NA,NA,NA
"PHJJKLOP_02528",10.327433713742,23.8919903527078,3.90965953557723,6.11101558468065,NA,NA
"PHJJKLOP_02530",0,NA,NA,NA,NA,NA
"PHJJKLOP_02531",0,NA,NA,NA,NA,NA
"PHJJKLOP_02532",0,NA,NA,NA,NA,NA
"PHJJKLOP_02534",0,NA,NA,NA,NA,NA
"PHJJKLOP_02535",2.06329807263243,-3.30831658564708,3.89747265852932,-0.848836380777961,0.395972343253762,NA
"PHJJKLOP_02537",0,NA,NA,NA,NA,NA
"PHJJKLOP_02538",0,NA,NA,NA,NA,NA
"PHJJKLOP_02539",0,NA,NA,NA,NA,NA
"PHJJKLOP_02540",0,NA,NA,NA,NA,NA
"PHJJKLOP_02541",0,NA,NA,NA,NA,NA
"PHJJKLOP_02542",0,NA,NA,NA,NA,NA
"PHJJKLOP_02543",0,NA,NA,NA,NA,NA
"PHJJKLOP_02544",3.04952017565735,0,4.08052381408439,0,1,NA
"PHJJKLOP_02545",0,NA,NA,NA,NA,NA
"PHJJKLOP_02546",2.83627079150308,0,4.08052381408439,0,1,NA
"PHJJKLOP_02547",0,NA,NA,NA,NA,NA
"PHJJKLOP_02550",0,NA,NA,NA,NA,NA
"PHJJKLOP_02551",0,NA,NA,NA,NA,NA
"PHJJKLOP_02552",0,NA,NA,NA,NA,NA
"PHJJKLOP_02553",0,NA,NA,NA,NA,NA
"PHJJKLOP_02554",0,NA,NA,NA,NA,NA
"PHJJKLOP_02556",8.48333823357848,0,4.08052381408439,0,NA,NA
"PHJJKLOP_02557",0,NA,NA,NA,NA,NA
"PHJJKLOP_02558",0,NA,NA,NA,NA,NA
"PHJJKLOP_02559",0.108760746584339,0,4.08052381408439,0,1,NA
"PHJJKLOP_02561",0,NA,NA,NA,NA,NA
"PHJJKLOP_02562",0,NA,NA,NA,NA,NA
"PHJJKLOP_02563",0.480414786067549,-0.745137672534705,4.07993952822894,-0.182634489403367,0.855084820834839,NA
"PHJJKLOP_02564",0,NA,NA,NA,NA,NA
"PHJJKLOP_02566",0,NA,NA,NA,NA,NA
"PHJJKLOP_02567",0,NA,NA,NA,NA,NA
"PHJJKLOP_02568",37.9720286982944,2.4438164200703,3.43517941392975,0.711408670580803,NA,NA
"PHJJKLOP_02569",0,NA,NA,NA,NA,NA
"PHJJKLOP_02570",0,NA,NA,NA,NA,NA
"PHJJKLOP_02571",0,NA,NA,NA,NA,NA
"PHJJKLOP_02572",0,NA,NA,NA,NA,NA
"PHJJKLOP_02573",0,NA,NA,NA,NA,NA
"PHJJKLOP_02576",0,NA,NA,NA,NA,NA
"PHJJKLOP_02577",0,NA,NA,NA,NA,NA
"PHJJKLOP_02578",0,NA,NA,NA,NA,NA
"PHJJKLOP_02580",0,NA,NA,NA,NA,NA
"PHJJKLOP_02582",0,NA,NA,NA,NA,NA
"PHJJKLOP_02583",0,NA,NA,NA,NA,NA
"PHJJKLOP_02584",0,NA,NA,NA,NA,NA
"PHJJKLOP_02585",0,NA,NA,NA,NA,NA
"PHJJKLOP_02586",0,NA,NA,NA,NA,NA
"PHJJKLOP_02587",0,NA,NA,NA,NA,NA
"PHJJKLOP_02589",0,NA,NA,NA,NA,NA
"PHJJKLOP_02592",0,NA,NA,NA,NA,NA
"PHJJKLOP_02596",0,NA,NA,NA,NA,NA
"PHJJKLOP_02597",0,NA,NA,NA,NA,NA
"PHJJKLOP_02598",0,NA,NA,NA,NA,NA
"PHJJKLOP_02600",0,NA,NA,NA,NA,NA
"PHJJKLOP_02601",0,NA,NA,NA,NA,NA
"PHJJKLOP_02602",0,NA,NA,NA,NA,NA
"PHJJKLOP_02603",0,NA,NA,NA,NA,NA
"PHJJKLOP_02605",9.34092853361193,-0.756390342706768,3.87704331342687,-0.195094633089927,NA,NA
"PHJJKLOP_02607",0,NA,NA,NA,NA,NA
"PHJJKLOP_02608",0,NA,NA,NA,NA,NA
"PHJJKLOP_02609",0,NA,NA,NA,NA,NA
"PHJJKLOP_02610",0,NA,NA,NA,NA,NA
"PHJJKLOP_02611",0,NA,NA,NA,NA,NA
"PHJJKLOP_02612",0,NA,NA,NA,NA,NA
"PHJJKLOP_02613",12.2324943017138,25.277164802996,3.90921481999299,6.46604649959895,NA,NA
"PHJJKLOP_02614",0,NA,NA,NA,NA,NA
"PHJJKLOP_02616",0.247249030369144,2.21507064743186,4.02580548635602,0.550218001078051,0.582169858281332,NA
"PHJJKLOP_02617",12.6079143465214,6.9562185896999,3.88269115416208,1.79159719727981,NA,NA
"PHJJKLOP_02618",0,NA,NA,NA,NA,NA
"PHJJKLOP_02619",50.3425485634736,5.24449791479117,3.42685009452016,1.53041357810707,NA,NA
"PHJJKLOP_02620",1.15782998148809,3.25555744874989,3.93634646016933,0.827050535742183,0.40820841862379,NA
"PHJJKLOP_02622",9.54153122714777,-1.41093250388365,3.38510117710927,-0.416806597517574,NA,NA
"PHJJKLOP_02623",0,NA,NA,NA,NA,NA
"PHJJKLOP_02624",0,NA,NA,NA,NA,NA
"PHJJKLOP_02625",0,NA,NA,NA,NA,NA
"PHJJKLOP_02626",0,NA,NA,NA,NA,NA
"PHJJKLOP_02627",0,NA,NA,NA,NA,NA
"PHJJKLOP_02628",0,NA,NA,NA,NA,NA
"PHJJKLOP_02629",0,NA,NA,NA,NA,NA
"PHJJKLOP_02630",0,NA,NA,NA,NA,NA
"PHJJKLOP_02632",2.9261758964134,1.52547162099561,2.50796447704987,0.608250888302066,0.54302108826036,NA
"PHJJKLOP_02633",0,NA,NA,NA,NA,NA
"PHJJKLOP_02635",2.48967119687101,-5.36097840845429,3.91787445479001,-1.36833848820754,0.171206148663943,NA
"PHJJKLOP_02636",0,NA,NA,NA,NA,NA
"PHJJKLOP_02637",0,NA,NA,NA,NA,NA
"PHJJKLOP_02638",0,NA,NA,NA,NA,NA
"PHJJKLOP_02639",0,NA,NA,NA,NA,NA
"PHJJKLOP_02642",0,NA,NA,NA,NA,NA
"PHJJKLOP_02643",0,NA,NA,NA,NA,NA
"PHJJKLOP_02645",0,NA,NA,NA,NA,NA
"PHJJKLOP_02646",1.02328602720399,-4.04424735138517,3.934220741462,-1.02796655733208,0.303965559211434,NA
"PHJJKLOP_02647",2.61025791802415,0,4.08052381408439,0,1,NA
"PHJJKLOP_02649",19.5339009453338,-0.0491652012774535,3.26495074620612,-0.0150584817656388,NA,NA
"PHJJKLOP_02650",0,NA,NA,NA,NA,NA
"PHJJKLOP_02651",0,NA,NA,NA,NA,NA
"PHJJKLOP_02652",0,NA,NA,NA,NA,NA
"PHJJKLOP_02654",0,NA,NA,NA,NA,NA
"PHJJKLOP_02655",0,NA,NA,NA,NA,NA
"PHJJKLOP_02657",0,NA,NA,NA,NA,NA
"PHJJKLOP_02658",2.51065975980465,-4.34662719886247,3.91828348556485,-1.10931922482782,0.267292494464288,NA
"PHJJKLOP_02659",0,NA,NA,NA,NA,NA
"PHJJKLOP_02660",8.10850706437697,-7.0596993623247,3.91022535009749,-1.80544565344519,NA,NA
"PHJJKLOP_02661",0,NA,NA,NA,NA,NA
"PHJJKLOP_02663",0,NA,NA,NA,NA,NA
"PHJJKLOP_02664",0,NA,NA,NA,NA,NA
"PHJJKLOP_02665",0,NA,NA,NA,NA,NA
"PHJJKLOP_02668",0,NA,NA,NA,NA,NA
"PHJJKLOP_02669",0,NA,NA,NA,NA,NA
"PHJJKLOP_02670",0,NA,NA,NA,NA,NA
"PHJJKLOP_02671",0,NA,NA,NA,NA,NA
"PHJJKLOP_02672",0,NA,NA,NA,NA,NA
"PHJJKLOP_02674",0,NA,NA,NA,NA,NA
"PHJJKLOP_02678",0,NA,NA,NA,NA,NA
"PHJJKLOP_02679",0,NA,NA,NA,NA,NA
"PHJJKLOP_02680",0,NA,NA,NA,NA,NA
"PHJJKLOP_02681",0,NA,NA,NA,NA,NA
"PHJJKLOP_02682",0.974495530130449,3.85095537956093,3.94551144596419,0.976034522343108,0.329047356943574,NA
"PHJJKLOP_02683",0,NA,NA,NA,NA,NA
"PHJJKLOP_02684",0,NA,NA,NA,NA,NA
"PHJJKLOP_02686",0,NA,NA,NA,NA,NA
"PHJJKLOP_02687",0,NA,NA,NA,NA,NA
"PHJJKLOP_02688",0,NA,NA,NA,NA,NA
"PHJJKLOP_02689",0,NA,NA,NA,NA,NA
"PHJJKLOP_02690",6.63440554164471,0,4.08052381408439,0,NA,NA
"PHJJKLOP_02691",0,NA,NA,NA,NA,NA
"PHJJKLOP_02692",2.69153642904975,-5.4729896268714,3.91705061687675,-1.39722208421071,0.162346797662358,NA
"PHJJKLOP_02693",0,NA,NA,NA,NA,NA
"PHJJKLOP_02694",0,NA,NA,NA,NA,NA
"PHJJKLOP_02695",0,NA,NA,NA,NA,NA
"PHJJKLOP_02696",6.23153783651193,-6.6803163584045,3.91125204965466,-1.70797388498507,NA,NA
"PHJJKLOP_02697",0,NA,NA,NA,NA,NA
"PHJJKLOP_02698",0,NA,NA,NA,NA,NA
"PHJJKLOP_02699",0,NA,NA,NA,NA,NA
"PHJJKLOP_02701",0.324417444412187,2.63017670611181,3.99640220130237,0.658136136861969,0.510450657069971,NA
"PHJJKLOP_02702",0,NA,NA,NA,NA,NA
"PHJJKLOP_02703",0,NA,NA,NA,NA,NA
"PHJJKLOP_02704",0,NA,NA,NA,NA,NA
"PHJJKLOP_02705",0.75697403696177,3.85095741910296,3.94551180723543,0.97603494989951,0.329047145073557,NA
"PHJJKLOP_02706",0,NA,NA,NA,NA,NA
"PHJJKLOP_02708",0,NA,NA,NA,NA,NA
"PHJJKLOP_02709",0,NA,NA,NA,NA,NA
"PHJJKLOP_02710",0,NA,NA,NA,NA,NA
"PHJJKLOP_02711",9.38313900202261,0,4.08052381408439,0,NA,NA
"PHJJKLOP_02713",0.719734368082093,1.05067811245263,3.8997341600564,0.269423009192359,0.787604181796852,NA
"PHJJKLOP_02715",3.90272782212213,-6.00725237332337,3.91388808484457,-1.53485542843822,NA,NA
"PHJJKLOP_02716",0,NA,NA,NA,NA,NA
"PHJJKLOP_02717",0,NA,NA,NA,NA,NA
"PHJJKLOP_02718",2.96283366513967,5.81955027871471,3.77873340546797,1.54007961246845,0.123540948670067,NA
"PHJJKLOP_02719",0,NA,NA,NA,NA,NA
"PHJJKLOP_02722",0,NA,NA,NA,NA,NA
"PHJJKLOP_02724",0,NA,NA,NA,NA,NA
"PHJJKLOP_02725",0.234578475050565,0,4.08052381408439,0,1,NA
"PHJJKLOP_02726",0,NA,NA,NA,NA,NA
"PHJJKLOP_02727",0,NA,NA,NA,NA,NA
"PHJJKLOP_02728",0,NA,NA,NA,NA,NA
"PHJJKLOP_02729",0,NA,NA,NA,NA,NA
"PHJJKLOP_02730",0,NA,NA,NA,NA,NA
"PHJJKLOP_02731",0,NA,NA,NA,NA,NA
"PHJJKLOP_02732",0,NA,NA,NA,NA,NA
"PHJJKLOP_02733",0,NA,NA,NA,NA,NA
"PHJJKLOP_02734",0,NA,NA,NA,NA,NA
"PHJJKLOP_02735",0,NA,NA,NA,NA,NA
"PHJJKLOP_02737",0,NA,NA,NA,NA,NA
"PHJJKLOP_02738",0,NA,NA,NA,NA,NA
"PHJJKLOP_02740",0,NA,NA,NA,NA,NA
"PHJJKLOP_02741",0,NA,NA,NA,NA,NA
"PHJJKLOP_02742",0,NA,NA,NA,NA,NA
"PHJJKLOP_02743",0,NA,NA,NA,NA,NA
"PHJJKLOP_02744",0,NA,NA,NA,NA,NA
"PHJJKLOP_02745",0,NA,NA,NA,NA,NA
"PHJJKLOP_02746",0,NA,NA,NA,NA,NA
"PHJJKLOP_02747",0,NA,NA,NA,NA,NA
"PHJJKLOP_02749",0,NA,NA,NA,NA,NA
"PHJJKLOP_02750",0,NA,NA,NA,NA,NA
"PHJJKLOP_02751",0,NA,NA,NA,NA,NA
"PHJJKLOP_02752",0,NA,NA,NA,NA,NA
"PHJJKLOP_02753",0,NA,NA,NA,NA,NA
"PHJJKLOP_02769",0,NA,NA,NA,NA,NA
"PHJJKLOP_02770",0,NA,NA,NA,NA,NA
"PHJJKLOP_02771",0,NA,NA,NA,NA,NA
"PHJJKLOP_02772",0,NA,NA,NA,NA,NA
"PHJJKLOP_02773",0.353765588452663,-0.943725495827466,4.01794444618035,-0.234877686455973,0.814303668776172,NA
"PHJJKLOP_02774",0,NA,NA,NA,NA,NA
"PHJJKLOP_02775",0,NA,NA,NA,NA,NA
"PHJJKLOP_02776",0,NA,NA,NA,NA,NA
"PHJJKLOP_02777",0,NA,NA,NA,NA,NA
"PHJJKLOP_02778",0,NA,NA,NA,NA,NA
"PHJJKLOP_02779",0,NA,NA,NA,NA,NA
"PHJJKLOP_02780",0.108760746584339,0,4.08052381408439,0,1,NA
"PHJJKLOP_02782",0,NA,NA,NA,NA,NA
"PHJJKLOP_02783",0.734039321688644,-1.27796251694335,3.91722087239721,-0.326242139152414,0.744241161487962,NA
"PHJJKLOP_02785",0.108139148137396,1.17432335466883,4.08052381408439,0.287787403817011,0.773509479957705,NA
"PHJJKLOP_02786",0,NA,NA,NA,NA,NA
"PHJJKLOP_02787",0,NA,NA,NA,NA,NA
"PHJJKLOP_02788",0,NA,NA,NA,NA,NA
"PHJJKLOP_02790",0,NA,NA,NA,NA,NA
"PHJJKLOP_02791",0,NA,NA,NA,NA,NA
"PHJJKLOP_02792",0,NA,NA,NA,NA,NA
"PHJJKLOP_02793",0,NA,NA,NA,NA,NA
"PHJJKLOP_02794",0,NA,NA,NA,NA,NA
"PHJJKLOP_02795",0,NA,NA,NA,NA,NA
"PHJJKLOP_02796",0,NA,NA,NA,NA,NA
"PHJJKLOP_02798",0,NA,NA,NA,NA,NA
"PHJJKLOP_02799",0,NA,NA,NA,NA,NA
"PHJJKLOP_02800",0,NA,NA,NA,NA,NA
"PHJJKLOP_02802",0,NA,NA,NA,NA,NA
"PHJJKLOP_02803",0,NA,NA,NA,NA,NA
"PHJJKLOP_02804",19.4552069944517,-0.839240040711641,3.66138676410676,-0.229213709116683,NA,NA
"PHJJKLOP_02806",0,NA,NA,NA,NA,NA
"PHJJKLOP_02807",0,NA,NA,NA,NA,NA
"PHJJKLOP_02808",0,NA,NA,NA,NA,NA
"PHJJKLOP_02810",0,NA,NA,NA,NA,NA
"PHJJKLOP_02812",0,NA,NA,NA,NA,NA
"PHJJKLOP_02813",1.13527942285271,2.00520194742918,3.91110939049838,0.512693905289532,0.608165453669881,NA
"PHJJKLOP_02814",0,NA,NA,NA,NA,NA
"PHJJKLOP_02815",0,NA,NA,NA,NA,NA
"PHJJKLOP_02816",0,NA,NA,NA,NA,NA
"PHJJKLOP_02817",0,NA,NA,NA,NA,NA
"PHJJKLOP_02818",0.626284330188996,1.67250150386312,3.99580491154599,0.418564354588578,0.675534544950059,NA
"PHJJKLOP_02819",0,NA,NA,NA,NA,NA
"PHJJKLOP_02820",0,NA,NA,NA,NA,NA
"PHJJKLOP_02821",0,NA,NA,NA,NA,NA
"PHJJKLOP_02822",0,NA,NA,NA,NA,NA
"PHJJKLOP_02823",0,NA,NA,NA,NA,NA
"PHJJKLOP_02824",0,NA,NA,NA,NA,NA
"PHJJKLOP_02825",0,NA,NA,NA,NA,NA
"PHJJKLOP_02827",0,NA,NA,NA,NA,NA
"PHJJKLOP_02828",0,NA,NA,NA,NA,NA
"PHJJKLOP_02830",0,NA,NA,NA,NA,NA
"PHJJKLOP_02833",0,NA,NA,NA,NA,NA
"PHJJKLOP_02834",0,NA,NA,NA,NA,NA
"PHJJKLOP_02835",0,NA,NA,NA,NA,NA
"PHJJKLOP_02836",0,NA,NA,NA,NA,NA
"PHJJKLOP_02837",0,NA,NA,NA,NA,NA
"PHJJKLOP_02838",0,NA,NA,NA,NA,NA
"PHJJKLOP_02839",0,NA,NA,NA,NA,NA
"PHJJKLOP_02840",0,NA,NA,NA,NA,NA
"PHJJKLOP_02841",0,NA,NA,NA,NA,NA
"PHJJKLOP_02842",0,NA,NA,NA,NA,NA
"PHJJKLOP_02843",1.29766977764875,4.62800828018143,3.92944262522907,1.17777728842946,0.238885405225824,NA
"PHJJKLOP_02844",0,NA,NA,NA,NA,NA
"PHJJKLOP_02847",0,NA,NA,NA,NA,NA
"PHJJKLOP_02848",0,NA,NA,NA,NA,NA
"PHJJKLOP_02849",0.807460928714924,-3.74880000498034,3.94038021100542,-0.9513802740431,0.341411370217539,NA
"PHJJKLOP_02850",0.783411710276862,2.00520099263845,3.91111096711155,0.512693454494168,0.608165769055078,NA
"PHJJKLOP_02851",0,NA,NA,NA,NA,NA
"PHJJKLOP_02852",0,NA,NA,NA,NA,NA
"PHJJKLOP_02853",0,NA,NA,NA,NA,NA
"PHJJKLOP_02855",0,NA,NA,NA,NA,NA
"PHJJKLOP_02857",0,NA,NA,NA,NA,NA
"PHJJKLOP_02858",0,NA,NA,NA,NA,NA
"PHJJKLOP_02859",0,NA,NA,NA,NA,NA
"PHJJKLOP_02861",0,NA,NA,NA,NA,NA
"PHJJKLOP_02862",0,NA,NA,NA,NA,NA
"PHJJKLOP_02864",0,NA,NA,NA,NA,NA
"PHJJKLOP_02867",0,NA,NA,NA,NA,NA
"PHJJKLOP_02868",0,NA,NA,NA,NA,NA
"PHJJKLOP_02869",0,NA,NA,NA,NA,NA
"PHJJKLOP_02870",0,NA,NA,NA,NA,NA
"PHJJKLOP_02871",0,NA,NA,NA,NA,NA
"PHJJKLOP_02873",0,NA,NA,NA,NA,NA
"PHJJKLOP_02876",14.5877502459023,-19.4223375281373,3.8629082650054,-5.02790545250241,NA,NA
"PHJJKLOP_02877",0,NA,NA,NA,NA,NA
"PHJJKLOP_02878",0,NA,NA,NA,NA,NA
"PHJJKLOP_02879",0,NA,NA,NA,NA,NA
"PHJJKLOP_02880",0,NA,NA,NA,NA,NA
"PHJJKLOP_02881",0,NA,NA,NA,NA,NA
"PHJJKLOP_02882",0,NA,NA,NA,NA,NA
"PHJJKLOP_02883",0,NA,NA,NA,NA,NA
"PHJJKLOP_02884",0,NA,NA,NA,NA,NA
"PHJJKLOP_02885",0,NA,NA,NA,NA,NA
"PHJJKLOP_02886",0,NA,NA,NA,NA,NA
"PHJJKLOP_02887",0,NA,NA,NA,NA,NA
"PHJJKLOP_02888",6.74233320788375,-4.54872354874293,3.88297512581095,-1.17145317736048,NA,NA
"PHJJKLOP_02889",0,NA,NA,NA,NA,NA
"PHJJKLOP_02890",0,NA,NA,NA,NA,NA
"PHJJKLOP_02891",0,NA,NA,NA,NA,NA
"PHJJKLOP_02892",0,NA,NA,NA,NA,NA
"PHJJKLOP_02895",0,NA,NA,NA,NA,NA
"PHJJKLOP_02896",0,NA,NA,NA,NA,NA
"PHJJKLOP_02897",1.30015617143652,4.04343526071064,3.94069910557073,1.02607054037561,0.30485833523128,NA
"PHJJKLOP_02898",0,NA,NA,NA,NA,NA
"PHJJKLOP_02899",0,NA,NA,NA,NA,NA
"PHJJKLOP_02901",0,NA,NA,NA,NA,NA
"PHJJKLOP_02902",0,NA,NA,NA,NA,NA
"PHJJKLOP_02903",0,NA,NA,NA,NA,NA
"PHJJKLOP_02905",0,NA,NA,NA,NA,NA
"PHJJKLOP_02906",0,NA,NA,NA,NA,NA
"PHJJKLOP_02907",0,NA,NA,NA,NA,NA
"PHJJKLOP_02908",0,NA,NA,NA,NA,NA
"PHJJKLOP_02909",0,NA,NA,NA,NA,NA
"PHJJKLOP_02910",0,NA,NA,NA,NA,NA
"PHJJKLOP_02911",0,NA,NA,NA,NA,NA
"PHJJKLOP_02912",0,NA,NA,NA,NA,NA
"PHJJKLOP_02913",0,NA,NA,NA,NA,NA
"PHJJKLOP_02914",0,NA,NA,NA,NA,NA
"PHJJKLOP_02915",0,NA,NA,NA,NA,NA
"PHJJKLOP_02916",0,NA,NA,NA,NA,NA
"PHJJKLOP_02917",0,NA,NA,NA,NA,NA
"PHJJKLOP_02919",0,NA,NA,NA,NA,NA
"PHJJKLOP_02920",0,NA,NA,NA,NA,NA
"PHJJKLOP_02921",0,NA,NA,NA,NA,NA
"PHJJKLOP_02922",0,NA,NA,NA,NA,NA
"PHJJKLOP_02923",0.586814646517879,0,4.08052381408439,0,1,NA
"PHJJKLOP_02924",0,NA,NA,NA,NA,NA
"PHJJKLOP_02925",0,NA,NA,NA,NA,NA
"PHJJKLOP_02926",0.618122575922861,3.54858245651587,3.9544789681576,0.897357777115492,0.369528035322418,NA
"PHJJKLOP_02927",0,NA,NA,NA,NA,NA
"PHJJKLOP_02928",0,NA,NA,NA,NA,NA
"PHJJKLOP_02929",0,NA,NA,NA,NA,NA
"PHJJKLOP_02930",0,NA,NA,NA,NA,NA
"PHJJKLOP_02931",0,NA,NA,NA,NA,NA
"PHJJKLOP_02933",0,NA,NA,NA,NA,NA
"PHJJKLOP_02935",0,NA,NA,NA,NA,NA
"PHJJKLOP_02937",0,NA,NA,NA,NA,NA
"PHJJKLOP_02938",0,NA,NA,NA,NA,NA
"PHJJKLOP_02939",0,NA,NA,NA,NA,NA
"PHJJKLOP_02941",0,NA,NA,NA,NA,NA
"PHJJKLOP_02942",0,NA,NA,NA,NA,NA
"PHJJKLOP_02943",0,NA,NA,NA,NA,NA
"PHJJKLOP_02944",0,NA,NA,NA,NA,NA
"PHJJKLOP_02945",0,NA,NA,NA,NA,NA
"PHJJKLOP_02946",32.4239128840853,4.96773601234382,3.67258131828095,1.3526551441124,NA,NA
"PHJJKLOP_02947",11.3876376069485,-0.227579013445672,3.60937607755405,-0.0630521753776054,NA,NA
"PHJJKLOP_02948",0,NA,NA,NA,NA,NA
"PHJJKLOP_02951",0,NA,NA,NA,NA,NA
"PHJJKLOP_02954",9.32377025682377,-5.3527688305457,3.87529106883504,-1.38125594580301,NA,NA
"PHJJKLOP_02955",0,NA,NA,NA,NA,NA
"PHJJKLOP_02956",0,NA,NA,NA,NA,NA
"PHJJKLOP_02957",0.432556592549583,3.04453803625977,3.97423499929442,0.766068950829606,0.44363527651888,NA
"PHJJKLOP_02958",0,NA,NA,NA,NA,NA
"PHJJKLOP_02961",0,NA,NA,NA,NA,NA
"PHJJKLOP_02962",0,NA,NA,NA,NA,NA
"PHJJKLOP_02963",0,NA,NA,NA,NA,NA
"PHJJKLOP_02964",0,NA,NA,NA,NA,NA
"PHJJKLOP_02965",0,NA,NA,NA,NA,NA
"PHJJKLOP_02966",0,NA,NA,NA,NA,NA
"PHJJKLOP_02967",0,NA,NA,NA,NA,NA
"PHJJKLOP_02968",0.300315076458406,-2.33867289032124,3.99445761203253,-0.585479461160493,0.558225372937166,NA
"PHJJKLOP_02969",0,NA,NA,NA,NA,NA
"PHJJKLOP_02970",0,NA,NA,NA,NA,NA
"PHJJKLOP_02972",0,NA,NA,NA,NA,NA
"PHJJKLOP_02974",0,NA,NA,NA,NA,NA
"PHJJKLOP_02975",0,NA,NA,NA,NA,NA
"PHJJKLOP_02976",0,NA,NA,NA,NA,NA
"PHJJKLOP_02977",0,NA,NA,NA,NA,NA
"PHJJKLOP_02978",0,NA,NA,NA,NA,NA
"PHJJKLOP_02979",0,NA,NA,NA,NA,NA
"PHJJKLOP_02981",0,NA,NA,NA,NA,NA
"PHJJKLOP_02982",0,NA,NA,NA,NA,NA
"PHJJKLOP_02983",0,NA,NA,NA,NA,NA
"PHJJKLOP_02984",0,NA,NA,NA,NA,NA
"PHJJKLOP_02985",0,NA,NA,NA,NA,NA
"PHJJKLOP_02986",0,NA,NA,NA,NA,NA
"PHJJKLOP_02987",0,NA,NA,NA,NA,NA
"PHJJKLOP_02988",0,NA,NA,NA,NA,NA
"PHJJKLOP_02989",0.351867712575848,0,4.08052381408439,0,1,NA
"PHJJKLOP_02992",0,NA,NA,NA,NA,NA
"PHJJKLOP_02993",0,NA,NA,NA,NA,NA
"PHJJKLOP_02994",0,NA,NA,NA,NA,NA
"PHJJKLOP_02995",0,NA,NA,NA,NA,NA
"PHJJKLOP_02996",0,NA,NA,NA,NA,NA
"PHJJKLOP_02998",0,NA,NA,NA,NA,NA
"PHJJKLOP_02999",0,NA,NA,NA,NA,NA
"PHJJKLOP_03000",0,NA,NA,NA,NA,NA
"PHJJKLOP_03001",0,NA,NA,NA,NA,NA
"PHJJKLOP_03002",0,NA,NA,NA,NA,NA
"PHJJKLOP_03003",0,NA,NA,NA,NA,NA
"PHJJKLOP_03004",0,NA,NA,NA,NA,NA
"PHJJKLOP_03007",0,NA,NA,NA,NA,NA
"PHJJKLOP_03008",0,NA,NA,NA,NA,NA
"PHJJKLOP_03010",0,NA,NA,NA,NA,NA
"PHJJKLOP_03011",0,NA,NA,NA,NA,NA
"PHJJKLOP_03012",0,NA,NA,NA,NA,NA
"PHJJKLOP_03013",0,NA,NA,NA,NA,NA
"PHJJKLOP_03014",0,NA,NA,NA,NA,NA
"PHJJKLOP_03015",0,NA,NA,NA,NA,NA
"PHJJKLOP_03016",0.807460928714924,-3.74880000498034,3.94038021100542,-0.9513802740431,0.341411370217539,NA
"PHJJKLOP_03017",0,NA,NA,NA,NA,NA
"PHJJKLOP_03019",0,NA,NA,NA,NA,NA
"PHJJKLOP_03020",0,NA,NA,NA,NA,NA
"PHJJKLOP_03021",0,NA,NA,NA,NA,NA
"PHJJKLOP_03023",0,NA,NA,NA,NA,NA
"PHJJKLOP_03025",0,NA,NA,NA,NA,NA
"PHJJKLOP_03026",0,NA,NA,NA,NA,NA
"PHJJKLOP_03027",0,NA,NA,NA,NA,NA
"PHJJKLOP_03028",0,NA,NA,NA,NA,NA
"PHJJKLOP_03029",0,NA,NA,NA,NA,NA
"PHJJKLOP_03030",0,NA,NA,NA,NA,NA
"PHJJKLOP_03031",9.11709298692723,5.43501898013736,3.87213241713623,1.4036242552255,NA,NA
"PHJJKLOP_03032",0,NA,NA,NA,NA,NA
"PHJJKLOP_03033",0,NA,NA,NA,NA,NA
"PHJJKLOP_03034",0,NA,NA,NA,NA,NA
"PHJJKLOP_03035",0,NA,NA,NA,NA,NA
"PHJJKLOP_03036",6.08138029828273,-6.64517642768196,3.91136148163825,-1.69894203306892,NA,NA
"PHJJKLOP_03037",0,NA,NA,NA,NA,NA
"PHJJKLOP_03039",0,NA,NA,NA,NA,NA
"PHJJKLOP_03040",0,NA,NA,NA,NA,NA
"PHJJKLOP_03041",0,NA,NA,NA,NA,NA
"PHJJKLOP_03042",0,NA,NA,NA,NA,NA
"PHJJKLOP_03043",0,NA,NA,NA,NA,NA
"PHJJKLOP_03044",0,NA,NA,NA,NA,NA
"PHJJKLOP_03045",0,NA,NA,NA,NA,NA
"PHJJKLOP_03046",0,NA,NA,NA,NA,NA
"PHJJKLOP_03047",0,NA,NA,NA,NA,NA
"PHJJKLOP_03048",0,NA,NA,NA,NA,NA
"PHJJKLOP_03049",0,NA,NA,NA,NA,NA
"PHJJKLOP_03050",0,NA,NA,NA,NA,NA
"PHJJKLOP_03051",0,NA,NA,NA,NA,NA
"PHJJKLOP_03052",0,NA,NA,NA,NA,NA
"PHJJKLOP_03053",0,NA,NA,NA,NA,NA
"PHJJKLOP_03054",0,NA,NA,NA,NA,NA
"PHJJKLOP_03055",0,NA,NA,NA,NA,NA
"PHJJKLOP_03056",0,NA,NA,NA,NA,NA
"PHJJKLOP_03057",0,NA,NA,NA,NA,NA
"PHJJKLOP_03058",0,NA,NA,NA,NA,NA
"PHJJKLOP_03059",0,NA,NA,NA,NA,NA
"PHJJKLOP_03060",0,NA,NA,NA,NA,NA
"PHJJKLOP_03061",0,NA,NA,NA,NA,NA
"PHJJKLOP_03062",0,NA,NA,NA,NA,NA
"PHJJKLOP_03063",0,NA,NA,NA,NA,NA
"PHJJKLOP_03064",0,NA,NA,NA,NA,NA
"PHJJKLOP_03065",0,NA,NA,NA,NA,NA
"PHJJKLOP_03068",0,NA,NA,NA,NA,NA
"PHJJKLOP_03069",0,NA,NA,NA,NA,NA
"PHJJKLOP_03070",0,NA,NA,NA,NA,NA
"PHJJKLOP_03071",0,NA,NA,NA,NA,NA
"PHJJKLOP_03072",0,NA,NA,NA,NA,NA
"PHJJKLOP_03073",0,NA,NA,NA,NA,NA
"PHJJKLOP_03074",15.2389411245703,0.220957040953983,2.93224812178127,0.0753541418656472,NA,NA
"PHJJKLOP_03077",0,NA,NA,NA,NA,NA
"PHJJKLOP_03078",0,NA,NA,NA,NA,NA
"PHJJKLOP_03079",0,NA,NA,NA,NA,NA
"PHJJKLOP_03080",0,NA,NA,NA,NA,NA
"PHJJKLOP_03081",0,NA,NA,NA,NA,NA
"PHJJKLOP_03083",0,NA,NA,NA,NA,NA
"PHJJKLOP_03084",0,NA,NA,NA,NA,NA
"PHJJKLOP_03086",0,NA,NA,NA,NA,NA
"PHJJKLOP_03089",0,NA,NA,NA,NA,NA
"PHJJKLOP_03090",0,NA,NA,NA,NA,NA
"PHJJKLOP_03091",0,NA,NA,NA,NA,NA
"PHJJKLOP_03092",0,NA,NA,NA,NA,NA
"PHJJKLOP_03093",0,NA,NA,NA,NA,NA
"PHJJKLOP_03094",0,NA,NA,NA,NA,NA
"PHJJKLOP_03095",1.88407550033482,-4.9608502230393,3.92139403837571,-1.26507312820166,0.205845114646121,NA
"PHJJKLOP_03096",0,NA,NA,NA,NA,NA
"PHJJKLOP_03097",0,NA,NA,NA,NA,NA
"PHJJKLOP_03098",0,NA,NA,NA,NA,NA
"PHJJKLOP_03099",0,NA,NA,NA,NA,NA
"PHJJKLOP_03100",0,NA,NA,NA,NA,NA
"PHJJKLOP_03101",0,NA,NA,NA,NA,NA
"PHJJKLOP_03102",0,NA,NA,NA,NA,NA
"PHJJKLOP_03103",0,NA,NA,NA,NA,NA
"PHJJKLOP_03104",0,NA,NA,NA,NA,NA
"PHJJKLOP_03105",0,NA,NA,NA,NA,NA
"PHJJKLOP_03106",0,NA,NA,NA,NA,NA
"PHJJKLOP_03107",0,NA,NA,NA,NA,NA
"PHJJKLOP_03108",0,NA,NA,NA,NA,NA
"PHJJKLOP_03109",0,NA,NA,NA,NA,NA
"PHJJKLOP_03110",0,NA,NA,NA,NA,NA
"PHJJKLOP_03111",0,NA,NA,NA,NA,NA
"PHJJKLOP_03112",24.281645049812,-0.297543920777284,3.64866387326934,-0.0815487343071352,NA,NA
"PHJJKLOP_03113",0,NA,NA,NA,NA,NA
"PHJJKLOP_03114",0,NA,NA,NA,NA,NA
"PHJJKLOP_03116",0,NA,NA,NA,NA,NA
"PHJJKLOP_03117",0,NA,NA,NA,NA,NA
"PHJJKLOP_03118",0,NA,NA,NA,NA,NA
"PHJJKLOP_03119",0,NA,NA,NA,NA,NA
"PHJJKLOP_03120",0,NA,NA,NA,NA,NA
"PHJJKLOP_03121",0,NA,NA,NA,NA,NA
"PHJJKLOP_03122",0,NA,NA,NA,NA,NA
"PHJJKLOP_03123",0,NA,NA,NA,NA,NA
"PHJJKLOP_03124",0,NA,NA,NA,NA,NA
"PHJJKLOP_03125",0,NA,NA,NA,NA,NA
"PHJJKLOP_03126",0,NA,NA,NA,NA,NA
"PHJJKLOP_03127",0,NA,NA,NA,NA,NA
"PHJJKLOP_03128",0,NA,NA,NA,NA,NA
"PHJJKLOP_03129",0,NA,NA,NA,NA,NA
"PHJJKLOP_03130",0,NA,NA,NA,NA,NA
"PHJJKLOP_03131",0,NA,NA,NA,NA,NA
"PHJJKLOP_03134",0,NA,NA,NA,NA,NA
"PHJJKLOP_03135",0,NA,NA,NA,NA,NA
"PHJJKLOP_03136",0,NA,NA,NA,NA,NA
"PHJJKLOP_03137",0,NA,NA,NA,NA,NA
"PHJJKLOP_03138",0,NA,NA,NA,NA,NA
"PHJJKLOP_03139",0,NA,NA,NA,NA,NA
"PHJJKLOP_03140",0,NA,NA,NA,NA,NA
"PHJJKLOP_03141",0,NA,NA,NA,NA,NA
"PHJJKLOP_03142",0,NA,NA,NA,NA,NA
"PHJJKLOP_03143",0,NA,NA,NA,NA,NA
"PHJJKLOP_03144",0,NA,NA,NA,NA,NA
"PHJJKLOP_03145",0,NA,NA,NA,NA,NA
"PHJJKLOP_03146",0,NA,NA,NA,NA,NA
"PHJJKLOP_03147",0,NA,NA,NA,NA,NA
"PHJJKLOP_03148",0,NA,NA,NA,NA,NA
"PHJJKLOP_03149",17.330932134816,6.21964362064126,3.54232449106174,1.75580854784341,NA,NA
"PHJJKLOP_03150",14.4909198263721,-16.6734751293459,3.51142166291214,-4.74835457827587,NA,NA
"PHJJKLOP_03151",0,NA,NA,NA,NA,NA
"PHJJKLOP_03152",0,NA,NA,NA,NA,NA
"PHJJKLOP_03154",0,NA,NA,NA,NA,NA
"PHJJKLOP_03157",0,NA,NA,NA,NA,NA
"PHJJKLOP_03158",0,NA,NA,NA,NA,NA
"PHJJKLOP_03159",0,NA,NA,NA,NA,NA
"PHJJKLOP_03160",0,NA,NA,NA,NA,NA
"PHJJKLOP_03161",17.8883025635422,19.3043806970276,3.8442306327497,5.02164998441304,NA,NA
"PHJJKLOP_03164",0,NA,NA,NA,NA,NA
"PHJJKLOP_03165",0,NA,NA,NA,NA,NA
"PHJJKLOP_03167",0,NA,NA,NA,NA,NA
"PHJJKLOP_03168",0,NA,NA,NA,NA,NA
"PHJJKLOP_03169",0,NA,NA,NA,NA,NA
"PHJJKLOP_03170",0,NA,NA,NA,NA,NA
"PHJJKLOP_03171",0,NA,NA,NA,NA,NA
"PHJJKLOP_03172",0.0672884107262436,-0.74514268340539,4.07994024212431,-0.182635685619115,0.855083882178741,NA
"PHJJKLOP_03173",0,NA,NA,NA,NA,NA
"PHJJKLOP_03176",0,NA,NA,NA,NA,NA
"PHJJKLOP_03177",0,NA,NA,NA,NA,NA
"PHJJKLOP_03178",0,NA,NA,NA,NA,NA
"PHJJKLOP_03179",0,NA,NA,NA,NA,NA
"PHJJKLOP_03180",0,NA,NA,NA,NA,NA
"PHJJKLOP_03181",0,NA,NA,NA,NA,NA
"PHJJKLOP_03182",0,NA,NA,NA,NA,NA
"PHJJKLOP_03183",0,NA,NA,NA,NA,NA
"PHJJKLOP_03184",0,NA,NA,NA,NA,NA
"PHJJKLOP_03185",0,NA,NA,NA,NA,NA
"PHJJKLOP_03186",0,NA,NA,NA,NA,NA
"PHJJKLOP_03187",0,NA,NA,NA,NA,NA
"PHJJKLOP_03188",0,NA,NA,NA,NA,NA
"PHJJKLOP_03189",0,NA,NA,NA,NA,NA
"PHJJKLOP_03190",0,NA,NA,NA,NA,NA
"PHJJKLOP_03191",0,NA,NA,NA,NA,NA
"PHJJKLOP_03192",0,NA,NA,NA,NA,NA
"PHJJKLOP_03193",0,NA,NA,NA,NA,NA
"PHJJKLOP_03194",0,NA,NA,NA,NA,NA
"PHJJKLOP_03195",0,NA,NA,NA,NA,NA
"PHJJKLOP_03196",0,NA,NA,NA,NA,NA
"PHJJKLOP_03197",0,NA,NA,NA,NA,NA
"PHJJKLOP_03198",0,NA,NA,NA,NA,NA
"PHJJKLOP_03199",0,NA,NA,NA,NA,NA
"PHJJKLOP_03200",0,NA,NA,NA,NA,NA
"PHJJKLOP_03201",0,NA,NA,NA,NA,NA
"PHJJKLOP_03202",0,NA,NA,NA,NA,NA
"PHJJKLOP_03203",0,NA,NA,NA,NA,NA
"PHJJKLOP_03204",0,NA,NA,NA,NA,NA
"PHJJKLOP_03205",0,NA,NA,NA,NA,NA
"PHJJKLOP_03206",0,NA,NA,NA,NA,NA
"PHJJKLOP_03207",0,NA,NA,NA,NA,NA
"PHJJKLOP_03208",0,NA,NA,NA,NA,NA
