"","baseMean","log2FoldChange","lfcSE","stat","pvalue","padj"
"PHJJKLOP_00266",24.823717060534,19.9950893820982,3.13638136281475,6.37520985781958,1.82712585788776e-10,3.78345344118993e-08
"PHJJKLOP_01909",19.5148611117506,-22.2265435906517,3.48333529550968,-6.38082231684777,1.7613958210464e-10,3.78345344118993e-08
"PHJJKLOP_02893",24.2522086423081,-22.2591205837358,3.50669748598936,-6.34760217346085,2.1869673070462e-10,3.78345344118993e-08
"PHJJKLOP_01405",50.5725754535463,20.5024536813956,3.29972440110081,6.21338366154332,5.18556287314196e-10,5.8352660842345e-08
"PHJJKLOP_02385",46.7996037901682,22.0475393718486,3.55565949077718,6.20068919114343,5.62164362643016e-10,5.8352660842345e-08
"PHJJKLOP_02959",49.4159045314849,21.7544872348736,3.60489762767403,6.03470319597122,1.59255123232553e-09,1.37755681596159e-07
"PHJJKLOP_02579",58.3602347293277,8.92527486607339,2.42513519312854,3.68032054104141,0.000232940950148369,0.0172709075895719
"PHJJKLOP_01709",52.3769512774327,-9.74581020476712,2.75079438989836,-3.54290754720029,0.000395741414606841,0.0256737242726188
"PHJJKLOP_01116",72.1067232737989,-9.26474356716576,2.73481359221653,-3.38770568989925,0.000704798479316607,0.0343183092119136
"PHJJKLOP_01456",35.6985294334169,-8.33247777232651,2.461805320039,-3.3847021551625,0.000712555274047016,0.0343183092119136
"PHJJKLOP_01796",59.6856824498017,9.51205351962844,2.81500671567097,3.37905180356246,0.00072736300834499,0.0343183092119136
"PHJJKLOP_02212",46.8774521153238,-8.21177774039259,2.5454489477331,-3.22606263531851,0.00125505887711065,0.0542812964350358
"PHJJKLOP_03162",45.6738643510233,-8.92972589319234,2.94968433103862,-3.02734967237937,0.00246708389923064,0.0984935802846695
"PHJJKLOP_00069",34.8834325727356,8.19761585498489,2.80456832515878,2.9229510229603,0.00346731051120209,0.125516684018425
"PHJJKLOP_01171",25.4806420838574,8.74465039567243,3.00622619276784,2.90884645230943,0.00362764982712212,0.125516684018425
"PHJJKLOP_01322",22.0673944721252,-8.50241625222584,2.97085426505232,-2.86194323035099,0.00421052316957849,0.128544795588896
"PHJJKLOP_01655",48.348425358567,-9.02396441798085,3.13386246315838,-2.87950237895453,0.00398303292898037,0.128544795588896
"PHJJKLOP_00491",37.4692218954666,8.91405498219637,3.20078551883923,2.78495854524769,0.00535345668541055,0.154358001096004
"PHJJKLOP_00430",31.0777976570907,-8.40099461111762,3.13724086554597,-2.67782901318787,0.00741010356522133,0.165158024211251
"PHJJKLOP_00818",34.4357071698565,-7.94451751194832,2.96894095010238,-2.67587589159507,0.00745342399269239,0.165158024211251
"PHJJKLOP_00885",25.2044377630626,-7.25344917096902,2.67536929518862,-2.71119549140884,0.00670410873638231,0.165158024211251
"PHJJKLOP_01177",27.3960403280971,-8.60025511735019,3.15832618403262,-2.72304208502277,0.00646838173487583,0.165158024211251
"PHJJKLOP_01406",39.897546130058,8.5862221132384,3.17969845279842,2.70032590847782,0.00692715805187795,0.165158024211251
"PHJJKLOP_02138",46.8263747880024,-6.5438405873104,2.48365115707691,-2.63476638764844,0.00841952083326686,0.165158024211251
"PHJJKLOP_02139",21.6725061003098,8.50618342940026,3.23690700232572,2.62787390038965,0.00859203594162576,0.165158024211251
"PHJJKLOP_02676",26.5683508748303,7.42038660904516,2.79519353054216,2.65469511429711,0.00793801180090972,0.165158024211251
"PHJJKLOP_02863",27.0711630744339,7.39450968069262,2.81129452883926,2.63028636979765,0.00853129699876252,0.165158024211251
"PHJJKLOP_00810",29.7124849812505,8.3421211451429,3.19933764322266,2.6074525653191,0.00912187081674276,0.169080391210339
"PHJJKLOP_01921",70.4653334471152,5.83682055432275,2.2863155623301,2.55293742057818,0.0106818686549885,0.184796327731301
"PHJJKLOP_02560",30.0446354786681,-7.96396834709901,3.11621433806612,-2.55565486937633,0.0105988184980016,0.184796327731301
"PHJJKLOP_01075",25.992177361927,-7.84100023663049,3.1167146708049,-2.51579020372934,0.0118765856026778,0.192623372743431
"PHJJKLOP_02536",25.2484635489016,-8.69681940597296,3.44765827549037,-2.52252941302194,0.0116514205781831,0.192623372743431
"PHJJKLOP_02656",23.257472942119,-8.57802638324795,3.45623133230362,-2.48190168958702,0.01306833245139,0.205529228553679
"PHJJKLOP_01109",28.3937060692851,7.64387903478029,3.10687144838475,2.46031390798428,0.0138815540886558,0.211897840353304
"PHJJKLOP_00953",19.6529908805744,7.59817655392693,3.12371158338392,2.43241936750634,0.0149983305428507,0.214228229168589
"PHJJKLOP_01662",10.2127649790726,-7.00329535398326,2.86813475500385,-2.44175952394324,0.014615878832204,0.214228229168589
"PHJJKLOP_02126",19.7134349176427,-8.33982789561047,3.4516914606803,-2.4161568293728,0.0156853038697618,0.214228229168589
"PHJJKLOP_02533",20.088079243318,8.40112430371737,3.47410813829706,2.41821036343314,0.0155970569537947,0.214228229168589
"PHJJKLOP_01314",19.1650973909709,-8.29875402248051,3.48342368184604,-2.38235563067728,0.0172022756387872,0.22330305516169
"PHJJKLOP_02581",15.8297352356834,6.64472774458993,2.78934175459911,2.38218487699974,0.0172102547330782,0.22330305516169
"PHJJKLOP_00268",13.5139377365796,-7.79473420288781,3.46776593554728,-2.24776825995831,0.0245909707821611,0.232878836942423
"PHJJKLOP_00374",23.1084716236363,-7.40888225635315,3.25637948826363,-2.275190064013,0.0228945306584516,0.232878836942423
"PHJJKLOP_00597",16.6799093777367,7.30970570441055,3.1038574228247,2.35503913635255,0.0185207549702407,0.232878836942423
"PHJJKLOP_00758",10.3945083557096,-7.18780636416607,3.12006083599703,-2.30373917112073,0.0212372895639978,0.232878836942423
"PHJJKLOP_00950",17.5443141925979,8.00410120929855,3.44921645402802,2.32055636866492,0.0203107993250784,0.232878836942423
"PHJJKLOP_00966",18.0781104376005,-7.24524692369578,3.22077458131308,-2.24953555139582,0.0244784435933201,0.232878836942423
"PHJJKLOP_01046",26.3447002002473,6.81454711169628,2.96578157935478,2.29772386447245,0.0215775104153363,0.232878836942423
"PHJJKLOP_01070",40.5554028587951,-5.85944854173507,2.59211272468938,-2.26049140761701,0.0237907691119479,0.232878836942423
"PHJJKLOP_01105",24.1324902650681,-8.15970732102909,3.49620361821423,-2.33387645917398,0.0196021917284771,0.232878836942423
"PHJJKLOP_01284",12.6025159676095,7.72912636742389,3.46337525877596,2.23167453421017,0.0256364815232708,0.232878836942423
"PHJJKLOP_01829",26.8586301178634,6.11816014931754,2.71486730573767,2.25357612741781,0.0242228465621787,0.232878836942423
"PHJJKLOP_01893",37.2437703127786,6.64396540960336,2.8574903293197,2.32510512509246,0.020066339676324,0.232878836942423
"PHJJKLOP_02042",18.8536729219871,-7.00367053040496,3.09494944341467,-2.26293535918886,0.0236396743107695,0.232878836942423
"PHJJKLOP_02214",16.0909080184024,-7.03346161728996,3.15677056752084,-2.22805600434043,0.0258767806152347,0.232878836942423
"PHJJKLOP_02231",39.0402006339283,5.73885415072648,2.56461319592621,2.23770748736785,0.0252401366749891,0.232878836942423
"PHJJKLOP_02435",9.65763092154701,7.31867022766822,3.28805074913615,2.22583858524416,0.0260249952652419,0.232878836942423
"PHJJKLOP_02714",16.5963778475001,8.1261416620899,3.46821509548782,2.34303278151984,0.0191277023955572,0.232878836942423
"PHJJKLOP_02784",14.8357066584134,7.96450023314868,3.47298683673645,2.29327106826379,0.0218324038118012,0.232878836942423
"PHJJKLOP_00589",12.0195642565144,-7.62633244179531,3.52416747148052,-2.16400965717769,0.0304636082508584,0.264279733751197
"PHJJKLOP_01987",9.72491313012494,-7.04304517876775,3.25636956326443,-2.16285192510744,0.030552570375861,0.264279733751197
"PHJJKLOP_00670",34.1884768295176,6.58733485365251,3.1155708344253,2.11432678110418,0.0344873665076327,0.284110209800975
"PHJJKLOP_01639",15.7870120326686,-7.40873713509472,3.4831212374801,-2.12703969513695,0.0334167851458244,0.284110209800975
"PHJJKLOP_02413",10.5854025567138,-7.44306479531459,3.51857700245103,-2.11536220185881,0.0343990887358956,0.284110209800975
"PHJJKLOP_01274",9.59433158824752,-7.30049644606367,3.49717690192844,-2.08753993600895,0.036839354987197,0.298744144349301
"PHJJKLOP_00980",11.9633923952486,5.67579448330592,2.76219644218329,2.05481203169593,0.0398971636455671,0.318563506646913
"PHJJKLOP_00077",26.4499694845888,7.02256423611159,3.47440535250288,2.02122767024081,0.0432562025956687,0.325361871697856
"PHJJKLOP_00216",130.444959467872,6.21718890254387,3.05888263497899,2.03250325182436,0.0421027349149341,0.325361871697856
"PHJJKLOP_01031",20.0758490781993,7.07862933544593,3.49848671673258,2.02334034929738,0.0430380695822516,0.325361871697856
"PHJJKLOP_01324",742.400310839437,-4.90432499826454,2.41595802858788,-2.02997110886529,0.0423594760918326,0.325361871697856
"PHJJKLOP_02391",41.4389991414009,5.52905868612178,2.75881519338175,2.00414246644201,0.045054801500188,0.334049171122823
"PHJJKLOP_01320",225.810346806315,-5.18875015855709,2.6076897137252,-1.98978817581204,0.0466142745064883,0.340743781251654
"PHJJKLOP_00577",10.0592500817584,6.92575241540423,3.51171250846703,1.97218661798358,0.0485883067479709,0.340980546138834
"PHJJKLOP_00763",22.2020278127778,-5.07263608016116,2.57990881219209,-1.96620750942397,0.0492746453957852,0.340980546138834
"PHJJKLOP_00938",16.1034440854023,6.84156997251078,3.47936718922201,1.96632594389687,0.049260971808109,0.340980546138834
"PHJJKLOP_02860",32.8796915211115,-6.225728642375,3.1617079315763,-1.96910302188194,0.0489412619162909,0.340980546138834
"PHJJKLOP_02829",10.547491912754,6.82061814055883,3.48903140922186,1.95487438792647,0.0505978982708158,0.345530384244124
"PHJJKLOP_01679",21.446828140255,-5.70135511910208,2.94780097604041,-1.93410449533141,0.0531002813408068,0.357909688517906
"PHJJKLOP_00330",13.3624440527696,6.77826609763374,3.52210122203073,1.9244949734084,0.0542925701902191,0.361254409342612
"PHJJKLOP_00174",20.7751114615439,6.56477534282282,3.46584374153811,1.89413482902995,0.058207115779644,0.375213729797065
"PHJJKLOP_00572",12.2752067317992,5.86445504543813,3.09723600452674,1.89344791190177,0.058298328966301,0.375213729797065
"PHJJKLOP_01505",93.996508881707,-4.25287031802176,2.24842696624032,-1.89148697372774,0.0585593682342241,0.375213729797065
"PHJJKLOP_02356",13.2879494934374,-6.54363676429348,3.5092750815618,-1.86466908754877,0.0622278023111646,0.393856456091395
"PHJJKLOP_01136",10.8100988950369,5.82295212905867,3.14137327323209,1.85363267035998,0.0637917302665815,0.398890457931998
"PHJJKLOP_01471",11.6570244488152,6.34121663028202,3.46881300442442,1.82806528405939,0.0675397543655411,0.417299196615665
"PHJJKLOP_02801",94.2891523468977,-3.16704656406936,1.76071905547567,-1.79872339895462,0.072062445656328,0.440004815242755
"PHJJKLOP_02334",10.7308606343976,5.61957650258068,3.22177423562827,1.74424900430207,0.0811156796703163,0.489523694754583
"PHJJKLOP_00814",89.6182445450688,-3.8531975568459,2.25131523659793,-1.71153177227577,0.0869829911267712,0.518898533273497
"PHJJKLOP_01336",12.9548887281455,5.61947972387803,3.44178451575984,1.63272270479067,0.102527329975459,0.60467823019617
"PHJJKLOP_01701",55.8223731420114,-4.84806156620515,2.98037374947522,-1.62666228256063,0.103808843527721,0.605357188661656
"PHJJKLOP_01286",364.651024070623,3.39085051922175,2.10258612428677,1.61270469735073,0.106808679537669,0.615930052000558
"PHJJKLOP_01491",14.8697894649124,5.32413571939539,3.44129618064881,1.54713091809249,0.121831679831994,0.694842217942909
"PHJJKLOP_02192",19.4510606518122,-4.00136067179539,2.61823786964097,-1.52826476088824,0.126446815447314,0.713324969751693
"PHJJKLOP_00345",23.0678457887085,-3.55460259868622,2.34515503113868,-1.51572179727508,0.129589713579496,0.715500652635729
"PHJJKLOP_01205",12.0952392712003,-5.23004144834832,3.44776903323615,-1.51693497967272,0.129283100966809,0.715500652635729
"PHJJKLOP_00334",64.5606970874049,-4.57953091371653,3.04449531663038,-1.50420034765733,0.132529788278629,0.724031159122197
"PHJJKLOP_02631",21.0573295940581,3.67588145660142,2.48806980564947,1.477402863961,0.13956767892121,0.754537764167791
"PHJJKLOP_02184",98.263760655012,-2.57327921751446,1.75893028584616,-1.46297965201988,0.143472946863879,0.767654220849
"PHJJKLOP_01164",51.0111639851813,4.32521462413103,2.9691854646551,1.4567007267205,0.145199009102351,0.768962099225718
"PHJJKLOP_00454",51.8026170285063,-3.07052002764496,2.16909131299556,-1.41557896122156,0.156898814728467,0.822530149940147
"PHJJKLOP_00851",11.1198528310698,-4.50024738966996,3.23927310241803,-1.38927692954035,0.164748556447229,0.849718248726817
"PHJJKLOP_02255",32.2545053408892,3.76841366423005,2.71642397755014,1.38727006364767,0.165359427979592,0.849718248726817
"PHJJKLOP_00051",43.6055422470277,-0.385679098659728,2.37871256071573,-0.162137748389272,0.87119738055008,1
"PHJJKLOP_00078",200.981725550745,0.965349826969816,1.72344078027026,0.560129386527824,0.57539118743465,1
"PHJJKLOP_00084",15.6777095882811,-1.53074209926613,3.25286756061386,-0.470582361790732,0.637939005764342,1
"PHJJKLOP_00136",35.3915841058408,-2.10102510608243,2.40747664234174,-0.872708407271928,0.38282203404512,1
"PHJJKLOP_00137",27.0505085740925,-1.26828701286639,2.8482622468766,-0.445284493819765,0.656114172251863,1
"PHJJKLOP_00155",270.241635211323,0.963106112064385,1.69436728933495,0.568416374729716,0.569752274226839,1
"PHJJKLOP_00156",37.8388190577427,0.129689912534418,2.21646803754624,0.0585119705484195,0.953340827713054,1
"PHJJKLOP_00161",37.0967791837337,0.583114758717419,2.30939256033362,0.252497028323837,0.800656910768841,1
"PHJJKLOP_00165",78.3671182952339,-0.381627103615323,2.13936019765004,-0.178383754187125,0.858421606965884,1
"PHJJKLOP_00169",108.714050364582,0.429183304118564,2.07029088171913,0.207305798382389,0.835771046056005,1
"PHJJKLOP_00172",468.670168014601,-0.683032081860387,1.72552411247439,-0.395840357675979,0.69222280228792,1
"PHJJKLOP_00173",311.705460025374,0.465477971072537,1.68199187315328,0.276742104704639,0.78197813911402,1
"PHJJKLOP_00191",2026.78101084926,-0.48139413414872,1.70620511579449,-0.282143178268786,0.777833726065615,1
"PHJJKLOP_00203",27.4148382024118,0.0352712694418151,2.92907254298289,0.0120417876048559,0.990392275780292,1
"PHJJKLOP_00211",37.6751712373888,0.0768313699162597,2.79380870169638,0.0275005836547106,0.978060474335451,1
"PHJJKLOP_00213",20.1727489162321,-2.42557611662534,3.25278068313292,-0.745693101660067,0.455852827275764,1
"PHJJKLOP_00214",215.146004878567,2.27349939547899,1.89256655598698,1.20127843762586,0.22964321171948,1
"PHJJKLOP_00244",9.3924357544888,-2.48009055805319,3.04076832423753,-0.815613125894777,0.414721439819093,1
"PHJJKLOP_00245",38.6359489072498,-0.426645093101178,2.68002881530095,-0.159194218608903,0.873515858659952,1
"PHJJKLOP_00258",36.7986145243998,0.636518665448633,2.68512455945923,0.237053682744917,0.812615144087426,1
"PHJJKLOP_00274",20.4066570726102,-1.54354161841531,2.69503798210053,-0.572734643692205,0.566824376880137,1
"PHJJKLOP_00278",34.1823486052236,-1.8220113405967,2.96939769738454,-0.613596266408349,0.539482151348608,1
"PHJJKLOP_00295",312.564515724378,-0.381694868454339,1.64912344514491,-0.23145318173607,0.816962753512211,1
"PHJJKLOP_00299",48.0530843753455,-2.35968750051848,3.0262725880325,-0.779733957162336,0.435547486909102,1
"PHJJKLOP_00306",15.1675103530459,-1.09673161893157,2.49357601310688,-0.439822813969521,0.660065442807712,1
"PHJJKLOP_00314",155.162925147231,-0.577450460135093,1.81546833422731,-0.318072449542813,0.750429981314884,1
"PHJJKLOP_00315",18.727231290135,-1.62204615139908,3.26250086792154,-0.497178764716299,0.619062994825902,1
"PHJJKLOP_00327",217.159307487568,-0.651403132256625,1.88078157627568,-0.346347040227037,0.729081920615556,1
"PHJJKLOP_00329",99.5981376033796,-1.37531985757533,2.17337952230245,-0.632802436694689,0.526862665347041,1
"PHJJKLOP_00333",250.946875461664,0.442182814879157,1.74633045681263,0.253206839034475,0.800108381901865,1
"PHJJKLOP_00335",261.562296525155,0.111624355302574,1.67438337968115,0.0666659479884649,0.946847643548668,1
"PHJJKLOP_00339",46.1295812427665,-0.700717223379782,2.76293570146459,-0.253613293645719,0.799794325505716,1
"PHJJKLOP_00341",137.964037571698,-1.56849158275166,2.75452372155349,-0.569423879155075,0.569068515409265,1
"PHJJKLOP_00348",17.9294553655457,-1.37094440273758,2.3875725298097,-0.574200107272489,0.565832396746629,1
"PHJJKLOP_00351",44.1084235029531,-1.85751699957447,2.37995429214074,-0.780484316740238,0.43510585531623,1
"PHJJKLOP_00353",184.282971348509,-0.409758266448737,1.70916705625329,-0.239741495689122,0.810530663950807,1
"PHJJKLOP_00356",50.5551061338623,-1.08319264388882,3.02641711180409,-0.35791254274369,0.720408763940005,1
"PHJJKLOP_00358",117.762200924036,0.121093421266452,2.06965279180373,0.0585090512505326,0.953343152992085,1
"PHJJKLOP_00359",13.2577710224215,-1.00715679215016,3.24627057539453,-0.310250414670921,0.756370535234104,1
"PHJJKLOP_00364",172.911748685849,-1.1146377293783,2.17524205691034,-0.512420089450417,0.608357033974823,1
"PHJJKLOP_00365",626.104536478692,-0.317268839394225,1.6698911068243,-0.189993729589703,0.849314044101729,1
"PHJJKLOP_00370",127.846225420631,-1.0420970756423,1.79917892839827,-0.579207025601411,0.562449490858775,1
"PHJJKLOP_00371",17.1704954862616,0.527159731603783,3.28978661615059,0.160241314441426,0.872690985641357,1
"PHJJKLOP_00384",17.0200843156191,-1.8246796393982,3.1632039371907,-0.576845399673705,0.564043897532445,1
"PHJJKLOP_00387",42.5750428242665,-1.55724532053405,2.50139864422302,-0.622549837919882,0.533580383517235,1
"PHJJKLOP_00433",6164.18098708986,1.72949267379339,1.67030574415986,1.03543478781682,0.300465906471832,1
"PHJJKLOP_00434",18.1928710116596,-0.305033614762795,2.78736426872104,-0.109434428139081,0.91285792801268,1
"PHJJKLOP_00435",31.5538611998069,-1.38964896470862,2.94445027487898,-0.471955317624014,0.636958682220625,1
"PHJJKLOP_00452",130.302605729427,-1.38001046884389,1.7514782421466,-0.787911853904942,0.430748266956708,1
"PHJJKLOP_00463",116.925043950436,-0.512877984433501,1.91953809689248,-0.267188228909753,0.789324238775348,1
"PHJJKLOP_00464",295.652912244235,0.266311064513476,1.6713237738124,0.159341396733682,0.873399907494427,1
"PHJJKLOP_00472",66.9707579623433,-2.69460599097238,2.33102847051675,-1.15597300721729,0.247692198098655,1
"PHJJKLOP_00484",375.165198930973,-1.36969583388763,1.7156851672442,-0.798337515552279,0.424674652941168,1
"PHJJKLOP_00490",11.2860705495969,-2.32771260527131,2.88337776832021,-0.807286728380159,0.419501308435391,1
"PHJJKLOP_00501",133.013761815812,0.837987060307958,1.80571465326471,0.464075018050548,0.642593999483304,1
"PHJJKLOP_00505",34.873630513196,0.502717281775225,2.24332048401295,0.224095168460256,0.822683251898545,1
"PHJJKLOP_00509",43.2835310348294,0.931392135960465,3.08848245812182,0.301569508193635,0.762980255314755,1
"PHJJKLOP_00511",69.3894176115716,1.73963689868347,2.04357657940953,0.851270716356579,0.394618987952257,1
"PHJJKLOP_00513",32.0913476857921,-0.783915176266235,3.08833961933674,-0.253830625154687,0.799626412653488,1
"PHJJKLOP_00520",50.1138941804517,-2.1618581866533,2.36460846467923,-0.914256300332817,0.360582186998815,1
"PHJJKLOP_00522",131.705850348437,-1.28200788952279,1.77600109873575,-0.721850842567264,0.470386186735013,1
"PHJJKLOP_00524",133.599530798102,-0.269833090329486,2.42766496931953,-0.111149229296298,0.911498011223888,1
"PHJJKLOP_00528",36.2271737868114,0.600523767895793,2.83548244887248,0.211788920835884,0.832271712357161,1
"PHJJKLOP_00536",20.31220524135,-0.917569629999312,3.06452230896224,-0.29941685440366,0.764622003757601,1
"PHJJKLOP_00541",188.21302535675,-0.709319552789357,1.72317210663049,-0.411635930073386,0.680606292144146,1
"PHJJKLOP_00542",292.58716156047,-0.863914355883335,1.67356063331443,-0.516213358922277,0.605705401006382,1
"PHJJKLOP_00546",54.9525129452038,-0.623867878378692,2.20952570185246,-0.28235375486044,0.777672271142478,1
"PHJJKLOP_00550",329.570107161705,0.228327440311724,1.69562966409459,0.13465643185338,0.892883521703472,1
"PHJJKLOP_00557",206.18136124509,-1.09942961602517,2.21664371585494,-0.495988420764829,0.619902580520777,1
"PHJJKLOP_00561",70.4736348541446,1.97832995160035,2.67311109468079,0.740085197183543,0.459248300134228,1
"PHJJKLOP_00585",54.6767639873088,-0.0932266915334604,2.36783003866152,-0.039372205779668,0.968593639295977,1
"PHJJKLOP_00587",565.014640922986,-0.708460260095922,1.64888147480322,-0.429661119323614,0.667442170169512,1
"PHJJKLOP_00591",128.78276109649,-0.0730847536381681,1.76549091473006,-0.0413962785242327,0.966979979563376,1
"PHJJKLOP_00593",44.6642244723004,-1.67985802230953,3.31846244620911,-0.506215769965557,0.612705185522988,1
"PHJJKLOP_00594",73.7567370034989,1.79117354603497,3.41316880562544,0.524783170138796,0.599733932377831,1
"PHJJKLOP_00608",15.2352074810952,-1.09868246758304,3.26873232520293,-0.336118824754128,0.736781263326272,1
"PHJJKLOP_00610",272.089077890023,-0.750318191387926,1.75793675766284,-0.426817510992527,0.669512251096206,1
"PHJJKLOP_00615",41.027529889786,-0.726567911328872,2.71393979518836,-0.267717033597071,0.788917137359203,1
"PHJJKLOP_00660",40.0225016189554,-2.580905936099,2.96322726559086,-0.870978060329223,0.383766132558003,1
"PHJJKLOP_00661",21.8576812355101,0.567654652027438,3.05644107304242,0.185724062221945,0.852661157681909,1
"PHJJKLOP_00668",23.8203758073789,0.298216903974736,3.32099536905171,0.0897974464986653,0.928448177392852,1
"PHJJKLOP_00674",28.0550562445202,-1.91388488343927,2.9522890783983,-0.648271504793701,0.516809360854192,1
"PHJJKLOP_00678",28.2652840885281,0.203243106855083,2.07494470112411,0.0979510956340066,0.921971126575321,1
"PHJJKLOP_00680",82.2331666023991,-0.12965315593949,1.76884806154868,-0.0732980739035181,0.94156892438142,1
"PHJJKLOP_00686",951.969498186535,0.665633014000111,1.6643023164551,0.399947177516333,0.6891954230773,1
"PHJJKLOP_00687",118.486477828678,0.608139095093214,2.15579422082386,0.282095150464226,0.777870551661387,1
"PHJJKLOP_00733",102.523067465832,2.52033569548239,2.72968153648384,0.923307595335418,0.355846930844519,1
"PHJJKLOP_00753",256.989689375631,-0.425991734496828,1.78285377910967,-0.238938122401469,0.811153564156298,1
"PHJJKLOP_00756",135.847533753434,-1.42449864880613,2.12035093824484,-0.671822113553188,0.501696949044271,1
"PHJJKLOP_00760",39.7380904314356,-2.06443321773661,2.97330410523515,-0.694322929868397,0.487479714213178,1
"PHJJKLOP_00768",28.7836895177315,-1.10933767609654,2.72141491828285,-0.407632687189247,0.683543362808432,1
"PHJJKLOP_00769",474.332104273528,-0.205314818965626,1.78976484501575,-0.114716086606237,0.908670162839879,1
"PHJJKLOP_00771",11.3365261435986,-2.6108414565253,2.91997010056078,-0.894132941985908,0.371250765790356,1
"PHJJKLOP_00772",38.6849283464549,-0.785834298636543,2.72865258187702,-0.287993533458911,0.773351688624347,1
"PHJJKLOP_00781",755.273262257293,-1.52182439354508,1.66497523988657,-0.914022237140749,0.360705161186377,1
"PHJJKLOP_00783",23.7694204559887,-2.03846956127664,2.92432439919614,-0.697073676859171,0.485756686696172,1
"PHJJKLOP_00788",188.830787237463,-1.49904555175101,2.19778262789304,-0.682071799424542,0.495193551474168,1
"PHJJKLOP_00800",74.9945512079402,-0.46811091075569,2.85824700877859,-0.1637755272088,0.869907857977418,1
"PHJJKLOP_00819",44.0539547408374,1.28508654401545,2.71942472643911,0.472558233188597,0.636528386555385,1
"PHJJKLOP_00827",11.3253736614372,-0.532283341718318,2.13133810530629,-0.249741390346806,0.802787347312228,1
"PHJJKLOP_00829",101.565820961035,-0.977177540987273,2.16097471295253,-0.452192954933823,0.651129983030187,1
"PHJJKLOP_00839",80.1558788683776,-0.414858424541317,1.96817374006084,-0.210783436490974,0.833056263939673,1
"PHJJKLOP_00846",82.8235752387659,-0.775533926997937,2.1359041956855,-0.363093966744625,0.716534691367966,1
"PHJJKLOP_00848",143.662133969864,0.034467455977205,2.052700753623,0.0167912716533914,0.986603133128436,1
"PHJJKLOP_00856",54.3019978638059,-0.835393038966207,2.6470138805715,-0.315598284201608,0.752307440182422,1
"PHJJKLOP_00859",91.5047839348391,0.978723788927226,2.4640121183957,0.397207376384361,0.691214543131183,1
"PHJJKLOP_00860",95.3920502626266,0.257558274541931,2.45716442261922,0.104819308049148,0.916519188839908,1
"PHJJKLOP_00863",327.418424085498,-0.4803081004534,1.69557031127513,-0.283272299154726,0.776968110060952,1
"PHJJKLOP_00865",73.7892080981685,-1.46793865460914,2.43144978260511,-0.603729785048802,0.546023308248345,1
"PHJJKLOP_00875",111.287294509721,-1.06704265107563,1.69084154244246,-0.631071939203874,0.527993487799218,1
"PHJJKLOP_00880",21.3738836802784,0.620722116661365,2.64796831840166,0.23441448009319,0.81466321829434,1
"PHJJKLOP_00881",14.1169162390248,-0.225446689827293,2.91024687156265,-0.0774665173701363,0.938252426474217,1
"PHJJKLOP_00883",104.310804321613,3.12992092479059,2.78938241025739,1.1220838395198,0.26182679436048,1
"PHJJKLOP_00897",41.4712959251365,0.160822408155214,2.74533379001239,0.0585802749160379,0.953286422034423,1
"PHJJKLOP_00902",73.6310677220783,2.1721533668213,2.69072619705982,0.807274024831971,0.419508625719118,1
"PHJJKLOP_00910",10.7352500654969,-1.64911601236162,3.24205171836528,-0.508664313718332,0.610987540422558,1
"PHJJKLOP_00913",68.176077843973,-1.25020507464036,2.74237931140949,-0.455883352619736,0.648473861199524,1
"PHJJKLOP_00925",27.3971382200858,-2.46386147242812,3.2237122308657,-0.76429324206971,0.444692511701544,1
"PHJJKLOP_00926",1730.47329906004,0.890795176205226,1.63838981809387,0.543701606520964,0.5866468267435,1
"PHJJKLOP_00928",85.3292823754852,-0.413668948607565,2.59187877167377,-0.159601966391517,0.873194629883649,1
"PHJJKLOP_00929",54.5434861567404,-0.84792821982499,2.21513027115834,-0.382789324341449,0.701875977672521,1
"PHJJKLOP_00932",139.17064455274,-0.978670496392249,2.10426251596183,-0.465089545134493,0.641867332631936,1
"PHJJKLOP_00940",35.2895863300194,1.33787622692769,2.89229966881255,0.462564872289654,0.643676292618489,1
"PHJJKLOP_00944",74.6310300079076,-0.200704716442336,1.7042142905707,-0.117769647604072,0.906250179848309,1
"PHJJKLOP_00956",52.8931570618754,-0.749368604735529,2.74293090188664,-0.273199957104315,0.784699512951591,1
"PHJJKLOP_00957",39.3347204536128,0.0963377657209643,2.41026161006105,0.0399698378461598,0.968117172980676,1
"PHJJKLOP_00958",16.1911630467088,-0.653069932496392,2.97142014538043,-0.219783773597853,0.82603955745518,1
"PHJJKLOP_00965",383.030172904027,-0.0689324817581483,2.32436915207563,-0.0296564260012625,0.976341063635787,1
"PHJJKLOP_00970",84.3555990475728,1.24161786587174,2.38211433376876,0.521225135280291,0.602209946302579,1
"PHJJKLOP_00973",71.0174471724576,-1.71680428981199,2.17108496169326,-0.790758685221158,0.429084823221015,1
"PHJJKLOP_00975",34.2366759528625,-2.07804823614399,2.7766474380123,-0.748401906448586,0.454217772957875,1
"PHJJKLOP_00977",31.5336131248405,-0.748666733108856,2.36679184009725,-0.316321325950699,0.751758625794419,1
"PHJJKLOP_00985",28.2970831489628,1.05659376210323,2.70835061495876,0.390124438197717,0.696444532667744,1
"PHJJKLOP_00987",855.110023116314,0.173850072797535,1.70551174061372,0.101934257418231,0.9188088580884,1
"PHJJKLOP_00989",22.2726004302062,-1.48303406209295,2.89084840187374,-0.513009973519091,0.607944344138683,1
"PHJJKLOP_00990",38.3921068966275,0.932833784518496,2.76149606753354,0.337800149522454,0.73551379720138,1
"PHJJKLOP_00991",25.6884076892588,-1.40756037138068,2.74715811117593,-0.512369625051603,0.608392345256816,1
"PHJJKLOP_01000",33.5855257474931,1.95230999880422,2.3422279479535,0.833526899254204,0.404547633666131,1
"PHJJKLOP_01006",11.0319709548332,-1.47334444061467,3.26756233904082,-0.450900178096424,0.65206149516026,1
"PHJJKLOP_01008",892.237754172338,0.514759622242951,1.65158356261628,0.311676401905768,0.755286463777299,1
"PHJJKLOP_01009",42.2629329341786,0.44318598451793,3.37987394213271,0.131125004099496,0.895676421521787,1
"PHJJKLOP_01017",24.525574668774,-2.48366229017382,2.63583415340996,-0.942268043291237,0.346055424930738,1
"PHJJKLOP_01022",39.5717581749938,-0.859729114633021,2.83535044883399,-0.303217937305273,0.761723780110815,1
"PHJJKLOP_01027",16.4310817864283,-2.07089755826715,2.89343480783935,-0.715722902294652,0.474162466337657,1
"PHJJKLOP_01036",51.2519434129175,-0.617612407020687,2.74907643269411,-0.224661780835036,0.822242399019454,1
"PHJJKLOP_01040",16.9288539661242,-0.409742975456772,2.91220249055701,-0.140698655668824,0.888108007152343,1
"PHJJKLOP_01049",37.4210035168775,-2.29555110384741,2.25651618418559,-1.01729875457371,0.309011328900772,1
"PHJJKLOP_01062",57.2011824135172,-0.377114296480937,2.66127686414127,-0.141704270443362,0.887313601658116,1
"PHJJKLOP_01073",14.9577124135143,0,3.64774647052464,0,1,1
"PHJJKLOP_01078",11.6744582907739,-0.643007556953124,2.77546906720208,-0.2316752741191,0.816790237322637,1
"PHJJKLOP_01085",51.6381578806905,1.74519740614712,3.01858668386084,0.578150501848424,0.563162513646427,1
"PHJJKLOP_01087",32.0661810683383,-3.07323569255665,2.92754119381146,-1.04976684838908,0.293825320655871,1
"PHJJKLOP_01095",37.1865675595351,0.0030416593659201,2.20780440732738,0.00137768515898658,0.998900766629724,1
"PHJJKLOP_01102",200.108726048774,0.570195279838895,1.7921917747671,0.318155282189592,0.750367151312791,1
"PHJJKLOP_01103",107.747963346914,0.157689286611972,2.1502906868624,0.0733339392554709,0.941540384777562,1
"PHJJKLOP_01111",137.163953792363,1.127616239606,2.04054191873582,0.552606260744986,0.580533053985461,1
"PHJJKLOP_01123",42.3089544472351,-2.81186403873442,3.06855314254203,-0.916348490026488,0.359484142797702,1
"PHJJKLOP_01137",22.5563606236472,3.03834920094484,2.45886474208097,1.23567154750181,0.216580677765354,1
"PHJJKLOP_01154",512.806900782836,0.605378213284607,1.6702046132144,0.362457514782887,0.717010166440196,1
"PHJJKLOP_01157",10.2193334751059,-2.65834826757827,3.22707417710545,-0.823764227806718,0.410073537063381,1
"PHJJKLOP_01158",762.753805670368,-0.0439634598875427,1.64317601899202,-0.026755173748526,0.978655006572435,1
"PHJJKLOP_01159",20.0515076556885,-1.69617890408939,3.26856546927911,-0.518936799654645,0.603804814557634,1
"PHJJKLOP_01162",22.81416497926,1.42271880603973,3.33074729284481,0.427147027664348,0.669272241558141,1
"PHJJKLOP_01163",20.7223804887362,0.380210906473022,2.87081943052873,0.132439854081313,0.894636393300002,1
"PHJJKLOP_01170",213.478744688966,-0.508168392272201,1.76929454742683,-0.287215259331045,0.773947503073311,1
"PHJJKLOP_01179",190.568147824153,1.21773501126092,2.52577601599253,0.482123119211898,0.629718487274306,1
"PHJJKLOP_01184",25.9207070554153,-1.38777705423026,2.92743547296872,-0.474058973133543,0.63545785389213,1
"PHJJKLOP_01185",22.5050732065987,2.61680692904827,3.26778728061724,0.800788639018753,0.423254017199282,1
"PHJJKLOP_01188",33.081882438333,-0.282320850228273,2.69362688637743,-0.104810674283088,0.916526039851765,1
"PHJJKLOP_01194",97.7997825956731,1.32843108340583,2.35862377074648,0.563222969208605,0.573283064024045,1
"PHJJKLOP_01195",123.753465071698,2.291751692159,2.07873690784714,1.10247318143423,0.270256011513867,1
"PHJJKLOP_01199",45.7489815443298,-2.81277473963831,2.9652992387487,-0.948563538843806,0.342842642543474,1
"PHJJKLOP_01202",118.53149020726,0.458711776107165,1.66304943819958,0.275825700409585,0.782681943076556,1
"PHJJKLOP_01207",37.2705750670507,-1.01800095402687,3.00780499248641,-0.338453110015401,0.735021756987174,1
"PHJJKLOP_01214",75.1040454810448,-0.0983796697546832,2.07467087294171,-0.0474194104895245,0.962178959087448,1
"PHJJKLOP_01216",121.480661736912,-1.01777674637008,2.25089095836127,-0.452166171172975,0.651149276587729,1
"PHJJKLOP_01220",42.9658694529277,-1.02293348567317,3.3302791294623,-0.307161485841677,0.75872045921582,1
"PHJJKLOP_01221",115.264308853228,0.599948805102591,1.6855691494527,0.355932478532484,0.721891132133377,1
"PHJJKLOP_01228",126.374645657685,-1.40212823781909,2.46671141333374,-0.568420055236265,0.569749775679733,1
"PHJJKLOP_01232",27.2633192031065,-0.789478509020324,2.65528245872795,-0.297323739109297,0.766219359485008,1
"PHJJKLOP_01241",124.84799035333,0.0730910139302851,1.77363256772418,0.0412097833905199,0.967128654281813,1
"PHJJKLOP_01248",14.888679516801,-1.59622797491458,2.63946754146826,-0.604753780766953,0.545342607909931,1
"PHJJKLOP_01253",87.0966354268032,-1.67387586590019,1.74168290799526,-0.961068090073225,0.336517932893007,1
"PHJJKLOP_01256",64.5392239605399,0.0483317598502399,2.16242219316165,0.0223507509324878,0.982168165587822,1
"PHJJKLOP_01261",16.7304568170678,-3.4672198921606,3.22543351391617,-1.07496244371532,0.28239154309016,1
"PHJJKLOP_01271",249.183062052566,-0.214551855981254,1.70174253878703,-0.126077741544959,0.899670386533801,1
"PHJJKLOP_01277",60.9082645609949,0.280114743005352,2.48666048309602,0.112646959610905,0.910310453575364,1
"PHJJKLOP_01281",116.316321036028,0.848827218789337,2.11524559768404,0.401290147923584,0.688206516278586,1
"PHJJKLOP_01293",18.1135377773779,0.069505426015369,2.78525634883134,0.0249547680035027,0.980091042265235,1
"PHJJKLOP_01298",53.4344721396586,-0.201393261798342,2.04532005392031,-0.0984654022299969,0.92156274344273,1
"PHJJKLOP_01308",13.5489456945868,0.452901375648351,3.24405497776445,0.139609648650423,0.888968416768278,1
"PHJJKLOP_01310",81.7535687831483,0.197647122437605,2.4145937098476,0.0818552295698975,0.934761836538287,1
"PHJJKLOP_01350",142.341217977301,2.52969039837314,2.66016857554353,0.950951162129363,0.341629168274899,1
"PHJJKLOP_01361",48.979383980313,1.23201562527845,2.41451266561955,0.510254364295216,0.60987326986162,1
"PHJJKLOP_01371",46.4017649530808,1.49427245954466,2.96002901621338,0.504816828267519,0.613687495111663,1
"PHJJKLOP_01374",109.355549198856,-0.42043113495853,2.77812308757082,-0.151336395726855,0.879710360260194,1
"PHJJKLOP_01388",171.975238929653,-0.761157477826133,2.14583450685834,-0.354713970435924,0.722803883770463,1
"PHJJKLOP_01404",166.733327234047,1.67792144997753,2.08193700856251,0.805942467556241,0.420276022981493,1
"PHJJKLOP_01408",523.757329069129,0.0968437674560891,1.66869937797378,0.0580354788492112,0.953720368105464,1
"PHJJKLOP_01416",61.5050859432741,-1.89937263496908,2.51401923874455,-0.75551237066809,0.44994161259469,1
"PHJJKLOP_01418",12.6604961671811,1.27962148574009,3.2037142816961,0.399418104495461,0.689585156116086,1
"PHJJKLOP_01420",152.163709482333,1.49645554171062,1.74411225995837,0.858004141170553,0.390890176741462,1
"PHJJKLOP_01439",41.6601279188871,2.08159885357493,2.87548013356673,0.723913488142561,0.469118848695397,1
"PHJJKLOP_01446",135.846089374583,0.619242996335237,2.18270025018644,0.283705010013328,0.776636454994138,1
"PHJJKLOP_01447",24.8912138528021,-0.577612625061329,2.12644528809218,-0.271632958673277,0.785904254608671,1
"PHJJKLOP_01462",27.4642552691598,-0.287420157245838,3.01705328022158,-0.0952651910823165,0.924104190364469,1
"PHJJKLOP_01466",75.9443341682547,1.0813566436812,1.79439712156769,0.602629501955766,0.546755189705506,1
"PHJJKLOP_01468",25.3343825994474,-0.792627383908779,2.86208994497628,-0.276940067973772,0.781826125564818,1
"PHJJKLOP_01474",125.798460580571,-1.00955582888018,1.74450895629708,-0.578704870064455,0.562788329344949,1
"PHJJKLOP_01482",18.2875015410718,-2.69998480834628,2.98222587275237,-0.905358924357529,0.365275269106688,1
"PHJJKLOP_01483",38.0998706943092,2.1969620721333,3.02609752313745,0.726005046213942,0.467835677040778,1
"PHJJKLOP_01486",11.9590773900772,-4.42255454202946,3.46229108224837,-1.27734914164337,0.201479011546392,1
"PHJJKLOP_01494",50.8353933614138,-0.34483895759172,1.72139564310854,-0.200325218070728,0.84122624109695,1
"PHJJKLOP_01511",40.0784628589671,-0.475663897194989,2.70361777532894,-0.175936074076565,0.860344164349318,1
"PHJJKLOP_01520",25.9997108821617,-2.01023461122314,3.29301911893298,-0.610453367751629,0.541561524990707,1
"PHJJKLOP_01527",76.4381139484461,1.40913324994402,2.44791130022232,0.575647185343702,0.564853680590126,1
"PHJJKLOP_01534",19.5127608264925,0.523199576162628,2.6517256052242,0.197305322666819,0.843588614334397,1
"PHJJKLOP_01537",25.2300668408282,0.00612481830332794,2.73340348058382,0.00224072967889093,0.998212157880367,1
"PHJJKLOP_01542",26.4069068395294,0.368005747672736,3.32583265793273,0.110650710821236,0.91189333293245,1
"PHJJKLOP_01544",16.4094017397097,0.18383712556428,2.95222140955778,0.0622707785293844,0.950347198656997,1
"PHJJKLOP_01563",103.425250652006,1.79656134447162,2.24686766418274,0.79958485010513,0.423951367942192,1
"PHJJKLOP_01572",71.7899272606687,1.30985457679344,2.72272145455307,0.48108284253721,0.63045762175963,1
"PHJJKLOP_01574",120.725543257131,-0.43939150975402,2.03982378523692,-0.215406601753585,0.829450323361951,1
"PHJJKLOP_01577",78.2854079361836,-0.983295723094835,2.74345871612512,-0.358414623597343,0.720033049558218,1
"PHJJKLOP_01605",13.1989545529307,0.816007771524559,2.93037215214084,0.278465576779526,0.780654986158333,1
"PHJJKLOP_01608",63.3919476344429,-0.144173923154241,2.53401589857844,-0.0568954295966025,0.954628495070956,1
"PHJJKLOP_01620",39.3352341451197,0.742216826803559,2.99769950938826,0.247595472621278,0.80444741400493,1
"PHJJKLOP_01622",52.4124587118656,-0.568646674869307,2.42475089910021,-0.234517564290964,0.814583199014986,1
"PHJJKLOP_01623",36.8442448514494,-0.275062491706917,3.32202397514882,-0.0827996708526448,0.93401083085199,1
"PHJJKLOP_01624",58.3306688130358,3.59466176236758,2.94835814398001,1.21920797502406,0.222765265800782,1
"PHJJKLOP_01635",87.8340952005092,1.14099622051307,2.28074150806548,0.500274238215122,0.61688199115897,1
"PHJJKLOP_01652",41.3649973116812,-2.41758163935845,2.25912576528716,-1.07014035097385,0.284556138693319,1
"PHJJKLOP_01654",72.4314202988753,-2.30311570455879,2.22483102721243,-1.03518679683484,0.300581683574252,1
"PHJJKLOP_01659",913.815151339536,0.203127464645394,1.69048996872543,0.120158929306481,0.904357251653141,1
"PHJJKLOP_01668",166.688890171231,-0.753818344322612,1.90820984341391,-0.395039542912107,0.692813705309526,1
"PHJJKLOP_01669",77.1547032897329,-1.74682506269139,2.48373681906602,-0.703305217075401,0.481865560136456,1
"PHJJKLOP_01673",13.708950264341,1.10174961002745,2.85266187512161,0.386218086214822,0.699335160104557,1
"PHJJKLOP_01674",28.5648805716111,-2.6877076076134,2.9739443466903,-0.903751817213576,0.366127016039229,1
"PHJJKLOP_01684",35.0067510301913,0.748528151829451,2.68845588484467,0.278423074021428,0.780687608976795,1
"PHJJKLOP_01686",99.2063788407901,0.835411222839932,2.08091593404423,0.401463225482792,0.688079107985339,1
"PHJJKLOP_01718",36.607931878295,0.0703399640301268,3.33797754985256,0.0210726294528954,0.983187718578156,1
"PHJJKLOP_01721",9.97541984077308,-2.26425528407627,2.39935781125496,-0.943692213581088,0.345326954127387,1
"PHJJKLOP_01736",9.15489316184555,-3.16373528893576,2.91358784863138,-1.08585546525459,0.277542942727018,1
"PHJJKLOP_01746",334.131748902965,0.392117802622931,2.14586401848083,0.182731896916996,0.855008387003089,1
"PHJJKLOP_01756",45.7328930290645,1.06917023667524,2.03739627977642,0.524772842322346,0.599741112766766,1
"PHJJKLOP_01766",77.5259707386533,0.451036229772701,1.76455196728422,0.25560949075752,0.798252389246291,1
"PHJJKLOP_01781",32.8793674579007,0.98898158430404,2.49036757095107,0.397122736354276,0.691276954405029,1
"PHJJKLOP_01783",73.7552036984145,1.51030480928974,2.42160995044301,0.623677982911096,0.532839085220234,1
"PHJJKLOP_01784",97.601994227176,-0.736298486994396,2.12537392087247,-0.346432446433776,0.729017744282642,1
"PHJJKLOP_01786",23.1741522131977,2.6735928927285,2.45731722089744,1.088012923196,0.276589402474311,1
"PHJJKLOP_01797",59.378870034825,-1.22361258109892,2.22244345099839,-0.550570850542557,0.581927895685489,1
"PHJJKLOP_01809",41.5904641991824,-0.868600867332741,2.9306922565314,-0.296380783549333,0.766939298953067,1
"PHJJKLOP_01835",95.4654834175438,-1.39539226029238,1.79497916856731,-0.777386325550586,0.436930877734487,1
"PHJJKLOP_01838",36.268127470165,-0.598231675823006,2.07008309392871,-0.288989208973081,0.772589635409221,1
"PHJJKLOP_01842",170.388170090653,1.58393974871408,1.72419715084123,0.918653500814151,0.35827683860929,1
"PHJJKLOP_01845",43.8810733592285,1.40028306671269,2.51981019455871,0.555709739462309,0.578409297444412,1
"PHJJKLOP_01849",18.3792141331326,-1.36652364703058,2.91113876349761,-0.46941206106876,0.638775128935047,1
"PHJJKLOP_01850",28.8541194935608,0.638685134828625,3.05094329248858,0.209340218286281,0.834182657583051,1
"PHJJKLOP_01858",762.242935192517,0.378405600313388,1.68168234946136,0.225016097977475,0.821966750999253,1
"PHJJKLOP_01866",16.2322582351469,0.661083764947486,2.94900633878874,0.224171700227344,0.822623703067868,1
"PHJJKLOP_01868",585.711767593041,1.30219868734016,1.803646948396,0.721980922318653,0.470306206854381,1
"PHJJKLOP_01886",48.1843617722617,-0.204958737460578,2.66540808913681,-0.0768958188038491,0.938706423811428,1
"PHJJKLOP_01902",22.4316684032015,-2.33394059318498,2.13914048946628,-1.09106466110008,0.275244431324168,1
"PHJJKLOP_01911",32.2346722612585,-0.177275257992248,3.32104243830129,-0.0533794015841978,0.957429616965163,1
"PHJJKLOP_01929",53.9433964924849,0.901254524781103,2.33400985062924,0.386139983315893,0.699392999417431,1
"PHJJKLOP_01932",297.27349215538,0.644688022918299,1.68383067227418,0.382869865440558,0.701816255879271,1
"PHJJKLOP_01935",74.3327443357953,0.0307107067914586,2.44880336445254,0.0125411077252111,0.989993906063423,1
"PHJJKLOP_01938",724.924492265469,0.58581142007742,1.70145360442649,0.34430055486284,0.73062026705108,1
"PHJJKLOP_01952",103.302179683649,-0.83930882661085,2.17690248567735,-0.385551871125589,0.699828583489481,1
"PHJJKLOP_01954",75.9477542623933,1.92640586320774,2.5536769947078,0.754365515764128,0.450629772222683,1
"PHJJKLOP_01971",74.798798486977,-1.80293549826704,3.09429482854156,-0.582664418928955,0.560119230292657,1
"PHJJKLOP_01973",51.6402199075017,-1.36900421863158,2.77563927371897,-0.493221230724735,0.621856278192502,1
"PHJJKLOP_01985",56.7675343143748,-0.612120853508572,2.98588371779132,-0.205004920272435,0.837568280848068,1
"PHJJKLOP_02008",65.1370325409465,-0.435773958872217,2.79707837932387,-0.155796120013467,0.876193729061997,1
"PHJJKLOP_02009",10.1915534474826,-3.94960953088972,3.14522021208111,-1.25574976140585,0.209206711387914,1
"PHJJKLOP_02011",79.4055140092265,-0.781771029847235,1.79044580459485,-0.43663484694201,0.662376186620267,1
"PHJJKLOP_02035",62.6858693627134,1.78249285890291,2.65473155447743,0.671439963824814,0.501940293270271,1
"PHJJKLOP_02036",38.0770785227942,-2.06248014196693,2.87122013422347,-0.71832880989626,0.472554570336487,1
"PHJJKLOP_02038",36.8183501726081,-2.44296958611803,3.2889785080185,-0.742774566681445,0.45761817602021,1
"PHJJKLOP_02047",41.6495222058283,-1.57759072843905,2.53211668959416,-0.62303239614597,0.533263233201691,1
"PHJJKLOP_02052",91.3382098320537,-0.439196893646053,2.12028466058081,-0.207140532500832,0.835900108133109,1
"PHJJKLOP_02054",41.9402332359295,0.345778559301666,2.39019422284862,0.144665465256446,0.884975006998236,1
"PHJJKLOP_02062",89.5515017499355,-0.455281130209304,2.067739961592,-0.220182972069066,0.825728657549503,1
"PHJJKLOP_02075",701.166425737097,0.904960587982497,1.69131964522435,0.535061832065727,0.592607101619763,1
"PHJJKLOP_02090",39.9600801793217,-0.356201469651274,3.33661713629783,-0.106755271911868,0.9149831324591,1
"PHJJKLOP_02092",18.0938752711849,-0.624386020458732,3.25509822274703,-0.191817873910976,0.84788486958978,1
"PHJJKLOP_02097",43.2339721084762,2.79592639208495,2.63423266719368,1.06138171730424,0.28851646217656,1
"PHJJKLOP_02120",29.5086821696408,1.61273899731175,2.20902173047395,0.730069322118314,0.465347812195012,1
"PHJJKLOP_02121",95.9523275270706,1.2807323201357,1.76022278144985,0.727596718797602,0.466860489777094,1
"PHJJKLOP_02122",12.2913183920395,1.69800153622396,2.9573431346581,0.574164531780065,0.565856468111756,1
"PHJJKLOP_02131",15.6188840499654,-0.976015632343372,2.25392002418467,-0.433030285844519,0.664992767723018,1
"PHJJKLOP_02146",1041.36283337581,-0.179019895399582,1.6892263606529,-0.105977445989174,0.915600246890361,1
"PHJJKLOP_02154",43.9173645771722,-2.50592771593086,2.33213283397968,-1.07452186231374,0.282588851595895,1
"PHJJKLOP_02168",23.569785590187,-1.67119515032875,2.47438994284099,-0.67539684081077,0.499423672109149,1
"PHJJKLOP_02172",48.5794540962508,1.33618363256201,2.6663623225483,0.501126055248555,0.616282410768999,1
"PHJJKLOP_02188",44.0318274220333,2.34342595708008,2.7059116031128,0.866039361516567,0.386468576711182,1
"PHJJKLOP_02189",49.0381051951818,-0.653427130439269,1.85065817103759,-0.353078240306754,0.724029785390945,1
"PHJJKLOP_02190",25.6574902079536,0,3.69523483098637,0,1,1
"PHJJKLOP_02191",60.2054533280437,0.941608742435108,2.26522076686866,0.415680783174502,0.677643604933337,1
"PHJJKLOP_02200",118.298924936032,-0.828619537583935,2.01776625181714,-0.4106618082435,0.681320535183759,1
"PHJJKLOP_02201",73.2060657792961,-0.930482736610021,2.17345129850071,-0.428112991191423,0.668568858960103,1
"PHJJKLOP_02210",20.2285273638946,0.61370839680902,3.27124707439813,0.187606861496983,0.851184847059283,1
"PHJJKLOP_02230",18.3872333930756,-0.335497839532035,3.30125693243785,-0.101627303296348,0.919052506749998,1
"PHJJKLOP_02232",29.5943894712007,-1.86354681034126,2.36525004718328,-0.787885751259369,0.430763536390792,1
"PHJJKLOP_02235",9.08987497382906,-0.959980801538124,2.92643432065028,-0.328037706079392,0.742883153282078,1
"PHJJKLOP_02236",23.5393886929412,0.9809882850749,2.95367076635413,0.332125129262726,0.739794775699287,1
"PHJJKLOP_02246",25.0737101286275,-1.16507733055615,3.30583294095618,-0.352430794708932,0.72451521074657,1
"PHJJKLOP_02249",29.1465404471853,0.0803523644843545,2.05514028480228,0.0390982382460986,0.968812065572778,1
"PHJJKLOP_02250",157.416100427697,-0.488422545594173,2.13832508813019,-0.228413606661307,0.819324712436678,1
"PHJJKLOP_02256",885.087075378398,0.201764946133166,1.67026628820064,0.120798071276721,0.903850977816813,1
"PHJJKLOP_02261",79.9312695489626,0.388152304730581,1.71353939265671,0.226520794557737,0.82079638779428,1
"PHJJKLOP_02262",57.9492269420838,-1.20808011317195,2.16251311775912,-0.558646374558785,0.576403083959934,1
"PHJJKLOP_02265",25.085838489476,0.128716389370412,1.75813942532864,0.0732117075108255,0.941637650144283,1
"PHJJKLOP_02272",77.3628395745871,1.85061014509898,2.75453306766946,0.671841687732845,0.501684486334974,1
"PHJJKLOP_02273",17.297227381477,0.11204102356595,2.73616637546185,0.0409481764598609,0.96733721037055,1
"PHJJKLOP_02274",86.9396309804175,1.2452446081756,2.73239290435946,0.455734095264573,0.648581201040161,1
"PHJJKLOP_02288",9.3782424171264,-0.230172299158835,3.60412728524257,-0.063863532262386,0.949078890015159,1
"PHJJKLOP_02298",26.0328242191313,2.86182569179901,2.76429629212451,1.03528181836092,0.300537318299296,1
"PHJJKLOP_02308",74.8748214262893,-1.12765345817471,1.86171432116299,-0.605707033219941,0.54470931283123,1
"PHJJKLOP_02313",383.893624800767,0.359450791661195,1.70778969850246,0.210477198671706,0.833295245899104,1
"PHJJKLOP_02317",65.3529806039656,0.565944078983716,2.71957555419124,0.208100149345554,0.835150770551026,1
"PHJJKLOP_02318",62.5643411615641,-1.31414570968972,3.04906874432175,-0.430999042621469,0.666469066609384,1
"PHJJKLOP_02339",34.6279729104499,0,3.67470760617988,0,1,1
"PHJJKLOP_02358",14.4494672737966,-1.72684872960513,3.26706024064936,-0.52856347982794,0.597108300044108,1
"PHJJKLOP_02360",100.664189827319,1.16045157161114,1.7563848589359,0.660704609076509,0.508801767405201,1
"PHJJKLOP_02361",12.7480065402752,-2.4634153601232,2.46481297560885,-0.999432973008712,0.31758499352505,1
"PHJJKLOP_02362",39.2052332008266,-0.316359665643242,3.019796138869,-0.104761927989526,0.916564720820993,1
"PHJJKLOP_02364",69.696149897491,-2.21257806020216,2.35775974416407,-0.938423885503491,0.34802661577141,1
"PHJJKLOP_02370",9.57493321929718,-1.66678229552271,2.91989840495572,-0.570835715617299,0.568111010172969,1
"PHJJKLOP_02371",63.7381852319379,-0.126424021332848,2.46712469560494,-0.0512434663550109,0.95913151617876,1
"PHJJKLOP_02375",18.9058485213147,-0.399209168323679,2.97429168802515,-0.134219911897324,0.893228680959123,1
"PHJJKLOP_02376",12.4254931010605,-1.79778889167062,2.93984709523653,-0.611524624727456,0.540852321268691,1
"PHJJKLOP_02377",15.8533669011847,-1.23646914906785,2.54607280169469,-0.485637782330828,0.627224003540364,1
"PHJJKLOP_02379",382.884592353647,-0.183595408416286,1.75097700609867,-0.104853123585759,0.91649235580723,1
"PHJJKLOP_02387",105.1570865133,2.12560634845658,2.3742160718904,0.895287658786726,0.370633335745589,1
"PHJJKLOP_02395",358.042322146612,-0.654743519501623,1.74999908194485,-0.374139350275531,0.708300643844693,1
"PHJJKLOP_02423",40.8061376066752,2.49943609798808,2.84148773239121,0.879622343428076,0.379063930666435,1
"PHJJKLOP_02513",20.6125908996931,-0.159210449326371,3.08351684238135,-0.0516327484053616,0.958821324679078,1
"PHJJKLOP_02548",40.9984883178356,1.51136864440862,2.34345417918062,0.644932022923986,0.518971238495713,1
"PHJJKLOP_02549",45.9875578157138,-2.40568285549722,2.35226881519385,-1.02270745586489,0.306446185108966,1
"PHJJKLOP_02555",57.1732544979969,-2.06285473094527,2.09927545996313,-0.982650809904433,0.325779328223486,1
"PHJJKLOP_02565",33.6485438995862,0.268852894221987,2.78847182236097,0.0964158547581635,0.92319030051069,1
"PHJJKLOP_02575",24.2310716947609,-0.303383956588768,3.00784115354978,-0.10086435456564,0.919658139693695,1
"PHJJKLOP_02588",22.5596445387102,0.583170532154329,2.71305909923624,0.214949439294743,0.829806738677047,1
"PHJJKLOP_02590",36.0436618597258,-1.71400509954026,2.24970202651776,-0.761880942158957,0.446131065357495,1
"PHJJKLOP_02591",102.418645132689,-0.237256989947608,2.23408681773182,-0.106198643698407,0.915424747034393,1
"PHJJKLOP_02594",298.457379554339,-0.799093740951441,2.11194208385518,-0.378369154656344,0.705156378958066,1
"PHJJKLOP_02599",55.0830490464554,0.802223180471133,2.43412217560294,0.329573917246952,0.741721933448901,1
"PHJJKLOP_02606",301.807587463404,0.41586728409105,1.75418385487311,0.237071663232889,0.812601195245897,1
"PHJJKLOP_02621",42.4794744604635,2.61743186742478,2.56265702979285,1.02137423658146,0.307077166717343,1
"PHJJKLOP_02640",179.500806178861,0.458417887086273,1.86196024668836,0.246201758550756,0.805526054324981,1
"PHJJKLOP_02641",157.116676067765,2.6912194178292,2.44198363076858,1.10206284101183,0.270434352679789,1
"PHJJKLOP_02648",23.5412534382128,1.04266922087781,2.89027842314554,0.360750442769821,0.718286012395456,1
"PHJJKLOP_02653",49.5137266184528,0.0950601737146889,2.70225111463197,0.0351781421052852,0.971937691514792,1
"PHJJKLOP_02666",113.994993182615,-0.416245408926648,2.42394485038598,-0.171722309961122,0.863655845540867,1
"PHJJKLOP_02667",204.77781022023,0.164022324941323,1.67906812263588,0.0976865219046823,0.922181218326789,1
"PHJJKLOP_02673",22.0973482443717,1.02832055710575,2.66314131475706,0.386130676358628,0.69939989182611,1
"PHJJKLOP_02677",15.3884463061894,1.97932251101584,3.21482020195235,0.615686846130246,0.538101220473268,1
"PHJJKLOP_02685",14.3618516499448,-0.977235558090021,3.27860513862303,-0.298064425806532,0.765653992264234,1
"PHJJKLOP_02700",151.208634394295,-0.0382864270975528,2.1075532473307,-0.0181662917157818,0.985506193510871,1
"PHJJKLOP_02707",107.227954724391,-3.07630037033437,2.42081861648799,-1.27076863561026,0.203810969861353,1
"PHJJKLOP_02720",21.3169492510694,-1.15092817770953,2.71260331480653,-0.424289158472703,0.671354944894095,1
"PHJJKLOP_02721",949.312966243231,-0.57447390177211,1.82031313605048,-0.315590702717523,0.752313195462313,1
"PHJJKLOP_02723",36.6399626666759,-2.61834824403598,2.595535389494,-1.00878926738365,0.313075709362992,1
"PHJJKLOP_02736",77.4661330478,1.89329783552768,3.06616923705127,0.617479887492597,0.53691824328322,1
"PHJJKLOP_02739",16.2741101079747,-2.20538623555348,2.88289381384967,-0.764990449859311,0.444277231470067,1
"PHJJKLOP_02748",183.982873542277,0.323265402644085,2.16911324442417,0.149031132180423,0.881529067345961,1
"PHJJKLOP_02789",32.5771745323326,3.15233007161422,2.9273814029845,1.07684296566221,0.281550426734608,1
"PHJJKLOP_02797",28.4404005473117,-0.165062930511905,3.03400651180396,-0.0544042769419639,0.956613071396549,1
"PHJJKLOP_02805",62.184007015764,-2.47183948232317,2.68755065449292,-0.919736890611109,0.357710269627508,1
"PHJJKLOP_02809",17.9138918921772,0.576211250950533,2.46127465010978,0.234110911159318,0.814898875410962,1
"PHJJKLOP_02826",32.6145842911057,-1.8373252503641,3.27689799244547,-0.560690401288001,0.575008611854306,1
"PHJJKLOP_02831",43.9509909174556,1.7905868975918,2.69769803245469,0.663746229581711,0.506852745592433,1
"PHJJKLOP_02832",63.7994516054153,-1.72696472065296,2.4565221319117,-0.703012074761571,0.482048224576508,1
"PHJJKLOP_02846",50.0516656345836,1.64982584750066,2.45349702648077,0.672438494807197,0.501304583170202,1
"PHJJKLOP_02856",32.3724417062764,-0.3486153222372,2.66535777697447,-0.130794944396892,0.895937522426458,1
"PHJJKLOP_02865",17.4157684991971,0.616970777691953,2.95427453687489,0.208840028234005,0.834573122228406,1
"PHJJKLOP_02866",521.294356281035,0.954029605287524,1.7606783649467,0.541853426657176,0.587919482836185,1
"PHJJKLOP_02872",54.467785833012,-1.44675174448818,2.33659911302707,-0.619169859486043,0.535804465432068,1
"PHJJKLOP_02894",66.9988452951068,-0.603865506529739,1.87938810473464,-0.321309635305478,0.747975755319696,1
"PHJJKLOP_02900",40.1135669840137,0.273917192480161,3.36572975634975,0.0813841907430007,0.935136421361774,1
"PHJJKLOP_02918",60.4763005843096,-0.00927643965999313,2.40940737806861,-0.00385009182939797,0.996928078760939,1
"PHJJKLOP_02932",20.7823663372466,-0.922494400897245,3.30631497687099,-0.279009836434358,0.780237276029159,1
"PHJJKLOP_02934",49.5042481744857,-0.577514316528421,2.03726828890952,-0.28347484701563,0.776812860395861,1
"PHJJKLOP_02936",18.2814646238132,-1.18039872785226,2.59759072166473,-0.454420597520372,0.649526130034576,1
"PHJJKLOP_02940",32.1279651096678,-0.185318066601953,3.32542536452983,-0.055727627682949,0.955558789988126,1
"PHJJKLOP_02949",18.2879234785372,-0.406481535227988,2.97107325743936,-0.136813030176952,0.891178583904287,1
"PHJJKLOP_02950",974.346411160791,0.57890972571257,1.73748959306775,0.3331874493075,0.738992791409431,1
"PHJJKLOP_02952",41.1881904604472,-0.93744824315942,2.58410256121711,-0.362775168922817,0.716772842387391,1
"PHJJKLOP_02953",10.4149729897063,-2.73146862882537,2.90740290019805,-0.939487481641884,0.34748051649585,1
"PHJJKLOP_02971",212.094143350676,1.15830574606032,1.75573544095312,0.659726812504004,0.509429157104359,1
"PHJJKLOP_02973",37.3003732143089,-1.00096678268403,2.77953362310591,-0.360120408101245,0.718757091783709,1
"PHJJKLOP_02980",56.9671491601867,0.132250031099156,2.72698632439847,0.0484967709283719,0.961320337841507,1
"PHJJKLOP_02991",69.2067920807,0.428359322816604,2.17531389452132,0.196918395959065,0.843891397640494,1
"PHJJKLOP_02997",1044.78584990899,0.287359990344674,1.69369043990587,0.169665001097039,0.865273600024068,1
"PHJJKLOP_03005",88.1211097765018,-1.0783697190426,2.44705799651055,-0.440680082196799,0.659444618075388,1
"PHJJKLOP_03006",160.120318307906,1.35125579089893,2.45994930361925,0.549302292088244,0.582798014650567,1
"PHJJKLOP_03018",233.663151742788,-0.407144245939772,1.6773957797809,-0.242724019487489,0.808219198931718,1
"PHJJKLOP_03022",136.408836171475,2.70786493850881,2.16292587546261,1.2519453251858,0.210589787345668,1
"PHJJKLOP_03024",59.9705880241233,-1.258364241134,1.77462719019468,-0.709086532702091,0.478270779694135,1
"PHJJKLOP_03066",75.6965248463363,-3.07596184388674,2.66878885597405,-1.15256845328967,0.249087557858542,1
"PHJJKLOP_03067",9.37017984410326,2.65416476492864,3.23888928249345,0.819467580838496,0.412519691060323,1
"PHJJKLOP_03075",40.8843296561429,-0.1344049237699,3.07984613509866,-0.0436401423558761,0.9651912531896,1
"PHJJKLOP_03076",68.7526738163098,0.0471867787455751,2.44447035002995,0.0193034776408709,0.984599009690227,1
"PHJJKLOP_03082",535.321773038681,1.62749155602135,1.6596969094078,0.980595641768146,0.32679218438737,1
"PHJJKLOP_03085",395.344713124896,0.734345204977963,1.73658969188634,0.422866269683021,0.672392833748406,1
"PHJJKLOP_03087",106.086503455715,-1.20168039494039,2.0827148653637,-0.576977873891795,0.563954402495145,1
"PHJJKLOP_03088",18.5092772263743,-0.592847281724531,3.30649937931337,-0.179297563288109,0.857704060065679,1
"PHJJKLOP_03115",74.3248657218565,-2.72169650190456,2.16799373670579,-1.25539869226749,0.209334063846913,1
"PHJJKLOP_03132",354.092753519934,0.675932063789932,1.76331535805747,0.38333021980513,0.701474935225472,1
"PHJJKLOP_03133",22.3043795619915,0.129517458368393,2.97546338127772,0.043528500193733,0.965280246181674,1
"PHJJKLOP_03153",24.9511555771299,-1.41240829446275,2.89470698518819,-0.487927897949549,0.625600913087783,1
"PHJJKLOP_03155",12.0064459174982,-0.60106370735231,3.25736411983564,-0.184524568098527,0.85360195550806,1
"PHJJKLOP_03156",77.5217489918255,-0.236764983203629,2.74371276954395,-0.0862936477286517,0.931232988019315,1
"PHJJKLOP_03163",14.4576742785326,0.777043809471782,3.28361959579743,0.236642457142809,0.812934179500924,1
"PHJJKLOP_03166",20.8381246754558,3.52557890470648,2.79173516711317,1.26286294854829,0.206638437485553,1
"PHJJKLOP_03174",81.0254476381644,-0.363027398988022,2.26544808599297,-0.16024529594502,0.87268784938695,1
"PHJJKLOP_03175",173.052588315064,0.181660232945107,1.75667491308836,0.103411411862047,0.917636455349639,1
"PHJJKLOP_00001",0,NA,NA,NA,NA,NA
"PHJJKLOP_00002",0,NA,NA,NA,NA,NA
"PHJJKLOP_00003",0,NA,NA,NA,NA,NA
"PHJJKLOP_00004",0,NA,NA,NA,NA,NA
"PHJJKLOP_00005",0,NA,NA,NA,NA,NA
"PHJJKLOP_00006",0,NA,NA,NA,NA,NA
"PHJJKLOP_00023",0,NA,NA,NA,NA,NA
"PHJJKLOP_00024",0,NA,NA,NA,NA,NA
"PHJJKLOP_00025",5.43947866812118,6.51559527279704,3.91216125380103,1.66547206265246,0.0958186128276185,NA
"PHJJKLOP_00026",0,NA,NA,NA,NA,NA
"PHJJKLOP_00027",0,NA,NA,NA,NA,NA
"PHJJKLOP_00028",0,NA,NA,NA,NA,NA
"PHJJKLOP_00029",0,NA,NA,NA,NA,NA
"PHJJKLOP_00030",0,NA,NA,NA,NA,NA
"PHJJKLOP_00031",0,NA,NA,NA,NA,NA
"PHJJKLOP_00032",0,NA,NA,NA,NA,NA
"PHJJKLOP_00033",0,NA,NA,NA,NA,NA
"PHJJKLOP_00034",0,NA,NA,NA,NA,NA
"PHJJKLOP_00035",0,NA,NA,NA,NA,NA
"PHJJKLOP_00036",13.5957932919158,-4.18072968303291,3.26942946194521,-1.27873371537598,NA,NA
"PHJJKLOP_00037",0,NA,NA,NA,NA,NA
"PHJJKLOP_00038",0,NA,NA,NA,NA,NA
"PHJJKLOP_00039",0,NA,NA,NA,NA,NA
"PHJJKLOP_00040",0.906061861421063,-2.83715886189336,3.97230590702216,-0.714234736271921,0.475082040807097,NA
"PHJJKLOP_00041",0,NA,NA,NA,NA,NA
"PHJJKLOP_00042",0,NA,NA,NA,NA,NA
"PHJJKLOP_00043",6.33361882636526,-6.70097868016943,3.91129168786649,-1.7132393119534,NA,NA
"PHJJKLOP_00044",0,NA,NA,NA,NA,NA
"PHJJKLOP_00045",0,NA,NA,NA,NA,NA
"PHJJKLOP_00046",0,NA,NA,NA,NA,NA
"PHJJKLOP_00047",0,NA,NA,NA,NA,NA
"PHJJKLOP_00048",0,NA,NA,NA,NA,NA
"PHJJKLOP_00049",2.59596115374444,4.42635895452463,3.91857196732123,1.12958470367217,0.25865125941434,NA
"PHJJKLOP_00050",0,NA,NA,NA,NA,NA
"PHJJKLOP_00052",0,NA,NA,NA,NA,NA
"PHJJKLOP_00053",0,NA,NA,NA,NA,NA
"PHJJKLOP_00054",0,NA,NA,NA,NA,NA
"PHJJKLOP_00055",0,NA,NA,NA,NA,NA
"PHJJKLOP_00056",0,NA,NA,NA,NA,NA
"PHJJKLOP_00057",0,NA,NA,NA,NA,NA
"PHJJKLOP_00058",0,NA,NA,NA,NA,NA
"PHJJKLOP_00059",0,NA,NA,NA,NA,NA
"PHJJKLOP_00060",6.05595696536193,0,4.08045587177772,0,NA,NA
"PHJJKLOP_00061",0.401065386941437,2.7653959541677,3.97901492652934,0.694995119452793,0.487058360153242,NA
"PHJJKLOP_00062",0,NA,NA,NA,NA,NA
"PHJJKLOP_00063",0,NA,NA,NA,NA,NA
"PHJJKLOP_00064",0,NA,NA,NA,NA,NA
"PHJJKLOP_00065",0,NA,NA,NA,NA,NA
"PHJJKLOP_00066",0,NA,NA,NA,NA,NA
"PHJJKLOP_00067",0,NA,NA,NA,NA,NA
"PHJJKLOP_00068",0,NA,NA,NA,NA,NA
"PHJJKLOP_00070",4.82077987554532,5.9261940410711,3.91252176363645,1.51467375751108,0.129855043321324,NA
"PHJJKLOP_00071",0,NA,NA,NA,NA,NA
"PHJJKLOP_00072",0,NA,NA,NA,NA,NA
"PHJJKLOP_00073",6.50756738458302,-0.145054105122228,3.60592753531429,-0.0402265724149073,0.967912493047729,NA
"PHJJKLOP_00074",0,NA,NA,NA,NA,NA
"PHJJKLOP_00075",0,NA,NA,NA,NA,NA
"PHJJKLOP_00076",4.30345604140556,-6.08568278089022,3.8426344469028,-1.58372670233968,0.113255925543412,NA
"PHJJKLOP_00079",0,NA,NA,NA,NA,NA
"PHJJKLOP_00080",0,NA,NA,NA,NA,NA
"PHJJKLOP_00081",0,NA,NA,NA,NA,NA
"PHJJKLOP_00082",0,NA,NA,NA,NA,NA
"PHJJKLOP_00083",0,NA,NA,NA,NA,NA
"PHJJKLOP_00085",0,NA,NA,NA,NA,NA
"PHJJKLOP_00086",0,NA,NA,NA,NA,NA
"PHJJKLOP_00087",0,NA,NA,NA,NA,NA
"PHJJKLOP_00088",0,NA,NA,NA,NA,NA
"PHJJKLOP_00089",0,NA,NA,NA,NA,NA
"PHJJKLOP_00090",0,NA,NA,NA,NA,NA
"PHJJKLOP_00091",0,NA,NA,NA,NA,NA
"PHJJKLOP_00092",0,NA,NA,NA,NA,NA
"PHJJKLOP_00093",0,NA,NA,NA,NA,NA
"PHJJKLOP_00094",0,NA,NA,NA,NA,NA
"PHJJKLOP_00095",0,NA,NA,NA,NA,NA
"PHJJKLOP_00096",0,NA,NA,NA,NA,NA
"PHJJKLOP_00097",0,NA,NA,NA,NA,NA
"PHJJKLOP_00098",0,NA,NA,NA,NA,NA
"PHJJKLOP_00099",0.300315076458406,0,4.08045587179445,0,1,NA
"PHJJKLOP_00100",0,NA,NA,NA,NA,NA
"PHJJKLOP_00101",0,NA,NA,NA,NA,NA
"PHJJKLOP_00102",5.92129780907556,5.67179056085588,3.9107564844969,1.45030522440865,0.146973422828409,NA
"PHJJKLOP_00103",0,NA,NA,NA,NA,NA
"PHJJKLOP_00104",0,NA,NA,NA,NA,NA
"PHJJKLOP_00105",0,NA,NA,NA,NA,NA
"PHJJKLOP_00106",0,NA,NA,NA,NA,NA
"PHJJKLOP_00107",0,NA,NA,NA,NA,NA
"PHJJKLOP_00108",0,NA,NA,NA,NA,NA
"PHJJKLOP_00109",0,NA,NA,NA,NA,NA
"PHJJKLOP_00110",0,NA,NA,NA,NA,NA
"PHJJKLOP_00111",0.100266346735359,0.996267620084678,4.08045587181216,0.244155959868824,0.807110033923695,NA
"PHJJKLOP_00112",0,NA,NA,NA,NA,NA
"PHJJKLOP_00113",0,NA,NA,NA,NA,NA
"PHJJKLOP_00114",0,NA,NA,NA,NA,NA
"PHJJKLOP_00115",0,NA,NA,NA,NA,NA
"PHJJKLOP_00116",0.216278296274791,1.86838458937059,4.04023516761161,0.462444514207594,0.643762583563484,NA
"PHJJKLOP_00117",0,NA,NA,NA,NA,NA
"PHJJKLOP_00118",0,NA,NA,NA,NA,NA
"PHJJKLOP_00119",2.60959009253537,5.216495648289,3.92006364253522,1.33071708114293,0.183282120462576,NA
"PHJJKLOP_00120",0,NA,NA,NA,NA,NA
"PHJJKLOP_00121",0,NA,NA,NA,NA,NA
"PHJJKLOP_00122",0.325039042859131,0.906619591331271,4.04023446984447,0.224397766540062,0.822447808424273,NA
"PHJJKLOP_00123",2.75882483977599,0,4.0804558717788,0,1,NA
"PHJJKLOP_00124",0,NA,NA,NA,NA,NA
"PHJJKLOP_00125",0,NA,NA,NA,NA,NA
"PHJJKLOP_00126",0,NA,NA,NA,NA,NA
"PHJJKLOP_00127",0.435042986337358,-2.83713514178415,3.97230697558591,-0.714228572771791,0.475085851419981,NA
"PHJJKLOP_00128",0,NA,NA,NA,NA,NA
"PHJJKLOP_00129",0.200532693470719,1.77410195366811,4.0490837773806,0.438148986587726,0.661278285688748,NA
"PHJJKLOP_00130",0,NA,NA,NA,NA,NA
"PHJJKLOP_00131",0,NA,NA,NA,NA,NA
"PHJJKLOP_00132",3.76815100066964,0,4.08045587177827,0,NA,NA
"PHJJKLOP_00133",0,NA,NA,NA,NA,NA
"PHJJKLOP_00134",0,NA,NA,NA,NA,NA
"PHJJKLOP_00135",0,NA,NA,NA,NA,NA
"PHJJKLOP_00138",0,NA,NA,NA,NA,NA
"PHJJKLOP_00139",0,NA,NA,NA,NA,NA
"PHJJKLOP_00140",0,NA,NA,NA,NA,NA
"PHJJKLOP_00141",0,NA,NA,NA,NA,NA
"PHJJKLOP_00142",0,NA,NA,NA,NA,NA
"PHJJKLOP_00143",0,NA,NA,NA,NA,NA
"PHJJKLOP_00144",0,NA,NA,NA,NA,NA
"PHJJKLOP_00146",0,NA,NA,NA,NA,NA
"PHJJKLOP_00147",0,NA,NA,NA,NA,NA
"PHJJKLOP_00148",0,NA,NA,NA,NA,NA
"PHJJKLOP_00149",0,NA,NA,NA,NA,NA
"PHJJKLOP_00150",0,NA,NA,NA,NA,NA
"PHJJKLOP_00151",0,NA,NA,NA,NA,NA
"PHJJKLOP_00152",0,NA,NA,NA,NA,NA
"PHJJKLOP_00153",0,NA,NA,NA,NA,NA
"PHJJKLOP_00154",0,NA,NA,NA,NA,NA
"PHJJKLOP_00157",0,NA,NA,NA,NA,NA
"PHJJKLOP_00158",1.30346250755967,4.45889169142108,3.92923735626468,1.134798253995,0.256459857983753,NA
"PHJJKLOP_00159",0,NA,NA,NA,NA,NA
"PHJJKLOP_00160",0,NA,NA,NA,NA,NA
"PHJJKLOP_00162",0,NA,NA,NA,NA,NA
"PHJJKLOP_00163",0,NA,NA,NA,NA,NA
"PHJJKLOP_00164",0,NA,NA,NA,NA,NA
"PHJJKLOP_00166",0,NA,NA,NA,NA,NA
"PHJJKLOP_00167",0,NA,NA,NA,NA,NA
"PHJJKLOP_00168",0,NA,NA,NA,NA,NA
"PHJJKLOP_00170",0,NA,NA,NA,NA,NA
"PHJJKLOP_00171",0,NA,NA,NA,NA,NA
"PHJJKLOP_00175",0,NA,NA,NA,NA,NA
"PHJJKLOP_00176",0,NA,NA,NA,NA,NA
"PHJJKLOP_00177",0,NA,NA,NA,NA,NA
"PHJJKLOP_00178",0,NA,NA,NA,NA,NA
"PHJJKLOP_00179",0,NA,NA,NA,NA,NA
"PHJJKLOP_00180",0,NA,NA,NA,NA,NA
"PHJJKLOP_00181",0,NA,NA,NA,NA,NA
"PHJJKLOP_00182",0,NA,NA,NA,NA,NA
"PHJJKLOP_00183",0,NA,NA,NA,NA,NA
"PHJJKLOP_00184",0,NA,NA,NA,NA,NA
"PHJJKLOP_00185",0,NA,NA,NA,NA,NA
"PHJJKLOP_00186",0,NA,NA,NA,NA,NA
"PHJJKLOP_00187",0,NA,NA,NA,NA,NA
"PHJJKLOP_00188",0,NA,NA,NA,NA,NA
"PHJJKLOP_00189",0,NA,NA,NA,NA,NA
"PHJJKLOP_00190",0,NA,NA,NA,NA,NA
"PHJJKLOP_00192",2.2058596281779,5.21652043901909,3.9200636425599,1.33072340519772,0.183280038812162,NA
"PHJJKLOP_00193",0,NA,NA,NA,NA,NA
"PHJJKLOP_00194",0,NA,NA,NA,NA,NA
"PHJJKLOP_00195",0,NA,NA,NA,NA,NA
"PHJJKLOP_00196",0,NA,NA,NA,NA,NA
"PHJJKLOP_00197",0,NA,NA,NA,NA,NA
"PHJJKLOP_00198",0,NA,NA,NA,NA,NA
"PHJJKLOP_00199",0,NA,NA,NA,NA,NA
"PHJJKLOP_00200",0,NA,NA,NA,NA,NA
"PHJJKLOP_00201",0,NA,NA,NA,NA,NA
"PHJJKLOP_00202",0,NA,NA,NA,NA,NA
"PHJJKLOP_00204",0,NA,NA,NA,NA,NA
"PHJJKLOP_00205",0,NA,NA,NA,NA,NA
"PHJJKLOP_00206",0,NA,NA,NA,NA,NA
"PHJJKLOP_00207",0,NA,NA,NA,NA,NA
"PHJJKLOP_00208",0.543803732921697,-3.1592085736208,3.95928130138868,-0.797924757837422,0.4249141551796,NA
"PHJJKLOP_00209",0,NA,NA,NA,NA,NA
"PHJJKLOP_00210",0,NA,NA,NA,NA,NA
"PHJJKLOP_00212",0.750787691146016,0,4.08045587178404,0,1,NA
"PHJJKLOP_00215",0,NA,NA,NA,NA,NA
"PHJJKLOP_00217",2.48967119687101,0,4.08045587177902,0,1,NA
"PHJJKLOP_00218",0,NA,NA,NA,NA,NA
"PHJJKLOP_00219",0,NA,NA,NA,NA,NA
"PHJJKLOP_00220",0,NA,NA,NA,NA,NA
"PHJJKLOP_00221",7.92711886861487,6.07857329640624,2.89866766738848,2.09702318233765,0.0359915232281331,NA
"PHJJKLOP_00222",0,NA,NA,NA,NA,NA
"PHJJKLOP_00223",0,NA,NA,NA,NA,NA
"PHJJKLOP_00225",0,NA,NA,NA,NA,NA
"PHJJKLOP_00226",0,NA,NA,NA,NA,NA
"PHJJKLOP_00227",0,NA,NA,NA,NA,NA
"PHJJKLOP_00228",0,NA,NA,NA,NA,NA
"PHJJKLOP_00229",0,NA,NA,NA,NA,NA
"PHJJKLOP_00230",2.75882483977599,0,4.0804558717788,0,1,NA
"PHJJKLOP_00231",0,NA,NA,NA,NA,NA
"PHJJKLOP_00232",0,NA,NA,NA,NA,NA
"PHJJKLOP_00233",0,NA,NA,NA,NA,NA
"PHJJKLOP_00234",66.1670828658469,19.4367927145373,3.91141796087332,4.96924463429051,NA,NA
"PHJJKLOP_00235",0,NA,NA,NA,NA,NA
"PHJJKLOP_00236",0,NA,NA,NA,NA,NA
"PHJJKLOP_00237",0,NA,NA,NA,NA,NA
"PHJJKLOP_00238",3.05046240130568,2.20701031305545,3.79211992928166,0.581999080781583,0.560567300039595,NA
"PHJJKLOP_00239",1.95769343851811,-5.00760834230234,3.92141330048215,-1.2769907068165,0.201605528205571,NA
"PHJJKLOP_00240",0,NA,NA,NA,NA,NA
"PHJJKLOP_00241",1.47172434684218,-1.81667302040923,3.82039156395666,-0.475520110961548,0.634416302327687,NA
"PHJJKLOP_00242",0,NA,NA,NA,NA,NA
"PHJJKLOP_00243",0,NA,NA,NA,NA,NA
"PHJJKLOP_00246",0,NA,NA,NA,NA,NA
"PHJJKLOP_00247",0,NA,NA,NA,NA,NA
"PHJJKLOP_00248",0,NA,NA,NA,NA,NA
"PHJJKLOP_00249",0,NA,NA,NA,NA,NA
"PHJJKLOP_00250",0,NA,NA,NA,NA,NA
"PHJJKLOP_00251",6.95951346801268,-1.82069568809679,3.32499217613381,-0.547578939031921,NA,NA
"PHJJKLOP_00252",3.83235997072174,6.00994110771389,3.91443391277602,1.53532828542551,0.124703209581867,NA
"PHJJKLOP_00253",0,NA,NA,NA,NA,NA
"PHJJKLOP_00254",0,NA,NA,NA,NA,NA
"PHJJKLOP_00255",0,NA,NA,NA,NA,NA
"PHJJKLOP_00256",0,NA,NA,NA,NA,NA
"PHJJKLOP_00257",0,NA,NA,NA,NA,NA
"PHJJKLOP_00259",11.2225111456581,-0.138442903206337,3.34845722891774,-0.0413452804505682,NA,NA
"PHJJKLOP_00260",0,NA,NA,NA,NA,NA
"PHJJKLOP_00261",0,NA,NA,NA,NA,NA
"PHJJKLOP_00262",0,NA,NA,NA,NA,NA
"PHJJKLOP_00263",0,NA,NA,NA,NA,NA
"PHJJKLOP_00264",0,NA,NA,NA,NA,NA
"PHJJKLOP_00265",0,NA,NA,NA,NA,NA
"PHJJKLOP_00267",0,NA,NA,NA,NA,NA
"PHJJKLOP_00269",50.2696493939223,0.511795002388531,3.09842736166816,0.165178957790054,NA,NA
"PHJJKLOP_00270",0,NA,NA,NA,NA,NA
"PHJJKLOP_00271",0,NA,NA,NA,NA,NA
"PHJJKLOP_00272",0,NA,NA,NA,NA,NA
"PHJJKLOP_00273",0,NA,NA,NA,NA,NA
"PHJJKLOP_00275",0,NA,NA,NA,NA,NA
"PHJJKLOP_00276",0,NA,NA,NA,NA,NA
"PHJJKLOP_00277",0,NA,NA,NA,NA,NA
"PHJJKLOP_00279",0,NA,NA,NA,NA,NA
"PHJJKLOP_00280",0.435042986337358,-2.83713514178415,3.97230697558591,-0.714228572771791,0.475085851419981,NA
"PHJJKLOP_00281",0,NA,NA,NA,NA,NA
"PHJJKLOP_00282",0,NA,NA,NA,NA,NA
"PHJJKLOP_00283",0,NA,NA,NA,NA,NA
"PHJJKLOP_00284",0.108139148137396,0.996267620084677,4.08045587181216,0.244155959868824,0.807110033923696,NA
"PHJJKLOP_00285",0,NA,NA,NA,NA,NA
"PHJJKLOP_00286",5.29881825873239,6.47902806657952,3.91230027609375,1.65606615273625,NA,NA
"PHJJKLOP_00287",0,NA,NA,NA,NA,NA
"PHJJKLOP_00288",0,NA,NA,NA,NA,NA
"PHJJKLOP_00289",0,NA,NA,NA,NA,NA
"PHJJKLOP_00290",3.00108139194741,-5.15965294453796,3.91994940052046,-1.3162549863151,0.188088473697469,NA
"PHJJKLOP_00291",0,NA,NA,NA,NA,NA
"PHJJKLOP_00292",0,NA,NA,NA,NA,NA
"PHJJKLOP_00293",0,NA,NA,NA,NA,NA
"PHJJKLOP_00294",0,NA,NA,NA,NA,NA
"PHJJKLOP_00296",0,NA,NA,NA,NA,NA
"PHJJKLOP_00297",0,NA,NA,NA,NA,NA
"PHJJKLOP_00298",0,NA,NA,NA,NA,NA
"PHJJKLOP_00300",0,NA,NA,NA,NA,NA
"PHJJKLOP_00301",0,NA,NA,NA,NA,NA
"PHJJKLOP_00302",0,NA,NA,NA,NA,NA
"PHJJKLOP_00303",0,NA,NA,NA,NA,NA
"PHJJKLOP_00304",0,NA,NA,NA,NA,NA
"PHJJKLOP_00305",0,NA,NA,NA,NA,NA
"PHJJKLOP_00307",6.18868765504054,-0.90614480682155,2.59090212935994,-0.349741040602489,0.726533050482437,NA
"PHJJKLOP_00308",0,NA,NA,NA,NA,NA
"PHJJKLOP_00309",0,NA,NA,NA,NA,NA
"PHJJKLOP_00310",0,NA,NA,NA,NA,NA
"PHJJKLOP_00311",0,NA,NA,NA,NA,NA
"PHJJKLOP_00312",20.7947702098294,-22.4516247177959,3.71245637248812,-6.04764675059295,NA,NA
"PHJJKLOP_00313",0,NA,NA,NA,NA,NA
"PHJJKLOP_00316",0,NA,NA,NA,NA,NA
"PHJJKLOP_00317",0,NA,NA,NA,NA,NA
"PHJJKLOP_00318",0,NA,NA,NA,NA,NA
"PHJJKLOP_00319",2.33333063394858,5.18654970708483,3.9203427018817,1.32298375460782,0.185840780344211,NA
"PHJJKLOP_00320",0.205941589223709,0.0345029548196251,4.08045587181216,0.00845566179454896,0.993253438397375,NA
"PHJJKLOP_00321",0,NA,NA,NA,NA,NA
"PHJJKLOP_00322",0,NA,NA,NA,NA,NA
"PHJJKLOP_00323",0,NA,NA,NA,NA,NA
"PHJJKLOP_00324",0,NA,NA,NA,NA,NA
"PHJJKLOP_00325",3.92259643761531,0,4.08045587177823,0,1,NA
"PHJJKLOP_00326",0,NA,NA,NA,NA,NA
"PHJJKLOP_00328",1.30346250755967,4.45889169142108,3.92923735626468,1.134798253995,0.256459857983753,NA
"PHJJKLOP_00331",0.117289237525283,-0.927277724675893,4.08045587181216,-0.227248560897702,0.820230469148206,NA
"PHJJKLOP_00332",0,NA,NA,NA,NA,NA
"PHJJKLOP_00336",0,NA,NA,NA,NA,NA
"PHJJKLOP_00337",0,NA,NA,NA,NA,NA
"PHJJKLOP_00338",0,NA,NA,NA,NA,NA
"PHJJKLOP_00340",2.54679979371906,-2.42189666292016,3.99392161694965,-0.606395641978042,0.544252061685721,NA
"PHJJKLOP_00342",0,NA,NA,NA,NA,NA
"PHJJKLOP_00343",0,NA,NA,NA,NA,NA
"PHJJKLOP_00344",0,NA,NA,NA,NA,NA
"PHJJKLOP_00346",0,NA,NA,NA,NA,NA
"PHJJKLOP_00347",0,NA,NA,NA,NA,NA
"PHJJKLOP_00349",0,NA,NA,NA,NA,NA
"PHJJKLOP_00350",0,NA,NA,NA,NA,NA
"PHJJKLOP_00352",0,NA,NA,NA,NA,NA
"PHJJKLOP_00354",0,NA,NA,NA,NA,NA
"PHJJKLOP_00355",0,NA,NA,NA,NA,NA
"PHJJKLOP_00357",1.88885241008888,4.18701743138914,3.93388471911169,1.06434675399807,0.287171645221126,NA
"PHJJKLOP_00360",10.0059886857592,-21.2921026479943,3.90962568315655,-5.44607191929523,NA,NA
"PHJJKLOP_00361",0,NA,NA,NA,NA,NA
"PHJJKLOP_00362",21.0205265284971,-0.616728486896057,3.66114148410614,-0.168452513942282,NA,NA
"PHJJKLOP_00363",57.1145260152724,23.32998414123,3.90725768755107,5.97093562975428,NA,NA
"PHJJKLOP_00366",0,NA,NA,NA,NA,NA
"PHJJKLOP_00367",9.16224587060041,6.448367640458,3.88647349929351,1.6591821973391,NA,NA
"PHJJKLOP_00368",0,NA,NA,NA,NA,NA
"PHJJKLOP_00369",0,NA,NA,NA,NA,NA
"PHJJKLOP_00372",0,NA,NA,NA,NA,NA
"PHJJKLOP_00373",0,NA,NA,NA,NA,NA
"PHJJKLOP_00375",6.75702532952696,-3.52040138388001,3.69086004403254,-0.953816005451595,NA,NA
"PHJJKLOP_00376",0,NA,NA,NA,NA,NA
"PHJJKLOP_00377",0,NA,NA,NA,NA,NA
"PHJJKLOP_00378",20.771610004382,20.7836176941288,3.88188283749111,5.35400437473311,NA,NA
"PHJJKLOP_00379",0,NA,NA,NA,NA,NA
"PHJJKLOP_00380",0,NA,NA,NA,NA,NA
"PHJJKLOP_00381",0,NA,NA,NA,NA,NA
"PHJJKLOP_00382",10.0179781311,-0.764479358924934,3.70259043949836,-0.206471488385442,NA,NA
"PHJJKLOP_00383",0,NA,NA,NA,NA,NA
"PHJJKLOP_00385",0,NA,NA,NA,NA,NA
"PHJJKLOP_00386",3.56628576849091,0,4.08045587177835,0,NA,NA
"PHJJKLOP_00388",1.22021905161423,3.25671213496824,3.93330179882432,0.827984299588117,0.407679391522202,NA
"PHJJKLOP_00389",0,NA,NA,NA,NA,NA
"PHJJKLOP_00390",0,NA,NA,NA,NA,NA
"PHJJKLOP_00391",0,NA,NA,NA,NA,NA
"PHJJKLOP_00392",0.175427558863639,0.996259647230457,4.08045587181204,0.244154005956212,0.807111547138881,NA
"PHJJKLOP_00419",0,NA,NA,NA,NA,NA
"PHJJKLOP_00420",0,NA,NA,NA,NA,NA
"PHJJKLOP_00421",0,NA,NA,NA,NA,NA
"PHJJKLOP_00422",6.92006501399167,-6.82878345295312,3.91090706922712,-1.74608686222315,NA,NA
"PHJJKLOP_00423",0,NA,NA,NA,NA,NA
"PHJJKLOP_00424",0,NA,NA,NA,NA,NA
"PHJJKLOP_00425",0,NA,NA,NA,NA,NA
"PHJJKLOP_00426",0,NA,NA,NA,NA,NA
"PHJJKLOP_00427",0,NA,NA,NA,NA,NA
"PHJJKLOP_00428",0,NA,NA,NA,NA,NA
"PHJJKLOP_00429",0,NA,NA,NA,NA,NA
"PHJJKLOP_00431",0,NA,NA,NA,NA,NA
"PHJJKLOP_00432",0,NA,NA,NA,NA,NA
"PHJJKLOP_00436",6.30661660562653,0,4.08045587177768,0,NA,NA
"PHJJKLOP_00437",0,NA,NA,NA,NA,NA
"PHJJKLOP_00438",0,NA,NA,NA,NA,NA
"PHJJKLOP_00439",0,NA,NA,NA,NA,NA
"PHJJKLOP_00440",0,NA,NA,NA,NA,NA
"PHJJKLOP_00441",3.49899735776467,0,4.08045587177838,0,NA,NA
"PHJJKLOP_00442",0.411883178447418,0.130136378904092,4.00857894108302,0.0324644670385193,0.974101652279586,NA
"PHJJKLOP_00443",0,NA,NA,NA,NA,NA
"PHJJKLOP_00444",0,NA,NA,NA,NA,NA
"PHJJKLOP_00445",0,NA,NA,NA,NA,NA
"PHJJKLOP_00446",0,NA,NA,NA,NA,NA
"PHJJKLOP_00447",0,NA,NA,NA,NA,NA
"PHJJKLOP_00448",0,NA,NA,NA,NA,NA
"PHJJKLOP_00449",0,NA,NA,NA,NA,NA
"PHJJKLOP_00450",0,NA,NA,NA,NA,NA
"PHJJKLOP_00451",0,NA,NA,NA,NA,NA
"PHJJKLOP_00453",0,NA,NA,NA,NA,NA
"PHJJKLOP_00455",0,NA,NA,NA,NA,NA
"PHJJKLOP_00456",7.03735425151696,-6.85303997669656,3.91083783614965,-1.75232015844554,NA,NA
"PHJJKLOP_00457",0,NA,NA,NA,NA,NA
"PHJJKLOP_00458",4.30645828647959,0,4.08045587177809,0,NA,NA
"PHJJKLOP_00459",7.74108967666865,-6.99059131649298,3.91046648891659,-1.78766173711151,NA,NA
"PHJJKLOP_00460",0,NA,NA,NA,NA,NA
"PHJJKLOP_00461",0,NA,NA,NA,NA,NA
"PHJJKLOP_00462",0,NA,NA,NA,NA,NA
"PHJJKLOP_00465",0,NA,NA,NA,NA,NA
"PHJJKLOP_00466",0,NA,NA,NA,NA,NA
"PHJJKLOP_00467",0,NA,NA,NA,NA,NA
"PHJJKLOP_00468",0,NA,NA,NA,NA,NA
"PHJJKLOP_00469",0,NA,NA,NA,NA,NA
"PHJJKLOP_00470",0,NA,NA,NA,NA,NA
"PHJJKLOP_00471",0,NA,NA,NA,NA,NA
"PHJJKLOP_00473",0,NA,NA,NA,NA,NA
"PHJJKLOP_00474",0,NA,NA,NA,NA,NA
"PHJJKLOP_00475",0,NA,NA,NA,NA,NA
"PHJJKLOP_00476",0,NA,NA,NA,NA,NA
"PHJJKLOP_00477",1.51394807392354,4.67219938908331,3.92615358315673,1.19001951658925,0.234038721315584,NA
"PHJJKLOP_00478",0,NA,NA,NA,NA,NA
"PHJJKLOP_00479",0,NA,NA,NA,NA,NA
"PHJJKLOP_00480",0,NA,NA,NA,NA,NA
"PHJJKLOP_00481",0,NA,NA,NA,NA,NA
"PHJJKLOP_00482",0.586446187626413,-3.26218524871966,3.95568590385121,-0.824682577942711,0.409551825300586,NA
"PHJJKLOP_00483",0,NA,NA,NA,NA,NA
"PHJJKLOP_00485",0.269153642904975,0,4.08045587179627,0,1,NA
"PHJJKLOP_00486",0,NA,NA,NA,NA,NA
"PHJJKLOP_00487",6.99014245286502,0.162479949325999,3.60600007234642,0.0450582213161945,0.964060902137999,NA
"PHJJKLOP_00488",0,NA,NA,NA,NA,NA
"PHJJKLOP_00489",0,NA,NA,NA,NA,NA
"PHJJKLOP_00492",0,NA,NA,NA,NA,NA
"PHJJKLOP_00493",0,NA,NA,NA,NA,NA
"PHJJKLOP_00494",1.10122803754974,-1.16651181014839,3.85347406667279,-0.302716922435549,0.76210560029922,NA
"PHJJKLOP_00495",0,NA,NA,NA,NA,NA
"PHJJKLOP_00496",0,NA,NA,NA,NA,NA
"PHJJKLOP_00497",0,NA,NA,NA,NA,NA
"PHJJKLOP_00498",0,NA,NA,NA,NA,NA
"PHJJKLOP_00499",6.19053378681441,0,4.0804558717777,0,NA,NA
"PHJJKLOP_00500",0,NA,NA,NA,NA,NA
"PHJJKLOP_00502",0,NA,NA,NA,NA,NA
"PHJJKLOP_00503",0,NA,NA,NA,NA,NA
"PHJJKLOP_00504",0,NA,NA,NA,NA,NA
"PHJJKLOP_00506",0,NA,NA,NA,NA,NA
"PHJJKLOP_00507",0,NA,NA,NA,NA,NA
"PHJJKLOP_00508",0,NA,NA,NA,NA,NA
"PHJJKLOP_00510",0,NA,NA,NA,NA,NA
"PHJJKLOP_00512",0,NA,NA,NA,NA,NA
"PHJJKLOP_00514",7.7164241351231,6.14973250871241,3.88982058823508,1.58098101678841,NA,NA
"PHJJKLOP_00515",0,NA,NA,NA,NA,NA
"PHJJKLOP_00516",0.134576821452487,0,4.08045587180399,0,1,NA
"PHJJKLOP_00517",0,NA,NA,NA,NA,NA
"PHJJKLOP_00518",0,NA,NA,NA,NA,NA
"PHJJKLOP_00519",0,NA,NA,NA,NA,NA
"PHJJKLOP_00521",0,NA,NA,NA,NA,NA
"PHJJKLOP_00523",0,NA,NA,NA,NA,NA
"PHJJKLOP_00525",0,NA,NA,NA,NA,NA
"PHJJKLOP_00526",0,NA,NA,NA,NA,NA
"PHJJKLOP_00527",0,NA,NA,NA,NA,NA
"PHJJKLOP_00529",0,NA,NA,NA,NA,NA
"PHJJKLOP_00530",0,NA,NA,NA,NA,NA
"PHJJKLOP_00531",6.21992690984133,1.10978290758465,3.60484689181853,0.307858541815848,0.758189973442854,NA
"PHJJKLOP_00532",0,NA,NA,NA,NA,NA
"PHJJKLOP_00533",0,NA,NA,NA,NA,NA
"PHJJKLOP_00534",0.74017251798868,0,4.08045587178412,0,1,NA
"PHJJKLOP_00535",0,NA,NA,NA,NA,NA
"PHJJKLOP_00537",0,NA,NA,NA,NA,NA
"PHJJKLOP_00538",0,NA,NA,NA,NA,NA
"PHJJKLOP_00539",0,NA,NA,NA,NA,NA
"PHJJKLOP_00540",0,NA,NA,NA,NA,NA
"PHJJKLOP_00543",0,NA,NA,NA,NA,NA
"PHJJKLOP_00544",0,NA,NA,NA,NA,NA
"PHJJKLOP_00545",0,NA,NA,NA,NA,NA
"PHJJKLOP_00547",28.310013977267,21.44170609858,3.90778320588568,5.48692314002623,NA,NA
"PHJJKLOP_00548",0,NA,NA,NA,NA,NA
"PHJJKLOP_00549",0,NA,NA,NA,NA,NA
"PHJJKLOP_00551",0,NA,NA,NA,NA,NA
"PHJJKLOP_00552",0,NA,NA,NA,NA,NA
"PHJJKLOP_00553",0,NA,NA,NA,NA,NA
"PHJJKLOP_00554",0,NA,NA,NA,NA,NA
"PHJJKLOP_00555",0,NA,NA,NA,NA,NA
"PHJJKLOP_00556",0,NA,NA,NA,NA,NA
"PHJJKLOP_00558",0,NA,NA,NA,NA,NA
"PHJJKLOP_00559",0.226049984109622,-1.88456168934086,4.03261912610173,-0.467329452747657,0.64026418742152,NA
"PHJJKLOP_00560",0,NA,NA,NA,NA,NA
"PHJJKLOP_00562",3.89300933294625,6.03432333302527,3.91430513204928,1.54160780252358,0.123168928356468,NA
"PHJJKLOP_00563",0,NA,NA,NA,NA,NA
"PHJJKLOP_00564",0,NA,NA,NA,NA,NA
"PHJJKLOP_00565",0,NA,NA,NA,NA,NA
"PHJJKLOP_00566",0,NA,NA,NA,NA,NA
"PHJJKLOP_00567",0,NA,NA,NA,NA,NA
"PHJJKLOP_00568",0.785556316179093,2.0369778880263,4.0257384697993,0.505988628746629,0.612864632408653,NA
"PHJJKLOP_00569",0,NA,NA,NA,NA,NA
"PHJJKLOP_00570",14.2476578025485,-22.0436574339074,3.90877034879881,-5.63953762100184,NA,NA
"PHJJKLOP_00571",0,NA,NA,NA,NA,NA
"PHJJKLOP_00573",0.0672884107262436,0,4.08045587181204,0,1,NA
"PHJJKLOP_00574",0,NA,NA,NA,NA,NA
"PHJJKLOP_00575",0,NA,NA,NA,NA,NA
"PHJJKLOP_00576",1.0766145716199,0,4.08045587178187,0,1,NA
"PHJJKLOP_00578",0,NA,NA,NA,NA,NA
"PHJJKLOP_00579",0,NA,NA,NA,NA,NA
"PHJJKLOP_00580",0,NA,NA,NA,NA,NA
"PHJJKLOP_00581",3.0453009043615,-5.64508358698157,3.91618352186462,-1.44147575195704,0.149450322896738,NA
"PHJJKLOP_00582",0,NA,NA,NA,NA,NA
"PHJJKLOP_00583",0,NA,NA,NA,NA,NA
"PHJJKLOP_00584",0.195604882172626,-1.7037613030511,4.0491168225791,-0.420773560681286,0.673920439859283,NA
"PHJJKLOP_00586",2.12972258372512,5.11257575774451,3.92105690253341,1.30387696093909,0.192275536748733,NA
"PHJJKLOP_00588",0,NA,NA,NA,NA,NA
"PHJJKLOP_00590",0,NA,NA,NA,NA,NA
"PHJJKLOP_00592",1.4263793310058,3.80060703537134,3.94218166482001,0.964087238619144,0.33500219012806,NA
"PHJJKLOP_00595",0,NA,NA,NA,NA,NA
"PHJJKLOP_00596",4.10928762922104,6.112310116264,3.91390751116585,1.56168997321127,0.118361042025285,NA
"PHJJKLOP_00598",3.24417444412187,5.77134790679873,3.91581562624974,1.47385588537683,0.140520397591667,NA
"PHJJKLOP_00599",7.73509199878675,0.214123067309328,3.0218980011026,0.0708571458173642,0.943511450287494,NA
"PHJJKLOP_00600",0.108139148137396,0.996267620084677,4.08045587181216,0.244155959868824,0.807110033923696,NA
"PHJJKLOP_00601",4.38093816832432,1.367244107563,3.59651135551224,0.380158429214322,0.703827815457136,NA
"PHJJKLOP_00602",0,NA,NA,NA,NA,NA
"PHJJKLOP_00603",8.82693752186415,-1.67213218286193,2.82441532358583,-0.592027726552274,0.553832021892709,NA
"PHJJKLOP_00604",0,NA,NA,NA,NA,NA
"PHJJKLOP_00605",0,NA,NA,NA,NA,NA
"PHJJKLOP_00606",0,NA,NA,NA,NA,NA
"PHJJKLOP_00607",0.134576821452487,0,4.08045587180399,0,1,NA
"PHJJKLOP_00609",0,NA,NA,NA,NA,NA
"PHJJKLOP_00611",12.6127738530846,0.0391863312961983,3.60674569121306,0.0108647336549583,NA,NA
"PHJJKLOP_00612",2.48967119687101,0,4.08045587177902,0,1,NA
"PHJJKLOP_00613",0,NA,NA,NA,NA,NA
"PHJJKLOP_00614",4.35456860864689,0,4.08045587177807,0,NA,NA
"PHJJKLOP_00616",2.81161785157229,5.56495070795273,3.91720927536092,1.42064166521713,0.155420959267754,NA
"PHJJKLOP_00617",8.1887049337934,-6.40541842863602,3.88690397938883,-1.64794871769464,0.0993631950396407,NA
"PHJJKLOP_00618",0,NA,NA,NA,NA,NA
"PHJJKLOP_00628",0,NA,NA,NA,NA,NA
"PHJJKLOP_00629",0,NA,NA,NA,NA,NA
"PHJJKLOP_00630",0,NA,NA,NA,NA,NA
"PHJJKLOP_00631",2.25800851497652,-5.00762633640387,3.9214131179671,-1.27699535492957,0.201603887191492,NA
"PHJJKLOP_00632",0,NA,NA,NA,NA,NA
"PHJJKLOP_00633",0,NA,NA,NA,NA,NA
"PHJJKLOP_00634",0,NA,NA,NA,NA,NA
"PHJJKLOP_00635",0,NA,NA,NA,NA,NA
"PHJJKLOP_00636",0,NA,NA,NA,NA,NA
"PHJJKLOP_00637",0,NA,NA,NA,NA,NA
"PHJJKLOP_00638",6.30661660562653,0,4.08045587177768,0,NA,NA
"PHJJKLOP_00639",0,NA,NA,NA,NA,NA
"PHJJKLOP_00640",0,NA,NA,NA,NA,NA
"PHJJKLOP_00641",0,NA,NA,NA,NA,NA
"PHJJKLOP_00642",14.1623207944519,-0.715015307510913,3.61587021426072,-0.19774363158582,NA,NA
"PHJJKLOP_00643",3.7008625899434,0,4.0804558717783,0,NA,NA
"PHJJKLOP_00644",0,NA,NA,NA,NA,NA
"PHJJKLOP_00645",0,NA,NA,NA,NA,NA
"PHJJKLOP_00646",0,NA,NA,NA,NA,NA
"PHJJKLOP_00647",0,NA,NA,NA,NA,NA
"PHJJKLOP_00648",0,NA,NA,NA,NA,NA
"PHJJKLOP_00649",0,NA,NA,NA,NA,NA
"PHJJKLOP_00650",0.100266346735359,0.996267620084678,4.08045587181216,0.244155959868824,0.807110033923695,NA
"PHJJKLOP_00651",0,NA,NA,NA,NA,NA
"PHJJKLOP_00652",3.09526689340721,0,4.08045587177859,0,1,NA
"PHJJKLOP_00653",0,NA,NA,NA,NA,NA
"PHJJKLOP_00654",0,NA,NA,NA,NA,NA
"PHJJKLOP_00655",0,NA,NA,NA,NA,NA
"PHJJKLOP_00656",0,NA,NA,NA,NA,NA
"PHJJKLOP_00657",2.38557671431372,3.32136121687518,3.24438696079204,1.02372536229906,0.305965012518858,NA
"PHJJKLOP_00658",0,NA,NA,NA,NA,NA
"PHJJKLOP_00659",0.0750787691146016,0,4.08045587181195,0,1,NA
"PHJJKLOP_00662",1.29018161277811,-4.40315945818933,3.92902024277028,-1.12067619562193,0.262425718346142,NA
"PHJJKLOP_00663",0,NA,NA,NA,NA,NA
"PHJJKLOP_00664",1.30346250755967,4.45889169142108,3.92923735626468,1.134798253995,0.256459857983753,NA
"PHJJKLOP_00665",0,NA,NA,NA,NA,NA
"PHJJKLOP_00666",0,NA,NA,NA,NA,NA
"PHJJKLOP_00667",0,NA,NA,NA,NA,NA
"PHJJKLOP_00669",0,NA,NA,NA,NA,NA
"PHJJKLOP_00671",0,NA,NA,NA,NA,NA
"PHJJKLOP_00672",0,NA,NA,NA,NA,NA
"PHJJKLOP_00673",0,NA,NA,NA,NA,NA
"PHJJKLOP_00675",0,NA,NA,NA,NA,NA
"PHJJKLOP_00676",0,NA,NA,NA,NA,NA
"PHJJKLOP_00677",0,NA,NA,NA,NA,NA
"PHJJKLOP_00679",0,NA,NA,NA,NA,NA
"PHJJKLOP_00681",0,NA,NA,NA,NA,NA
"PHJJKLOP_00682",0,NA,NA,NA,NA,NA
"PHJJKLOP_00683",0,NA,NA,NA,NA,NA
"PHJJKLOP_00684",0,NA,NA,NA,NA,NA
"PHJJKLOP_00685",0,NA,NA,NA,NA,NA
"PHJJKLOP_00688",0,NA,NA,NA,NA,NA
"PHJJKLOP_00689",0,NA,NA,NA,NA,NA
"PHJJKLOP_00690",0.652564479506037,-3.42233980342661,3.95057413835536,-0.86628922368518,0.386331574399936,NA
"PHJJKLOP_00691",0,NA,NA,NA,NA,NA
"PHJJKLOP_00692",0,NA,NA,NA,NA,NA
"PHJJKLOP_00693",0,NA,NA,NA,NA,NA
"PHJJKLOP_00694",1.19877865780999,-2.21840860062609,3.81057120844532,-0.582172193950727,0.560450700848151,NA
"PHJJKLOP_00695",0,NA,NA,NA,NA,NA
"PHJJKLOP_00696",0,NA,NA,NA,NA,NA
"PHJJKLOP_00697",0,NA,NA,NA,NA,NA
"PHJJKLOP_00698",0,NA,NA,NA,NA,NA
"PHJJKLOP_00699",0,NA,NA,NA,NA,NA
"PHJJKLOP_00700",0,NA,NA,NA,NA,NA
"PHJJKLOP_00701",0,NA,NA,NA,NA,NA
"PHJJKLOP_00702",0,NA,NA,NA,NA,NA
"PHJJKLOP_00703",0,NA,NA,NA,NA,NA
"PHJJKLOP_00704",0,NA,NA,NA,NA,NA
"PHJJKLOP_00705",0.538307285809949,0,4.08045587178678,0,1,NA
"PHJJKLOP_00706",0,NA,NA,NA,NA,NA
"PHJJKLOP_00707",0.324417444412187,2.45210885125925,3.99633565967128,0.613589312830884,0.539486747488798,NA
"PHJJKLOP_00708",0,NA,NA,NA,NA,NA
"PHJJKLOP_00709",0,NA,NA,NA,NA,NA
"PHJJKLOP_00710",0,NA,NA,NA,NA,NA
"PHJJKLOP_00711",0,NA,NA,NA,NA,NA
"PHJJKLOP_00712",0,NA,NA,NA,NA,NA
"PHJJKLOP_00713",0,NA,NA,NA,NA,NA
"PHJJKLOP_00714",0,NA,NA,NA,NA,NA
"PHJJKLOP_00715",0,NA,NA,NA,NA,NA
"PHJJKLOP_00716",0,NA,NA,NA,NA,NA
"PHJJKLOP_00717",0,NA,NA,NA,NA,NA
"PHJJKLOP_00718",0,NA,NA,NA,NA,NA
"PHJJKLOP_00719",0,NA,NA,NA,NA,NA
"PHJJKLOP_00720",0,NA,NA,NA,NA,NA
"PHJJKLOP_00721",0.150157538229203,0,4.08045587180286,0,1,NA
"PHJJKLOP_00722",0,NA,NA,NA,NA,NA
"PHJJKLOP_00723",0,NA,NA,NA,NA,NA
"PHJJKLOP_00724",0,NA,NA,NA,NA,NA
"PHJJKLOP_00725",0,NA,NA,NA,NA,NA
"PHJJKLOP_00726",0,NA,NA,NA,NA,NA
"PHJJKLOP_00727",0.0750787691146016,0,4.08045587181195,0,1,NA
"PHJJKLOP_00728",0,NA,NA,NA,NA,NA
"PHJJKLOP_00729",0.865113185099166,3.86535887766933,3.94063397477358,0.980897719101512,0.326643182395075,NA
"PHJJKLOP_00730",0,NA,NA,NA,NA,NA
"PHJJKLOP_00731",0,NA,NA,NA,NA,NA
"PHJJKLOP_00732",0,NA,NA,NA,NA,NA
"PHJJKLOP_00734",0,NA,NA,NA,NA,NA
"PHJJKLOP_00735",0,NA,NA,NA,NA,NA
"PHJJKLOP_00736",0,NA,NA,NA,NA,NA
"PHJJKLOP_00737",0,NA,NA,NA,NA,NA
"PHJJKLOP_00738",0,NA,NA,NA,NA,NA
"PHJJKLOP_00739",0,NA,NA,NA,NA,NA
"PHJJKLOP_00740",0,NA,NA,NA,NA,NA
"PHJJKLOP_00741",4.48403845948481,4.56528937485722,3.92764181678038,1.16234870383357,0.245093850658171,NA
"PHJJKLOP_00742",0,NA,NA,NA,NA,NA
"PHJJKLOP_00743",0,NA,NA,NA,NA,NA
"PHJJKLOP_00744",0,NA,NA,NA,NA,NA
"PHJJKLOP_00745",0,NA,NA,NA,NA,NA
"PHJJKLOP_00746",2.70347870343489,5.50838309742796,3.91762724855175,1.40605084352123,0.159709027597039,NA
"PHJJKLOP_00747",0,NA,NA,NA,NA,NA
"PHJJKLOP_00748",0,NA,NA,NA,NA,NA
"PHJJKLOP_00749",1.54038574723863,4.56532471770392,3.9276418178366,1.16235770201127,0.245090197112028,NA
"PHJJKLOP_00750",0,NA,NA,NA,NA,NA
"PHJJKLOP_00751",5.82877349773096,6.00413165761367,3.90285952523901,1.53839297027888,0.123952560024929,NA
"PHJJKLOP_00752",35.4796032473335,-7.92686857961041,2.82438099022504,-2.80658615358363,NA,NA
"PHJJKLOP_00754",0,NA,NA,NA,NA,NA
"PHJJKLOP_00755",0.217521493168679,-1.83641601664566,4.03681898323332,-0.454916612380468,0.649169231060765,NA
"PHJJKLOP_00757",0,NA,NA,NA,NA,NA
"PHJJKLOP_00759",16.637894986368,-21.7718653446009,3.87271684931298,-5.62185829528519,NA,NA
"PHJJKLOP_00761",0,NA,NA,NA,NA,NA
"PHJJKLOP_00762",0,NA,NA,NA,NA,NA
"PHJJKLOP_00764",0,NA,NA,NA,NA,NA
"PHJJKLOP_00765",0,NA,NA,NA,NA,NA
"PHJJKLOP_00766",0,NA,NA,NA,NA,NA
"PHJJKLOP_00767",0,NA,NA,NA,NA,NA
"PHJJKLOP_00770",0,NA,NA,NA,NA,NA
"PHJJKLOP_00773",0,NA,NA,NA,NA,NA
"PHJJKLOP_00774",0,NA,NA,NA,NA,NA
"PHJJKLOP_00775",0,NA,NA,NA,NA,NA
"PHJJKLOP_00776",0,NA,NA,NA,NA,NA
"PHJJKLOP_00777",0.646918357232266,-0.442834333518674,3.93658942063477,-0.112491877155751,0.910433409954783,NA
"PHJJKLOP_00778",0,NA,NA,NA,NA,NA
"PHJJKLOP_00779",0.201865232178731,0,4.08045587179971,0,1,NA
"PHJJKLOP_00780",0,NA,NA,NA,NA,NA
"PHJJKLOP_00782",0.176049157310583,-0.927285697515795,4.08045587181204,-0.22725051480682,0.820228949894073,NA
"PHJJKLOP_00784",6.21632958883998,-6.67399985733917,3.91137732076933,-1.70630427852112,NA,NA
"PHJJKLOP_00785",0,NA,NA,NA,NA,NA
"PHJJKLOP_00786",0,NA,NA,NA,NA,NA
"PHJJKLOP_00787",24.7249030369144,22.159657283008,3.90793398827478,5.67042773739142,NA,NA
"PHJJKLOP_00789",0,NA,NA,NA,NA,NA
"PHJJKLOP_00790",0,NA,NA,NA,NA,NA
"PHJJKLOP_00791",7.76486632966059,1.07625728231733,3.6031179300207,0.298701653184899,0.765167695552003,NA
"PHJJKLOP_00792",0,NA,NA,NA,NA,NA
"PHJJKLOP_00793",0,NA,NA,NA,NA,NA
"PHJJKLOP_00794",0,NA,NA,NA,NA,NA
"PHJJKLOP_00795",0,NA,NA,NA,NA,NA
"PHJJKLOP_00796",7.21917696494587,6.92560043319298,3.91082126212283,1.77088134921147,NA,NA
"PHJJKLOP_00797",0.108139148137396,0.996267620084677,4.08045587181216,0.244155959868824,0.807110033923696,NA
"PHJJKLOP_00798",7.39573076773508,-6.92522211468455,3.91063856013158,-1.77086734255787,NA,NA
"PHJJKLOP_00799",0,NA,NA,NA,NA,NA
"PHJJKLOP_00801",0,NA,NA,NA,NA,NA
"PHJJKLOP_00802",5.89857769004712,5.61003193402966,3.12160142603769,1.79716471399444,0.0723094745303701,NA
"PHJJKLOP_00803",0,NA,NA,NA,NA,NA
"PHJJKLOP_00804",0,NA,NA,NA,NA,NA
"PHJJKLOP_00805",0,NA,NA,NA,NA,NA
"PHJJKLOP_00806",0,NA,NA,NA,NA,NA
"PHJJKLOP_00807",4.41437083572413,0,3.86925726108692,0,1,NA
"PHJJKLOP_00808",0,NA,NA,NA,NA,NA
"PHJJKLOP_00809",0,NA,NA,NA,NA,NA
"PHJJKLOP_00811",0,NA,NA,NA,NA,NA
"PHJJKLOP_00812",0,NA,NA,NA,NA,NA
"PHJJKLOP_00813",0,NA,NA,NA,NA,NA
"PHJJKLOP_00815",0,NA,NA,NA,NA,NA
"PHJJKLOP_00816",0.170547671200666,0,4.08045587181195,0,1,NA
"PHJJKLOP_00817",0,NA,NA,NA,NA,NA
"PHJJKLOP_00820",1.71483917442631,4.34365844781129,3.93110127967524,1.10494697001806,0.269182568177996,NA
"PHJJKLOP_00821",0,NA,NA,NA,NA,NA
"PHJJKLOP_00822",0,NA,NA,NA,NA,NA
"PHJJKLOP_00823",0,NA,NA,NA,NA,NA
"PHJJKLOP_00824",0,NA,NA,NA,NA,NA
"PHJJKLOP_00825",0,NA,NA,NA,NA,NA
"PHJJKLOP_00826",0,NA,NA,NA,NA,NA
"PHJJKLOP_00828",0,NA,NA,NA,NA,NA
"PHJJKLOP_00830",0,NA,NA,NA,NA,NA
"PHJJKLOP_00831",0,NA,NA,NA,NA,NA
"PHJJKLOP_00832",15.8962727319384,-2.06633953669032,3.2766005581117,-0.63063516594197,NA,NA
"PHJJKLOP_00833",0,NA,NA,NA,NA,NA
"PHJJKLOP_00834",0,NA,NA,NA,NA,NA
"PHJJKLOP_00835",0,NA,NA,NA,NA,NA
"PHJJKLOP_00836",0.123624515184572,0.996267620084677,4.08045587181216,0.244155959868824,0.807110033923696,NA
"PHJJKLOP_00837",0.234578475050565,-1.93154430928353,4.02864949284524,-0.479452062710815,0.631617063314046,NA
"PHJJKLOP_00838",0,NA,NA,NA,NA,NA
"PHJJKLOP_00840",0,NA,NA,NA,NA,NA
"PHJJKLOP_00841",0,NA,NA,NA,NA,NA
"PHJJKLOP_00842",0,NA,NA,NA,NA,NA
"PHJJKLOP_00843",0,NA,NA,NA,NA,NA
"PHJJKLOP_00844",0,NA,NA,NA,NA,NA
"PHJJKLOP_00845",6.35715867061035,-6.70765222612591,3.91127075111223,-1.71495471752204,NA,NA
"PHJJKLOP_00847",0,NA,NA,NA,NA,NA
"PHJJKLOP_00849",7.44402319148385,6.11390802549888,3.58954229561242,1.70325560252405,0.0885202452411743,NA
"PHJJKLOP_00850",0,NA,NA,NA,NA,NA
"PHJJKLOP_00852",0,NA,NA,NA,NA,NA
"PHJJKLOP_00853",0,NA,NA,NA,NA,NA
"PHJJKLOP_00854",0,NA,NA,NA,NA,NA
"PHJJKLOP_00855",0,NA,NA,NA,NA,NA
"PHJJKLOP_00857",0,NA,NA,NA,NA,NA
"PHJJKLOP_00858",0,NA,NA,NA,NA,NA
"PHJJKLOP_00861",0,NA,NA,NA,NA,NA
"PHJJKLOP_00862",2.42238278614477,0,4.08045587177908,0,1,NA
"PHJJKLOP_00864",0,NA,NA,NA,NA,NA
"PHJJKLOP_00866",0,NA,NA,NA,NA,NA
"PHJJKLOP_00867",0,NA,NA,NA,NA,NA
"PHJJKLOP_00868",1.97799224295316,5.05441809743637,3.92164466632284,1.28885162412628,0.197449674755655,NA
"PHJJKLOP_00869",5.46182895968979,-0.607498587656748,3.3400881390478,-0.181881005041363,0.855676111635754,NA
"PHJJKLOP_00870",0,NA,NA,NA,NA,NA
"PHJJKLOP_00871",0,NA,NA,NA,NA,NA
"PHJJKLOP_00872",0,NA,NA,NA,NA,NA
"PHJJKLOP_00873",0,NA,NA,NA,NA,NA
"PHJJKLOP_00874",0,NA,NA,NA,NA,NA
"PHJJKLOP_00876",0,NA,NA,NA,NA,NA
"PHJJKLOP_00877",0,NA,NA,NA,NA,NA
"PHJJKLOP_00878",0,NA,NA,NA,NA,NA
"PHJJKLOP_00879",0,NA,NA,NA,NA,NA
"PHJJKLOP_00882",0,NA,NA,NA,NA,NA
"PHJJKLOP_00884",0.825866460260617,0,4.08045587178339,0,1,NA
"PHJJKLOP_00886",0,NA,NA,NA,NA,NA
"PHJJKLOP_00887",0,NA,NA,NA,NA,NA
"PHJJKLOP_00888",0,NA,NA,NA,NA,NA
"PHJJKLOP_00889",0,NA,NA,NA,NA,NA
"PHJJKLOP_00890",0,NA,NA,NA,NA,NA
"PHJJKLOP_00891",0,NA,NA,NA,NA,NA
"PHJJKLOP_00892",0,NA,NA,NA,NA,NA
"PHJJKLOP_00893",0,NA,NA,NA,NA,NA
"PHJJKLOP_00894",0,NA,NA,NA,NA,NA
"PHJJKLOP_00895",0,NA,NA,NA,NA,NA
"PHJJKLOP_00896",0,NA,NA,NA,NA,NA
"PHJJKLOP_00898",0,NA,NA,NA,NA,NA
"PHJJKLOP_00899",0,NA,NA,NA,NA,NA
"PHJJKLOP_00900",0,NA,NA,NA,NA,NA
"PHJJKLOP_00901",0,NA,NA,NA,NA,NA
"PHJJKLOP_00903",0,NA,NA,NA,NA,NA
"PHJJKLOP_00904",0,NA,NA,NA,NA,NA
"PHJJKLOP_00905",0,NA,NA,NA,NA,NA
"PHJJKLOP_00906",0,NA,NA,NA,NA,NA
"PHJJKLOP_00907",0,NA,NA,NA,NA,NA
"PHJJKLOP_00908",2.16278296274791,5.18655777519963,3.92034270188245,1.3229858126202,0.185840095932119,NA
"PHJJKLOP_00909",0,NA,NA,NA,NA,NA
"PHJJKLOP_00911",0,NA,NA,NA,NA,NA
"PHJJKLOP_00912",0,NA,NA,NA,NA,NA
"PHJJKLOP_00914",0,NA,NA,NA,NA,NA
"PHJJKLOP_00915",13.6595813244581,7.8453771486387,3.61003611485019,2.17321292614389,NA,NA
"PHJJKLOP_00916",0,NA,NA,NA,NA,NA
"PHJJKLOP_00917",5.56797190163736,6.47902954330313,3.79831216104969,1.70576542121609,NA,NA
"PHJJKLOP_00918",0,NA,NA,NA,NA,NA
"PHJJKLOP_00919",0,NA,NA,NA,NA,NA
"PHJJKLOP_00920",1.95136391106107,0,4.08045587177962,0,1,NA
"PHJJKLOP_00921",7.49765393140304,-2.40573347228095,3.69291639649236,-0.651445419822117,NA,NA
"PHJJKLOP_00922",0,NA,NA,NA,NA,NA
"PHJJKLOP_00923",0,NA,NA,NA,NA,NA
"PHJJKLOP_00924",0,NA,NA,NA,NA,NA
"PHJJKLOP_00927",1.61492185742985,0,4.0804558717802,0,1,NA
"PHJJKLOP_00930",0,NA,NA,NA,NA,NA
"PHJJKLOP_00931",0,NA,NA,NA,NA,NA
"PHJJKLOP_00933",0,NA,NA,NA,NA,NA
"PHJJKLOP_00934",0.0672884107262436,0,4.08045587181204,0,1,NA
"PHJJKLOP_00935",6.31677984432764,6.73304645290274,3.91140342161275,1.72138890498965,NA,NA
"PHJJKLOP_00936",0,NA,NA,NA,NA,NA
"PHJJKLOP_00937",3.24417444412187,5.77134790679873,3.91581562624974,1.47385588537683,0.140520397591667,NA
"PHJJKLOP_00939",0,NA,NA,NA,NA,NA
"PHJJKLOP_00941",0,NA,NA,NA,NA,NA
"PHJJKLOP_00942",0,NA,NA,NA,NA,NA
"PHJJKLOP_00943",0,NA,NA,NA,NA,NA
"PHJJKLOP_00945",0.0672884107262436,0,4.08045587181204,0,1,NA
"PHJJKLOP_00946",0,NA,NA,NA,NA,NA
"PHJJKLOP_00947",0,NA,NA,NA,NA,NA
"PHJJKLOP_00948",0,NA,NA,NA,NA,NA
"PHJJKLOP_00949",0,NA,NA,NA,NA,NA
"PHJJKLOP_00951",5.79026053303008,6.58881280365047,3.7470051638409,1.75842106310218,NA,NA
"PHJJKLOP_00952",0,NA,NA,NA,NA,NA
"PHJJKLOP_00954",0,NA,NA,NA,NA,NA
"PHJJKLOP_00955",0,NA,NA,NA,NA,NA
"PHJJKLOP_00959",15.9862747364727,-3.94550613071054,3.64242632818561,-1.08320821760475,NA,NA
"PHJJKLOP_00960",13.4685078364415,-1.1344814419755,3.39658669633253,-0.334006325585758,NA,NA
"PHJJKLOP_00961",0,NA,NA,NA,NA,NA
"PHJJKLOP_00962",0,NA,NA,NA,NA,NA
"PHJJKLOP_00963",0,NA,NA,NA,NA,NA
"PHJJKLOP_00964",0,NA,NA,NA,NA,NA
"PHJJKLOP_00967",0,NA,NA,NA,NA,NA
"PHJJKLOP_00968",0,NA,NA,NA,NA,NA
"PHJJKLOP_00969",0,NA,NA,NA,NA,NA
"PHJJKLOP_00971",0,NA,NA,NA,NA,NA
"PHJJKLOP_00972",0.283566707001035,1.86837660706038,4.04023516846521,0.462442538405538,0.643764000158421,NA
"PHJJKLOP_00974",0,NA,NA,NA,NA,NA
"PHJJKLOP_00976",3.15053069491442,2.45206093088818,3.99633565982886,0.613577321729074,0.539494673352216,NA
"PHJJKLOP_00978",0,NA,NA,NA,NA,NA
"PHJJKLOP_00979",0,NA,NA,NA,NA,NA
"PHJJKLOP_00981",0,NA,NA,NA,NA,NA
"PHJJKLOP_00982",0,NA,NA,NA,NA,NA
"PHJJKLOP_00983",0,NA,NA,NA,NA,NA
"PHJJKLOP_00984",0,NA,NA,NA,NA,NA
"PHJJKLOP_00986",21.6959399866896,-0.337965850251947,2.52503641019061,-0.133845931443989,NA,NA
"PHJJKLOP_00988",0,NA,NA,NA,NA,NA
"PHJJKLOP_00992",39.4293795819823,0.960791469269755,2.30614749392803,0.416621864733053,NA,NA
"PHJJKLOP_00993",0,NA,NA,NA,NA,NA
"PHJJKLOP_00994",0,NA,NA,NA,NA,NA
"PHJJKLOP_00995",0,NA,NA,NA,NA,NA
"PHJJKLOP_00996",0,NA,NA,NA,NA,NA
"PHJJKLOP_00997",0,NA,NA,NA,NA,NA
"PHJJKLOP_00998",0,NA,NA,NA,NA,NA
"PHJJKLOP_00999",0,NA,NA,NA,NA,NA
"PHJJKLOP_01001",0,NA,NA,NA,NA,NA
"PHJJKLOP_01002",0,NA,NA,NA,NA,NA
"PHJJKLOP_01003",0,NA,NA,NA,NA,NA
"PHJJKLOP_01004",14.9331739900641,-0.379475645033057,3.71128143316184,-0.102249223581452,NA,NA
"PHJJKLOP_01005",0,NA,NA,NA,NA,NA
"PHJJKLOP_01007",4.70679092247967,0,3.81484955256748,0,1,NA
"PHJJKLOP_01010",2.48967119687101,0,4.08045587177902,0,1,NA
"PHJJKLOP_01011",0.0672884107262436,0,4.08045587181204,0,1,NA
"PHJJKLOP_01012",0,NA,NA,NA,NA,NA
"PHJJKLOP_01013",20.2288051970113,-22.0135137386956,3.88606337425518,-5.66473359249187,NA,NA
"PHJJKLOP_01014",0,NA,NA,NA,NA,NA
"PHJJKLOP_01015",0.134576821452487,0,4.08045587180399,0,1,NA
"PHJJKLOP_01016",0,NA,NA,NA,NA,NA
"PHJJKLOP_01018",0,NA,NA,NA,NA,NA
"PHJJKLOP_01019",0,NA,NA,NA,NA,NA
"PHJJKLOP_01020",0,NA,NA,NA,NA,NA
"PHJJKLOP_01021",8.10773452957294,1.08991091951222,2.4386580901419,0.446930598396759,0.65492517034694,NA
"PHJJKLOP_01023",0.170547671200666,0,4.08045587181195,0,1,NA
"PHJJKLOP_01024",0,NA,NA,NA,NA,NA
"PHJJKLOP_01025",8.61885020050723,-6.67402861512791,3.87824251697782,-1.72088996134485,NA,NA
"PHJJKLOP_01026",0,NA,NA,NA,NA,NA
"PHJJKLOP_01028",0,NA,NA,NA,NA,NA
"PHJJKLOP_01029",5.62578882768937,0.996218400438054,3.92835915503072,0.2535965682166,NA,NA
"PHJJKLOP_01030",5.54679807580131,-6.51018081654352,3.91193308410275,-1.6641851168159,NA,NA
"PHJJKLOP_01032",0,NA,NA,NA,NA,NA
"PHJJKLOP_01033",0,NA,NA,NA,NA,NA
"PHJJKLOP_01034",5.5425872218508,-0.417842760911314,3.20431468441522,-0.130400039341819,0.896249935466201,NA
"PHJJKLOP_01035",0,NA,NA,NA,NA,NA
"PHJJKLOP_01037",0,NA,NA,NA,NA,NA
"PHJJKLOP_01038",0,NA,NA,NA,NA,NA
"PHJJKLOP_01039",0,NA,NA,NA,NA,NA
"PHJJKLOP_01041",0,NA,NA,NA,NA,NA
"PHJJKLOP_01042",0,NA,NA,NA,NA,NA
"PHJJKLOP_01043",0,NA,NA,NA,NA,NA
"PHJJKLOP_01044",0,NA,NA,NA,NA,NA
"PHJJKLOP_01045",0,NA,NA,NA,NA,NA
"PHJJKLOP_01047",3.30421918917505,-5.69572429407243,3.90916618537645,-1.45701769225857,0.145111496542067,NA
"PHJJKLOP_01048",13.5129496737299,-1.49569244223093,3.33120018392131,-0.448995064736782,NA,NA
"PHJJKLOP_01050",3.74649023710861,4.32441973518462,3.93142687047388,1.09996189110428,0.271348726452584,NA
"PHJJKLOP_01051",0,NA,NA,NA,NA,NA
"PHJJKLOP_01052",0,NA,NA,NA,NA,NA
"PHJJKLOP_01053",4.244642506089,-3.85944247848615,3.93916894878184,-0.979760586222041,NA,NA
"PHJJKLOP_01054",0,NA,NA,NA,NA,NA
"PHJJKLOP_01055",13.0048014752233,0.0659932990113455,3.54029687101385,0.0186406116254444,NA,NA
"PHJJKLOP_01056",4.85260953352914,1.52867323968787,3.25224286571381,0.470036618668191,0.638328855558944,NA
"PHJJKLOP_01057",3.91538687703622,-6.00766868034875,3.914089675948,-1.53488273844765,0.124812634308328,NA
"PHJJKLOP_01058",0,NA,NA,NA,NA,NA
"PHJJKLOP_01059",7.65023750948757,0.880674611409256,2.50809105696118,0.351133428335846,0.725488250444293,NA
"PHJJKLOP_01060",0,NA,NA,NA,NA,NA
"PHJJKLOP_01061",0.200532693470719,1.77410195366811,4.0490837773806,0.438148986587726,0.661278285688748,NA
"PHJJKLOP_01063",0,NA,NA,NA,NA,NA
"PHJJKLOP_01064",0,NA,NA,NA,NA,NA
"PHJJKLOP_01065",15.0265862803103,-2.18821429639528,3.67762580321101,-0.595007326325781,NA,NA
"PHJJKLOP_01066",0,NA,NA,NA,NA,NA
"PHJJKLOP_01067",0,NA,NA,NA,NA,NA
"PHJJKLOP_01068",0,NA,NA,NA,NA,NA
"PHJJKLOP_01069",1.73022637019833,4.86475562769052,3.92373369648231,1.23982818509112,0.215038950883173,NA
"PHJJKLOP_01071",0,NA,NA,NA,NA,NA
"PHJJKLOP_01072",10.0336683180441,3.49777898002984,3.60402749873802,0.970519503875766,NA,NA
"PHJJKLOP_01074",0,NA,NA,NA,NA,NA
"PHJJKLOP_01076",0,NA,NA,NA,NA,NA
"PHJJKLOP_01077",0,NA,NA,NA,NA,NA
"PHJJKLOP_01079",0,NA,NA,NA,NA,NA
"PHJJKLOP_01080",29.2331566811396,-1.97772204877652,3.3588983519464,-0.588800803582068,NA,NA
"PHJJKLOP_01081",7.66391937709887,0.142342154747661,3.21591112296084,0.0442618434730276,0.964695686346688,NA
"PHJJKLOP_01082",16.6399000772687,-1.36988420897157,3.36351865635428,-0.407277125216362,NA,NA
"PHJJKLOP_01083",0,NA,NA,NA,NA,NA
"PHJJKLOP_01084",0,NA,NA,NA,NA,NA
"PHJJKLOP_01086",0,NA,NA,NA,NA,NA
"PHJJKLOP_01088",0,NA,NA,NA,NA,NA
"PHJJKLOP_01089",0,NA,NA,NA,NA,NA
"PHJJKLOP_01090",0,NA,NA,NA,NA,NA
"PHJJKLOP_01091",0,NA,NA,NA,NA,NA
"PHJJKLOP_01092",0,NA,NA,NA,NA,NA
"PHJJKLOP_01093",0,NA,NA,NA,NA,NA
"PHJJKLOP_01094",0,NA,NA,NA,NA,NA
"PHJJKLOP_01096",0,NA,NA,NA,NA,NA
"PHJJKLOP_01097",0,NA,NA,NA,NA,NA
"PHJJKLOP_01098",0.300799040206078,2.35341861728548,4.00259874519838,0.58797265654188,0.556550646355856,NA
"PHJJKLOP_01099",0,NA,NA,NA,NA,NA
"PHJJKLOP_01100",0,NA,NA,NA,NA,NA
"PHJJKLOP_01101",5.1384166788157,0.996218614422697,3.94746114770508,0.252369453972173,NA,NA
"PHJJKLOP_01104",0,NA,NA,NA,NA,NA
"PHJJKLOP_01106",7.97379715371504,-3.36594290891196,3.67197230891908,-0.91665803163499,NA,NA
"PHJJKLOP_01107",0,NA,NA,NA,NA,NA
"PHJJKLOP_01108",0,NA,NA,NA,NA,NA
"PHJJKLOP_01110",0.234578475050565,-1.93154430928353,4.02864949284524,-0.479452062710815,0.631617063314046,NA
"PHJJKLOP_01112",0,NA,NA,NA,NA,NA
"PHJJKLOP_01113",0,NA,NA,NA,NA,NA
"PHJJKLOP_01114",0,NA,NA,NA,NA,NA
"PHJJKLOP_01115",0.638498181773292,2.22620003217869,3.96079632159324,0.562058700176532,0.574076025771824,NA
"PHJJKLOP_01117",4.55064318127807,5.01743026374158,3.59118066611124,1.39715339612105,0.162367447710975,NA
"PHJJKLOP_01118",0,NA,NA,NA,NA,NA
"PHJJKLOP_01119",14.2540779353256,-1.72742381874199,3.61428479549061,-0.477943470558053,NA,NA
"PHJJKLOP_01120",0,NA,NA,NA,NA,NA
"PHJJKLOP_01121",0,NA,NA,NA,NA,NA
"PHJJKLOP_01122",0,NA,NA,NA,NA,NA
"PHJJKLOP_01124",0,NA,NA,NA,NA,NA
"PHJJKLOP_01125",0,NA,NA,NA,NA,NA
"PHJJKLOP_01126",0,NA,NA,NA,NA,NA
"PHJJKLOP_01127",0,NA,NA,NA,NA,NA
"PHJJKLOP_01128",0,NA,NA,NA,NA,NA
"PHJJKLOP_01129",0,NA,NA,NA,NA,NA
"PHJJKLOP_01130",0,NA,NA,NA,NA,NA
"PHJJKLOP_01131",3.69786538386754,-5.92520364535177,3.91452085266799,-1.51364722998305,0.130115335498171,NA
"PHJJKLOP_01132",7.17395554559985,-1.2979490653135,2.6289111705916,-0.49372115719734,0.621503121176469,NA
"PHJJKLOP_01133",0,NA,NA,NA,NA,NA
"PHJJKLOP_01134",10.7284991006834,21.0167797340361,3.90948821124388,5.37583913761162,NA,NA
"PHJJKLOP_01135",7.62859040473242,-6.97056508169184,3.91051837881527,-1.78251689582997,NA,NA
"PHJJKLOP_01138",0,NA,NA,NA,NA,NA
"PHJJKLOP_01139",0,NA,NA,NA,NA,NA
"PHJJKLOP_01140",2.82777941119283,-5.53816259111997,3.91690805687021,-1.41391181787025,0.157387795603017,NA
"PHJJKLOP_01141",0,NA,NA,NA,NA,NA
"PHJJKLOP_01142",0,NA,NA,NA,NA,NA
"PHJJKLOP_01143",0,NA,NA,NA,NA,NA
"PHJJKLOP_01144",0,NA,NA,NA,NA,NA
"PHJJKLOP_01145",0,NA,NA,NA,NA,NA
"PHJJKLOP_01146",0,NA,NA,NA,NA,NA
"PHJJKLOP_01147",0,NA,NA,NA,NA,NA
"PHJJKLOP_01148",0,NA,NA,NA,NA,NA
"PHJJKLOP_01149",0,NA,NA,NA,NA,NA
"PHJJKLOP_01150",0,NA,NA,NA,NA,NA
"PHJJKLOP_01151",0.283566707001035,1.86837660706038,4.04023516846521,0.462442538405538,0.643764000158421,NA
"PHJJKLOP_01152",0,NA,NA,NA,NA,NA
"PHJJKLOP_01153",0,NA,NA,NA,NA,NA
"PHJJKLOP_01155",0,NA,NA,NA,NA,NA
"PHJJKLOP_01156",0,NA,NA,NA,NA,NA
"PHJJKLOP_01160",0,NA,NA,NA,NA,NA
"PHJJKLOP_01161",0,NA,NA,NA,NA,NA
"PHJJKLOP_01165",0,NA,NA,NA,NA,NA
"PHJJKLOP_01166",0,NA,NA,NA,NA,NA
"PHJJKLOP_01167",0,NA,NA,NA,NA,NA
"PHJJKLOP_01168",9.76150159796219,-2.10986228377128,3.29573670291487,-0.640179260043812,NA,NA
"PHJJKLOP_01169",0,NA,NA,NA,NA,NA
"PHJJKLOP_01172",0,NA,NA,NA,NA,NA
"PHJJKLOP_01173",3.50883724176157,-4.85144495583248,3.9230856967982,-1.23664006620909,0.216220738295876,NA
"PHJJKLOP_01174",0,NA,NA,NA,NA,NA
"PHJJKLOP_01175",14.97417351561,-0.558152734276672,3.70779222006701,-0.150535062686599,NA,NA
"PHJJKLOP_01176",0,NA,NA,NA,NA,NA
"PHJJKLOP_01178",0,NA,NA,NA,NA,NA
"PHJJKLOP_01180",0,NA,NA,NA,NA,NA
"PHJJKLOP_01181",0,NA,NA,NA,NA,NA
"PHJJKLOP_01182",0,NA,NA,NA,NA,NA
"PHJJKLOP_01183",0,NA,NA,NA,NA,NA
"PHJJKLOP_01186",0,NA,NA,NA,NA,NA
"PHJJKLOP_01187",0,NA,NA,NA,NA,NA
"PHJJKLOP_01189",5.40602688229438,-0.913355427832287,2.40234439733504,-0.380193376455719,0.703801875583063,NA
"PHJJKLOP_01190",4.64998336990802,6.29061424853211,3.91307511530403,1.60758842168133,0.10792534969018,NA
"PHJJKLOP_01191",0,NA,NA,NA,NA,NA
"PHJJKLOP_01192",23.5976598774093,4.16472425743482,3.31817290755956,1.25512574945888,NA,NA
"PHJJKLOP_01193",0,NA,NA,NA,NA,NA
"PHJJKLOP_01196",0.100266346735359,0.996267620084678,4.08045587181216,0.244155959868824,0.807110033923695,NA
"PHJJKLOP_01197",0,NA,NA,NA,NA,NA
"PHJJKLOP_01198",11.6308962213017,21.0440752400602,3.90927458134,5.38311515402603,NA,NA
"PHJJKLOP_01200",4.69798835630433,-6.26993185939641,3.63171066138829,-1.72644035937588,0.0842682202267262,NA
"PHJJKLOP_01201",0,NA,NA,NA,NA,NA
"PHJJKLOP_01203",0.0978024410863131,-0.927277724675893,4.08045587181216,-0.227248560897702,0.820230469148206,NA
"PHJJKLOP_01204",0,NA,NA,NA,NA,NA
"PHJJKLOP_01206",0,NA,NA,NA,NA,NA
"PHJJKLOP_01208",4.3000884470372,-4.64499925042992,3.57433055100735,-1.29954384020829,0.193757358453748,NA
"PHJJKLOP_01209",0,NA,NA,NA,NA,NA
"PHJJKLOP_01210",3.63357417921716,0,4.08045587177832,0,NA,NA
"PHJJKLOP_01211",3.56628576849091,0,4.08045587177835,0,NA,NA
"PHJJKLOP_01212",0,NA,NA,NA,NA,NA
"PHJJKLOP_01213",0,NA,NA,NA,NA,NA
"PHJJKLOP_01215",0,NA,NA,NA,NA,NA
"PHJJKLOP_01217",0,NA,NA,NA,NA,NA
"PHJJKLOP_01218",0,NA,NA,NA,NA,NA
"PHJJKLOP_01219",3.56628576849091,0,4.08045587177835,0,NA,NA
"PHJJKLOP_01222",0,NA,NA,NA,NA,NA
"PHJJKLOP_01223",0,NA,NA,NA,NA,NA
"PHJJKLOP_01224",0,NA,NA,NA,NA,NA
"PHJJKLOP_01225",0,NA,NA,NA,NA,NA
"PHJJKLOP_01226",0,NA,NA,NA,NA,NA
"PHJJKLOP_01227",0,NA,NA,NA,NA,NA
"PHJJKLOP_01229",0,NA,NA,NA,NA,NA
"PHJJKLOP_01230",0,NA,NA,NA,NA,NA
"PHJJKLOP_01231",3.53962149628296,0,3.9250559016854,0,1,NA
"PHJJKLOP_01233",0,NA,NA,NA,NA,NA
"PHJJKLOP_01234",0,NA,NA,NA,NA,NA
"PHJJKLOP_01235",5.91730019295152,5.93348135126806,3.52881337624782,1.6814381262568,0.0926778451957693,NA
"PHJJKLOP_01236",4.56228654230444,5.0791694596247,3.92139119291716,1.29524681669065,0.195235099248803,NA
"PHJJKLOP_01237",0,NA,NA,NA,NA,NA
"PHJJKLOP_01238",115.340963372034,-0.803301906201752,1.93725854811315,-0.414659110413606,NA,NA
"PHJJKLOP_01239",0,NA,NA,NA,NA,NA
"PHJJKLOP_01240",0,NA,NA,NA,NA,NA
"PHJJKLOP_01242",0,NA,NA,NA,NA,NA
"PHJJKLOP_01243",0,NA,NA,NA,NA,NA
"PHJJKLOP_01244",0,NA,NA,NA,NA,NA
"PHJJKLOP_01245",0,NA,NA,NA,NA,NA
"PHJJKLOP_01246",0,NA,NA,NA,NA,NA
"PHJJKLOP_01247",0,NA,NA,NA,NA,NA
"PHJJKLOP_01249",0,NA,NA,NA,NA,NA
"PHJJKLOP_01250",0,NA,NA,NA,NA,NA
"PHJJKLOP_01251",0,NA,NA,NA,NA,NA
"PHJJKLOP_01252",0,NA,NA,NA,NA,NA
"PHJJKLOP_01254",0,NA,NA,NA,NA,NA
"PHJJKLOP_01255",0,NA,NA,NA,NA,NA
"PHJJKLOP_01257",0,NA,NA,NA,NA,NA
"PHJJKLOP_01258",6.08227220783098,4.21853213806313,3.88561783186415,1.08567860263274,NA,NA
"PHJJKLOP_01259",12.8436740772532,-4.43594540318979,3.57304018730432,-1.24150448096037,NA,NA
"PHJJKLOP_01260",0,NA,NA,NA,NA,NA
"PHJJKLOP_01262",0,NA,NA,NA,NA,NA
"PHJJKLOP_01263",0,NA,NA,NA,NA,NA
"PHJJKLOP_01264",0,NA,NA,NA,NA,NA
"PHJJKLOP_01265",4.45919060995792,-6.19530117237009,3.91319562272846,-1.58318207666052,0.113379970430858,NA
"PHJJKLOP_01266",4.38330051671395,5.18651274248194,3.92034270184525,1.3229743256988,0.185843916043709,NA
"PHJJKLOP_01267",0,NA,NA,NA,NA,NA
"PHJJKLOP_01268",0,NA,NA,NA,NA,NA
"PHJJKLOP_01269",1.71902133124748,0,4.08045587178,0,1,NA
"PHJJKLOP_01270",0,NA,NA,NA,NA,NA
"PHJJKLOP_01272",0,NA,NA,NA,NA,NA
"PHJJKLOP_01273",0,NA,NA,NA,NA,NA
"PHJJKLOP_01275",0,NA,NA,NA,NA,NA
"PHJJKLOP_01276",0,NA,NA,NA,NA,NA
"PHJJKLOP_01278",0.117289237525283,-0.927277724675893,4.08045587181216,-0.227248560897702,0.820230469148206,NA
"PHJJKLOP_01279",0,NA,NA,NA,NA,NA
"PHJJKLOP_01280",0,NA,NA,NA,NA,NA
"PHJJKLOP_01282",4.82135609219832,6.3414376022095,3.91285606053129,1.62066723235111,0.105089024738852,NA
"PHJJKLOP_01283",0,NA,NA,NA,NA,NA
"PHJJKLOP_01285",0,NA,NA,NA,NA,NA
"PHJJKLOP_01287",0,NA,NA,NA,NA,NA
"PHJJKLOP_01288",0,NA,NA,NA,NA,NA
"PHJJKLOP_01289",0,NA,NA,NA,NA,NA
"PHJJKLOP_01290",0,NA,NA,NA,NA,NA
"PHJJKLOP_01291",0,NA,NA,NA,NA,NA
"PHJJKLOP_01292",0,NA,NA,NA,NA,NA
"PHJJKLOP_01294",0,NA,NA,NA,NA,NA
"PHJJKLOP_01295",0,NA,NA,NA,NA,NA
"PHJJKLOP_01296",0,NA,NA,NA,NA,NA
"PHJJKLOP_01297",0,NA,NA,NA,NA,NA
"PHJJKLOP_01299",8.35246784592894,-0.131796171751016,2.86292409691389,-0.046035510299797,0.963281946774758,NA
"PHJJKLOP_01300",0.201865232178731,0,4.08045587179971,0,1,NA
"PHJJKLOP_01301",7.58625903406468,3.11318107563746,3.33972899478432,0.932165777672181,NA,NA
"PHJJKLOP_01302",14.7798764183803,-1.53924037550197,3.6265681893139,-0.424434422614063,NA,NA
"PHJJKLOP_01303",0,NA,NA,NA,NA,NA
"PHJJKLOP_01304",0,NA,NA,NA,NA,NA
"PHJJKLOP_01305",0,NA,NA,NA,NA,NA
"PHJJKLOP_01306",0,NA,NA,NA,NA,NA
"PHJJKLOP_01307",0,NA,NA,NA,NA,NA
"PHJJKLOP_01309",5.40087891740786,5.4738512948,3.53870013118951,1.54685367278069,0.121898534343428,NA
"PHJJKLOP_01311",8.0062567076355,5.11266519592923,3.58369906366194,1.42664467777742,NA,NA
"PHJJKLOP_01312",0,NA,NA,NA,NA,NA
"PHJJKLOP_01315",0,NA,NA,NA,NA,NA
"PHJJKLOP_01316",0,NA,NA,NA,NA,NA
"PHJJKLOP_01317",3.36439493302808,5.75588749613238,3.90542153068361,1.47381977871281,0.140530121495015,NA
"PHJJKLOP_01318",0,NA,NA,NA,NA,NA
"PHJJKLOP_01319",0,NA,NA,NA,NA,NA
"PHJJKLOP_01321",0,NA,NA,NA,NA,NA
"PHJJKLOP_01323",0,NA,NA,NA,NA,NA
"PHJJKLOP_01325",0,NA,NA,NA,NA,NA
"PHJJKLOP_01326",1.58352000761397,-4.63660473253327,3.85824420495438,-1.20173957018568,0.229464444902505,NA
"PHJJKLOP_01327",0,NA,NA,NA,NA,NA
"PHJJKLOP_01328",0,NA,NA,NA,NA,NA
"PHJJKLOP_01329",0,NA,NA,NA,NA,NA
"PHJJKLOP_01330",0,NA,NA,NA,NA,NA
"PHJJKLOP_01331",0,NA,NA,NA,NA,NA
"PHJJKLOP_01332",0,NA,NA,NA,NA,NA
"PHJJKLOP_01333",7.52043140641812,3.07162946908472,3.58730745315804,0.856249292594269,0.391859902549847,NA
"PHJJKLOP_01334",0,NA,NA,NA,NA,NA
"PHJJKLOP_01335",0,NA,NA,NA,NA,NA
"PHJJKLOP_01337",0,NA,NA,NA,NA,NA
"PHJJKLOP_01338",0,NA,NA,NA,NA,NA
"PHJJKLOP_01339",0,NA,NA,NA,NA,NA
"PHJJKLOP_01340",0,NA,NA,NA,NA,NA
"PHJJKLOP_01341",0.511643013601997,0,4.0804558717879,0,1,NA
"PHJJKLOP_01342",0,NA,NA,NA,NA,NA
"PHJJKLOP_01343",0,NA,NA,NA,NA,NA
"PHJJKLOP_01344",0.201865232178731,0,4.08045587179971,0,1,NA
"PHJJKLOP_01345",3.30346584104247,0,4.08045587177848,0,1,NA
"PHJJKLOP_01346",0,NA,NA,NA,NA,NA
"PHJJKLOP_01347",0,NA,NA,NA,NA,NA
"PHJJKLOP_01348",0,NA,NA,NA,NA,NA
"PHJJKLOP_01349",0.540695740686979,3.18796563151603,3.96079658468871,0.804879918307286,0.420888977836762,NA
"PHJJKLOP_01351",6.60277264655109,-1.92095740457678,3.13516592158604,-0.612713155418899,0.540066022405754,NA
"PHJJKLOP_01352",0,NA,NA,NA,NA,NA
"PHJJKLOP_01353",0,NA,NA,NA,NA,NA
"PHJJKLOP_01354",0,NA,NA,NA,NA,NA
"PHJJKLOP_01355",0,NA,NA,NA,NA,NA
"PHJJKLOP_01356",0,NA,NA,NA,NA,NA
"PHJJKLOP_01357",0,NA,NA,NA,NA,NA
"PHJJKLOP_01358",4.10928762922104,6.112310116264,3.91390751116585,1.56168997321127,0.118361042025285,NA
"PHJJKLOP_01359",0,NA,NA,NA,NA,NA
"PHJJKLOP_01360",0.108760746584339,-0.927277724675893,4.08045587181216,-0.227248560897702,0.820230469148206,NA
"PHJJKLOP_01362",0,NA,NA,NA,NA,NA
"PHJJKLOP_01363",0,NA,NA,NA,NA,NA
"PHJJKLOP_01364",0,NA,NA,NA,NA,NA
"PHJJKLOP_01365",0,NA,NA,NA,NA,NA
"PHJJKLOP_01366",0,NA,NA,NA,NA,NA
"PHJJKLOP_01367",0,NA,NA,NA,NA,NA
"PHJJKLOP_01368",2.91975699970968,5.61938363781448,3.91682221346686,1.43467927099011,0.151378513808465,NA
"PHJJKLOP_01369",0,NA,NA,NA,NA,NA
"PHJJKLOP_01372",0,NA,NA,NA,NA,NA
"PHJJKLOP_01373",0,NA,NA,NA,NA,NA
"PHJJKLOP_01375",0,NA,NA,NA,NA,NA
"PHJJKLOP_01376",0,NA,NA,NA,NA,NA
"PHJJKLOP_01377",0,NA,NA,NA,NA,NA
"PHJJKLOP_01378",0,NA,NA,NA,NA,NA
"PHJJKLOP_01379",0,NA,NA,NA,NA,NA
"PHJJKLOP_01380",0,NA,NA,NA,NA,NA
"PHJJKLOP_01381",0,NA,NA,NA,NA,NA
"PHJJKLOP_01382",0,NA,NA,NA,NA,NA
"PHJJKLOP_01383",0,NA,NA,NA,NA,NA
"PHJJKLOP_01384",0,NA,NA,NA,NA,NA
"PHJJKLOP_01385",0,NA,NA,NA,NA,NA
"PHJJKLOP_01386",0,NA,NA,NA,NA,NA
"PHJJKLOP_01387",0,NA,NA,NA,NA,NA
"PHJJKLOP_01389",0,NA,NA,NA,NA,NA
"PHJJKLOP_01390",0,NA,NA,NA,NA,NA
"PHJJKLOP_01391",0,NA,NA,NA,NA,NA
"PHJJKLOP_01392",15.8439954559827,-22.1511884017801,3.90856675833027,-5.66734298565314,NA,NA
"PHJJKLOP_01393",0,NA,NA,NA,NA,NA
"PHJJKLOP_01394",0,NA,NA,NA,NA,NA
"PHJJKLOP_01395",0,NA,NA,NA,NA,NA
"PHJJKLOP_01396",0,NA,NA,NA,NA,NA
"PHJJKLOP_01397",0,NA,NA,NA,NA,NA
"PHJJKLOP_01398",0,NA,NA,NA,NA,NA
"PHJJKLOP_01399",0,NA,NA,NA,NA,NA
"PHJJKLOP_01400",0,NA,NA,NA,NA,NA
"PHJJKLOP_01401",0,NA,NA,NA,NA,NA
"PHJJKLOP_01402",0,NA,NA,NA,NA,NA
"PHJJKLOP_01403",0,NA,NA,NA,NA,NA
"PHJJKLOP_01407",0.403730464357462,0,4.08045587178999,0,1,NA
"PHJJKLOP_01409",0,NA,NA,NA,NA,NA
"PHJJKLOP_01410",0,NA,NA,NA,NA,NA
"PHJJKLOP_01411",0,NA,NA,NA,NA,NA
"PHJJKLOP_01412",0,NA,NA,NA,NA,NA
"PHJJKLOP_01413",0,NA,NA,NA,NA,NA
"PHJJKLOP_01414",0,NA,NA,NA,NA,NA
"PHJJKLOP_01415",0,NA,NA,NA,NA,NA
"PHJJKLOP_01417",0,NA,NA,NA,NA,NA
"PHJJKLOP_01419",6.45968742971939,0,4.08045587177766,0,NA,NA
"PHJJKLOP_01421",0,NA,NA,NA,NA,NA
"PHJJKLOP_01422",0,NA,NA,NA,NA,NA
"PHJJKLOP_01423",0,NA,NA,NA,NA,NA
"PHJJKLOP_01424",0,NA,NA,NA,NA,NA
"PHJJKLOP_01425",0,NA,NA,NA,NA,NA
"PHJJKLOP_01426",0,NA,NA,NA,NA,NA
"PHJJKLOP_01428",0,NA,NA,NA,NA,NA
"PHJJKLOP_01429",0,NA,NA,NA,NA,NA
"PHJJKLOP_01430",0,NA,NA,NA,NA,NA
"PHJJKLOP_01431",0,NA,NA,NA,NA,NA
"PHJJKLOP_01432",0,NA,NA,NA,NA,NA
"PHJJKLOP_01433",0,NA,NA,NA,NA,NA
"PHJJKLOP_01434",0,NA,NA,NA,NA,NA
"PHJJKLOP_01435",0,NA,NA,NA,NA,NA
"PHJJKLOP_01436",0,NA,NA,NA,NA,NA
"PHJJKLOP_01437",0,NA,NA,NA,NA,NA
"PHJJKLOP_01438",0,NA,NA,NA,NA,NA
"PHJJKLOP_01440",0,NA,NA,NA,NA,NA
"PHJJKLOP_01441",0,NA,NA,NA,NA,NA
"PHJJKLOP_01442",0.687297171358497,1.86835797527786,4.04023516842758,0.462437926850928,0.643767306519421,NA
"PHJJKLOP_01443",0,NA,NA,NA,NA,NA
"PHJJKLOP_01444",0,NA,NA,NA,NA,NA
"PHJJKLOP_01445",0,NA,NA,NA,NA,NA
"PHJJKLOP_01448",17.2243514765518,0.83315352387338,3.30444640132809,0.252131044866858,NA,NA
"PHJJKLOP_01449",0,NA,NA,NA,NA,NA
"PHJJKLOP_01450",0,NA,NA,NA,NA,NA
"PHJJKLOP_01451",0,NA,NA,NA,NA,NA
"PHJJKLOP_01452",0,NA,NA,NA,NA,NA
"PHJJKLOP_01453",0.780018553014858,3.36485198380387,3.95459888388935,0.850870614845907,0.394841229823344,NA
"PHJJKLOP_01454",0,NA,NA,NA,NA,NA
"PHJJKLOP_01455",7.6778795177551,7.01399394913782,3.91057892653858,1.79359477992846,NA,NA
"PHJJKLOP_01457",0,NA,NA,NA,NA,NA
"PHJJKLOP_01458",6.81811157800443,6.84317583332731,3.91106099472981,1.7496980595671,NA,NA
"PHJJKLOP_01459",0,NA,NA,NA,NA,NA
"PHJJKLOP_01460",0,NA,NA,NA,NA,NA
"PHJJKLOP_01461",0,NA,NA,NA,NA,NA
"PHJJKLOP_01463",0,NA,NA,NA,NA,NA
"PHJJKLOP_01464",0,NA,NA,NA,NA,NA
"PHJJKLOP_01465",9.22450389965305,20.8372116994217,3.90993529502924,5.32929834565608,NA,NA
"PHJJKLOP_01467",0,NA,NA,NA,NA,NA
"PHJJKLOP_01469",0,NA,NA,NA,NA,NA
"PHJJKLOP_01470",0,NA,NA,NA,NA,NA
"PHJJKLOP_01472",0,NA,NA,NA,NA,NA
"PHJJKLOP_01473",0,NA,NA,NA,NA,NA
"PHJJKLOP_01475",0,NA,NA,NA,NA,NA
"PHJJKLOP_01476",0,NA,NA,NA,NA,NA
"PHJJKLOP_01477",38.0977735145369,19.5868234460368,3.91063401400566,5.00860560612116,NA,NA
"PHJJKLOP_01478",1.00932616089365,0,4.0804558717822,0,1,NA
"PHJJKLOP_01479",2.67020219491784,-2.849371700933,3.83133812705565,-0.743701444884665,0.457057115132691,NA
"PHJJKLOP_01480",0,NA,NA,NA,NA,NA
"PHJJKLOP_01481",0,NA,NA,NA,NA,NA
"PHJJKLOP_01484",0,NA,NA,NA,NA,NA
"PHJJKLOP_01485",0,NA,NA,NA,NA,NA
"PHJJKLOP_01487",0,NA,NA,NA,NA,NA
"PHJJKLOP_01488",0,NA,NA,NA,NA,NA
"PHJJKLOP_01489",0,NA,NA,NA,NA,NA
"PHJJKLOP_01490",0,NA,NA,NA,NA,NA
"PHJJKLOP_01492",0,NA,NA,NA,NA,NA
"PHJJKLOP_01493",0,NA,NA,NA,NA,NA
"PHJJKLOP_01495",1.63141119876509,-4.74454596700104,3.92433897261526,-1.20900513439571,0.226660872827667,NA
"PHJJKLOP_01496",0,NA,NA,NA,NA,NA
"PHJJKLOP_01497",0,NA,NA,NA,NA,NA
"PHJJKLOP_01498",0,NA,NA,NA,NA,NA
"PHJJKLOP_01499",0,NA,NA,NA,NA,NA
"PHJJKLOP_01500",0,NA,NA,NA,NA,NA
"PHJJKLOP_01502",0,NA,NA,NA,NA,NA
"PHJJKLOP_01503",14.3380875831564,21.4097502408051,3.90879689387588,5.47732481939617,NA,NA
"PHJJKLOP_01504",0,NA,NA,NA,NA,NA
"PHJJKLOP_01506",2.9912403022369,-4.27858297594079,2.91850382327464,-1.46601931504071,0.142643024914663,NA
"PHJJKLOP_01507",0,NA,NA,NA,NA,NA
"PHJJKLOP_01508",0,NA,NA,NA,NA,NA
"PHJJKLOP_01509",0,NA,NA,NA,NA,NA
"PHJJKLOP_01510",7.27267325687104,-0.943540667942643,3.71871616837492,-0.253727529938099,0.799706064062873,NA
"PHJJKLOP_01512",0,NA,NA,NA,NA,NA
"PHJJKLOP_01513",0,NA,NA,NA,NA,NA
"PHJJKLOP_01514",0,NA,NA,NA,NA,NA
"PHJJKLOP_01515",1.0001263664436,2.45207801967801,3.99633565984306,0.613581597841634,0.539491846926015,NA
"PHJJKLOP_01516",0,NA,NA,NA,NA,NA
"PHJJKLOP_01517",0,NA,NA,NA,NA,NA
"PHJJKLOP_01518",0,NA,NA,NA,NA,NA
"PHJJKLOP_01519",20.0547036901646,-0.170432889758208,3.63956161678961,-0.0468278621721874,NA,NA
"PHJJKLOP_01521",0,NA,NA,NA,NA,NA
"PHJJKLOP_01522",0,NA,NA,NA,NA,NA
"PHJJKLOP_01523",0,NA,NA,NA,NA,NA
"PHJJKLOP_01524",4.16060347867565,-6.09485652314971,3.65821719013032,-1.66607290009825,0.0956988954091997,NA
"PHJJKLOP_01525",0,NA,NA,NA,NA,NA
"PHJJKLOP_01526",0,NA,NA,NA,NA,NA
"PHJJKLOP_01528",0,NA,NA,NA,NA,NA
"PHJJKLOP_01529",0.782419528690505,-3.69005264303116,3.94318801716042,-0.935804386443752,0.349373912634557,NA
"PHJJKLOP_01530",0,NA,NA,NA,NA,NA
"PHJJKLOP_01531",0.201865232178731,0,4.08045587179971,0,1,NA
"PHJJKLOP_01532",0,NA,NA,NA,NA,NA
"PHJJKLOP_01533",0,NA,NA,NA,NA,NA
"PHJJKLOP_01535",0,NA,NA,NA,NA,NA
"PHJJKLOP_01536",0,NA,NA,NA,NA,NA
"PHJJKLOP_01538",0,NA,NA,NA,NA,NA
"PHJJKLOP_01539",0,NA,NA,NA,NA,NA
"PHJJKLOP_01540",0,NA,NA,NA,NA,NA
"PHJJKLOP_01541",4.8634283135606,-3.05223151921297,3.1304043970811,-0.975027866067072,0.329546437535567,NA
"PHJJKLOP_01543",0,NA,NA,NA,NA,NA
"PHJJKLOP_01545",0,NA,NA,NA,NA,NA
"PHJJKLOP_01546",0,NA,NA,NA,NA,NA
"PHJJKLOP_01547",0,NA,NA,NA,NA,NA
"PHJJKLOP_01548",0,NA,NA,NA,NA,NA
"PHJJKLOP_01549",0,NA,NA,NA,NA,NA
"PHJJKLOP_01550",0,NA,NA,NA,NA,NA
"PHJJKLOP_01551",0,NA,NA,NA,NA,NA
"PHJJKLOP_01552",0,NA,NA,NA,NA,NA
"PHJJKLOP_01553",129.188035979796,-0.639069832417258,2.16192512222899,-0.295602204649143,NA,NA
"PHJJKLOP_01554",0,NA,NA,NA,NA,NA
"PHJJKLOP_01555",0,NA,NA,NA,NA,NA
"PHJJKLOP_01556",0,NA,NA,NA,NA,NA
"PHJJKLOP_01557",6.39025325416819,0.757794659675968,3.54594798456562,0.213707212563299,0.830775386468683,NA
"PHJJKLOP_01558",0.216278296274791,1.86838458937059,4.04023516761161,0.462444514207594,0.643762583563484,NA
"PHJJKLOP_01559",0,NA,NA,NA,NA,NA
"PHJJKLOP_01560",0,NA,NA,NA,NA,NA
"PHJJKLOP_01561",2.50149717143981,-5.36127382079456,3.91823077835504,-1.3682894459436,0.171221493047989,NA
"PHJJKLOP_01562",0,NA,NA,NA,NA,NA
"PHJJKLOP_01564",0,NA,NA,NA,NA,NA
"PHJJKLOP_01565",0,NA,NA,NA,NA,NA
"PHJJKLOP_01566",0,NA,NA,NA,NA,NA
"PHJJKLOP_01567",0,NA,NA,NA,NA,NA
"PHJJKLOP_01568",0,NA,NA,NA,NA,NA
"PHJJKLOP_01569",0,NA,NA,NA,NA,NA
"PHJJKLOP_01570",13.7908588705681,-1.40151916447581,3.69559696960063,-0.379240262399951,NA,NA
"PHJJKLOP_01571",0,NA,NA,NA,NA,NA
"PHJJKLOP_01573",0,NA,NA,NA,NA,NA
"PHJJKLOP_01575",0,NA,NA,NA,NA,NA
"PHJJKLOP_01576",0.324417444412187,2.45210885125925,3.99633565967128,0.613589312830884,0.539486747488798,NA
"PHJJKLOP_01579",0,NA,NA,NA,NA,NA
"PHJJKLOP_01580",0,NA,NA,NA,NA,NA
"PHJJKLOP_01581",0,NA,NA,NA,NA,NA
"PHJJKLOP_01582",0,NA,NA,NA,NA,NA
"PHJJKLOP_01585",0,NA,NA,NA,NA,NA
"PHJJKLOP_01586",0,NA,NA,NA,NA,NA
"PHJJKLOP_01587",0,NA,NA,NA,NA,NA
"PHJJKLOP_01588",0,NA,NA,NA,NA,NA
"PHJJKLOP_01589",0,NA,NA,NA,NA,NA
"PHJJKLOP_01590",0,NA,NA,NA,NA,NA
"PHJJKLOP_01591",8.22247960921087,-4.58940852018926,3.41616722751094,-1.34343789824749,NA,NA
"PHJJKLOP_01592",0,NA,NA,NA,NA,NA
"PHJJKLOP_01593",0,NA,NA,NA,NA,NA
"PHJJKLOP_01594",0,NA,NA,NA,NA,NA
"PHJJKLOP_01595",0,NA,NA,NA,NA,NA
"PHJJKLOP_01596",4.8228966013807,-0.681403883147241,3.33867849580998,-0.2040938904427,NA,NA
"PHJJKLOP_01597",0,NA,NA,NA,NA,NA
"PHJJKLOP_01598",0,NA,NA,NA,NA,NA
"PHJJKLOP_01599",0.234578475050565,-1.93154430928353,4.02864949284524,-0.479452062710815,0.631617063314046,NA
"PHJJKLOP_01600",25.5155389130209,20.3400842820002,3.90929694696384,5.20300313789089,NA,NA
"PHJJKLOP_01601",0,NA,NA,NA,NA,NA
"PHJJKLOP_01602",0,NA,NA,NA,NA,NA
"PHJJKLOP_01603",0,NA,NA,NA,NA,NA
"PHJJKLOP_01604",0,NA,NA,NA,NA,NA
"PHJJKLOP_01606",18.2015623222918,-1.47881978489705,3.64150609027255,-0.406101142834108,NA,NA
"PHJJKLOP_01607",0,NA,NA,NA,NA,NA
"PHJJKLOP_01609",0,NA,NA,NA,NA,NA
"PHJJKLOP_01610",0,NA,NA,NA,NA,NA
"PHJJKLOP_01611",0,NA,NA,NA,NA,NA
"PHJJKLOP_01612",3.24417444412187,5.77134790679873,3.91581562624974,1.47385588537683,0.140520397591667,NA
"PHJJKLOP_01613",0,NA,NA,NA,NA,NA
"PHJJKLOP_01614",0,NA,NA,NA,NA,NA
"PHJJKLOP_01615",0,NA,NA,NA,NA,NA
"PHJJKLOP_01616",0,NA,NA,NA,NA,NA
"PHJJKLOP_01617",0,NA,NA,NA,NA,NA
"PHJJKLOP_01618",0,NA,NA,NA,NA,NA
"PHJJKLOP_01619",0,NA,NA,NA,NA,NA
"PHJJKLOP_01621",18.8379342761253,-1.80364584971628,2.69601278892577,-0.669004930957668,NA,NA
"PHJJKLOP_01625",0,NA,NA,NA,NA,NA
"PHJJKLOP_01626",0,NA,NA,NA,NA,NA
"PHJJKLOP_01627",0,NA,NA,NA,NA,NA
"PHJJKLOP_01628",0,NA,NA,NA,NA,NA
"PHJJKLOP_01629",0,NA,NA,NA,NA,NA
"PHJJKLOP_01630",0,NA,NA,NA,NA,NA
"PHJJKLOP_01631",0,NA,NA,NA,NA,NA
"PHJJKLOP_01632",0,NA,NA,NA,NA,NA
"PHJJKLOP_01633",0,NA,NA,NA,NA,NA
"PHJJKLOP_01636",0,NA,NA,NA,NA,NA
"PHJJKLOP_01637",4.18203900602795,-5.54417402023522,3.91686588487106,-1.41546179603689,0.156933142148431,NA
"PHJJKLOP_01638",0,NA,NA,NA,NA,NA
"PHJJKLOP_01640",0,NA,NA,NA,NA,NA
"PHJJKLOP_01641",0,NA,NA,NA,NA,NA
"PHJJKLOP_01642",0,NA,NA,NA,NA,NA
"PHJJKLOP_01643",0,NA,NA,NA,NA,NA
"PHJJKLOP_01644",0,NA,NA,NA,NA,NA
"PHJJKLOP_01645",0,NA,NA,NA,NA,NA
"PHJJKLOP_01646",0,NA,NA,NA,NA,NA
"PHJJKLOP_01647",0,NA,NA,NA,NA,NA
"PHJJKLOP_01648",0,NA,NA,NA,NA,NA
"PHJJKLOP_01649",0,NA,NA,NA,NA,NA
"PHJJKLOP_01650",0,NA,NA,NA,NA,NA
"PHJJKLOP_01651",0,NA,NA,NA,NA,NA
"PHJJKLOP_01653",0,NA,NA,NA,NA,NA
"PHJJKLOP_01656",0,NA,NA,NA,NA,NA
"PHJJKLOP_01657",0,NA,NA,NA,NA,NA
"PHJJKLOP_01658",0,NA,NA,NA,NA,NA
"PHJJKLOP_01660",2.27092211088531,5.25692279660495,3.91969638033086,1.34115561169083,0.179869934708122,NA
"PHJJKLOP_01661",9.64245276093068,-6.96858309507198,3.85900197353987,-1.80579930843614,NA,NA
"PHJJKLOP_01663",0,NA,NA,NA,NA,NA
"PHJJKLOP_01664",0,NA,NA,NA,NA,NA
"PHJJKLOP_01665",0,NA,NA,NA,NA,NA
"PHJJKLOP_01666",0,NA,NA,NA,NA,NA
"PHJJKLOP_01667",0,NA,NA,NA,NA,NA
"PHJJKLOP_01670",0,NA,NA,NA,NA,NA
"PHJJKLOP_01671",0,NA,NA,NA,NA,NA
"PHJJKLOP_01672",0,NA,NA,NA,NA,NA
"PHJJKLOP_01675",0.315323934254992,-2.37679228378084,3.99665752003479,-0.594695009984282,0.552047357982539,NA
"PHJJKLOP_01676",0,NA,NA,NA,NA,NA
"PHJJKLOP_01677",0,NA,NA,NA,NA,NA
"PHJJKLOP_01678",2.28514088727626,2.76535415353015,3.97901486352604,0.694984625184238,0.487064936848918,NA
"PHJJKLOP_01680",0,NA,NA,NA,NA,NA
"PHJJKLOP_01681",0,NA,NA,NA,NA,NA
"PHJJKLOP_01682",6.5132967650885,-3.17359415580667,3.69825051993443,-0.858133903774302,NA,NA
"PHJJKLOP_01683",0.134576821452487,0,4.08045587180399,0,1,NA
"PHJJKLOP_01685",0,NA,NA,NA,NA,NA
"PHJJKLOP_01687",0.237836081926909,0,4.08045587179983,0,1,NA
"PHJJKLOP_01688",0,NA,NA,NA,NA,NA
"PHJJKLOP_01689",0,NA,NA,NA,NA,NA
"PHJJKLOP_01690",0,NA,NA,NA,NA,NA
"PHJJKLOP_01691",5.6873319279429,-5.99013729780211,3.90828653839813,-1.53267608169212,0.125355685261086,NA
"PHJJKLOP_01692",2.34886578850687,5.30277741434948,3.91929178655478,1.35299378131038,0.176057617064514,NA
"PHJJKLOP_01693",0,NA,NA,NA,NA,NA
"PHJJKLOP_01694",0,NA,NA,NA,NA,NA
"PHJJKLOP_01695",0,NA,NA,NA,NA,NA
"PHJJKLOP_01696",0,NA,NA,NA,NA,NA
"PHJJKLOP_01697",0,NA,NA,NA,NA,NA
"PHJJKLOP_01698",0,NA,NA,NA,NA,NA
"PHJJKLOP_01699",0,NA,NA,NA,NA,NA
"PHJJKLOP_01700",0,NA,NA,NA,NA,NA
"PHJJKLOP_01702",0.870085972674716,-3.83749610863357,3.93966367585056,-0.974066931691846,0.330023307311756,NA
"PHJJKLOP_01703",0,NA,NA,NA,NA,NA
"PHJJKLOP_01704",0,NA,NA,NA,NA,NA
"PHJJKLOP_01705",0,NA,NA,NA,NA,NA
"PHJJKLOP_01706",0,NA,NA,NA,NA,NA
"PHJJKLOP_01707",6.41932503238473,-6.72150793241265,3.13178250303426,-2.14622437091351,0.031855082101166,NA
"PHJJKLOP_01710",8.92982480199613,-2.05436300272003,2.90966046479617,-0.706049048531834,0.480157635715982,NA
"PHJJKLOP_01711",3.26580627701192,2.58429281958858,3.42232360736109,0.755128128161232,0.450172107367982,NA
"PHJJKLOP_01712",0,NA,NA,NA,NA,NA
"PHJJKLOP_01713",0,NA,NA,NA,NA,NA
"PHJJKLOP_01714",0.892563453262826,0.632278989014325,3.8656681332069,0.163562666847399,0.870075436365326,NA
"PHJJKLOP_01715",0,NA,NA,NA,NA,NA
"PHJJKLOP_01716",0,NA,NA,NA,NA,NA
"PHJJKLOP_01717",0,NA,NA,NA,NA,NA
"PHJJKLOP_01719",0,NA,NA,NA,NA,NA
"PHJJKLOP_01720",0.652564479506037,-3.42233980342661,3.95057413835536,-0.86628922368518,0.386331574399936,NA
"PHJJKLOP_01722",0,NA,NA,NA,NA,NA
"PHJJKLOP_01723",2.08594073251355,0,4.08045587177944,0,1,NA
"PHJJKLOP_01724",0,NA,NA,NA,NA,NA
"PHJJKLOP_01725",0,NA,NA,NA,NA,NA
"PHJJKLOP_01726",0,NA,NA,NA,NA,NA
"PHJJKLOP_01727",0,NA,NA,NA,NA,NA
"PHJJKLOP_01728",0,NA,NA,NA,NA,NA
"PHJJKLOP_01729",0,NA,NA,NA,NA,NA
"PHJJKLOP_01730",0,NA,NA,NA,NA,NA
"PHJJKLOP_01731",0,NA,NA,NA,NA,NA
"PHJJKLOP_01732",0,NA,NA,NA,NA,NA
"PHJJKLOP_01733",0.234578475050565,-1.93154430928353,4.02864949284524,-0.479452062710815,0.631617063314046,NA
"PHJJKLOP_01734",0,NA,NA,NA,NA,NA
"PHJJKLOP_01735",0,NA,NA,NA,NA,NA
"PHJJKLOP_01737",0,NA,NA,NA,NA,NA
"PHJJKLOP_01738",16.3267546392757,-4.57674843108999,2.80124807650898,-1.63382474742962,NA,NA
"PHJJKLOP_01739",0,NA,NA,NA,NA,NA
"PHJJKLOP_01740",0,NA,NA,NA,NA,NA
"PHJJKLOP_01741",0,NA,NA,NA,NA,NA
"PHJJKLOP_01744",0,NA,NA,NA,NA,NA
"PHJJKLOP_01745",0,NA,NA,NA,NA,NA
"PHJJKLOP_01747",0,NA,NA,NA,NA,NA
"PHJJKLOP_01748",0,NA,NA,NA,NA,NA
"PHJJKLOP_01749",0,NA,NA,NA,NA,NA
"PHJJKLOP_01750",1.41388970559641,-4.53806831453023,3.92703768689349,-1.15559581454389,0.247846520815554,NA
"PHJJKLOP_01751",0,NA,NA,NA,NA,NA
"PHJJKLOP_01752",2.60590672889554,-1.28674640793563,3.78161911736257,-0.340263354928524,0.733658210974404,NA
"PHJJKLOP_01753",0,NA,NA,NA,NA,NA
"PHJJKLOP_01754",0,NA,NA,NA,NA,NA
"PHJJKLOP_01755",0,NA,NA,NA,NA,NA
"PHJJKLOP_01757",0,NA,NA,NA,NA,NA
"PHJJKLOP_01758",0,NA,NA,NA,NA,NA
"PHJJKLOP_01759",0,NA,NA,NA,NA,NA
"PHJJKLOP_01760",0,NA,NA,NA,NA,NA
"PHJJKLOP_01761",0,NA,NA,NA,NA,NA
"PHJJKLOP_01762",0,NA,NA,NA,NA,NA
"PHJJKLOP_01763",0,NA,NA,NA,NA,NA
"PHJJKLOP_01764",0,NA,NA,NA,NA,NA
"PHJJKLOP_01765",0,NA,NA,NA,NA,NA
"PHJJKLOP_01767",0,NA,NA,NA,NA,NA
"PHJJKLOP_01768",0,NA,NA,NA,NA,NA
"PHJJKLOP_01769",0,NA,NA,NA,NA,NA
"PHJJKLOP_01770",0,NA,NA,NA,NA,NA
"PHJJKLOP_01771",12.1428447874801,-1.11876143254665,3.61094181947192,-0.309825383093617,NA,NA
"PHJJKLOP_01772",0,NA,NA,NA,NA,NA
"PHJJKLOP_01773",0,NA,NA,NA,NA,NA
"PHJJKLOP_01774",0,NA,NA,NA,NA,NA
"PHJJKLOP_01775",4.30271531636748,-4.32512806685412,3.33970206963132,-1.29506404364135,0.195298137396971,NA
"PHJJKLOP_01776",0,NA,NA,NA,NA,NA
"PHJJKLOP_01777",0,NA,NA,NA,NA,NA
"PHJJKLOP_01778",0,NA,NA,NA,NA,NA
"PHJJKLOP_01779",0,NA,NA,NA,NA,NA
"PHJJKLOP_01780",0,NA,NA,NA,NA,NA
"PHJJKLOP_01782",0,NA,NA,NA,NA,NA
"PHJJKLOP_01785",0,NA,NA,NA,NA,NA
"PHJJKLOP_01787",0,NA,NA,NA,NA,NA
"PHJJKLOP_01788",0,NA,NA,NA,NA,NA
"PHJJKLOP_01789",0,NA,NA,NA,NA,NA
"PHJJKLOP_01790",0,NA,NA,NA,NA,NA
"PHJJKLOP_01791",0.269153642904975,0,4.08045587179627,0,1,NA
"PHJJKLOP_01792",0,NA,NA,NA,NA,NA
"PHJJKLOP_01793",0,NA,NA,NA,NA,NA
"PHJJKLOP_01794",0,NA,NA,NA,NA,NA
"PHJJKLOP_01795",0,NA,NA,NA,NA,NA
"PHJJKLOP_01798",0,NA,NA,NA,NA,NA
"PHJJKLOP_01799",2.76466944188357,-0.860089882598717,2.27675721064008,-0.377769697435992,0.705601686434619,NA
"PHJJKLOP_01800",0,NA,NA,NA,NA,NA
"PHJJKLOP_01801",0,NA,NA,NA,NA,NA
"PHJJKLOP_01802",0,NA,NA,NA,NA,NA
"PHJJKLOP_01803",0,NA,NA,NA,NA,NA
"PHJJKLOP_01804",1.30512895901207,-4.42257396301428,3.92872345726452,-1.12570253700005,0.260291449546042,NA
"PHJJKLOP_01805",1.62208722206094,4.77168785611508,3.92486320910995,1.21575902187867,0.224076733119184,NA
"PHJJKLOP_01806",0,NA,NA,NA,NA,NA
"PHJJKLOP_01807",0,NA,NA,NA,NA,NA
"PHJJKLOP_01808",0,NA,NA,NA,NA,NA
"PHJJKLOP_01810",5.69182614904789,-1.26840610012406,3.26389426863403,-0.388617398643522,0.697559194285804,NA
"PHJJKLOP_01811",2.5953395552975,5.44950670793722,3.91807998853205,1.39086152500397,0.164267421906079,NA
"PHJJKLOP_01812",0.324417444412187,2.45210885125925,3.99633565967128,0.613589312830884,0.539486747488798,NA
"PHJJKLOP_01813",0,NA,NA,NA,NA,NA
"PHJJKLOP_01814",0,NA,NA,NA,NA,NA
"PHJJKLOP_01815",0,NA,NA,NA,NA,NA
"PHJJKLOP_01816",3.83235997072174,6.00994110771389,3.91443391277602,1.53532828542551,0.124703209581867,NA
"PHJJKLOP_01817",0,NA,NA,NA,NA,NA
"PHJJKLOP_01818",0,NA,NA,NA,NA,NA
"PHJJKLOP_01819",0,NA,NA,NA,NA,NA
"PHJJKLOP_01820",0,NA,NA,NA,NA,NA
"PHJJKLOP_01821",0,NA,NA,NA,NA,NA
"PHJJKLOP_01822",0,NA,NA,NA,NA,NA
"PHJJKLOP_01823",0,NA,NA,NA,NA,NA
"PHJJKLOP_01824",0,NA,NA,NA,NA,NA
"PHJJKLOP_01825",0,NA,NA,NA,NA,NA
"PHJJKLOP_01826",0,NA,NA,NA,NA,NA
"PHJJKLOP_01827",0,NA,NA,NA,NA,NA
"PHJJKLOP_01828",2.13395683455579,4.86473083696135,3.92373369645719,1.23982186695132,0.215041288309419,NA
"PHJJKLOP_01830",0,NA,NA,NA,NA,NA
"PHJJKLOP_01831",3.49628478467272,5.44947245824127,3.91807998849964,1.39085278356659,0.16427007318324,NA
"PHJJKLOP_01832",0,NA,NA,NA,NA,NA
"PHJJKLOP_01833",0,NA,NA,NA,NA,NA
"PHJJKLOP_01834",0,NA,NA,NA,NA,NA
"PHJJKLOP_01836",9.7717793019259,-1.90236719187029,3.57783617994965,-0.531708858703827,NA,NA
"PHJJKLOP_01837",6.05595696536193,0,4.08045587177772,0,NA,NA
"PHJJKLOP_01839",3.40905578900222,5.84384105187306,3.91537145232141,1.4925380958193,0.135558138010853,NA
"PHJJKLOP_01840",0,NA,NA,NA,NA,NA
"PHJJKLOP_01841",0,NA,NA,NA,NA,NA
"PHJJKLOP_01843",0,NA,NA,NA,NA,NA
"PHJJKLOP_01844",0,NA,NA,NA,NA,NA
"PHJJKLOP_01846",0,NA,NA,NA,NA,NA
"PHJJKLOP_01847",4.28357391071111,-5.0856560626297,3.92064266294239,-1.29714857992516,0.194580069098043,NA
"PHJJKLOP_01848",2.61025791802415,-5.42267841292117,3.9177531798318,-1.38412966922893,0.166318753685148,NA
"PHJJKLOP_01851",0,NA,NA,NA,NA,NA
"PHJJKLOP_01852",0,NA,NA,NA,NA,NA
"PHJJKLOP_01853",2.77876510256397,4.58941953955312,3.6847976500313,1.2455011035719,0.212947610114256,NA
"PHJJKLOP_01854",0,NA,NA,NA,NA,NA
"PHJJKLOP_01855",0,NA,NA,NA,NA,NA
"PHJJKLOP_01856",0,NA,NA,NA,NA,NA
"PHJJKLOP_01857",0,NA,NA,NA,NA,NA
"PHJJKLOP_01859",0,NA,NA,NA,NA,NA
"PHJJKLOP_01860",0,NA,NA,NA,NA,NA
"PHJJKLOP_01861",1.20932946808981,-2.93874953252275,3.96788433869568,-0.740633869758605,0.458915465962403,NA
"PHJJKLOP_01862",0.0750787691146016,0,4.08045587181195,0,1,NA
"PHJJKLOP_01863",0,NA,NA,NA,NA,NA
"PHJJKLOP_01864",1.73854637261442,0.996226390982285,4.0804558717802,0.244145855827539,0.807117859045367,NA
"PHJJKLOP_01865",0,NA,NA,NA,NA,NA
"PHJJKLOP_01867",0,NA,NA,NA,NA,NA
"PHJJKLOP_01869",0,NA,NA,NA,NA,NA
"PHJJKLOP_01870",0,NA,NA,NA,NA,NA
"PHJJKLOP_01871",0,NA,NA,NA,NA,NA
"PHJJKLOP_01872",0,NA,NA,NA,NA,NA
"PHJJKLOP_01873",0,NA,NA,NA,NA,NA
"PHJJKLOP_01874",0,NA,NA,NA,NA,NA
"PHJJKLOP_01875",0,NA,NA,NA,NA,NA
"PHJJKLOP_01876",0,NA,NA,NA,NA,NA
"PHJJKLOP_01877",0,NA,NA,NA,NA,NA
"PHJJKLOP_01878",0,NA,NA,NA,NA,NA
"PHJJKLOP_01879",0,NA,NA,NA,NA,NA
"PHJJKLOP_01880",0,NA,NA,NA,NA,NA
"PHJJKLOP_01881",0,NA,NA,NA,NA,NA
"PHJJKLOP_01882",0,NA,NA,NA,NA,NA
"PHJJKLOP_01883",0,NA,NA,NA,NA,NA
"PHJJKLOP_01884",0,NA,NA,NA,NA,NA
"PHJJKLOP_01885",5.31411637697404,6.48382335270653,3.91228184416357,1.65729965553971,NA,NA
"PHJJKLOP_01887",0,NA,NA,NA,NA,NA
"PHJJKLOP_01888",0,NA,NA,NA,NA,NA
"PHJJKLOP_01889",0,NA,NA,NA,NA,NA
"PHJJKLOP_01890",0,NA,NA,NA,NA,NA
"PHJJKLOP_01891",0,NA,NA,NA,NA,NA
"PHJJKLOP_01892",0,NA,NA,NA,NA,NA
"PHJJKLOP_01894",0,NA,NA,NA,NA,NA
"PHJJKLOP_01895",0,NA,NA,NA,NA,NA
"PHJJKLOP_01896",0,NA,NA,NA,NA,NA
"PHJJKLOP_01897",0,NA,NA,NA,NA,NA
"PHJJKLOP_01898",0,NA,NA,NA,NA,NA
"PHJJKLOP_01899",0,NA,NA,NA,NA,NA
"PHJJKLOP_01900",0,NA,NA,NA,NA,NA
"PHJJKLOP_01901",0,NA,NA,NA,NA,NA
"PHJJKLOP_01903",0,NA,NA,NA,NA,NA
"PHJJKLOP_01904",0,NA,NA,NA,NA,NA
"PHJJKLOP_01905",0,NA,NA,NA,NA,NA
"PHJJKLOP_01906",4.54184422177062,6.25667295883355,3.91322575584824,1.59885305607096,0.109853256904699,NA
"PHJJKLOP_01907",0,NA,NA,NA,NA,NA
"PHJJKLOP_01908",0,NA,NA,NA,NA,NA
"PHJJKLOP_01910",0,NA,NA,NA,NA,NA
"PHJJKLOP_01912",0,NA,NA,NA,NA,NA
"PHJJKLOP_01913",0,NA,NA,NA,NA,NA
"PHJJKLOP_01914",0,NA,NA,NA,NA,NA
"PHJJKLOP_01915",0,NA,NA,NA,NA,NA
"PHJJKLOP_01916",0,NA,NA,NA,NA,NA
"PHJJKLOP_01917",0,NA,NA,NA,NA,NA
"PHJJKLOP_01918",0,NA,NA,NA,NA,NA
"PHJJKLOP_01919",0,NA,NA,NA,NA,NA
"PHJJKLOP_01920",8.61526901218869,-1.48119381350374,3.28231784127821,-0.451264589576409,0.651798862939557,NA
"PHJJKLOP_01922",0,NA,NA,NA,NA,NA
"PHJJKLOP_01923",0,NA,NA,NA,NA,NA
"PHJJKLOP_01924",4.64998336990802,6.29061424853211,3.91307511530403,1.60758842168133,0.10792534969018,NA
"PHJJKLOP_01925",0,NA,NA,NA,NA,NA
"PHJJKLOP_01926",0,NA,NA,NA,NA,NA
"PHJJKLOP_01927",0,NA,NA,NA,NA,NA
"PHJJKLOP_01928",0,NA,NA,NA,NA,NA
"PHJJKLOP_01930",5.6110864339885,-3.1739785199633,3.25756010306658,-0.974342274445035,0.329886621077305,NA
"PHJJKLOP_01931",1.06751067391072,1.18743075345137,3.8566859264965,0.307888891157403,0.758166879038396,NA
"PHJJKLOP_01933",0,NA,NA,NA,NA,NA
"PHJJKLOP_01934",0.538307285809949,0,4.08045587178678,0,1,NA
"PHJJKLOP_01936",0,NA,NA,NA,NA,NA
"PHJJKLOP_01937",0.684617087604192,-3.49814212898656,3.94834341046201,-0.885977172025477,0.375629828536266,NA
"PHJJKLOP_01939",6.98100740915412,-6.69576867335188,3.82576441451021,-1.75017799003944,NA,NA
"PHJJKLOP_01940",0,NA,NA,NA,NA,NA
"PHJJKLOP_01941",7.41343129667329,3.08451114588404,3.24214583462551,0.95137951937326,0.341411753176239,NA
"PHJJKLOP_01942",0,NA,NA,NA,NA,NA
"PHJJKLOP_01943",0,NA,NA,NA,NA,NA
"PHJJKLOP_01944",0,NA,NA,NA,NA,NA
"PHJJKLOP_01945",0,NA,NA,NA,NA,NA
"PHJJKLOP_01946",0,NA,NA,NA,NA,NA
"PHJJKLOP_01947",0,NA,NA,NA,NA,NA
"PHJJKLOP_01948",0,NA,NA,NA,NA,NA
"PHJJKLOP_01949",0,NA,NA,NA,NA,NA
"PHJJKLOP_01950",0,NA,NA,NA,NA,NA
"PHJJKLOP_01951",0,NA,NA,NA,NA,NA
"PHJJKLOP_01953",6.81526630768501,2.45298516822543,3.50314698775956,0.700223306871356,0.483787858448469,NA
"PHJJKLOP_01955",0,NA,NA,NA,NA,NA
"PHJJKLOP_01956",3.50932213573758,5.88562363544551,3.91512538079915,1.5033039974429,0.13276066977872,NA
"PHJJKLOP_01957",2.48967119687101,0,4.08045587177902,0,1,NA
"PHJJKLOP_01958",0,NA,NA,NA,NA,NA
"PHJJKLOP_01959",0,NA,NA,NA,NA,NA
"PHJJKLOP_01960",0,NA,NA,NA,NA,NA
"PHJJKLOP_01961",20.6217038169083,-2.65605756478432,3.23003546425226,-0.8222998150267,NA,NA
"PHJJKLOP_01962",0,NA,NA,NA,NA,NA
"PHJJKLOP_01963",0,NA,NA,NA,NA,NA
"PHJJKLOP_01964",0,NA,NA,NA,NA,NA
"PHJJKLOP_01965",0,NA,NA,NA,NA,NA
"PHJJKLOP_01966",0,NA,NA,NA,NA,NA
"PHJJKLOP_01967",0,NA,NA,NA,NA,NA
"PHJJKLOP_01968",0,NA,NA,NA,NA,NA
"PHJJKLOP_01969",0,NA,NA,NA,NA,NA
"PHJJKLOP_01970",0,NA,NA,NA,NA,NA
"PHJJKLOP_01972",0,NA,NA,NA,NA,NA
"PHJJKLOP_01974",4.43370507363322,6.22191381682786,3.91338373702294,1.58990639174095,0.111855906698355,NA
"PHJJKLOP_01975",0,NA,NA,NA,NA,NA
"PHJJKLOP_01977",0,NA,NA,NA,NA,NA
"PHJJKLOP_01979",0.407191222185607,2.51276726505421,3.9926881994615,0.629342222463831,0.529125034830733,NA
"PHJJKLOP_01980",0,NA,NA,NA,NA,NA
"PHJJKLOP_01981",0,NA,NA,NA,NA,NA
"PHJJKLOP_01982",0,NA,NA,NA,NA,NA
"PHJJKLOP_01983",10.2324506704753,6.90861139706404,3.86949826365537,1.7854023768285,NA,NA
"PHJJKLOP_01984",0,NA,NA,NA,NA,NA
"PHJJKLOP_01986",0,NA,NA,NA,NA,NA
"PHJJKLOP_01988",0,NA,NA,NA,NA,NA
"PHJJKLOP_01989",0,NA,NA,NA,NA,NA
"PHJJKLOP_01990",0,NA,NA,NA,NA,NA
"PHJJKLOP_01991",7.62380043914337,-6.96855789223876,3.91052361942112,-1.78200122807859,NA,NA
"PHJJKLOP_01992",0.586446187626413,-3.26218524871966,3.95568590385121,-0.824682577942711,0.409551825300586,NA
"PHJJKLOP_01993",0,NA,NA,NA,NA,NA
"PHJJKLOP_01994",0,NA,NA,NA,NA,NA
"PHJJKLOP_01995",0,NA,NA,NA,NA,NA
"PHJJKLOP_01996",0,NA,NA,NA,NA,NA
"PHJJKLOP_01997",0,NA,NA,NA,NA,NA
"PHJJKLOP_01998",0,NA,NA,NA,NA,NA
"PHJJKLOP_01999",0,NA,NA,NA,NA,NA
"PHJJKLOP_02000",0,NA,NA,NA,NA,NA
"PHJJKLOP_02001",0,NA,NA,NA,NA,NA
"PHJJKLOP_02002",2.48967119687101,0,4.08045587177902,0,1,NA
"PHJJKLOP_02003",0,NA,NA,NA,NA,NA
"PHJJKLOP_02004",0,NA,NA,NA,NA,NA
"PHJJKLOP_02005",0,NA,NA,NA,NA,NA
"PHJJKLOP_02006",0,NA,NA,NA,NA,NA
"PHJJKLOP_02007",0,NA,NA,NA,NA,NA
"PHJJKLOP_02012",0,NA,NA,NA,NA,NA
"PHJJKLOP_02013",2.30515873968538,0.849821335536063,3.11956045134091,0.272417011560323,0.785301393821266,NA
"PHJJKLOP_02014",0,NA,NA,NA,NA,NA
"PHJJKLOP_02015",0,NA,NA,NA,NA,NA
"PHJJKLOP_02016",0,NA,NA,NA,NA,NA
"PHJJKLOP_02017",0,NA,NA,NA,NA,NA
"PHJJKLOP_02018",0,NA,NA,NA,NA,NA
"PHJJKLOP_02019",0,NA,NA,NA,NA,NA
"PHJJKLOP_02020",0,NA,NA,NA,NA,NA
"PHJJKLOP_02021",0,NA,NA,NA,NA,NA
"PHJJKLOP_02022",0,NA,NA,NA,NA,NA
"PHJJKLOP_02023",0,NA,NA,NA,NA,NA
"PHJJKLOP_02024",0,NA,NA,NA,NA,NA
"PHJJKLOP_02025",0,NA,NA,NA,NA,NA
"PHJJKLOP_02026",4.68560553686348,-0.210993961668995,2.39412904608727,-0.0881297363706534,0.92977356211914,NA
"PHJJKLOP_02027",0,NA,NA,NA,NA,NA
"PHJJKLOP_02028",0,NA,NA,NA,NA,NA
"PHJJKLOP_02029",0,NA,NA,NA,NA,NA
"PHJJKLOP_02030",4.33031887105233,2.86707075300639,3.53437123196838,0.811196833845224,0.417252643576268,NA
"PHJJKLOP_02031",0,NA,NA,NA,NA,NA
"PHJJKLOP_02032",0,NA,NA,NA,NA,NA
"PHJJKLOP_02033",0,NA,NA,NA,NA,NA
"PHJJKLOP_02034",0,NA,NA,NA,NA,NA
"PHJJKLOP_02037",0,NA,NA,NA,NA,NA
"PHJJKLOP_02039",0,NA,NA,NA,NA,NA
"PHJJKLOP_02040",0,NA,NA,NA,NA,NA
"PHJJKLOP_02041",0,NA,NA,NA,NA,NA
"PHJJKLOP_02043",0,NA,NA,NA,NA,NA
"PHJJKLOP_02044",0,NA,NA,NA,NA,NA
"PHJJKLOP_02045",0,NA,NA,NA,NA,NA
"PHJJKLOP_02046",0,NA,NA,NA,NA,NA
"PHJJKLOP_02048",0,NA,NA,NA,NA,NA
"PHJJKLOP_02049",0,NA,NA,NA,NA,NA
"PHJJKLOP_02050",5.73831310110742,3.57293125283116,3.08823908684767,1.15694774671032,0.247293709611393,NA
"PHJJKLOP_02051",0,NA,NA,NA,NA,NA
"PHJJKLOP_02053",0,NA,NA,NA,NA,NA
"PHJJKLOP_02055",0,NA,NA,NA,NA,NA
"PHJJKLOP_02056",0,NA,NA,NA,NA,NA
"PHJJKLOP_02057",0,NA,NA,NA,NA,NA
"PHJJKLOP_02058",0,NA,NA,NA,NA,NA
"PHJJKLOP_02059",0,NA,NA,NA,NA,NA
"PHJJKLOP_02060",0,NA,NA,NA,NA,NA
"PHJJKLOP_02061",0,NA,NA,NA,NA,NA
"PHJJKLOP_02063",0,NA,NA,NA,NA,NA
"PHJJKLOP_02064",0,NA,NA,NA,NA,NA
"PHJJKLOP_02065",5.06547055844159,0.996233998285693,3.57515701087679,0.278654614400102,0.780509895782703,NA
"PHJJKLOP_02066",0,NA,NA,NA,NA,NA
"PHJJKLOP_02067",0,NA,NA,NA,NA,NA
"PHJJKLOP_02068",0,NA,NA,NA,NA,NA
"PHJJKLOP_02069",0,NA,NA,NA,NA,NA
"PHJJKLOP_02070",0,NA,NA,NA,NA,NA
"PHJJKLOP_02071",0,NA,NA,NA,NA,NA
"PHJJKLOP_02072",0.37729279104237,0.996247576785772,4.08045587179627,0.24415104784535,0.807113838060663,NA
"PHJJKLOP_02073",4.32685803146003,6.18518959189992,3.91355482917386,1.58045303103767,0.114003155144243,NA
"PHJJKLOP_02074",1.92242279855891,-3.94268008786538,3.32730948677129,-1.18494540515112,0.236039033405597,NA
"PHJJKLOP_02076",0,NA,NA,NA,NA,NA
"PHJJKLOP_02077",4.21118656288509,6.14844421585751,3.91373042654584,1.57099328409391,0.116184208769598,NA
"PHJJKLOP_02078",0.269153642904975,0,4.08045587179627,0,1,NA
"PHJJKLOP_02079",0,NA,NA,NA,NA,NA
"PHJJKLOP_02080",0,NA,NA,NA,NA,NA
"PHJJKLOP_02081",0,NA,NA,NA,NA,NA
"PHJJKLOP_02082",0,NA,NA,NA,NA,NA
"PHJJKLOP_02083",0,NA,NA,NA,NA,NA
"PHJJKLOP_02084",0,NA,NA,NA,NA,NA
"PHJJKLOP_02085",0,NA,NA,NA,NA,NA
"PHJJKLOP_02086",0,NA,NA,NA,NA,NA
"PHJJKLOP_02087",0,NA,NA,NA,NA,NA
"PHJJKLOP_02088",0,NA,NA,NA,NA,NA
"PHJJKLOP_02089",0,NA,NA,NA,NA,NA
"PHJJKLOP_02091",14.6457290317157,-21.8696852544656,3.73153646005159,-5.8607722284357,NA,NA
"PHJJKLOP_02093",0,NA,NA,NA,NA,NA
"PHJJKLOP_02094",1.5476334467036,0,4.08045587178035,0,1,NA
"PHJJKLOP_02095",0,NA,NA,NA,NA,NA
"PHJJKLOP_02096",0,NA,NA,NA,NA,NA
"PHJJKLOP_02098",6.86464454999243,2.93313512268744,2.76564611581468,1.0605605344498,0.288889665954556,NA
"PHJJKLOP_02099",6.23494610468144,5.95183202366704,3.91474947162443,1.52036089839417,0.128420296182684,NA
"PHJJKLOP_02100",6.39863996051299,2.63800895555395,3.22394814869284,0.818254151086003,0.413212080245178,NA
"PHJJKLOP_02101",0,NA,NA,NA,NA,NA
"PHJJKLOP_02102",0,NA,NA,NA,NA,NA
"PHJJKLOP_02103",0,NA,NA,NA,NA,NA
"PHJJKLOP_02104",1.08139148137396,4.1870504103159,3.93388471914582,1.06435513728655,0.287167848919118,NA
"PHJJKLOP_02105",0,NA,NA,NA,NA,NA
"PHJJKLOP_02106",0,NA,NA,NA,NA,NA
"PHJJKLOP_02107",0,NA,NA,NA,NA,NA
"PHJJKLOP_02108",0.0672884107262436,0,4.08045587181204,0,1,NA
"PHJJKLOP_02109",2.17521493168679,-5.15962485241844,3.91994965706578,-1.31624773372233,0.188090907144674,NA
"PHJJKLOP_02110",0,NA,NA,NA,NA,NA
"PHJJKLOP_02111",0,NA,NA,NA,NA,NA
"PHJJKLOP_02112",0,NA,NA,NA,NA,NA
"PHJJKLOP_02113",0,NA,NA,NA,NA,NA
"PHJJKLOP_02114",0,NA,NA,NA,NA,NA
"PHJJKLOP_02115",0,NA,NA,NA,NA,NA
"PHJJKLOP_02116",2.48949367036007,3.36933842548894,3.73484109941121,0.902137021577735,0.366984084672943,NA
"PHJJKLOP_02117",0,NA,NA,NA,NA,NA
"PHJJKLOP_02118",0,NA,NA,NA,NA,NA
"PHJJKLOP_02119",0,NA,NA,NA,NA,NA
"PHJJKLOP_02123",0.870085972674716,-3.83749610863357,3.93966367585056,-0.974066931691846,0.330023307311756,NA
"PHJJKLOP_02124",0,NA,NA,NA,NA,NA
"PHJJKLOP_02125",0,NA,NA,NA,NA,NA
"PHJJKLOP_02127",0,NA,NA,NA,NA,NA
"PHJJKLOP_02128",0,NA,NA,NA,NA,NA
"PHJJKLOP_02129",0,NA,NA,NA,NA,NA
"PHJJKLOP_02130",6.97267722673848,0.186625726810293,3.72453224944384,0.0501071582446791,0.960036995451307,NA
"PHJJKLOP_02132",0,NA,NA,NA,NA,NA
"PHJJKLOP_02133",0,NA,NA,NA,NA,NA
"PHJJKLOP_02134",0.0672884107262436,0,4.08045587181204,0,1,NA
"PHJJKLOP_02135",0,NA,NA,NA,NA,NA
"PHJJKLOP_02136",5.77754848526895,6.40474386678621,3.45840573287342,1.85193536024613,0.0640351055496132,NA
"PHJJKLOP_02137",0,NA,NA,NA,NA,NA
"PHJJKLOP_02140",0,NA,NA,NA,NA,NA
"PHJJKLOP_02141",0,NA,NA,NA,NA,NA
"PHJJKLOP_02142",0,NA,NA,NA,NA,NA
"PHJJKLOP_02143",0,NA,NA,NA,NA,NA
"PHJJKLOP_02144",0,NA,NA,NA,NA,NA
"PHJJKLOP_02145",0,NA,NA,NA,NA,NA
"PHJJKLOP_02147",0,NA,NA,NA,NA,NA
"PHJJKLOP_02148",0,NA,NA,NA,NA,NA
"PHJJKLOP_02149",0,NA,NA,NA,NA,NA
"PHJJKLOP_02150",0,NA,NA,NA,NA,NA
"PHJJKLOP_02151",16.185914778489,-21.9779910701804,3.90852879890078,-5.62308536049714,NA,NA
"PHJJKLOP_02152",0,NA,NA,NA,NA,NA
"PHJJKLOP_02153",4.61225194982653,6.27959529213266,3.9131236330817,1.60475259177725,0.108548262923555,NA
"PHJJKLOP_02155",0,NA,NA,NA,NA,NA
"PHJJKLOP_02156",0,NA,NA,NA,NA,NA
"PHJJKLOP_02157",0,NA,NA,NA,NA,NA
"PHJJKLOP_02158",0,NA,NA,NA,NA,NA
"PHJJKLOP_02159",0,NA,NA,NA,NA,NA
"PHJJKLOP_02160",2.81161785157229,5.56495070795273,3.91720927536092,1.42064166521713,0.155420959267754,NA
"PHJJKLOP_02161",20.5101103921935,-1.10677160986343,3.27513068754751,-0.337932044688025,NA,NA
"PHJJKLOP_02162",2.91975699970968,5.61938363781448,3.91682221346686,1.43467927099011,0.151378513808465,NA
"PHJJKLOP_02163",0,NA,NA,NA,NA,NA
"PHJJKLOP_02164",0,NA,NA,NA,NA,NA
"PHJJKLOP_02165",0,NA,NA,NA,NA,NA
"PHJJKLOP_02166",0.344232412019576,0,4.0804558717922,0,1,NA
"PHJJKLOP_02167",0,NA,NA,NA,NA,NA
"PHJJKLOP_02169",0,NA,NA,NA,NA,NA
"PHJJKLOP_02170",0,NA,NA,NA,NA,NA
"PHJJKLOP_02171",0,NA,NA,NA,NA,NA
"PHJJKLOP_02173",0.874749339441167,0,4.08045587178302,0,1,NA
"PHJJKLOP_02174",0,NA,NA,NA,NA,NA
"PHJJKLOP_02175",0,NA,NA,NA,NA,NA
"PHJJKLOP_02176",0,NA,NA,NA,NA,NA
"PHJJKLOP_02177",0.216278296274791,1.86838458937059,4.04023516761161,0.462444514207594,0.643762583563484,NA
"PHJJKLOP_02178",0,NA,NA,NA,NA,NA
"PHJJKLOP_02179",0,NA,NA,NA,NA,NA
"PHJJKLOP_02180",15.2090949731617,1.16282631077496,3.62574545299565,0.320713719661211,NA,NA
"PHJJKLOP_02181",0,NA,NA,NA,NA,NA
"PHJJKLOP_02182",0,NA,NA,NA,NA,NA
"PHJJKLOP_02183",2.42238278614477,0,4.08045587177908,0,1,NA
"PHJJKLOP_02185",0,NA,NA,NA,NA,NA
"PHJJKLOP_02186",0,NA,NA,NA,NA,NA
"PHJJKLOP_02187",1.38289510197087,-2.98086703471781,3.93735946019442,-0.75707261804606,0.449006357707533,NA
"PHJJKLOP_02193",41.1465053982184,-1.18738357180773,3.00620458550585,-0.394977633103415,NA,NA
"PHJJKLOP_02194",0,NA,NA,NA,NA,NA
"PHJJKLOP_02195",0,NA,NA,NA,NA,NA
"PHJJKLOP_02196",0,NA,NA,NA,NA,NA
"PHJJKLOP_02197",0,NA,NA,NA,NA,NA
"PHJJKLOP_02198",14.6446497418547,-6.82697004603054,3.60685768469113,-1.89277499775131,NA,NA
"PHJJKLOP_02199",0,NA,NA,NA,NA,NA
"PHJJKLOP_02202",0,NA,NA,NA,NA,NA
"PHJJKLOP_02203",0,NA,NA,NA,NA,NA
"PHJJKLOP_02204",0,NA,NA,NA,NA,NA
"PHJJKLOP_02205",0,NA,NA,NA,NA,NA
"PHJJKLOP_02206",0,NA,NA,NA,NA,NA
"PHJJKLOP_02207",0,NA,NA,NA,NA,NA
"PHJJKLOP_02208",7.27193272656752,-6.90036268117965,3.91070606909325,-1.7644800093042,NA,NA
"PHJJKLOP_02209",0,NA,NA,NA,NA,NA
"PHJJKLOP_02211",1.00932616089365,0,4.0804558717822,0,1,NA
"PHJJKLOP_02213",0,NA,NA,NA,NA,NA
"PHJJKLOP_02215",9.02403397426546,-3.96956453554392,3.65617824803631,-1.08571417098604,NA,NA
"PHJJKLOP_02216",0,NA,NA,NA,NA,NA
"PHJJKLOP_02217",9.99254287907748,-1.05691604269713,3.69833540808169,-0.285781554692832,NA,NA
"PHJJKLOP_02218",0,NA,NA,NA,NA,NA
"PHJJKLOP_02219",0,NA,NA,NA,NA,NA
"PHJJKLOP_02220",0,NA,NA,NA,NA,NA
"PHJJKLOP_02221",0,NA,NA,NA,NA,NA
"PHJJKLOP_02222",0,NA,NA,NA,NA,NA
"PHJJKLOP_02223",0,NA,NA,NA,NA,NA
"PHJJKLOP_02224",0,NA,NA,NA,NA,NA
"PHJJKLOP_02225",0,NA,NA,NA,NA,NA
"PHJJKLOP_02226",0,NA,NA,NA,NA,NA
"PHJJKLOP_02227",0,NA,NA,NA,NA,NA
"PHJJKLOP_02228",0,NA,NA,NA,NA,NA
"PHJJKLOP_02229",8.90603709946834,5.32397165158655,3.87490447129695,1.37396203984471,NA,NA
"PHJJKLOP_02233",0,NA,NA,NA,NA,NA
"PHJJKLOP_02234",0,NA,NA,NA,NA,NA
"PHJJKLOP_02237",0,NA,NA,NA,NA,NA
"PHJJKLOP_02238",0.108760746584339,-0.927277724675893,4.08045587181216,-0.227248560897702,0.820230469148206,NA
"PHJJKLOP_02239",0,NA,NA,NA,NA,NA
"PHJJKLOP_02240",0,NA,NA,NA,NA,NA
"PHJJKLOP_02241",0,NA,NA,NA,NA,NA
"PHJJKLOP_02242",0,NA,NA,NA,NA,NA
"PHJJKLOP_02243",3.67673103667145,5.95187860522014,3.91474947166083,1.52037279736705,0.128417307289774,NA
"PHJJKLOP_02244",0,NA,NA,NA,NA,NA
"PHJJKLOP_02245",0,NA,NA,NA,NA,NA
"PHJJKLOP_02247",2.1519696965572,-5.05008737066317,3.64450831685991,-1.38567042014993,0.165847564415886,NA
"PHJJKLOP_02248",5.1835293775746,-6.41336777907299,3.91229240600298,-1.63928641152496,NA,NA
"PHJJKLOP_02251",0,NA,NA,NA,NA,NA
"PHJJKLOP_02252",0,NA,NA,NA,NA,NA
"PHJJKLOP_02253",0,NA,NA,NA,NA,NA
"PHJJKLOP_02254",0,NA,NA,NA,NA,NA
"PHJJKLOP_02257",0,NA,NA,NA,NA,NA
"PHJJKLOP_02258",0,NA,NA,NA,NA,NA
"PHJJKLOP_02259",0,NA,NA,NA,NA,NA
"PHJJKLOP_02260",18.0091039571098,20.0380235599432,3.89479177333656,5.14482537863048,NA,NA
"PHJJKLOP_02263",0,NA,NA,NA,NA,NA
"PHJJKLOP_02264",13.7089245221181,4.46494479014386,3.60352665360919,1.23904863744296,NA,NA
"PHJJKLOP_02266",0.108139148137396,0.996267620084677,4.08045587181216,0.244155959868824,0.807110033923696,NA
"PHJJKLOP_02267",1.00932616089365,0,4.0804558717822,0,1,NA
"PHJJKLOP_02268",4.07815538098577,0.996219419786376,3.99149364579867,0.249585620870264,NA,NA
"PHJJKLOP_02269",0.108139148137396,0.996267620084677,4.08045587181216,0.244155959868824,0.807110033923696,NA
"PHJJKLOP_02270",0,NA,NA,NA,NA,NA
"PHJJKLOP_02271",0,NA,NA,NA,NA,NA
"PHJJKLOP_02275",0,NA,NA,NA,NA,NA
"PHJJKLOP_02276",0,NA,NA,NA,NA,NA
"PHJJKLOP_02277",0,NA,NA,NA,NA,NA
"PHJJKLOP_02278",0,NA,NA,NA,NA,NA
"PHJJKLOP_02279",0,NA,NA,NA,NA,NA
"PHJJKLOP_02280",0,NA,NA,NA,NA,NA
"PHJJKLOP_02281",24.6012785217299,22.2394309630377,3.90794003584001,5.69083219268417,NA,NA
"PHJJKLOP_02282",0,NA,NA,NA,NA,NA
"PHJJKLOP_02283",12.567603816637,20.5921113026749,3.68818884206496,5.58325839171122,NA,NA
"PHJJKLOP_02285",0,NA,NA,NA,NA,NA
"PHJJKLOP_02286",5.32927658263263,-6.45246443260964,3.91214439425203,-1.64934209537102,NA,NA
"PHJJKLOP_02287",0,NA,NA,NA,NA,NA
"PHJJKLOP_02289",0,NA,NA,NA,NA,NA
"PHJJKLOP_02290",0,NA,NA,NA,NA,NA
"PHJJKLOP_02291",0,NA,NA,NA,NA,NA
"PHJJKLOP_02292",1.91705343634394,0.996224984948996,4.08045587177982,0.24414551125006,0.807118125905336,NA
"PHJJKLOP_02293",0,NA,NA,NA,NA,NA
"PHJJKLOP_02294",0,NA,NA,NA,NA,NA
"PHJJKLOP_02295",0,NA,NA,NA,NA,NA
"PHJJKLOP_02296",0,NA,NA,NA,NA,NA
"PHJJKLOP_02297",3.49899735776467,0,4.08045587177838,0,NA,NA
"PHJJKLOP_02299",0,NA,NA,NA,NA,NA
"PHJJKLOP_02300",0,NA,NA,NA,NA,NA
"PHJJKLOP_02301",0,NA,NA,NA,NA,NA
"PHJJKLOP_02302",0,NA,NA,NA,NA,NA
"PHJJKLOP_02303",0,NA,NA,NA,NA,NA
"PHJJKLOP_02304",0,NA,NA,NA,NA,NA
"PHJJKLOP_02305",0,NA,NA,NA,NA,NA
"PHJJKLOP_02306",0,NA,NA,NA,NA,NA
"PHJJKLOP_02307",62.8829193856693,4.02812977528093,2.95136916830997,1.36483426693366,NA,NA
"PHJJKLOP_02309",0,NA,NA,NA,NA,NA
"PHJJKLOP_02310",3.50682478578304,2.02192133386874,3.49487485281301,0.578538980370442,0.56290028804503,NA
"PHJJKLOP_02311",0,NA,NA,NA,NA,NA
"PHJJKLOP_02312",0,NA,NA,NA,NA,NA
"PHJJKLOP_02314",0,NA,NA,NA,NA,NA
"PHJJKLOP_02315",0,NA,NA,NA,NA,NA
"PHJJKLOP_02316",0,NA,NA,NA,NA,NA
"PHJJKLOP_02319",0,NA,NA,NA,NA,NA
"PHJJKLOP_02320",0,NA,NA,NA,NA,NA
"PHJJKLOP_02321",0.123624515184572,0.996267620084677,4.08045587181216,0.244155959868824,0.807110033923696,NA
"PHJJKLOP_02322",14.0068932843725,-21.5096420759591,3.86700773815325,-5.56234782354776,NA,NA
"PHJJKLOP_02323",0,NA,NA,NA,NA,NA
"PHJJKLOP_02324",0,NA,NA,NA,NA,NA
"PHJJKLOP_02325",0,NA,NA,NA,NA,NA
"PHJJKLOP_02326",0,NA,NA,NA,NA,NA
"PHJJKLOP_02327",0,NA,NA,NA,NA,NA
"PHJJKLOP_02328",0,NA,NA,NA,NA,NA
"PHJJKLOP_02329",0,NA,NA,NA,NA,NA
"PHJJKLOP_02330",0,NA,NA,NA,NA,NA
"PHJJKLOP_02331",0.324417444412187,2.45210885125925,3.99633565967128,0.613589312830884,0.539486747488798,NA
"PHJJKLOP_02332",0,NA,NA,NA,NA,NA
"PHJJKLOP_02333",0,NA,NA,NA,NA,NA
"PHJJKLOP_02335",4.54184422177062,6.25667295883355,3.91322575584824,1.59885305607096,0.109853256904699,NA
"PHJJKLOP_02336",0,NA,NA,NA,NA,NA
"PHJJKLOP_02337",8.83093701132553,-1.68756178774669,3.18485076000657,-0.52987154341361,0.596200997325576,NA
"PHJJKLOP_02338",0.540695740686979,3.18796563151603,3.96079658468871,0.804879918307286,0.420888977836762,NA
"PHJJKLOP_02340",0,NA,NA,NA,NA,NA
"PHJJKLOP_02341",0,NA,NA,NA,NA,NA
"PHJJKLOP_02342",0,NA,NA,NA,NA,NA
"PHJJKLOP_02343",6.41688404847603,-6.72040101570668,3.91123102255158,-1.71823167104112,NA,NA
"PHJJKLOP_02344",49.4595821665888,-2.44961755955495,2.99751226730383,-0.817216858884886,NA,NA
"PHJJKLOP_02345",1.76630019785542,3.67284379776562,3.94544611219628,0.9309070998111,0.351901621612783,NA
"PHJJKLOP_02346",2.37906125902271,5.32401476830649,3.91910869917029,1.358475913014,0.174312720582655,NA
"PHJJKLOP_02347",0,NA,NA,NA,NA,NA
"PHJJKLOP_02348",1.66306075924631,-3.2622173040894,3.95568482359292,-0.824690906776124,0.409547095524153,NA
"PHJJKLOP_02349",0,NA,NA,NA,NA,NA
"PHJJKLOP_02350",0,NA,NA,NA,NA,NA
"PHJJKLOP_02351",0,NA,NA,NA,NA,NA
"PHJJKLOP_02352",0,NA,NA,NA,NA,NA
"PHJJKLOP_02353",6.80528801357612,0,3.70992355286797,0,1,NA
"PHJJKLOP_02354",2.06645418510245,-5.08561808630213,3.92064302793324,-1.29713877291782,0.194583442814534,NA
"PHJJKLOP_02355",0,NA,NA,NA,NA,NA
"PHJJKLOP_02357",0,NA,NA,NA,NA,NA
"PHJJKLOP_02359",0,NA,NA,NA,NA,NA
"PHJJKLOP_02363",8.61291657295919,0,4.08045587177745,0,NA,NA
"PHJJKLOP_02365",0,NA,NA,NA,NA,NA
"PHJJKLOP_02366",13.5344492395224,-0.539937659264746,3.70006016518598,-0.14592672420439,NA,NA
"PHJJKLOP_02367",0,NA,NA,NA,NA,NA
"PHJJKLOP_02368",0,NA,NA,NA,NA,NA
"PHJJKLOP_02369",0,NA,NA,NA,NA,NA
"PHJJKLOP_02372",0,NA,NA,NA,NA,NA
"PHJJKLOP_02373",0,NA,NA,NA,NA,NA
"PHJJKLOP_02374",1.96639857360407,0.0344635565300076,3.95464906323763,0.00871469401681692,0.993046768203537,NA
"PHJJKLOP_02378",0.67589416058641,1.90468799291116,3.97416848166894,0.479267047105988,0.631748661867488,NA
"PHJJKLOP_02380",0,NA,NA,NA,NA,NA
"PHJJKLOP_02381",0,NA,NA,NA,NA,NA
"PHJJKLOP_02382",0,NA,NA,NA,NA,NA
"PHJJKLOP_02383",0,NA,NA,NA,NA,NA
"PHJJKLOP_02384",0,NA,NA,NA,NA,NA
"PHJJKLOP_02386",2.37906125902271,5.32401476830649,3.91910869917029,1.358475913014,0.174312720582655,NA
"PHJJKLOP_02388",0,NA,NA,NA,NA,NA
"PHJJKLOP_02389",8.86194348428651,-2.39534090012784,3.55545358518627,-0.673708949572001,NA,NA
"PHJJKLOP_02390",0,NA,NA,NA,NA,NA
"PHJJKLOP_02392",0,NA,NA,NA,NA,NA
"PHJJKLOP_02393",0,NA,NA,NA,NA,NA
"PHJJKLOP_02394",0,NA,NA,NA,NA,NA
"PHJJKLOP_02396",0,NA,NA,NA,NA,NA
"PHJJKLOP_02397",0.714356443120532,-0.92730729577416,4.0804558717857,-0.227255807907646,0.820224834268317,NA
"PHJJKLOP_02398",0,NA,NA,NA,NA,NA
"PHJJKLOP_02399",0,NA,NA,NA,NA,NA
"PHJJKLOP_02400",0,NA,NA,NA,NA,NA
"PHJJKLOP_02401",5.14526657492775,-5.88555154708237,3.60381728481378,-1.63314371455058,0.102438774495999,NA
"PHJJKLOP_02402",0,NA,NA,NA,NA,NA
"PHJJKLOP_02403",0,NA,NA,NA,NA,NA
"PHJJKLOP_02404",1.62892480497732,-1.46504292853168,3.82026150314022,-0.383492838730392,0.701354379026238,NA
"PHJJKLOP_02405",0,NA,NA,NA,NA,NA
"PHJJKLOP_02406",0.217521493168679,-1.83641601664566,4.03681898323332,-0.454916612380468,0.649169231060765,NA
"PHJJKLOP_02407",0,NA,NA,NA,NA,NA
"PHJJKLOP_02408",0,NA,NA,NA,NA,NA
"PHJJKLOP_02409",0,NA,NA,NA,NA,NA
"PHJJKLOP_02410",0,NA,NA,NA,NA,NA
"PHJJKLOP_02411",0,NA,NA,NA,NA,NA
"PHJJKLOP_02412",0,NA,NA,NA,NA,NA
"PHJJKLOP_02414",2.82777941119283,-5.53816259111997,3.91690805687021,-1.41391181787025,0.157387795603017,NA
"PHJJKLOP_02415",0,NA,NA,NA,NA,NA
"PHJJKLOP_02416",0,NA,NA,NA,NA,NA
"PHJJKLOP_02417",8.23809986577372,-5.29825333602219,3.25147377039238,-1.62949287312959,0.103208722379134,NA
"PHJJKLOP_02418",0,NA,NA,NA,NA,NA
"PHJJKLOP_02419",0,NA,NA,NA,NA,NA
"PHJJKLOP_02420",0,NA,NA,NA,NA,NA
"PHJJKLOP_02421",5.78187889859014,-1.88249238467363,3.63947630047925,-0.517242655056097,NA,NA
"PHJJKLOP_02422",0,NA,NA,NA,NA,NA
"PHJJKLOP_02424",0,NA,NA,NA,NA,NA
"PHJJKLOP_02425",0.324417444412187,2.45210885125925,3.99633565967128,0.613589312830884,0.539486747488798,NA
"PHJJKLOP_02426",0,NA,NA,NA,NA,NA
"PHJJKLOP_02427",0,NA,NA,NA,NA,NA
"PHJJKLOP_02428",0,NA,NA,NA,NA,NA
"PHJJKLOP_02429",3.56628576849091,0,4.08045587177835,0,NA,NA
"PHJJKLOP_02430",6.79934833515147,6.83772303910433,3.91107734189188,1.74829655396095,NA,NA
"PHJJKLOP_02431",3.72834482550214,-5.4816059061172,3.91731351794982,-1.39932785083439,0.161714691566649,NA
"PHJJKLOP_02432",0,NA,NA,NA,NA,NA
"PHJJKLOP_02433",0,NA,NA,NA,NA,NA
"PHJJKLOP_02434",22.0823553793059,-0.800287489856312,3.62635899424389,-0.220686228563307,NA,NA
"PHJJKLOP_02436",8.37448753864488,-7.10416221307811,3.52260614189739,-2.01673474890712,0.0437232015753267,NA
"PHJJKLOP_02437",0,NA,NA,NA,NA,NA
"PHJJKLOP_02438",0,NA,NA,NA,NA,NA
"PHJJKLOP_02439",0,NA,NA,NA,NA,NA
"PHJJKLOP_02440",0,NA,NA,NA,NA,NA
"PHJJKLOP_02441",0,NA,NA,NA,NA,NA
"PHJJKLOP_02442",0,NA,NA,NA,NA,NA
"PHJJKLOP_02443",0,NA,NA,NA,NA,NA
"PHJJKLOP_02444",0,NA,NA,NA,NA,NA
"PHJJKLOP_02445",0,NA,NA,NA,NA,NA
"PHJJKLOP_02446",0,NA,NA,NA,NA,NA
"PHJJKLOP_02447",0.117289237525283,-0.927277724675893,4.08045587181216,-0.227248560897702,0.820230469148206,NA
"PHJJKLOP_02448",0,NA,NA,NA,NA,NA
"PHJJKLOP_02449",0,NA,NA,NA,NA,NA
"PHJJKLOP_02450",0,NA,NA,NA,NA,NA
"PHJJKLOP_02451",0,NA,NA,NA,NA,NA
"PHJJKLOP_02452",5.27801568863772,-6.43782479939454,3.91219934829043,-1.64557688048483,0.099850902284719,NA
"PHJJKLOP_02453",2.35509437541853,0,4.08045587177914,0,1,NA
"PHJJKLOP_02454",0,NA,NA,NA,NA,NA
"PHJJKLOP_02455",4.83551857096936,0,3.77912669746936,0,1,NA
"PHJJKLOP_02456",0,NA,NA,NA,NA,NA
"PHJJKLOP_02457",2.1171553155827,4.03511603954047,3.93688616262744,1.02495116009335,0.30538623312918,NA
"PHJJKLOP_02458",0,NA,NA,NA,NA,NA
"PHJJKLOP_02459",8.28513492069484,-0.114732465715762,3.59836417341954,-0.0318846176168798,NA,NA
"PHJJKLOP_02460",0,NA,NA,NA,NA,NA
"PHJJKLOP_02461",0,NA,NA,NA,NA,NA
"PHJJKLOP_02462",6.91503472610907,-6.27055636775486,3.88324644981964,-1.6147716733369,0.106360149609209,NA
"PHJJKLOP_02463",5.70598645270972,0,4.08045587177778,0,NA,NA
"PHJJKLOP_02464",0,NA,NA,NA,NA,NA
"PHJJKLOP_02465",1.74949867888233,0,4.08045587177994,0,1,NA
"PHJJKLOP_02466",0,NA,NA,NA,NA,NA
"PHJJKLOP_02467",0,NA,NA,NA,NA,NA
"PHJJKLOP_02468",5.83362563146093,5.8213180008544,3.53493770875514,1.64679507263635,0.0996001745033871,NA
"PHJJKLOP_02469",0,NA,NA,NA,NA,NA
"PHJJKLOP_02470",0,NA,NA,NA,NA,NA
"PHJJKLOP_02471",0,NA,NA,NA,NA,NA
"PHJJKLOP_02472",0,NA,NA,NA,NA,NA
"PHJJKLOP_02473",0,NA,NA,NA,NA,NA
"PHJJKLOP_02474",0,NA,NA,NA,NA,NA
"PHJJKLOP_02475",0,NA,NA,NA,NA,NA
"PHJJKLOP_02476",4.6548836851053,0,4.08045587177799,0,NA,NA
"PHJJKLOP_02477",0.911569286240695,3.93788417935774,3.93897951030872,0.999721925197095,0.317445098496503,NA
"PHJJKLOP_02478",0,NA,NA,NA,NA,NA
"PHJJKLOP_02479",0,NA,NA,NA,NA,NA
"PHJJKLOP_02480",0,NA,NA,NA,NA,NA
"PHJJKLOP_02481",0,NA,NA,NA,NA,NA
"PHJJKLOP_02482",0,NA,NA,NA,NA,NA
"PHJJKLOP_02483",0.543803732921697,-3.1592085736208,3.95928130138868,-0.797924757837422,0.4249141551796,NA
"PHJJKLOP_02484",1.40372885429503,4.56557104457917,3.92763845492821,1.16242141352153,0.245064329306997,NA
"PHJJKLOP_02485",0,NA,NA,NA,NA,NA
"PHJJKLOP_02486",0,NA,NA,NA,NA,NA
"PHJJKLOP_02487",0,NA,NA,NA,NA,NA
"PHJJKLOP_02488",0,NA,NA,NA,NA,NA
"PHJJKLOP_02489",2.70594949314581,1.86833817929761,4.04023516840398,0.462433027143729,0.643770819485826,NA
"PHJJKLOP_02490",0,NA,NA,NA,NA,NA
"PHJJKLOP_02491",0,NA,NA,NA,NA,NA
"PHJJKLOP_02492",0,NA,NA,NA,NA,NA
"PHJJKLOP_02493",0,NA,NA,NA,NA,NA
"PHJJKLOP_02494",0,NA,NA,NA,NA,NA
"PHJJKLOP_02495",1.6205714869678,0,4.08045587178019,0,1,NA
"PHJJKLOP_02496",0,NA,NA,NA,NA,NA
"PHJJKLOP_02497",0,NA,NA,NA,NA,NA
"PHJJKLOP_02498",0,NA,NA,NA,NA,NA
"PHJJKLOP_02499",0,NA,NA,NA,NA,NA
"PHJJKLOP_02501",0,NA,NA,NA,NA,NA
"PHJJKLOP_02502",0,NA,NA,NA,NA,NA
"PHJJKLOP_02503",24.445726897129,0.145199136223643,3.72994817280758,0.0389279232570007,NA,NA
"PHJJKLOP_02504",0,NA,NA,NA,NA,NA
"PHJJKLOP_02505",0,NA,NA,NA,NA,NA
"PHJJKLOP_02506",0,NA,NA,NA,NA,NA
"PHJJKLOP_02507",0,NA,NA,NA,NA,NA
"PHJJKLOP_02508",0,NA,NA,NA,NA,NA
"PHJJKLOP_02509",0,NA,NA,NA,NA,NA
"PHJJKLOP_02511",0,NA,NA,NA,NA,NA
"PHJJKLOP_02512",0,NA,NA,NA,NA,NA
"PHJJKLOP_02514",0,NA,NA,NA,NA,NA
"PHJJKLOP_02515",5.65555882238565,-6.53819559739005,3.91183352052819,-1.67138902079535,NA,NA
"PHJJKLOP_02516",0,NA,NA,NA,NA,NA
"PHJJKLOP_02517",0,NA,NA,NA,NA,NA
"PHJJKLOP_02518",0,NA,NA,NA,NA,NA
"PHJJKLOP_02519",1.19636821242773,-4.29702263236039,3.93071481305667,-1.09319114632457,0.27430988352875,NA
"PHJJKLOP_02520",0,NA,NA,NA,NA,NA
"PHJJKLOP_02521",7.73135684964103,-6.75803325097118,3.43561463090974,-1.96705218046579,0.0491771953874943,NA
"PHJJKLOP_02522",0,NA,NA,NA,NA,NA
"PHJJKLOP_02523",0,NA,NA,NA,NA,NA
"PHJJKLOP_02524",0,NA,NA,NA,NA,NA
"PHJJKLOP_02525",0,NA,NA,NA,NA,NA
"PHJJKLOP_02526",0,NA,NA,NA,NA,NA
"PHJJKLOP_02527",0,NA,NA,NA,NA,NA
"PHJJKLOP_02528",10.327433713742,20.9940764352367,3.90959443822596,5.36988599890762,NA,NA
"PHJJKLOP_02529",8.04205868677573,0.218077932197681,3.71349269106331,0.0587258277692307,0.953170487250077,NA
"PHJJKLOP_02530",0,NA,NA,NA,NA,NA
"PHJJKLOP_02531",0,NA,NA,NA,NA,NA
"PHJJKLOP_02532",0,NA,NA,NA,NA,NA
"PHJJKLOP_02534",0,NA,NA,NA,NA,NA
"PHJJKLOP_02535",2.06329807263243,-2.68304327018783,3.91165766316388,-0.685909530236777,0.492770160075292,NA
"PHJJKLOP_02537",0,NA,NA,NA,NA,NA
"PHJJKLOP_02538",0,NA,NA,NA,NA,NA
"PHJJKLOP_02539",0,NA,NA,NA,NA,NA
"PHJJKLOP_02540",0,NA,NA,NA,NA,NA
"PHJJKLOP_02541",0,NA,NA,NA,NA,NA
"PHJJKLOP_02542",0,NA,NA,NA,NA,NA
"PHJJKLOP_02543",0,NA,NA,NA,NA,NA
"PHJJKLOP_02544",3.04952017565735,-5.64588293655238,3.91617830436474,-1.441681787129,0.1493921638835,NA
"PHJJKLOP_02545",0,NA,NA,NA,NA,NA
"PHJJKLOP_02546",2.83627079150308,-5.5441411397777,3.91686611508416,-1.41545331826043,0.156935626214608,NA
"PHJJKLOP_02547",0,NA,NA,NA,NA,NA
"PHJJKLOP_02550",0,NA,NA,NA,NA,NA
"PHJJKLOP_02551",0,NA,NA,NA,NA,NA
"PHJJKLOP_02552",0,NA,NA,NA,NA,NA
"PHJJKLOP_02553",0,NA,NA,NA,NA,NA
"PHJJKLOP_02554",0,NA,NA,NA,NA,NA
"PHJJKLOP_02556",8.48333823357848,-7.12316193916587,3.91014055181597,-1.8217150623544,NA,NA
"PHJJKLOP_02557",0,NA,NA,NA,NA,NA
"PHJJKLOP_02558",0,NA,NA,NA,NA,NA
"PHJJKLOP_02559",0.108760746584339,-0.927277724675893,4.08045587181216,-0.227248560897702,0.820230469148206,NA
"PHJJKLOP_02561",0,NA,NA,NA,NA,NA
"PHJJKLOP_02562",0,NA,NA,NA,NA,NA
"PHJJKLOP_02563",0.480414786067549,-2.7675840973604,3.97551554211878,-0.696157282757194,0.486330336194932,NA
"PHJJKLOP_02564",0,NA,NA,NA,NA,NA
"PHJJKLOP_02566",0,NA,NA,NA,NA,NA
"PHJJKLOP_02567",0,NA,NA,NA,NA,NA
"PHJJKLOP_02568",37.9720286982944,2.31552509165236,3.4348148479502,0.674133889060775,NA,NA
"PHJJKLOP_02569",0,NA,NA,NA,NA,NA
"PHJJKLOP_02570",0,NA,NA,NA,NA,NA
"PHJJKLOP_02571",0,NA,NA,NA,NA,NA
"PHJJKLOP_02572",0,NA,NA,NA,NA,NA
"PHJJKLOP_02573",0,NA,NA,NA,NA,NA
"PHJJKLOP_02574",3.69786538386754,-5.92520364535177,3.91452085266799,-1.51364722998305,0.130115335498171,NA
"PHJJKLOP_02576",0,NA,NA,NA,NA,NA
"PHJJKLOP_02577",0,NA,NA,NA,NA,NA
"PHJJKLOP_02578",0,NA,NA,NA,NA,NA
"PHJJKLOP_02580",0,NA,NA,NA,NA,NA
"PHJJKLOP_02582",0,NA,NA,NA,NA,NA
"PHJJKLOP_02583",0,NA,NA,NA,NA,NA
"PHJJKLOP_02584",0,NA,NA,NA,NA,NA
"PHJJKLOP_02585",0,NA,NA,NA,NA,NA
"PHJJKLOP_02586",0,NA,NA,NA,NA,NA
"PHJJKLOP_02587",0,NA,NA,NA,NA,NA
"PHJJKLOP_02589",0,NA,NA,NA,NA,NA
"PHJJKLOP_02592",0,NA,NA,NA,NA,NA
"PHJJKLOP_02595",8.82420608294202,6.35623789761702,3.48641012133913,1.82314692660873,0.0682811408605434,NA
"PHJJKLOP_02596",0,NA,NA,NA,NA,NA
"PHJJKLOP_02597",0,NA,NA,NA,NA,NA
"PHJJKLOP_02598",0,NA,NA,NA,NA,NA
"PHJJKLOP_02600",0,NA,NA,NA,NA,NA
"PHJJKLOP_02601",0,NA,NA,NA,NA,NA
"PHJJKLOP_02602",0,NA,NA,NA,NA,NA
"PHJJKLOP_02603",0,NA,NA,NA,NA,NA
"PHJJKLOP_02604",4.54184422177062,6.25667295883355,3.91322575584824,1.59885305607096,0.109853256904699,NA
"PHJJKLOP_02605",9.34092853361193,-7.2500264019868,3.69813357205349,-1.96045552728941,NA,NA
"PHJJKLOP_02607",0,NA,NA,NA,NA,NA
"PHJJKLOP_02608",0,NA,NA,NA,NA,NA
"PHJJKLOP_02609",0,NA,NA,NA,NA,NA
"PHJJKLOP_02610",0,NA,NA,NA,NA,NA
"PHJJKLOP_02611",0,NA,NA,NA,NA,NA
"PHJJKLOP_02612",0,NA,NA,NA,NA,NA
"PHJJKLOP_02613",12.2324943017138,21.1320201688875,3.9091497300463,5.40578428256757,NA,NA
"PHJJKLOP_02614",0,NA,NA,NA,NA,NA
"PHJJKLOP_02615",3.96857440130425,-2.07640264834692,3.63437048317986,-0.571323880698644,0.567780116794908,NA
"PHJJKLOP_02616",0.247249030369144,2.03700624841971,4.02573845515479,0.505995675355266,0.612859685607801,NA
"PHJJKLOP_02617",12.6079143465214,0.0985237006286982,3.70462792892463,0.0265947626911341,NA,NA
"PHJJKLOP_02618",0,NA,NA,NA,NA,NA
"PHJJKLOP_02619",50.3425485634736,8.81726726808356,3.60045745629517,2.44892971937972,NA,NA
"PHJJKLOP_02620",1.15782998148809,3.07337940804308,3.93688601918176,0.780662532028767,0.435001002929855,NA
"PHJJKLOP_02622",9.54153122714777,5.45799809632863,3.57978541034934,1.52467186456185,NA,NA
"PHJJKLOP_02623",0,NA,NA,NA,NA,NA
"PHJJKLOP_02624",0,NA,NA,NA,NA,NA
"PHJJKLOP_02625",0,NA,NA,NA,NA,NA
"PHJJKLOP_02626",0,NA,NA,NA,NA,NA
"PHJJKLOP_02627",0,NA,NA,NA,NA,NA
"PHJJKLOP_02628",0,NA,NA,NA,NA,NA
"PHJJKLOP_02629",0,NA,NA,NA,NA,NA
"PHJJKLOP_02630",0,NA,NA,NA,NA,NA
"PHJJKLOP_02632",2.9261758964134,2.50932952499744,2.57565148716103,0.974250412956027,0.32993221907717,NA
"PHJJKLOP_02633",0,NA,NA,NA,NA,NA
"PHJJKLOP_02634",3.37158314411452,-5.79193181783833,3.91527182220436,-1.47931793266333,0.139055362281033,NA
"PHJJKLOP_02635",2.48967119687101,0,4.08045587177902,0,1,NA
"PHJJKLOP_02636",0,NA,NA,NA,NA,NA
"PHJJKLOP_02637",0,NA,NA,NA,NA,NA
"PHJJKLOP_02638",0,NA,NA,NA,NA,NA
"PHJJKLOP_02639",0,NA,NA,NA,NA,NA
"PHJJKLOP_02642",0,NA,NA,NA,NA,NA
"PHJJKLOP_02643",0,NA,NA,NA,NA,NA
"PHJJKLOP_02644",5.41025370949446,4.67231027533713,3.60944963704496,1.29446612230953,0.195504463829915,NA
"PHJJKLOP_02645",0,NA,NA,NA,NA,NA
"PHJJKLOP_02646",1.02328602720399,0,4.08045587178229,0,1,NA
"PHJJKLOP_02647",2.61025791802415,-5.42267841292117,3.9177531798318,-1.38412966922893,0.166318753685148,NA
"PHJJKLOP_02649",19.5339009453338,-1.64545079445041,3.25934705819056,-0.504840621472169,NA,NA
"PHJJKLOP_02650",0,NA,NA,NA,NA,NA
"PHJJKLOP_02651",0,NA,NA,NA,NA,NA
"PHJJKLOP_02652",0,NA,NA,NA,NA,NA
"PHJJKLOP_02654",0,NA,NA,NA,NA,NA
"PHJJKLOP_02655",0,NA,NA,NA,NA,NA
"PHJJKLOP_02657",0,NA,NA,NA,NA,NA
"PHJJKLOP_02658",2.51065975980465,0.996221657074425,4.0804558717791,0.244144695685697,0.807118757523837,NA
"PHJJKLOP_02659",0,NA,NA,NA,NA,NA
"PHJJKLOP_02660",8.10850706437697,0,4.08045587177749,0,NA,NA
"PHJJKLOP_02661",0,NA,NA,NA,NA,NA
"PHJJKLOP_02662",3.8489987518572,4.21937448390529,3.57176894879124,1.18131226974612,0.237478694835226,NA
"PHJJKLOP_02663",0,NA,NA,NA,NA,NA
"PHJJKLOP_02664",0,NA,NA,NA,NA,NA
"PHJJKLOP_02665",0,NA,NA,NA,NA,NA
"PHJJKLOP_02668",0,NA,NA,NA,NA,NA
"PHJJKLOP_02669",0,NA,NA,NA,NA,NA
"PHJJKLOP_02670",0,NA,NA,NA,NA,NA
"PHJJKLOP_02671",0,NA,NA,NA,NA,NA
"PHJJKLOP_02672",0,NA,NA,NA,NA,NA
"PHJJKLOP_02674",0,NA,NA,NA,NA,NA
"PHJJKLOP_02675",4.11092021614973,6.11370457444345,3.91390059482197,1.56204901640368,0.118276442116361,NA
"PHJJKLOP_02678",0,NA,NA,NA,NA,NA
"PHJJKLOP_02679",0,NA,NA,NA,NA,NA
"PHJJKLOP_02680",0,NA,NA,NA,NA,NA
"PHJJKLOP_02681",0,NA,NA,NA,NA,NA
"PHJJKLOP_02682",0.974495530130449,1.80197566546292,3.90029578993798,0.462010001936693,0.644074147885412,NA
"PHJJKLOP_02683",0,NA,NA,NA,NA,NA
"PHJJKLOP_02684",0,NA,NA,NA,NA,NA
"PHJJKLOP_02686",0,NA,NA,NA,NA,NA
"PHJJKLOP_02687",0,NA,NA,NA,NA,NA
"PHJJKLOP_02688",0,NA,NA,NA,NA,NA
"PHJJKLOP_02689",0,NA,NA,NA,NA,NA
"PHJJKLOP_02690",6.63440554164471,-6.76849576055091,3.91108426410426,-1.7305931817097,NA,NA
"PHJJKLOP_02691",0,NA,NA,NA,NA,NA
"PHJJKLOP_02692",2.69153642904975,0,4.08045587177885,0,1,NA
"PHJJKLOP_02693",0,NA,NA,NA,NA,NA
"PHJJKLOP_02694",0,NA,NA,NA,NA,NA
"PHJJKLOP_02695",0,NA,NA,NA,NA,NA
"PHJJKLOP_02696",6.23153783651193,0,4.0804558717777,0,NA,NA
"PHJJKLOP_02697",0,NA,NA,NA,NA,NA
"PHJJKLOP_02698",0,NA,NA,NA,NA,NA
"PHJJKLOP_02699",0,NA,NA,NA,NA,NA
"PHJJKLOP_02701",0.324417444412187,2.45210885125925,3.99633565967128,0.613589312830884,0.539486747488798,NA
"PHJJKLOP_02702",0,NA,NA,NA,NA,NA
"PHJJKLOP_02703",0,NA,NA,NA,NA,NA
"PHJJKLOP_02704",0,NA,NA,NA,NA,NA
"PHJJKLOP_02705",0.75697403696177,3.67287940100842,3.94544611293815,0.930916123518729,0.351896953449336,NA
"PHJJKLOP_02706",0,NA,NA,NA,NA,NA
"PHJJKLOP_02708",0,NA,NA,NA,NA,NA
"PHJJKLOP_02709",0,NA,NA,NA,NA,NA
"PHJJKLOP_02710",0,NA,NA,NA,NA,NA
"PHJJKLOP_02711",9.38313900202261,-21.3553035916638,3.9098160502579,-5.46197143731485,NA,NA
"PHJJKLOP_02712",6.5020209067414,4.73773876478764,2.64524930338182,1.79103676871993,0.0732873948216037,NA
"PHJJKLOP_02713",0.719734368082093,3.04652310466092,3.96631958391298,0.768098243272513,0.442428820518864,NA
"PHJJKLOP_02715",3.90272782212213,0,4.08045587177822,0,NA,NA
"PHJJKLOP_02716",0,NA,NA,NA,NA,NA
"PHJJKLOP_02717",0,NA,NA,NA,NA,NA
"PHJJKLOP_02718",2.96283366513967,5.64145999935371,3.77867450089388,1.49297326298393,0.135444185801805,NA
"PHJJKLOP_02719",0,NA,NA,NA,NA,NA
"PHJJKLOP_02722",0,NA,NA,NA,NA,NA
"PHJJKLOP_02724",0,NA,NA,NA,NA,NA
"PHJJKLOP_02725",0.234578475050565,-1.93154430928353,4.02864949284524,-0.479452062710815,0.631617063314046,NA
"PHJJKLOP_02726",0,NA,NA,NA,NA,NA
"PHJJKLOP_02727",0,NA,NA,NA,NA,NA
"PHJJKLOP_02728",0,NA,NA,NA,NA,NA
"PHJJKLOP_02729",0,NA,NA,NA,NA,NA
"PHJJKLOP_02730",0,NA,NA,NA,NA,NA
"PHJJKLOP_02731",0,NA,NA,NA,NA,NA
"PHJJKLOP_02732",0,NA,NA,NA,NA,NA
"PHJJKLOP_02733",0,NA,NA,NA,NA,NA
"PHJJKLOP_02734",0,NA,NA,NA,NA,NA
"PHJJKLOP_02735",0,NA,NA,NA,NA,NA
"PHJJKLOP_02737",0,NA,NA,NA,NA,NA
"PHJJKLOP_02738",0,NA,NA,NA,NA,NA
"PHJJKLOP_02740",0,NA,NA,NA,NA,NA
"PHJJKLOP_02741",0,NA,NA,NA,NA,NA
"PHJJKLOP_02742",0,NA,NA,NA,NA,NA
"PHJJKLOP_02743",0,NA,NA,NA,NA,NA
"PHJJKLOP_02744",0,NA,NA,NA,NA,NA
"PHJJKLOP_02745",0,NA,NA,NA,NA,NA
"PHJJKLOP_02746",0,NA,NA,NA,NA,NA
"PHJJKLOP_02747",0,NA,NA,NA,NA,NA
"PHJJKLOP_02749",0,NA,NA,NA,NA,NA
"PHJJKLOP_02750",0,NA,NA,NA,NA,NA
"PHJJKLOP_02751",0,NA,NA,NA,NA,NA
"PHJJKLOP_02752",0,NA,NA,NA,NA,NA
"PHJJKLOP_02753",0,NA,NA,NA,NA,NA
"PHJJKLOP_02769",0,NA,NA,NA,NA,NA
"PHJJKLOP_02770",0,NA,NA,NA,NA,NA
"PHJJKLOP_02771",0,NA,NA,NA,NA,NA
"PHJJKLOP_02772",0,NA,NA,NA,NA,NA
"PHJJKLOP_02773",0.353765588452663,0.996249986907186,4.08045587179925,0.24415163849521,0.807113380629187,NA
"PHJJKLOP_02774",0,NA,NA,NA,NA,NA
"PHJJKLOP_02775",0,NA,NA,NA,NA,NA
"PHJJKLOP_02776",0,NA,NA,NA,NA,NA
"PHJJKLOP_02777",0,NA,NA,NA,NA,NA
"PHJJKLOP_02778",0,NA,NA,NA,NA,NA
"PHJJKLOP_02779",0,NA,NA,NA,NA,NA
"PHJJKLOP_02780",0.108760746584339,-0.927277724675893,4.08045587181216,-0.227248560897702,0.820230469148206,NA
"PHJJKLOP_02781",7.42627804539281,1.82778719685957,3.39194410142693,0.538861237745826,0.589982605222853,NA
"PHJJKLOP_02782",0,NA,NA,NA,NA,NA
"PHJJKLOP_02783",0.734039321688644,1.86835690351037,4.04023516842792,0.462437661577348,0.643767496713678,NA
"PHJJKLOP_02785",0.108139148137396,0.996267620084677,4.08045587181216,0.244155959868824,0.807110033923696,NA
"PHJJKLOP_02786",0,NA,NA,NA,NA,NA
"PHJJKLOP_02787",0,NA,NA,NA,NA,NA
"PHJJKLOP_02788",0,NA,NA,NA,NA,NA
"PHJJKLOP_02790",0,NA,NA,NA,NA,NA
"PHJJKLOP_02791",0,NA,NA,NA,NA,NA
"PHJJKLOP_02792",0,NA,NA,NA,NA,NA
"PHJJKLOP_02793",0,NA,NA,NA,NA,NA
"PHJJKLOP_02794",0,NA,NA,NA,NA,NA
"PHJJKLOP_02795",0,NA,NA,NA,NA,NA
"PHJJKLOP_02796",0,NA,NA,NA,NA,NA
"PHJJKLOP_02798",0,NA,NA,NA,NA,NA
"PHJJKLOP_02799",0,NA,NA,NA,NA,NA
"PHJJKLOP_02800",0,NA,NA,NA,NA,NA
"PHJJKLOP_02802",0,NA,NA,NA,NA,NA
"PHJJKLOP_02803",0,NA,NA,NA,NA,NA
"PHJJKLOP_02804",19.4552069944517,-0.989093422831901,3.66106833872356,-0.270165244491653,NA,NA
"PHJJKLOP_02806",0,NA,NA,NA,NA,NA
"PHJJKLOP_02807",0,NA,NA,NA,NA,NA
"PHJJKLOP_02808",0,NA,NA,NA,NA,NA
"PHJJKLOP_02810",0,NA,NA,NA,NA,NA
"PHJJKLOP_02811",7.36272808303243,-3.6543473441691,3.24038256642033,-1.1277518222813,0.259424745127807,NA
"PHJJKLOP_02812",0,NA,NA,NA,NA,NA
"PHJJKLOP_02813",1.13527942285271,0.895004779878816,3.85650120883673,0.232076883011994,0.816478299433447,NA
"PHJJKLOP_02814",0,NA,NA,NA,NA,NA
"PHJJKLOP_02815",0,NA,NA,NA,NA,NA
"PHJJKLOP_02816",0,NA,NA,NA,NA,NA
"PHJJKLOP_02817",0,NA,NA,NA,NA,NA
"PHJJKLOP_02818",0.626284330188996,0.486071491486391,3.94342112308372,0.123261370346946,0.901900129506587,NA
"PHJJKLOP_02819",0,NA,NA,NA,NA,NA
"PHJJKLOP_02820",0,NA,NA,NA,NA,NA
"PHJJKLOP_02821",0,NA,NA,NA,NA,NA
"PHJJKLOP_02822",0,NA,NA,NA,NA,NA
"PHJJKLOP_02823",0,NA,NA,NA,NA,NA
"PHJJKLOP_02824",0,NA,NA,NA,NA,NA
"PHJJKLOP_02825",0,NA,NA,NA,NA,NA
"PHJJKLOP_02827",0,NA,NA,NA,NA,NA
"PHJJKLOP_02828",0,NA,NA,NA,NA,NA
"PHJJKLOP_02830",0,NA,NA,NA,NA,NA
"PHJJKLOP_02833",0,NA,NA,NA,NA,NA
"PHJJKLOP_02834",0,NA,NA,NA,NA,NA
"PHJJKLOP_02835",0,NA,NA,NA,NA,NA
"PHJJKLOP_02836",0,NA,NA,NA,NA,NA
"PHJJKLOP_02837",0,NA,NA,NA,NA,NA
"PHJJKLOP_02838",0,NA,NA,NA,NA,NA
"PHJJKLOP_02839",0,NA,NA,NA,NA,NA
"PHJJKLOP_02840",0,NA,NA,NA,NA,NA
"PHJJKLOP_02841",0,NA,NA,NA,NA,NA
"PHJJKLOP_02842",0,NA,NA,NA,NA,NA
"PHJJKLOP_02843",1.29766977764875,4.44992379298409,3.92937719848627,1.13247559809182,0.257434537745102,NA
"PHJJKLOP_02844",0,NA,NA,NA,NA,NA
"PHJJKLOP_02845",3.54909228135774,0,3.97581591577925,0,1,NA
"PHJJKLOP_02847",0,NA,NA,NA,NA,NA
"PHJJKLOP_02848",0,NA,NA,NA,NA,NA
"PHJJKLOP_02849",0.807460928714924,0,4.08045587178352,0,1,NA
"PHJJKLOP_02850",0.783411710276862,3.45069029202076,3.95185104744984,0.873183288182766,0.382563182302066,NA
"PHJJKLOP_02851",0,NA,NA,NA,NA,NA
"PHJJKLOP_02852",0,NA,NA,NA,NA,NA
"PHJJKLOP_02853",0,NA,NA,NA,NA,NA
"PHJJKLOP_02854",4.60481937473068,6.27514869472261,3.66014944040558,1.71445149901509,0.0864458373205754,NA
"PHJJKLOP_02855",0,NA,NA,NA,NA,NA
"PHJJKLOP_02857",0,NA,NA,NA,NA,NA
"PHJJKLOP_02858",0,NA,NA,NA,NA,NA
"PHJJKLOP_02859",0,NA,NA,NA,NA,NA
"PHJJKLOP_02861",0,NA,NA,NA,NA,NA
"PHJJKLOP_02862",0,NA,NA,NA,NA,NA
"PHJJKLOP_02864",0,NA,NA,NA,NA,NA
"PHJJKLOP_02867",0,NA,NA,NA,NA,NA
"PHJJKLOP_02868",0,NA,NA,NA,NA,NA
"PHJJKLOP_02869",0,NA,NA,NA,NA,NA
"PHJJKLOP_02870",0,NA,NA,NA,NA,NA
"PHJJKLOP_02871",0,NA,NA,NA,NA,NA
"PHJJKLOP_02873",0,NA,NA,NA,NA,NA
"PHJJKLOP_02874",4.5761421884686,-6.07505335358144,3.87631724935551,-1.56722294971896,0.117062587926708,NA
"PHJJKLOP_02875",3.78487018480885,5.99368984603761,3.91452096201451,1.53114261085809,0.125734150648083,NA
"PHJJKLOP_02876",14.5877502459023,-21.6047751954816,3.85464169589382,-5.6048724887961,NA,NA
"PHJJKLOP_02877",0,NA,NA,NA,NA,NA
"PHJJKLOP_02878",0,NA,NA,NA,NA,NA
"PHJJKLOP_02879",0,NA,NA,NA,NA,NA
"PHJJKLOP_02880",0,NA,NA,NA,NA,NA
"PHJJKLOP_02881",0,NA,NA,NA,NA,NA
"PHJJKLOP_02882",0,NA,NA,NA,NA,NA
"PHJJKLOP_02883",0,NA,NA,NA,NA,NA
"PHJJKLOP_02884",0,NA,NA,NA,NA,NA
"PHJJKLOP_02885",0,NA,NA,NA,NA,NA
"PHJJKLOP_02886",0,NA,NA,NA,NA,NA
"PHJJKLOP_02887",0,NA,NA,NA,NA,NA
"PHJJKLOP_02888",6.74233320788375,-6.4524992121782,3.86878290299106,-1.66783698490541,NA,NA
"PHJJKLOP_02889",0,NA,NA,NA,NA,NA
"PHJJKLOP_02890",0,NA,NA,NA,NA,NA
"PHJJKLOP_02891",0,NA,NA,NA,NA,NA
"PHJJKLOP_02892",0,NA,NA,NA,NA,NA
"PHJJKLOP_02895",0,NA,NA,NA,NA,NA
"PHJJKLOP_02896",0,NA,NA,NA,NA,NA
"PHJJKLOP_02897",1.30015617143652,0.993736993125724,3.82853507338083,0.259560634571435,0.795202704821703,NA
"PHJJKLOP_02898",0,NA,NA,NA,NA,NA
"PHJJKLOP_02899",0,NA,NA,NA,NA,NA
"PHJJKLOP_02901",0,NA,NA,NA,NA,NA
"PHJJKLOP_02902",0,NA,NA,NA,NA,NA
"PHJJKLOP_02903",0,NA,NA,NA,NA,NA
"PHJJKLOP_02904",4.81145447019741,-1.11188545080966,3.61841905205604,-0.307284876299187,0.758626546163017,NA
"PHJJKLOP_02905",0,NA,NA,NA,NA,NA
"PHJJKLOP_02906",0,NA,NA,NA,NA,NA
"PHJJKLOP_02907",0,NA,NA,NA,NA,NA
"PHJJKLOP_02908",0,NA,NA,NA,NA,NA
"PHJJKLOP_02909",0,NA,NA,NA,NA,NA
"PHJJKLOP_02910",0,NA,NA,NA,NA,NA
"PHJJKLOP_02911",0,NA,NA,NA,NA,NA
"PHJJKLOP_02912",0,NA,NA,NA,NA,NA
"PHJJKLOP_02913",0,NA,NA,NA,NA,NA
"PHJJKLOP_02914",0,NA,NA,NA,NA,NA
"PHJJKLOP_02915",0,NA,NA,NA,NA,NA
"PHJJKLOP_02916",0,NA,NA,NA,NA,NA
"PHJJKLOP_02917",0,NA,NA,NA,NA,NA
"PHJJKLOP_02919",0,NA,NA,NA,NA,NA
"PHJJKLOP_02920",0,NA,NA,NA,NA,NA
"PHJJKLOP_02921",0,NA,NA,NA,NA,NA
"PHJJKLOP_02922",0,NA,NA,NA,NA,NA
"PHJJKLOP_02923",0.586814646517879,-3.27671077565476,3.95519882739805,-0.828456651270388,0.407411934774033,NA
"PHJJKLOP_02924",0,NA,NA,NA,NA,NA
"PHJJKLOP_02925",0,NA,NA,NA,NA,NA
"PHJJKLOP_02926",0.618122575922861,3.37050695575297,3.95441312455561,0.852340625420047,0.394025064097668,NA
"PHJJKLOP_02927",0,NA,NA,NA,NA,NA
"PHJJKLOP_02928",0,NA,NA,NA,NA,NA
"PHJJKLOP_02929",0,NA,NA,NA,NA,NA
"PHJJKLOP_02930",0,NA,NA,NA,NA,NA
"PHJJKLOP_02931",0,NA,NA,NA,NA,NA
"PHJJKLOP_02933",0,NA,NA,NA,NA,NA
"PHJJKLOP_02935",0,NA,NA,NA,NA,NA
"PHJJKLOP_02937",0,NA,NA,NA,NA,NA
"PHJJKLOP_02938",0,NA,NA,NA,NA,NA
"PHJJKLOP_02939",0,NA,NA,NA,NA,NA
"PHJJKLOP_02941",0,NA,NA,NA,NA,NA
"PHJJKLOP_02942",0,NA,NA,NA,NA,NA
"PHJJKLOP_02943",0,NA,NA,NA,NA,NA
"PHJJKLOP_02944",0,NA,NA,NA,NA,NA
"PHJJKLOP_02945",0,NA,NA,NA,NA,NA
"PHJJKLOP_02946",32.4239128840853,21.7438596049454,3.82882480371014,5.678990478717,NA,NA
"PHJJKLOP_02947",11.3876376069485,-1.15066608760896,3.60485498396405,-0.319198994890952,NA,NA
"PHJJKLOP_02948",0,NA,NA,NA,NA,NA
"PHJJKLOP_02951",0,NA,NA,NA,NA,NA
"PHJJKLOP_02954",9.32377025682377,-6.81457308886689,3.86822841494762,-1.76167804944868,NA,NA
"PHJJKLOP_02955",0,NA,NA,NA,NA,NA
"PHJJKLOP_02956",0,NA,NA,NA,NA,NA
"PHJJKLOP_02957",0.432556592549583,2.86646673176682,3.97416882675115,0.721274524743865,0.470740627618838,NA
"PHJJKLOP_02958",0,NA,NA,NA,NA,NA
"PHJJKLOP_02960",3.24040575281265,0,4.08045587177852,0,1,NA
"PHJJKLOP_02961",0,NA,NA,NA,NA,NA
"PHJJKLOP_02962",0,NA,NA,NA,NA,NA
"PHJJKLOP_02963",0,NA,NA,NA,NA,NA
"PHJJKLOP_02964",0,NA,NA,NA,NA,NA
"PHJJKLOP_02965",0,NA,NA,NA,NA,NA
"PHJJKLOP_02966",0,NA,NA,NA,NA,NA
"PHJJKLOP_02967",0,NA,NA,NA,NA,NA
"PHJJKLOP_02968",0.300315076458406,0,4.08045587179445,0,1,NA
"PHJJKLOP_02969",0,NA,NA,NA,NA,NA
"PHJJKLOP_02970",0,NA,NA,NA,NA,NA
"PHJJKLOP_02972",0,NA,NA,NA,NA,NA
"PHJJKLOP_02974",0,NA,NA,NA,NA,NA
"PHJJKLOP_02975",0,NA,NA,NA,NA,NA
"PHJJKLOP_02976",0,NA,NA,NA,NA,NA
"PHJJKLOP_02977",0,NA,NA,NA,NA,NA
"PHJJKLOP_02978",0,NA,NA,NA,NA,NA
"PHJJKLOP_02979",0,NA,NA,NA,NA,NA
"PHJJKLOP_02981",0,NA,NA,NA,NA,NA
"PHJJKLOP_02982",0,NA,NA,NA,NA,NA
"PHJJKLOP_02983",0,NA,NA,NA,NA,NA
"PHJJKLOP_02984",0,NA,NA,NA,NA,NA
"PHJJKLOP_02985",0,NA,NA,NA,NA,NA
"PHJJKLOP_02986",0,NA,NA,NA,NA,NA
"PHJJKLOP_02987",0,NA,NA,NA,NA,NA
"PHJJKLOP_02988",0,NA,NA,NA,NA,NA
"PHJJKLOP_02989",0.351867712575848,-2.5212042414909,3.98818475287874,-0.632168366741548,0.527276865380667,NA
"PHJJKLOP_02990",5.75561719071278,-1.48543277427864,3.73701293581154,-0.397492007598861,0.69100467914967,NA
"PHJJKLOP_02992",0,NA,NA,NA,NA,NA
"PHJJKLOP_02993",0,NA,NA,NA,NA,NA
"PHJJKLOP_02994",0,NA,NA,NA,NA,NA
"PHJJKLOP_02995",0,NA,NA,NA,NA,NA
"PHJJKLOP_02996",0,NA,NA,NA,NA,NA
"PHJJKLOP_02998",0,NA,NA,NA,NA,NA
"PHJJKLOP_02999",0,NA,NA,NA,NA,NA
"PHJJKLOP_03000",0,NA,NA,NA,NA,NA
"PHJJKLOP_03001",0,NA,NA,NA,NA,NA
"PHJJKLOP_03002",0,NA,NA,NA,NA,NA
"PHJJKLOP_03003",0,NA,NA,NA,NA,NA
"PHJJKLOP_03004",0,NA,NA,NA,NA,NA
"PHJJKLOP_03007",0,NA,NA,NA,NA,NA
"PHJJKLOP_03008",0,NA,NA,NA,NA,NA
"PHJJKLOP_03009",4.35042986337358,-6.15967632657342,3.91335656728633,-1.5740135662733,0.115484313129107,NA
"PHJJKLOP_03010",0,NA,NA,NA,NA,NA
"PHJJKLOP_03011",0,NA,NA,NA,NA,NA
"PHJJKLOP_03012",0,NA,NA,NA,NA,NA
"PHJJKLOP_03013",0,NA,NA,NA,NA,NA
"PHJJKLOP_03014",0,NA,NA,NA,NA,NA
"PHJJKLOP_03015",0,NA,NA,NA,NA,NA
"PHJJKLOP_03016",0.807460928714924,0,4.08045587178352,0,1,NA
"PHJJKLOP_03017",0,NA,NA,NA,NA,NA
"PHJJKLOP_03019",0,NA,NA,NA,NA,NA
"PHJJKLOP_03020",0,NA,NA,NA,NA,NA
"PHJJKLOP_03021",0,NA,NA,NA,NA,NA
"PHJJKLOP_03023",0,NA,NA,NA,NA,NA
"PHJJKLOP_03025",0,NA,NA,NA,NA,NA
"PHJJKLOP_03026",0,NA,NA,NA,NA,NA
"PHJJKLOP_03027",0,NA,NA,NA,NA,NA
"PHJJKLOP_03028",0,NA,NA,NA,NA,NA
"PHJJKLOP_03029",0,NA,NA,NA,NA,NA
"PHJJKLOP_03030",0,NA,NA,NA,NA,NA
"PHJJKLOP_03031",9.11709298692723,-1.59208873537728,3.69300768941812,-0.431108968426797,NA,NA
"PHJJKLOP_03032",0,NA,NA,NA,NA,NA
"PHJJKLOP_03033",0,NA,NA,NA,NA,NA
"PHJJKLOP_03034",0,NA,NA,NA,NA,NA
"PHJJKLOP_03035",0,NA,NA,NA,NA,NA
"PHJJKLOP_03036",6.08138029828273,0,4.08045587177772,0,NA,NA
"PHJJKLOP_03037",0,NA,NA,NA,NA,NA
"PHJJKLOP_03038",5.22051583604829,-6.4227165535563,3.91225664828654,-1.64169100623019,0.100654056479481,NA
"PHJJKLOP_03039",0,NA,NA,NA,NA,NA
"PHJJKLOP_03040",0,NA,NA,NA,NA,NA
"PHJJKLOP_03041",0,NA,NA,NA,NA,NA
"PHJJKLOP_03042",0,NA,NA,NA,NA,NA
"PHJJKLOP_03043",0,NA,NA,NA,NA,NA
"PHJJKLOP_03044",0,NA,NA,NA,NA,NA
"PHJJKLOP_03045",0,NA,NA,NA,NA,NA
"PHJJKLOP_03046",0,NA,NA,NA,NA,NA
"PHJJKLOP_03047",0,NA,NA,NA,NA,NA
"PHJJKLOP_03048",0,NA,NA,NA,NA,NA
"PHJJKLOP_03049",0,NA,NA,NA,NA,NA
"PHJJKLOP_03050",0,NA,NA,NA,NA,NA
"PHJJKLOP_03051",0,NA,NA,NA,NA,NA
"PHJJKLOP_03052",0,NA,NA,NA,NA,NA
"PHJJKLOP_03053",0,NA,NA,NA,NA,NA
"PHJJKLOP_03054",0,NA,NA,NA,NA,NA
"PHJJKLOP_03055",0,NA,NA,NA,NA,NA
"PHJJKLOP_03056",0,NA,NA,NA,NA,NA
"PHJJKLOP_03057",0,NA,NA,NA,NA,NA
"PHJJKLOP_03058",0,NA,NA,NA,NA,NA
"PHJJKLOP_03059",0,NA,NA,NA,NA,NA
"PHJJKLOP_03060",0,NA,NA,NA,NA,NA
"PHJJKLOP_03061",0,NA,NA,NA,NA,NA
"PHJJKLOP_03062",0,NA,NA,NA,NA,NA
"PHJJKLOP_03063",0,NA,NA,NA,NA,NA
"PHJJKLOP_03064",0,NA,NA,NA,NA,NA
"PHJJKLOP_03065",0,NA,NA,NA,NA,NA
"PHJJKLOP_03068",0,NA,NA,NA,NA,NA
"PHJJKLOP_03069",0,NA,NA,NA,NA,NA
"PHJJKLOP_03070",0,NA,NA,NA,NA,NA
"PHJJKLOP_03071",0,NA,NA,NA,NA,NA
"PHJJKLOP_03072",0,NA,NA,NA,NA,NA
"PHJJKLOP_03073",0,NA,NA,NA,NA,NA
"PHJJKLOP_03074",15.2389411245703,1.69267334932136,2.94368723667483,0.575018068574906,NA,NA
"PHJJKLOP_03077",0,NA,NA,NA,NA,NA
"PHJJKLOP_03078",0,NA,NA,NA,NA,NA
"PHJJKLOP_03079",0,NA,NA,NA,NA,NA
"PHJJKLOP_03080",0,NA,NA,NA,NA,NA
"PHJJKLOP_03081",0,NA,NA,NA,NA,NA
"PHJJKLOP_03083",0,NA,NA,NA,NA,NA
"PHJJKLOP_03084",0,NA,NA,NA,NA,NA
"PHJJKLOP_03086",0,NA,NA,NA,NA,NA
"PHJJKLOP_03089",0,NA,NA,NA,NA,NA
"PHJJKLOP_03090",0,NA,NA,NA,NA,NA
"PHJJKLOP_03091",0,NA,NA,NA,NA,NA
"PHJJKLOP_03092",0,NA,NA,NA,NA,NA
"PHJJKLOP_03093",0,NA,NA,NA,NA,NA
"PHJJKLOP_03094",0,NA,NA,NA,NA,NA
"PHJJKLOP_03095",1.88407550033482,0,4.08045587177972,0,1,NA
"PHJJKLOP_03096",0,NA,NA,NA,NA,NA
"PHJJKLOP_03097",0,NA,NA,NA,NA,NA
"PHJJKLOP_03098",0,NA,NA,NA,NA,NA
"PHJJKLOP_03099",0,NA,NA,NA,NA,NA
"PHJJKLOP_03100",0,NA,NA,NA,NA,NA
"PHJJKLOP_03101",0,NA,NA,NA,NA,NA
"PHJJKLOP_03102",0,NA,NA,NA,NA,NA
"PHJJKLOP_03103",0,NA,NA,NA,NA,NA
"PHJJKLOP_03104",0,NA,NA,NA,NA,NA
"PHJJKLOP_03105",0,NA,NA,NA,NA,NA
"PHJJKLOP_03106",0,NA,NA,NA,NA,NA
"PHJJKLOP_03107",0,NA,NA,NA,NA,NA
"PHJJKLOP_03108",0,NA,NA,NA,NA,NA
"PHJJKLOP_03109",0,NA,NA,NA,NA,NA
"PHJJKLOP_03110",0,NA,NA,NA,NA,NA
"PHJJKLOP_03111",0,NA,NA,NA,NA,NA
"PHJJKLOP_03112",24.281645049812,-2.12985796935049,3.6439532680964,-0.584491021879412,NA,NA
"PHJJKLOP_03113",0,NA,NA,NA,NA,NA
"PHJJKLOP_03114",0,NA,NA,NA,NA,NA
"PHJJKLOP_03116",0,NA,NA,NA,NA,NA
"PHJJKLOP_03117",0,NA,NA,NA,NA,NA
"PHJJKLOP_03118",0,NA,NA,NA,NA,NA
"PHJJKLOP_03119",0,NA,NA,NA,NA,NA
"PHJJKLOP_03120",0,NA,NA,NA,NA,NA
"PHJJKLOP_03121",0,NA,NA,NA,NA,NA
"PHJJKLOP_03122",0,NA,NA,NA,NA,NA
"PHJJKLOP_03123",0,NA,NA,NA,NA,NA
"PHJJKLOP_03124",0,NA,NA,NA,NA,NA
"PHJJKLOP_03125",0,NA,NA,NA,NA,NA
"PHJJKLOP_03126",0,NA,NA,NA,NA,NA
"PHJJKLOP_03127",0,NA,NA,NA,NA,NA
"PHJJKLOP_03128",0,NA,NA,NA,NA,NA
"PHJJKLOP_03129",0,NA,NA,NA,NA,NA
"PHJJKLOP_03130",0,NA,NA,NA,NA,NA
"PHJJKLOP_03131",0,NA,NA,NA,NA,NA
"PHJJKLOP_03134",0,NA,NA,NA,NA,NA
"PHJJKLOP_03135",0,NA,NA,NA,NA,NA
"PHJJKLOP_03136",0,NA,NA,NA,NA,NA
"PHJJKLOP_03137",0,NA,NA,NA,NA,NA
"PHJJKLOP_03138",0,NA,NA,NA,NA,NA
"PHJJKLOP_03139",0,NA,NA,NA,NA,NA
"PHJJKLOP_03140",0,NA,NA,NA,NA,NA
"PHJJKLOP_03141",0,NA,NA,NA,NA,NA
"PHJJKLOP_03142",0,NA,NA,NA,NA,NA
"PHJJKLOP_03143",0,NA,NA,NA,NA,NA
"PHJJKLOP_03144",0,NA,NA,NA,NA,NA
"PHJJKLOP_03145",0,NA,NA,NA,NA,NA
"PHJJKLOP_03146",0,NA,NA,NA,NA,NA
"PHJJKLOP_03147",0,NA,NA,NA,NA,NA
"PHJJKLOP_03148",0,NA,NA,NA,NA,NA
"PHJJKLOP_03149",17.330932134816,3.59972221982782,3.4361955626134,1.04758945008649,NA,NA
"PHJJKLOP_03150",14.4909198263721,-21.9550918096219,3.42936225214422,-6.40209175799215,NA,NA
"PHJJKLOP_03151",0,NA,NA,NA,NA,NA
"PHJJKLOP_03152",0,NA,NA,NA,NA,NA
"PHJJKLOP_03154",0,NA,NA,NA,NA,NA
"PHJJKLOP_03157",0,NA,NA,NA,NA,NA
"PHJJKLOP_03158",0,NA,NA,NA,NA,NA
"PHJJKLOP_03159",0,NA,NA,NA,NA,NA
"PHJJKLOP_03160",0,NA,NA,NA,NA,NA
"PHJJKLOP_03161",17.8883025635422,-3.03335644311641,3.66118917351341,-0.828516719392977,NA,NA
"PHJJKLOP_03164",0,NA,NA,NA,NA,NA
"PHJJKLOP_03165",0,NA,NA,NA,NA,NA
"PHJJKLOP_03167",0,NA,NA,NA,NA,NA
"PHJJKLOP_03168",0,NA,NA,NA,NA,NA
"PHJJKLOP_03169",0,NA,NA,NA,NA,NA
"PHJJKLOP_03170",0,NA,NA,NA,NA,NA
"PHJJKLOP_03171",0,NA,NA,NA,NA,NA
"PHJJKLOP_03172",0.0672884107262436,0,4.08045587181204,0,1,NA
"PHJJKLOP_03173",0,NA,NA,NA,NA,NA
"PHJJKLOP_03176",0,NA,NA,NA,NA,NA
"PHJJKLOP_03177",0,NA,NA,NA,NA,NA
"PHJJKLOP_03178",0,NA,NA,NA,NA,NA
"PHJJKLOP_03179",0,NA,NA,NA,NA,NA
"PHJJKLOP_03180",0,NA,NA,NA,NA,NA
"PHJJKLOP_03181",0,NA,NA,NA,NA,NA
"PHJJKLOP_03182",0,NA,NA,NA,NA,NA
"PHJJKLOP_03183",0,NA,NA,NA,NA,NA
"PHJJKLOP_03184",0,NA,NA,NA,NA,NA
"PHJJKLOP_03185",0,NA,NA,NA,NA,NA
"PHJJKLOP_03186",0,NA,NA,NA,NA,NA
"PHJJKLOP_03187",0,NA,NA,NA,NA,NA
"PHJJKLOP_03188",0,NA,NA,NA,NA,NA
"PHJJKLOP_03189",0,NA,NA,NA,NA,NA
"PHJJKLOP_03190",0,NA,NA,NA,NA,NA
"PHJJKLOP_03191",0,NA,NA,NA,NA,NA
"PHJJKLOP_03192",0,NA,NA,NA,NA,NA
"PHJJKLOP_03193",0,NA,NA,NA,NA,NA
"PHJJKLOP_03194",0,NA,NA,NA,NA,NA
"PHJJKLOP_03195",0,NA,NA,NA,NA,NA
"PHJJKLOP_03196",0,NA,NA,NA,NA,NA
"PHJJKLOP_03197",0,NA,NA,NA,NA,NA
"PHJJKLOP_03198",0,NA,NA,NA,NA,NA
"PHJJKLOP_03199",0,NA,NA,NA,NA,NA
"PHJJKLOP_03200",0,NA,NA,NA,NA,NA
"PHJJKLOP_03201",0,NA,NA,NA,NA,NA
"PHJJKLOP_03202",0,NA,NA,NA,NA,NA
"PHJJKLOP_03203",0,NA,NA,NA,NA,NA
"PHJJKLOP_03204",0,NA,NA,NA,NA,NA
"PHJJKLOP_03205",0,NA,NA,NA,NA,NA
"PHJJKLOP_03206",0,NA,NA,NA,NA,NA
"PHJJKLOP_03207",0,NA,NA,NA,NA,NA
"PHJJKLOP_03208",0,NA,NA,NA,NA,NA
