"","baseMean","log2FoldChange","lfcSE","stat","pvalue","padj"
"PHJJKLOP_00940",35.2895863300194,-21.6776243878137,3.12150847339302,-6.94459892471493,3.79537044098362e-12,1.89768522049181e-09
"PHJJKLOP_01405",50.5725754535463,21.9882544128103,3.29798267683354,6.66718311386694,2.60759674517544e-11,6.5189918629386e-09
"PHJJKLOP_00266",24.823717060534,20.6798962687047,3.13478297305082,6.5969148252004,4.19801775082045e-11,6.99669625136741e-09
"PHJJKLOP_01718",36.607931878295,-22.5581649320835,3.53798305891591,-6.37599574572178,1.81777971306504e-10,1.81777971306504e-08
"PHJJKLOP_02940",32.1279651096678,-22.5091958339251,3.52571195319177,-6.38429801775155,1.72185480191802e-10,1.81777971306504e-08
"PHJJKLOP_02959",49.4159045314849,20.8938894535982,3.60561027013611,5.7948274739104,6.83914507622679e-09,5.69928756352233e-07
"PHJJKLOP_02385",46.7996037901682,19.6319615216089,3.55896496730263,5.51619971030178,3.46408594840691e-08,2.47434710600494e-06
"PHJJKLOP_02579",58.3602347293277,8.95456840019441,2.42500840986257,3.69259271999882,0.000221979369262006,0.0138737105788754
"PHJJKLOP_00928",85.3292823754852,-9.85809244715416,2.84588781570419,-3.46397788161403,0.000532250272569439,0.029569459587191
"PHJJKLOP_01164",51.0111639851813,9.71143267543633,2.93718674647411,3.30637222406584,0.000945124450638204,0.0472562225319102
"PHJJKLOP_01893",37.2437703127786,9.04114810801631,2.85191457279636,3.1702029907408,0.00152332477811264,0.0692420353687565
"PHJJKLOP_01709",52.3769512774327,-8.31658724881656,2.68926622552725,-3.09251169329137,0.00198470414372964,0.0763347747588321
"PHJJKLOP_01902",22.4316684032015,-7.51459254197829,2.42820704801661,-3.09470831497516,0.00197006535449722,0.0763347747588321
"PHJJKLOP_00069",34.8834325727356,8.19569760831936,2.80443406522869,2.92240695188212,0.0034733738609155,0.0961201032687351
"PHJJKLOP_01322",22.0673944721252,-8.71495160545846,2.97085426505232,-2.93348337815722,0.00335181601053587,0.0961201032687351
"PHJJKLOP_01511",40.0784628589671,-8.79451252297555,2.94675183892989,-2.98447680825721,0.00284063734484122,0.0961201032687351
"PHJJKLOP_01985",56.7675343143748,-9.35183954160778,3.20823408997052,-2.91494924601768,0.0035574639126733,0.0961201032687351
"PHJJKLOP_02036",38.0770785227942,-9.19241181909657,3.09840552713461,-2.96682010750144,0.00300896954975773,0.0961201032687351
"PHJJKLOP_02863",27.0711630744339,8.16626278071907,2.80945612523329,2.90670593050851,0.00365256392421193,0.0961201032687351
"PHJJKLOP_00670",34.1884768295176,8.90539689743695,3.11031826896448,2.86317866126345,0.00419413996619889,0.098913969703646
"PHJJKLOP_01796",59.6856824498017,8.0974683151375,2.81643091480776,2.87508146305453,0.00403923268110683,0.098913969703646
"PHJJKLOP_01809",41.5904641991824,-8.99935949168723,3.15607896731876,-2.85143673047339,0.00435221466696043,0.098913969703646
"PHJJKLOP_02860",32.8796915211115,-9.27119746221154,3.29438967352578,-2.81423825988659,0.0048892975354115,0.106289076856772
"PHJJKLOP_02377",15.8533669011847,-7.72698927481187,2.796648768602,-2.76294590924782,0.005728225843839,0.119338038413312
"PHJJKLOP_03153",24.9511555771299,-8.43217363367625,3.11978435493738,-2.70280656428431,0.00687567470262986,0.137513494052597
"PHJJKLOP_00966",18.0781104376005,-8.41957315672207,3.22077458131308,-2.61414543121781,0.00894509519667153,0.144275728978573
"PHJJKLOP_00980",11.9633923952486,7.23471024132736,2.75283777523355,2.62809174823735,0.00858653533341787,0.144275728978573
"PHJJKLOP_00989",22.2726004302062,-8.28730129503986,3.11533064555558,-2.66016748715349,0.00781018026795546,0.144275728978573
"PHJJKLOP_01109",28.3937060692851,8.12024856510364,3.10586356063655,2.61448978893309,0.00893608315740146,0.144275728978573
"PHJJKLOP_02339",34.6279729104499,9.18615174845761,3.48170063768741,2.63840941665771,0.00832959503958353,0.144275728978573
"PHJJKLOP_02581",15.8297352356834,7.37919833226415,2.78632365882693,2.64836366331213,0.00808824659779109,0.144275728978573
"PHJJKLOP_02536",25.2484635489016,-8.90935443383333,3.44765827549037,-2.58417561194232,0.00976120789120927,0.152518873300145
"PHJJKLOP_01406",39.897546130058,8.1664738516091,3.18011081447265,2.56798405088388,0.0102291862380912,0.154987670274109
"PHJJKLOP_02656",23.257472942119,-8.79056140489939,3.45623133230362,-2.54339497554418,0.0109781054230566,0.161442726809655
"PHJJKLOP_02846",50.0516656345836,-6.87838558829557,2.71905021617807,-2.52970156541056,0.0114159581097928,0.163085115854182
"PHJJKLOP_02190",25.6574902079536,8.75319863822259,3.50367221496302,2.49829267727745,0.0124793114710909,0.173323770431819
"PHJJKLOP_02126",19.7134349176427,-8.55236292077911,3.4516914606803,-2.47773099600667,0.0132220790002156,0.178676743246156
"PHJJKLOP_00536",20.31220524135,-7.9825692987735,3.27811844986156,-2.43510703498545,0.0148873852239319,0.190863913127332
"PHJJKLOP_01314",19.1650973909709,-8.51128902429673,3.48342368184604,-2.44336888121119,0.0145508559392455,0.190863913127332
"PHJJKLOP_00216",130.444959467872,7.3624868627731,3.05834807889804,2.40734104583213,0.0160691557514681,0.198127158639201
"PHJJKLOP_02375",18.9058485213147,-7.67776576644668,3.19463376031141,-2.40333206949464,0.0162464270084145,0.198127158639201
"PHJJKLOP_00077",26.4499694845888,8.301361840505,3.47177916444282,2.39109731561433,0.016798099727644,0.199977377710048
"PHJJKLOP_00174",20.7751114615439,7.99582894977602,3.46199726163426,2.3096000214632,0.0209103084219206,0.215805416768642
"PHJJKLOP_00268",13.5139377365796,-8.00726921679198,3.46776593554728,-2.30905700258235,0.0209404183123378,0.215805416768642
"PHJJKLOP_00387",42.5750428242665,-5.99907709379721,2.58197725506193,-2.32344304429332,0.0201553640090272,0.215805416768642
"PHJJKLOP_00572",12.2752067317992,7.21605181285552,3.09044894344488,2.33495260556283,0.0195458967669308,0.215805416768642
"PHJJKLOP_00810",29.7124849812505,7.45553494111028,3.20072050206818,2.32933020433768,0.0198415794443487,0.215805416768642
"PHJJKLOP_01046",26.3447002002473,6.83656184478631,2.96556499326011,2.30531512892952,0.0211489308433269,0.215805416768642
"PHJJKLOP_01073",14.9577124135143,7.97714579825683,3.45442310039242,2.30925557362983,0.0209294033536364,0.215805416768642
"PHJJKLOP_00348",17.9294553655457,-5.82912518581493,2.5544987952069,-2.28190563125429,0.0224949123125655,0.224949123125655
"PHJJKLOP_00953",19.6529908805744,7.10174371409838,3.12476147492268,2.27273146161472,0.0230423675022858,0.2259055637479
"PHJJKLOP_00491",37.4692218954666,7.21369572110103,3.20337012015943,2.25190828737018,0.0243280683173128,0.229468303098734
"PHJJKLOP_00589",12.0195642565144,-7.8388674140084,3.52416747148052,-2.22431750972245,0.0261270894546994,0.229468303098734
"PHJJKLOP_00597",16.6799093777367,6.93596995734226,3.10472098328854,2.23400749847596,0.0254825796821106,0.229468303098734
"PHJJKLOP_01136",10.8100988950369,6.97193715152366,3.13509304819255,2.22383739313356,0.0261593865532557,0.229468303098734
"PHJJKLOP_01491",14.8697894649124,7.71732997321213,3.42973760507077,2.25012256383761,0.0244411661157201,0.229468303098734
"PHJJKLOP_02358",14.4494672737966,-7.72368553073898,3.46302079559539,-2.23033183645987,0.0257254211203854,0.229468303098734
"PHJJKLOP_01031",20.0758490781993,7.66431416338566,3.49695967626252,2.19170790427218,0.028400604635365,0.241716310554163
"PHJJKLOP_02560",30.0446354786681,-6.57047756070527,3.00018572101335,-2.19002360910044,0.0285225246453912,0.241716310554163
"PHJJKLOP_02255",32.2545053408892,5.86565798067178,2.71092832769827,2.16370824737077,0.0304867476487731,0.254056230406443
"PHJJKLOP_01336",12.9548887281455,7.40205911111769,3.4334542645963,2.15586361159467,0.0310943165885299,0.254871447446967
"PHJJKLOP_02361",12.7480065402752,-5.56364632519213,2.61328184618614,-2.12898824262365,0.0332552331615261,0.268187364205856
"PHJJKLOP_00938",16.1034440854023,7.29079621648565,3.47785939803939,2.09634587890349,0.0360515196592082,0.281652497337564
"PHJJKLOP_01006",11.0319709548332,-7.27093612983891,3.46202582563211,-2.10019696444967,0.0357115182990187,0.281652497337564
"PHJJKLOP_02676",26.5683508748303,5.84521546961022,2.79893805489622,2.08836900101633,0.0367645615322104,0.282804319478542
"PHJJKLOP_01324",742.400310839437,-4.92646921148429,2.41586862942729,-2.03921237747607,0.0414288361220055,0.313854819106102
"PHJJKLOP_00371",17.1704954862616,-7.06548989071394,3.49105802146513,-2.0238821146114,0.0429822826092221,0.319996115562258
"PHJJKLOP_01624",58.3306688130358,-6.40789079410659,3.17428206240251,-2.0186897913088,0.0435194717164671,0.319996115562258
"PHJJKLOP_01320",225.810346806315,-5.2387926323879,2.60749105289647,-2.00913158515674,0.0445231807962389,0.322631744900282
"PHJJKLOP_01471",11.6570244488152,6.85064541663527,3.46647769695886,1.97625544299487,0.0481258533229489,0.343756095163921
"PHJJKLOP_00330",13.3624440527696,6.84900632587715,3.52158137926531,1.94486669148223,0.0517910248282137,0.359659894640373
"PHJJKLOP_01162",22.81416497926,-6.88324769158934,3.53093907381197,-1.94940992968146,0.0512464896513338,0.359659894640373
"PHJJKLOP_00977",31.5336131248405,-4.63104348048427,2.41980544398474,-1.91380819147933,0.0556446684620239,0.374662239918271
"PHJJKLOP_02231",39.0402006339283,4.89946530051539,2.56585463703841,1.90948669881412,0.0561993359877406,0.374662239918271
"PHJJKLOP_03163",14.4576742785326,-6.6650564068415,3.48488858401953,-1.91255939641947,0.0558044818994435,0.374662239918271
"PHJJKLOP_01350",142.341217977301,4.60800489683225,2.65889301465031,1.73305389552813,0.0830860898719277,0.546619012315314
"PHJJKLOP_01673",13.708950264341,4.62393351199109,2.81750196035468,1.64114651100687,0.100767005894915,0.654331207109836
"PHJJKLOP_00433",6164.18098708986,2.59831808251735,1.67028881169006,1.55561006236298,0.119800844512772,0.767954131492127
"PHJJKLOP_00950",17.5443141925979,5.27607106703238,3.46062981190341,1.52459851350886,0.127359268400706,0.802418667314181
"PHJJKLOP_02391",41.4389991414009,4.19773740546267,2.76077297092984,1.52049351745459,0.128386986770269,0.802418667314181
"PHJJKLOP_01563",103.425250652006,3.35329015690752,2.2454417933823,1.49337656704807,0.135338643295904,0.825235629853072
"PHJJKLOP_01921",70.4653334471152,3.42851225892753,2.28975649616655,1.49732614130256,0.134308416051056,0.825235629853072
"PHJJKLOP_02631",21.0573295940581,3.65331228385109,2.48787016110936,1.46844973703212,0.141982099805484,0.855313854249906
"PHJJKLOP_01468",25.3343825994474,-4.23700819510861,2.90275367228414,-1.45965130819198,0.144385930370623,0.859440061729901
"PHJJKLOP_00883",104.310804321613,3.95217931376024,2.78884922592393,1.41713624279954,0.156443098038455,0.920253517873264
"PHJJKLOP_00800",74.9945512079402,-4.02888456683894,2.87157619502612,-1.40302199670599,0.160610279660808,0.933780695702375
"PHJJKLOP_02131",15.6188840499654,-3.18203742306101,2.28781360091775,-1.39086393305142,0.164266691551168,0.944061445696369
"PHJJKLOP_00051",43.6055422470277,-1.48061010394831,2.38181722840414,-0.621630445145597,0.534184897002446,1
"PHJJKLOP_00078",200.981725550745,1.33305600967489,1.72318934207286,0.773598105052887,0.439168493042555,1
"PHJJKLOP_00084",15.6777095882811,0.0618382134450665,3.24213155656216,0.0190733202420193,0.984782614920576,1
"PHJJKLOP_00136",35.3915841058408,-2.01451569998646,2.40649352849115,-0.83711660810056,0.402527025846593,1
"PHJJKLOP_00137",27.0505085740925,0.242992340919555,2.84199430699939,0.0855006430945701,0.931863384229589,1
"PHJJKLOP_00155",270.241635211323,0.723381757918869,1.69443403994092,0.426916445767397,0.669440186583207,1
"PHJJKLOP_00156",37.8388190577427,1.89893247107417,2.21117572616458,0.858788584102263,0.390457166964365,1
"PHJJKLOP_00161",37.0967791837337,-1.84187712574449,2.31943048986854,-0.794107490519746,0.427132857300522,1
"PHJJKLOP_00165",78.3671182952339,0.78902371424999,2.13754036934031,0.369126929983316,0.712033116933242,1
"PHJJKLOP_00169",108.714050364582,-0.849844342958547,2.07170670282154,-0.410214603158405,0.681648529464942,1
"PHJJKLOP_00172",468.670168014601,-0.0995063085010408,1.72530714876735,-0.0576745471507108,0.954007868369977,1
"PHJJKLOP_00173",311.705460025374,1.20925044093688,1.68166534859894,0.719079121148776,0.472092170915679,1
"PHJJKLOP_00191",2026.78101084926,0.437826758355746,1.70613348034815,0.256619287645891,0.797472684118849,1
"PHJJKLOP_00203",27.4148382024118,-2.17225164085901,2.93953978520309,-0.738976778539819,0.459921098188318,1
"PHJJKLOP_00211",37.6751712373888,1.77890872018501,2.78976424221781,0.637655574354489,0.523697910632648,1
"PHJJKLOP_00213",20.1727489162321,-0.222481532147016,3.23743371986933,-0.0687215712808465,0.945211247394642,1
"PHJJKLOP_00214",215.146004878567,1.65904000569975,1.89279934231107,0.876500730222198,0.38075787959019,1
"PHJJKLOP_00245",38.6359489072498,-1.06913264256832,2.68158451495674,-0.398694367678941,0.690118418458342,1
"PHJJKLOP_00258",36.7986145243998,0.607676014618456,2.685004239083,0.226322180715065,0.820950848194034,1
"PHJJKLOP_00274",20.4066570726102,-2.03393850360278,2.69812612860065,-0.753833737438234,0.450949063008133,1
"PHJJKLOP_00278",34.1823486052236,-2.1612306994681,2.97054490374718,-0.727553620462637,0.466886880438106,1
"PHJJKLOP_00295",312.564515724378,0.417530008164571,1.64870912692355,0.253246616608274,0.800077645427466,1
"PHJJKLOP_00299",48.0530843753455,-0.543676708305404,3.02066511868856,-0.179985760401485,0.857163747193973,1
"PHJJKLOP_00306",15.1675103530459,-1.70032076584301,2.49849006933447,-0.680539333220536,0.496163025392648,1
"PHJJKLOP_00314",155.162925147231,0.170526594966153,1.81471907472172,0.0939685912500269,0.925134106857574,1
"PHJJKLOP_00315",18.727231290135,1.12917646156441,3.24491784215526,0.347983066595737,0.727852900598214,1
"PHJJKLOP_00327",217.159307487568,-0.450686329274476,1.8805924945827,-0.239651243197417,0.810600635776997,1
"PHJJKLOP_00329",99.5981376033796,-0.341976134210846,2.17175924744026,-0.157465029613165,0.874878366362736,1
"PHJJKLOP_00333",250.946875461664,-0.552322295050492,1.74684609001328,-0.316182575103852,0.751863932895607,1
"PHJJKLOP_00334",64.5606970874049,-2.69011915207874,3.03196777159934,-0.887251895378733,0.374943298193539,1
"PHJJKLOP_00335",261.562296525155,-0.448740497263823,1.67464980542162,-0.267960797422267,0.788729494657864,1
"PHJJKLOP_00339",46.1295812427665,0.32682907622924,2.76066691477428,0.11838772525586,0.905760451207581,1
"PHJJKLOP_00341",137.964037571698,-1.68535074140594,2.7545555788042,-0.611841254674404,0.540642791805009,1
"PHJJKLOP_00345",23.0678457887085,-2.55545604817343,2.32846056579288,-1.09748736384687,0.2724284015578,1
"PHJJKLOP_00351",44.1084235029531,-0.738318317169344,2.37572614227544,-0.310775852498803,0.755971028226172,1
"PHJJKLOP_00353",184.282971348509,0.48193048933783,1.70841390356568,0.282092347956183,0.777872700515978,1
"PHJJKLOP_00356",50.5551061338623,-2.13281115985322,3.02898554112965,-0.704133820017441,0.481349440221001,1
"PHJJKLOP_00358",117.762200924036,-0.0838372863186894,2.06976561035568,-0.0405056910305328,0.96768996998056,1
"PHJJKLOP_00359",13.2577710224215,1.51632914505376,3.22663178794253,0.469941798354577,0.638396600337259,1
"PHJJKLOP_00364",172.911748685849,-0.231798698175255,2.17449170045057,-0.106599026396479,0.915107091007914,1
"PHJJKLOP_00365",626.104536478692,-0.12974108828348,1.66982676408299,-0.0776973342828946,0.938068814631607,1
"PHJJKLOP_00370",127.846225420631,-1.29582531753843,1.7994180760672,-0.72013576765361,0.471441407157733,1
"PHJJKLOP_00374",23.1084716236363,0.305823462675627,3.03866007018116,0.100644183821915,0.919832921135103,1
"PHJJKLOP_00384",17.0200843156191,2.46728328115523,3.11375417244496,0.792382167799035,0.428137873880968,1
"PHJJKLOP_00430",31.0777976570907,-0.965758023846465,2.91124483898847,-0.331733700619293,0.740090350904993,1
"PHJJKLOP_00434",18.1928710116596,1.85213075109837,2.77535597448678,0.667348897988072,0.504549299365261,1
"PHJJKLOP_00435",31.5538611998069,-2.41688837202808,2.94911115680877,-0.819531120910138,0.412483453730046,1
"PHJJKLOP_00452",130.302605729427,-0.787216351336985,1.75050957173304,-0.449706967644642,0.652921746634361,1
"PHJJKLOP_00454",51.8026170285063,-0.42672965494723,2.15542409107568,-0.197979440201147,0.843061149682398,1
"PHJJKLOP_00463",116.925043950436,-0.0604148194153552,1.91893122791892,-0.0314835771789878,0.974883889165515,1
"PHJJKLOP_00464",295.652912244235,-0.00507741572872376,1.67140877855889,-0.00303780606746697,0.99757618516799,1
"PHJJKLOP_00472",66.9707579623433,-1.34362731311496,2.32635998943227,-0.577566378040599,0.563556911984788,1
"PHJJKLOP_00484",375.165198930973,0.157366325956385,1.71490615129097,0.0917638121700836,0.926885696415057,1
"PHJJKLOP_00490",11.2860705495969,0.821721965843617,2.83591779271333,0.289755213622542,0.772003512959608,1
"PHJJKLOP_00501",133.013761815812,0.483803074939449,1.80594371676958,0.26789487980548,0.78878023502124,1
"PHJJKLOP_00505",34.873630513196,0.217445987873771,2.24386597945005,0.0969068517751071,0.922800367490567,1
"PHJJKLOP_00509",43.2835310348294,1.93946239846419,3.08686212529825,0.628295764352221,0.529810205850153,1
"PHJJKLOP_00511",69.3894176115716,1.92682605601258,2.04323431929123,0.943027453004494,0.345666861007618,1
"PHJJKLOP_00513",32.0913476857921,1.43210284708772,3.08150919089082,0.464740735260868,0.642117133131772,1
"PHJJKLOP_00520",50.1138941804517,-0.625812281543638,2.35910871511633,-0.265274880099275,0.790797714275457,1
"PHJJKLOP_00522",131.705850348437,0.332282776356938,1.77378700927894,0.18732958050697,0.851402231602483,1
"PHJJKLOP_00524",133.599530798102,-2.05782440488875,2.42965872977188,-0.846960266342412,0.397017268837419,1
"PHJJKLOP_00528",36.2271737868114,0.763803805670319,2.83498707625026,0.269420559997959,0.787606066317994,1
"PHJJKLOP_00541",188.21302535675,-0.453575458562211,1.72288514839032,-0.263265058025478,0.792346289626914,1
"PHJJKLOP_00542",292.58716156047,-0.265023640630759,1.67317529150837,-0.158395621771249,0.874145063549917,1
"PHJJKLOP_00546",54.9525129452038,-1.83664759563054,2.21284881434335,-0.829992353623831,0.406543106846556,1
"PHJJKLOP_00550",329.570107161705,-1.21385179449102,1.69634349774168,-0.715569574267834,0.474257166287467,1
"PHJJKLOP_00557",206.18136124509,0.0197977285400294,2.21588525441731,0.00893445565403859,0.992871430613669,1
"PHJJKLOP_00561",70.4736348541446,-1.53670849265595,2.68108957428703,-0.573165666449095,0.56653252874233,1
"PHJJKLOP_00585",54.6767639873088,-1.51436131840129,2.37112406453809,-0.638668107270166,0.523038864416833,1
"PHJJKLOP_00587",565.014640922986,-0.771553532179378,1.64887452922804,-0.46792737622104,0.639836525387492,1
"PHJJKLOP_00591",128.78276109649,-0.246124751904846,1.76558290549611,-0.139401413062327,0.889132955800968,1
"PHJJKLOP_00593",44.6642244723004,2.10024318077338,3.30544647854334,0.635388651550313,0.525174967698045,1
"PHJJKLOP_00594",73.7567370034989,0.0122555835480968,3.41478241673936,0.00358897934111983,0.997136414942213,1
"PHJJKLOP_00608",15.2352074810952,-0.835759785122352,3.26656521158763,-0.255852778373328,0.798064518579021,1
"PHJJKLOP_00610",272.089077890023,-0.228157808366514,1.75759562453934,-0.129812458099578,0.896714806181986,1
"PHJJKLOP_00615",41.027529889786,0.643138323697564,2.7104930490546,0.237277245157255,0.812441713830422,1
"PHJJKLOP_00660",40.0225016189554,0.277465649097512,2.95118138565527,0.0940185006744018,0.925094460419729,1
"PHJJKLOP_00661",21.8576812355101,1.13502406994644,3.0544584594336,0.371595844245631,0.710193783698055,1
"PHJJKLOP_00668",23.8203758073789,0.321112762407677,3.32069388428359,0.0967005010390936,0.922964241925304,1
"PHJJKLOP_00674",28.0550562445202,-1.9154220227198,2.95182074774876,-0.648895101161078,0.516406181383533,1
"PHJJKLOP_00678",28.2652840885281,-0.146511377064885,2.07597606634291,-0.0705746946895123,0.943736250892703,1
"PHJJKLOP_00680",82.2331666023991,0.141957196150677,1.76827295432032,0.0802801376359011,0.936014455089753,1
"PHJJKLOP_00686",951.969498186535,-0.134586330636517,1.66440503375635,-0.0808615258347141,0.935552077665151,1
"PHJJKLOP_00687",118.486477828678,-0.819578990312978,2.15719536426344,-0.37992803243058,0.703998837967277,1
"PHJJKLOP_00733",102.523067465832,2.83695544020877,2.72943906335021,1.03939138202506,0.298622750416953,1
"PHJJKLOP_00753",256.989689375631,0.289182717899466,1.78242686078294,0.162241000885972,0.871116073448507,1
"PHJJKLOP_00756",135.847533753434,-0.0819967387245376,2.11878713704932,-0.0386998473280938,0.969129695134104,1
"PHJJKLOP_00760",39.7380904314356,-1.72433404688655,2.97169283284077,-0.580253123011434,0.561743934322842,1
"PHJJKLOP_00763",22.2020278127778,-2.41019982079876,2.50886796243135,-0.960672246164376,0.33671699022244,1
"PHJJKLOP_00768",28.7836895177315,-1.40188836423865,2.72230259475663,-0.514964194993898,0.606578040444154,1
"PHJJKLOP_00769",474.332104273528,0.00145584644955239,1.78968248849242,0.000813466332108304,0.99935094784446,1
"PHJJKLOP_00771",11.3365261435986,-1.90466474967636,2.90704055597856,-0.655190291638438,0.512345244182145,1
"PHJJKLOP_00772",38.6849283464549,-0.708583607329356,2.72820881157541,-0.259724843759368,0.795076027557982,1
"PHJJKLOP_00781",755.273262257293,-1.42473646705772,1.66492135156012,-0.855737999709518,0.392142716332522,1
"PHJJKLOP_00783",23.7694204559887,-1.21953640567202,2.91901137336719,-0.417790905783706,0.676100000586926,1
"PHJJKLOP_00788",188.830787237463,-0.130210429462247,2.19665254563034,-0.0592767525848664,0.952731677298278,1
"PHJJKLOP_00814",89.6182445450688,-0.796669983572772,2.23925532995276,-0.355774517053211,0.722009434525516,1
"PHJJKLOP_00818",34.4357071698565,-2.52287964873676,2.73307806146066,-0.923090958985799,0.355959805768019,1
"PHJJKLOP_00819",44.0539547408374,-0.264573793280149,2.72237880451143,-0.0971847829705794,0.922579652268291,1
"PHJJKLOP_00827",11.3253736614372,-0.910387513560241,2.13465362050708,-0.426480204944904,0.66975796913404,1
"PHJJKLOP_00829",101.565820961035,-0.458250973749275,2.1601831374143,-0.212135242522906,0.832001525777818,1
"PHJJKLOP_00839",80.1558788683776,-2.22109247506819,1.97254222972989,-1.1260050312699,0.260163389711587,1
"PHJJKLOP_00846",82.8235752387659,-0.819969896733323,2.13583491330301,-0.383910709402752,0.701044628535806,1
"PHJJKLOP_00848",143.662133969864,-1.22196571637562,2.05386905982191,-0.594957945606123,0.551871582309952,1
"PHJJKLOP_00851",11.1198528310698,-1.09479123506997,3.13820627614786,-0.348858914530571,0.727195231107467,1
"PHJJKLOP_00856",54.3019978638059,-3.36374944838355,2.65745406582733,-1.26577896176592,0.205592229204263,1
"PHJJKLOP_00859",91.5047839348391,0.82893869786598,2.46406762906453,0.336410692664584,0.736561187315827,1
"PHJJKLOP_00860",95.3920502626266,0.918583745169575,2.4564857563152,0.373942223278948,0.708447301876816,1
"PHJJKLOP_00863",327.418424085498,-0.0366432028500029,1.69533092523038,-0.0216141888905988,0.982755715078218,1
"PHJJKLOP_00865",73.7892080981685,-0.0786356232741538,2.42882250727966,-0.0323760270824513,0.974172180080413,1
"PHJJKLOP_00875",111.287294509721,-0.0168597388419535,1.68911695681902,-0.00998139221436987,0.992036133494658,1
"PHJJKLOP_00880",21.3738836802784,-0.131849507382859,2.65063284142942,-0.0497426521402925,0.960327467017414,1
"PHJJKLOP_00881",14.1169162390248,1.38233042774818,2.90011804825647,0.476646262237232,0.63361403477928,1
"PHJJKLOP_00885",25.2044377630626,-1.36086573473048,2.408490571665,-0.565028466683889,0.572054401983622,1
"PHJJKLOP_00897",41.4712959251365,0.860960963710324,2.74383783603702,0.313779827802735,0.753688266265456,1
"PHJJKLOP_00902",73.6310677220783,-1.09659980382386,2.69693203693423,-0.406610099478233,0.684294378361779,1
"PHJJKLOP_00910",10.7352500654969,-0.908603805589245,3.23364064356727,-0.280984780234236,0.778722073377582,1
"PHJJKLOP_00913",68.176077843973,-0.831598745902465,2.74152155110227,-0.303334746928438,0.761634768587739,1
"PHJJKLOP_00925",27.3971382200858,-3.40142775023039,3.23102319287228,-1.05274012199418,0.292460114686222,1
"PHJJKLOP_00926",1730.47329906004,0.592551880471105,1.63840499423498,0.361663863669913,0.717603234173309,1
"PHJJKLOP_00929",54.5434861567404,-0.917674249925844,2.21508695522344,-0.414283623386368,0.678666405909382,1
"PHJJKLOP_00932",139.17064455274,-0.169498573977097,2.10340346150103,-0.0805830061038977,0.935773581412108,1
"PHJJKLOP_00944",74.6310300079076,0.120926372516595,1.70345454111204,0.0709889049564262,0.943406585774911,1
"PHJJKLOP_00956",52.8931570618754,-0.244469901446697,2.74183666910987,-0.0891628243946653,0.928952509499749,1
"PHJJKLOP_00957",39.3347204536128,-0.886830627386219,2.4128099976264,-0.367550958533262,0.713208088142814,1
"PHJJKLOP_00958",16.1911630467088,-0.484020437629359,2.96997544598997,-0.162971191658462,0.870541117120493,1
"PHJJKLOP_00965",383.030172904027,0.00729940580491346,2.32432652077354,0.00314043906468193,0.99749429627484,1
"PHJJKLOP_00970",84.3555990475728,-1.06231543412699,2.38550869593352,-0.445320294131759,0.656088303955388,1
"PHJJKLOP_00973",71.0174471724576,-1.77983424002433,2.17101902714692,-0.819815127259999,0.412321506065018,1
"PHJJKLOP_00975",34.2366759528625,-0.1441758578564,2.76838107307227,-0.0520794840200225,0.958465360158633,1
"PHJJKLOP_00985",28.2970831489628,-2.46935632448272,2.73127809657525,-0.904102854842589,0.365940864744631,1
"PHJJKLOP_00987",855.110023116314,-0.207165831265988,1.70555935462832,-0.121465037674478,0.903322705517684,1
"PHJJKLOP_00990",38.3921068966275,0.433746719568441,2.76229733191167,0.157023907078194,0.875226006696608,1
"PHJJKLOP_00991",25.6884076892588,-0.9109152314023,2.74440603329503,-0.331917077994696,0.739951874383439,1
"PHJJKLOP_01000",33.5855257474931,1.79335184151806,2.34238878527136,0.765608106047308,0.443909519801808,1
"PHJJKLOP_01008",892.237754172338,-0.0547332350047526,1.6516574769719,-0.0331383690431377,0.973564245469417,1
"PHJJKLOP_01009",42.2629329341786,-0.870910445037822,3.38218401939759,-0.257499426418833,0.796793258031746,1
"PHJJKLOP_01017",24.525574668774,-0.278576589387995,2.61991723629787,-0.106330301403583,0.915320290819272,1
"PHJJKLOP_01022",39.5717581749938,0.693638059332475,2.83134202772628,0.244985611960666,0.806467571948663,1
"PHJJKLOP_01027",16.4310817864283,-2.46185903053924,2.89674979995656,-0.849869405557966,0.39539769683738,1
"PHJJKLOP_01036",51.2519434129175,1.0203499501793,2.74585483589257,0.371596464912036,0.710193321515227,1
"PHJJKLOP_01040",16.9288539661242,1.85014319048181,2.89882572879284,0.638238846890691,0.523318213138999,1
"PHJJKLOP_01049",37.4210035168775,-0.377791319011236,2.24657855811998,-0.168162968370617,0.866455072983313,1
"PHJJKLOP_01062",57.2011824135172,-2.56061479910543,2.6675005979127,-0.959930356195267,0.337090267044099,1
"PHJJKLOP_01070",40.5554028587951,-1.26102635607211,2.50296676714754,-0.503812664484242,0.6143930272696,1
"PHJJKLOP_01075",25.992177361927,-0.210667061655117,2.88866283574907,-0.0729289202768754,0.941862680160797,1
"PHJJKLOP_01078",11.6744582907739,0.863442784936954,2.76261686237144,0.312545252545723,0.75462617764857,1
"PHJJKLOP_01085",51.6381578806905,2.15179283917855,3.01802601061777,0.712980216740441,0.475857999070707,1
"PHJJKLOP_01087",32.0661810683383,-1.32568124516335,2.91624913285211,-0.454584359830338,0.649408288777239,1
"PHJJKLOP_01095",37.1865675595351,-0.336501598239516,2.20854877924669,-0.152363217603141,0.878900466420786,1
"PHJJKLOP_01102",200.108726048774,-1.253606592134,1.79365717986821,-0.698910921331191,0.484607701827075,1
"PHJJKLOP_01103",107.747963346914,0.333479925241883,2.15004077867595,0.155104000142383,0.876739328693983,1
"PHJJKLOP_01105",24.1324902650681,-1.3676127427142,3.29667719412378,-0.414845816615567,0.678254776975374,1
"PHJJKLOP_01111",137.163953792363,-1.02776822088342,2.04275092335702,-0.503129485407061,0.614873237548231,1
"PHJJKLOP_01116",72.1067232737989,-0.111309652524859,2.46939804535386,-0.0450756218643189,0.96404703260116,1
"PHJJKLOP_01123",42.3089544472351,-0.582926264800711,3.0595316109511,-0.190527943138165,0.848895448750061,1
"PHJJKLOP_01137",22.5563606236472,0.296902127964749,2.47271562868312,0.120071278929421,0.90442668385344,1
"PHJJKLOP_01154",512.806900782836,0.485924980537939,1.67021279939175,0.290935969784749,0.771100290715622,1
"PHJJKLOP_01158",762.753805670368,-1.25561974914064,1.64344354655884,-0.764017572596117,0.444856770708278,1
"PHJJKLOP_01159",20.0515076556885,-1.30435566111802,3.2658060659245,-0.399397770347631,0.689600136579738,1
"PHJJKLOP_01163",20.7223804887362,-0.206637287569046,2.87276363449144,-0.0719297909121669,0.942657781728548,1
"PHJJKLOP_01170",213.478744688966,-0.692133402571998,1.76936513735617,-0.391176127504241,0.695667052761057,1
"PHJJKLOP_01171",25.4806420838574,0,3.2273645440119,0,1,1
"PHJJKLOP_01177",27.3960403280971,-2.63508198518856,2.94014552785872,-0.89624202619238,0.370123514568092,1
"PHJJKLOP_01179",190.568147824153,0.905349305586981,2.52586696723095,0.35843111190432,0.720020712265139,1
"PHJJKLOP_01184",25.9207070554153,-2.554808824226,2.93425905598473,-0.870682777314837,0.383927384839523,1
"PHJJKLOP_01185",22.5050732065987,1.82809570370906,3.26949432942723,0.559137138503408,0.576068130401602,1
"PHJJKLOP_01188",33.081882438333,0.724742358223213,2.6907203095571,0.269348826650254,0.787661261757412,1
"PHJJKLOP_01194",97.7997825956731,-0.380514181908727,2.36039078462827,-0.161208128919489,0.871929478907416,1
"PHJJKLOP_01195",123.753465071698,-0.684069288682614,2.08254840036351,-0.32847701813951,0.742551018055177,1
"PHJJKLOP_01199",45.7489815443298,-0.91500666180339,2.9578376385781,-0.309349860813609,0.757055406251796,1
"PHJJKLOP_01202",118.53149020726,-0.997533109622815,1.66498211531444,-0.599125420295835,0.549089251329834,1
"PHJJKLOP_01205",12.0952392712003,2.1049221035412,3.24371300746535,0.648923655914307,0.516387723522229,1
"PHJJKLOP_01207",37.2705750670507,-1.46339337756816,3.00889204803756,-0.486356224884373,0.626714621739049,1
"PHJJKLOP_01214",75.1040454810448,1.85184338791108,2.07135161010253,0.894026576115397,0.371307671979019,1
"PHJJKLOP_01216",121.480661736912,-1.24035918042742,2.25105272841086,-0.551012939311758,0.581624804566471,1
"PHJJKLOP_01220",42.9658694529277,2.20578535392863,3.32128079647853,0.664136966759141,0.506602652160847,1
"PHJJKLOP_01221",115.264308853228,-0.913763749880687,1.68757776155235,-0.541464678368446,0.588187337206863,1
"PHJJKLOP_01228",126.374645657685,-0.827175584605368,2.46601438295735,-0.335430154147513,0.737300624455223,1
"PHJJKLOP_01232",27.2633192031065,-2.64396000197408,2.66668320712028,-0.991478850924052,0.321451814371068,1
"PHJJKLOP_01241",124.84799035333,-1.32588419436422,1.77542806551294,-0.746796910626262,0.455186160726839,1
"PHJJKLOP_01248",14.888679516801,-1.14678367520081,2.63454383291764,-0.435287377219606,0.663353846045598,1
"PHJJKLOP_01253",87.0966354268032,-0.50817556535131,1.73884708453319,-0.292248565081693,0.770096581978714,1
"PHJJKLOP_01256",64.5392239605399,1.59671084197739,2.15968409123743,0.739326111840054,0.45970899716271,1
"PHJJKLOP_01261",16.7304568170678,-1.10928131477586,3.19538030601753,-0.347151577759576,0.728477446590047,1
"PHJJKLOP_01271",249.183062052566,-0.0927533236058257,1.70162417086149,-0.054508701271484,0.956529876285724,1
"PHJJKLOP_01277",60.9082645609949,1.35626184803553,2.48500555342037,0.545778196016009,0.585218412907397,1
"PHJJKLOP_01281",116.316321036028,0.878232678942934,2.11515279121341,0.415210041842468,0.677988148294197,1
"PHJJKLOP_01284",12.6025159676095,0,3.65570831946288,0,1,1
"PHJJKLOP_01286",364.651024070623,0.878679846004366,2.10342083630328,0.417738490956773,0.676138326815604,1
"PHJJKLOP_01293",18.1135377773779,-0.296610440743553,2.78657862185566,-0.106442516431147,0.915231261429937,1
"PHJJKLOP_01298",53.4344721396586,-0.20741163255701,2.04513851914735,-0.101416911673779,0.919219512115351,1
"PHJJKLOP_01308",13.5489456945868,3.72026175727666,3.2170460786088,1.15642165712636,0.24750872732452,1
"PHJJKLOP_01310",81.7535687831483,-1.0872890102288,2.4163161000391,-0.449977968615615,0.652726326470768,1
"PHJJKLOP_01361",48.979383980313,-0.127520358669569,2.41701221622256,-0.0527595010954741,0.957923529976443,1
"PHJJKLOP_01371",46.4017649530808,3.44653201201181,2.95671410798435,1.16566292381964,0.243750756077338,1
"PHJJKLOP_01374",109.355549198856,0.358979005689566,2.77742977009103,0.129248634674856,0.897160914005185,1
"PHJJKLOP_01388",171.975238929653,-0.318216928627478,2.14544605131691,-0.14832203701051,0.882088624688936,1
"PHJJKLOP_01404",166.733327234047,1.02740792793115,2.08224674539213,0.493413151061338,0.62172069192569,1
"PHJJKLOP_01408",523.757329069129,0.586591832683851,1.66855460995765,0.351556867952161,0.725170617054423,1
"PHJJKLOP_01416",61.5050859432741,1.03611738001465,2.50592197896212,0.413467533591682,0.679264104452615,1
"PHJJKLOP_01418",12.6604961671811,-1.12594995529516,3.22166363039842,-0.349493331541852,0.726718976245665,1
"PHJJKLOP_01420",152.163709482333,1.70690183314487,1.74390968850581,0.978778800527998,0.327689286600953,1
"PHJJKLOP_01439",41.6601279188871,1.62432654813091,2.87603344689368,0.564780131429033,0.572223322768991,1
"PHJJKLOP_01446",135.846089374583,0.0382523762116492,2.18306874714796,0.0175222957415443,0.986019946146292,1
"PHJJKLOP_01447",24.8912138528021,-1.13830336840463,2.12909928941011,-0.534640809879753,0.592898258201748,1
"PHJJKLOP_01456",35.6985294334169,-0.285372310562195,2.16481176956886,-0.131823151820275,0.89512417385049,1
"PHJJKLOP_01462",27.4642552691598,1.1071996257916,3.01272698265751,0.367507454928738,0.713240532079855,1
"PHJJKLOP_01466",75.9443341682547,1.25711314541005,1.79403108501326,0.700719823592555,0.483477882224911,1
"PHJJKLOP_01474",125.798460580571,1.67571239440018,1.74027280915335,0.96290212981919,0.335596640660246,1
"PHJJKLOP_01482",18.2875015410718,-2.27725431155784,2.97664019782007,-0.765041845912576,0.444246627027546,1
"PHJJKLOP_01483",38.0998706943092,-0.340315262722645,3.03228436382122,-0.112230655799638,0.910640522899898,1
"PHJJKLOP_01486",11.9590773900772,3.02675196717877,3.25888659933809,0.928768729723068,0.353008953310471,1
"PHJJKLOP_01494",50.8353933614138,-0.864462027416096,1.72275423909134,-0.50179068366249,0.61581476715659,1
"PHJJKLOP_01505",93.996508881707,0.736483175193744,2.22085414766348,0.331621586212036,0.740175017697158,1
"PHJJKLOP_01520",25.9997108821617,-2.86892295532493,3.29829443768648,-0.86982014781472,0.384398699112849,1
"PHJJKLOP_01527",76.4381139484461,0.0936824523818884,2.44938163843058,0.0382473890193423,0.969490437542228,1
"PHJJKLOP_01534",19.5127608264925,1.58006528899645,2.64712622576919,0.596898354757267,0.550575245796603,1
"PHJJKLOP_01537",25.2300668408282,-0.806241863350261,2.73619126784115,-0.294658444687745,0.768254810742979,1
"PHJJKLOP_01542",26.4069068395294,-0.496884799508986,3.32800746794903,-0.149303991741101,0.881313765625223,1
"PHJJKLOP_01544",16.4094017397097,-0.595726249806236,2.9558082924824,-0.201544278538417,0.840273010414129,1
"PHJJKLOP_01572",71.7899272606687,2.74996503735587,2.72113717122497,1.01059405105914,0.312210764257669,1
"PHJJKLOP_01574",120.725543257131,-1.45866049913056,2.04103358391023,-0.714667563840889,0.474814485086692,1
"PHJJKLOP_01577",78.2854079361836,-0.603995245219674,2.74282617333612,-0.220209086194124,0.825708320550063,1
"PHJJKLOP_01605",13.1989545529307,0.00120429062363268,2.93451847068113,0.000410387815127008,0.99967255790756,1
"PHJJKLOP_01608",63.3919476344429,-0.158165710526758,2.53390717867079,-0.0624196939249082,0.950228612055071,1
"PHJJKLOP_01620",39.3352341451197,-1.00890620363147,3.00170641851407,-0.336110885930979,0.736787249707509,1
"PHJJKLOP_01622",52.4124587118656,0.360602350525904,2.42274166620956,0.148840611260909,0.881679404385111,1
"PHJJKLOP_01623",36.8442448514494,-2.4085063090155,3.32918442563947,-0.723452353815719,0.469402016462911,1
"PHJJKLOP_01635",87.8340952005092,2.27456112705146,2.27954447320702,0.997813885092338,0.31836961588007,1
"PHJJKLOP_01639",15.7870120326686,-0.919914534980411,3.28394351921708,-0.280124956351176,0.77938163848063,1
"PHJJKLOP_01652",41.3649973116812,-0.250616093511109,2.24854699908039,-0.111456906888585,0.911254035942736,1
"PHJJKLOP_01654",72.4314202988753,-1.34914398783221,2.22193651434491,-0.607192860426969,0.543722929790985,1
"PHJJKLOP_01655",48.348425358567,-0.924469624071574,2.90629756267673,-0.318091869168458,0.750415251042779,1
"PHJJKLOP_01659",913.815151339536,0.706641106026196,1.6904078156443,0.418029956727845,0.675925214867065,1
"PHJJKLOP_01668",166.688890171231,-0.666234350890708,1.90805577100065,-0.349169222942216,0.726962270374125,1
"PHJJKLOP_01669",77.1547032897329,0.121581962579994,2.48016248794274,0.0490217730374774,0.960901944422982,1
"PHJJKLOP_01674",28.5648805716111,-2.14802210331631,2.96968530330668,-0.723316406935287,0.469485515106767,1
"PHJJKLOP_01679",21.446828140255,1.30159191646941,2.70485979820625,0.481204947233335,0.630370845093272,1
"PHJJKLOP_01684",35.0067510301913,1.18598264490282,2.68735703579575,0.441319344287143,0.658981823725169,1
"PHJJKLOP_01686",99.2063788407901,-0.716090695705975,2.0827810061908,-0.343814685066498,0.730985655669433,1
"PHJJKLOP_01701",55.8223731420114,-0.0671504471340912,2.9418320420813,-0.0228260642258092,0.981789017193055,1
"PHJJKLOP_01746",334.131748902965,-1.12892417641908,2.14644153185991,-0.525951515409255,0.598921894560841,1
"PHJJKLOP_01756",45.7328930290645,1.7208932379604,2.03588679411779,0.845279434461929,0.397954840626646,1
"PHJJKLOP_01766",77.5259707386533,0.265636361329981,1.76470705134212,0.15052717170703,0.880348715038283,1
"PHJJKLOP_01781",32.8793674579007,-0.30414605630067,2.49387075171565,-0.121957425456565,0.902932736066219,1
"PHJJKLOP_01783",73.7552036984145,-0.365923610083568,2.42417883223636,-0.150947448768041,0.880017170572845,1
"PHJJKLOP_01784",97.601994227176,-0.855813833259763,2.12541982913703,-0.402656370062776,0.687201034609115,1
"PHJJKLOP_01786",23.1741522131977,1.35806766610245,2.46153625416975,0.551715484101416,0.581143299601447,1
"PHJJKLOP_01797",59.378870034825,-0.136997963596518,2.21979062471356,-0.0617166151038215,0.950788508252882,1
"PHJJKLOP_01829",26.8586301178634,3.3666351356895,2.72461786922659,1.23563571013544,0.216594004602127,1
"PHJJKLOP_01835",95.4654834175438,-0.461264027551841,1.79308829614663,-0.257245573764049,0.796989204664908,1
"PHJJKLOP_01838",36.268127470165,-0.00729261676359232,2.06776709742818,-0.00352680762386762,0.997186020481549,1
"PHJJKLOP_01842",170.388170090653,0.940786216853017,1.72456170852911,0.545521921425137,0.585394607873235,1
"PHJJKLOP_01845",43.8810733592285,1.66960385561531,2.51922210948702,0.662745793365271,0.507493375798244,1
"PHJJKLOP_01849",18.3792141331326,0.565466969050702,2.89914007392377,0.195046446405532,0.845356586842186,1
"PHJJKLOP_01850",28.8541194935608,1.60039155019892,3.0485142964665,0.524974264366718,0.599601081609102,1
"PHJJKLOP_01858",762.242935192517,-0.206018196776783,1.68177273323503,-0.122500616584792,0.902502557706753,1
"PHJJKLOP_01866",16.2322582351469,1.36124455138635,2.94571060253522,0.462110755284242,0.64400189775176,1
"PHJJKLOP_01868",585.711767593041,0.786805852068745,1.80372657440287,0.436211265739775,0.662683454929019,1
"PHJJKLOP_01886",48.1843617722617,0.672445336379609,2.66366322572265,0.252451334645421,0.800692225387397,1
"PHJJKLOP_01909",19.5148611117506,-2.9995373863743,3.29329846722634,-0.910800346893716,0.362400579685619,1
"PHJJKLOP_01911",32.2346722612585,1.43304901222647,3.31718545329434,0.4320075052793,0.665735958335424,1
"PHJJKLOP_01929",53.9433964924849,-0.111266942452756,2.33567869750565,-0.0476379489060637,0.962004787495107,1
"PHJJKLOP_01932",297.27349215538,-0.382981411828239,1.68428184138389,-0.227385585012045,0.820123928237633,1
"PHJJKLOP_01935",74.3327443357953,-0.87515957744169,2.45001760656034,-0.357205423788915,0.720938025800905,1
"PHJJKLOP_01938",724.924492265469,-0.274419662417454,1.70160071328783,-0.161271478246633,0.871879586252516,1
"PHJJKLOP_01952",103.302179683649,0.220226695563106,2.17553427700668,0.101228786827535,0.919368845502512,1
"PHJJKLOP_01954",75.9477542623933,2.24320681357605,2.55331386303506,0.878547226822168,0.379646820388211,1
"PHJJKLOP_01971",74.798798486977,-1.28256111100708,3.09328314854824,-0.414627775542958,0.678414411789078,1
"PHJJKLOP_01973",51.6402199075017,-1.91984664704234,2.77693679258547,-0.691354103618206,0.489343039209048,1
"PHJJKLOP_02008",65.1370325409465,0.925169134721912,2.79510701131008,0.330995962221955,0.740647535496463,1
"PHJJKLOP_02011",79.4055140092265,0.523788160177624,1.7878419073875,0.292972302535975,0.769543322623236,1
"PHJJKLOP_02035",62.6858693627134,-2.19219459618439,2.66759059420631,-0.821788246271965,0.411197424365251,1
"PHJJKLOP_02038",36.8183501726081,0.732960282641836,3.27577441713721,0.223751757388224,0.822950470211115,1
"PHJJKLOP_02042",18.8536729219871,0.5028983732581,2.86544652250265,0.175504365308788,0.86068334099632,1
"PHJJKLOP_02047",41.6495222058283,-0.343166746728871,2.52796417647252,-0.135748263334855,0.892020292206859,1
"PHJJKLOP_02052",91.3382098320537,-0.867678190854364,2.12077702443109,-0.409132209967771,0.68244263966495,1
"PHJJKLOP_02054",41.9402332359295,-1.41232880769244,2.39540044161767,-0.589600295280343,0.555458653695554,1
"PHJJKLOP_02062",89.5515017499355,-0.196864192219517,2.06726825800601,-0.0952291467046483,0.92413281946003,1
"PHJJKLOP_02075",701.166425737097,0.239254734213123,1.69142365642022,0.141451689708236,0.887513122244961,1
"PHJJKLOP_02090",39.9600801793217,1.07780968540031,3.33381444509739,0.32329624313234,0.746470898913776,1
"PHJJKLOP_02092",18.0938752711849,0.978846243332194,3.24756661193678,0.301409134991825,0.763102529305367,1
"PHJJKLOP_02097",43.2339721084762,1.33398061671505,2.63665859296317,0.505936043549681,0.612901548382677,1
"PHJJKLOP_02120",29.5086821696408,0.978929266037383,2.21062106885907,0.442829972005388,0.657888722473853,1
"PHJJKLOP_02121",95.9523275270706,0.578786365415573,1.76095728241851,0.32867711851628,0.742399751079658,1
"PHJJKLOP_02122",12.2913183920395,-0.0162572324738563,2.96793545812848,-0.00547762331870512,0.995629510779742,1
"PHJJKLOP_02138",46.8263747880024,-2.77490343263662,2.38223893763613,-1.16483002137062,0.244087804131466,1
"PHJJKLOP_02139",21.6725061003098,0.779842663060519,3.44232075752128,0.226545612100966,0.820777087877334,1
"PHJJKLOP_02146",1041.36283337581,0.800748521779821,1.68908603810425,0.474072074314546,0.635448511690305,1
"PHJJKLOP_02154",43.9173645771722,-1.58091383418032,2.32726517117882,-0.679301118651443,0.496947087796201,1
"PHJJKLOP_02168",23.569785590187,-1.1814317098366,2.47074278158756,-0.478168637642433,0.632530182610821,1
"PHJJKLOP_02172",48.5794540962508,-1.90356317489622,2.67684737051741,-0.711121297337277,0.477009073495845,1
"PHJJKLOP_02184",98.263760655012,-0.96045017937097,1.7543084638795,-0.547480787527536,0.584048466232353,1
"PHJJKLOP_02188",44.0318274220333,1.64650134367195,2.7068343001787,0.608275631634804,0.54300468020132,1
"PHJJKLOP_02189",49.0381051951818,-0.533835940594121,1.85003615315483,-0.288554328889076,0.772922449616107,1
"PHJJKLOP_02191",60.2054533280437,0.630824297757668,2.26555083317425,0.278441908484492,0.780673152613926,1
"PHJJKLOP_02192",19.4510606518122,-0.887999581410324,2.56605715658132,-0.346056041321144,0.729300598630859,1
"PHJJKLOP_02200",118.298924936032,0.0932475880221678,2.01663307003331,0.0462392437215302,0.963119563944044,1
"PHJJKLOP_02201",73.2060657792961,1.3357793499978,2.16895315305771,0.615863624400863,0.537984531118627,1
"PHJJKLOP_02210",20.2285273638946,2.21080254363026,3.26563857269704,0.676989352745303,0.498412709818193,1
"PHJJKLOP_02212",46.8774521153238,0.675890976704492,2.25816112231997,0.299310341509247,0.764703264694258,1
"PHJJKLOP_02214",16.0909080184024,0.0240279394497772,2.93332990708751,0.00819135256205617,0.993464319347521,1
"PHJJKLOP_02230",18.3872333930756,-0.232339082439707,3.30047421205971,-0.0703956666562508,0.943878740201322,1
"PHJJKLOP_02232",29.5943894712007,0.694262874786846,2.35066859943407,0.295346981260563,0.767728830439957,1
"PHJJKLOP_02236",23.5393886929412,0.879527012767384,2.95371114034751,0.297770151167831,0.765878597592463,1
"PHJJKLOP_02246",25.0737101286275,-0.495681285131407,3.30309420318675,-0.150065742797521,0.880712747165743,1
"PHJJKLOP_02249",29.1465404471853,0.706445952962374,2.05252356204882,0.344184089296009,0.73070784707411,1
"PHJJKLOP_02250",157.416100427697,-0.416403921373148,2.13820239104111,-0.194744858165834,0.845592692434117,1
"PHJJKLOP_02256",885.087075378398,0.183818937257895,1.67025607764366,0.110054344192072,0.912366276190803,1
"PHJJKLOP_02261",79.9312695489626,0.968972215686555,1.71252349689082,0.565815428194578,0.571519257388662,1
"PHJJKLOP_02262",57.9492269420838,-0.791621618057626,2.16125507538913,-0.366278662371723,0.714157149924261,1
"PHJJKLOP_02265",25.085838489476,0.41013422679567,1.75628543984883,0.23352367302605,0.815354789224739,1
"PHJJKLOP_02272",77.3628395745871,1.60910430617385,2.75466362204803,0.584138220469008,0.559127322193486,1
"PHJJKLOP_02273",17.297227381477,0.0961404713354171,2.73581955916805,0.0351413787554954,0.971967006298793,1
"PHJJKLOP_02274",86.9396309804175,-1.19458771161832,2.73558868051743,-0.436683965000313,0.662340559766163,1
"PHJJKLOP_02298",26.0328242191313,2.28768579662404,2.76545772648556,0.827235858539522,0.408103390845775,1
"PHJJKLOP_02308",74.8748214262893,-0.31241641165997,1.85981474315692,-0.167982543857923,0.866597011913847,1
"PHJJKLOP_02313",383.893624800767,0.333211710772664,1.70777006346566,0.195115090667687,0.845302848973556,1
"PHJJKLOP_02317",65.3529806039656,0.226437844851405,2.7198819708877,0.0832528202602488,0.933650513978171,1
"PHJJKLOP_02318",62.5643411615641,-0.301457801415436,3.04729688337935,-0.0989262986024287,0.921196788055842,1
"PHJJKLOP_02356",13.2879494934374,0.42099916404181,3.30998978930304,0.127190472128452,0.898789646275292,1
"PHJJKLOP_02360",100.664189827319,-0.252308220592645,1.75817274951289,-0.143505932885462,0.885890625982887,1
"PHJJKLOP_02362",39.2052332008266,0.560705109427066,3.01786177658536,0.185795490627636,0.852605140922063,1
"PHJJKLOP_02364",69.696149897491,-1.25593410653411,2.35502585728834,-0.533299497603068,0.59382627539137,1
"PHJJKLOP_02371",63.7381852319379,-1.21044752184037,2.46899254852575,-0.490259690157081,0.623950147347972,1
"PHJJKLOP_02376",12.4254931010605,-1.48011243825422,2.93540169513308,-0.504228242665478,0.614100995939437,1
"PHJJKLOP_02379",382.884592353647,-0.554707414607737,1.75108621792271,-0.31677904201986,0.75141126788572,1
"PHJJKLOP_02387",105.1570865133,0.228024255540917,2.37594808984907,0.0959719012865309,0.923542889051902,1
"PHJJKLOP_02395",358.042322146612,-0.212743819991366,1.74977755329805,-0.121583351889718,0.903228998928564,1
"PHJJKLOP_02423",40.8061376066752,0.0728913372767074,2.84697296147257,0.0256031013511997,0.979573912361656,1
"PHJJKLOP_02513",20.6125908996931,-0.671992492771131,3.08526310904928,-0.217807191483972,0.827579341088574,1
"PHJJKLOP_02533",20.088079243318,0,3.66680603249197,0,1,1
"PHJJKLOP_02548",40.9984883178356,2.00077614721915,2.34236676562374,0.854168602706576,0.39301157701767,1
"PHJJKLOP_02549",45.9875578157138,-0.16187598311908,2.3428433233439,-0.0690938149837682,0.944914944192481,1
"PHJJKLOP_02555",57.1732544979969,-1.12905137315768,2.09582383579761,-0.538714826061704,0.590083642020435,1
"PHJJKLOP_02565",33.6485438995862,0.654210689628248,2.78739791200391,0.234703013448814,0.814439248669804,1
"PHJJKLOP_02575",24.2310716947609,-1.26772886514965,3.01146011658978,-0.420968173599871,0.673778322234887,1
"PHJJKLOP_02588",22.5596445387102,-0.577288144727766,2.71743733779921,-0.212438438486791,0.831765000488374,1
"PHJJKLOP_02590",36.0436618597258,0.173354891028328,2.24123021965339,0.077348096375007,0.938346630105704,1
"PHJJKLOP_02591",102.418645132689,-1.35790628579799,2.23547708125597,-0.607434671186641,0.5435624851325,1
"PHJJKLOP_02594",298.457379554339,-1.04578971645994,2.11201924536921,-0.495161073343875,0.620486425887977,1
"PHJJKLOP_02599",55.0830490464554,0.557972461065595,2.43436187465919,0.229206868080659,0.818708134713598,1
"PHJJKLOP_02606",301.807587463404,0.593113862581777,1.7540793784335,0.338133992038298,0.735262215663039,1
"PHJJKLOP_02621",42.4794744604635,-2.00348060811179,2.59048668063099,-0.773399308744479,0.439286098947531,1
"PHJJKLOP_02640",179.500806178861,0.153334927197161,1.86210349287063,0.0823450080966118,0.934372364635807,1
"PHJJKLOP_02641",157.116676067765,2.77456188452231,2.4419100742669,1.13622606899448,0.255861962884166,1
"PHJJKLOP_02648",23.5412534382128,3.16631625835456,2.88252198762176,1.09845346261069,0.27200652818264,1
"PHJJKLOP_02653",49.5137266184528,-1.92773767729798,2.70754362661965,-0.711987669688907,0.476472411468913,1
"PHJJKLOP_02666",113.994993182615,-1.5408740290246,2.42517051558375,-0.635367294432779,0.525188893468611,1
"PHJJKLOP_02667",204.77781022023,0.412627015687618,1.67885447680521,0.245778905431297,0.80585338729248,1
"PHJJKLOP_02673",22.0973482443717,1.07267281263372,2.66271081386733,0.402849910342222,0.687058641835102,1
"PHJJKLOP_02677",15.3884463061894,-0.0595709533784017,3.22476039540756,-0.0184729859195858,0.985261528001165,1
"PHJJKLOP_02685",14.3618516499448,0.377991836161164,3.2700433352958,0.115592301814854,0.907975664269107,1
"PHJJKLOP_02700",151.208634394295,0.238764943067142,2.10729279514644,0.113304113987895,0.909789455755563,1
"PHJJKLOP_02707",107.227954724391,-0.534862407454993,2.41513906338797,-0.221462364450636,0.824732437865652,1
"PHJJKLOP_02714",16.5963778475001,0,3.66089428902831,0,1,1
"PHJJKLOP_02720",21.3169492510694,-0.173997516892282,2.70720846973685,-0.0642719313408453,0.948753702777235,1
"PHJJKLOP_02721",949.312966243231,1.02243987883026,1.82006008997028,0.561761605819814,0.574278454309228,1
"PHJJKLOP_02723",36.6399626666759,1.4708349139193,2.5677357797216,0.572813965336717,0.566770662299694,1
"PHJJKLOP_02736",77.4661330478,2.78218256977156,3.06542583770523,0.907600678362617,0.364089235789407,1
"PHJJKLOP_02739",16.2741101079747,1.03164412895809,2.84949683215295,0.362044315093563,0.717318914858139,1
"PHJJKLOP_02748",183.982873542277,-0.357579633565747,2.16946994786545,-0.164823501665727,0.869082905378332,1
"PHJJKLOP_02784",14.8357066584134,0,3.66519073672696,0,1,1
"PHJJKLOP_02789",32.5771745323326,1.37613543477148,2.93114847213997,0.469486772113865,0.638721737773908,1
"PHJJKLOP_02797",28.4404005473117,-1.75934001098939,3.04001718974469,-0.578726994348721,0.562773398511661,1
"PHJJKLOP_02801",94.2891523468977,-0.28066982798452,1.75017007219211,-0.160367173707283,0.872591846506464,1
"PHJJKLOP_02805",62.184007015764,-0.299712189479963,2.68151788216056,-0.11176960313182,0.911006089656632,1
"PHJJKLOP_02809",17.9138918921772,0.0983473116500127,2.46320001508909,0.0399266446279457,0.968151608694329,1
"PHJJKLOP_02826",32.6145842911057,-2.72628232078612,3.28097779219917,-0.83093592625592,0.406009826835458,1
"PHJJKLOP_02831",43.9509909174556,0.655587380457305,2.69950558754926,0.242854611407743,0.808118027879626,1
"PHJJKLOP_02832",63.7994516054153,-0.947956393362155,2.45452269272922,-0.386208037990519,0.699342601246435,1
"PHJJKLOP_02856",32.3724417062764,1.17061618129506,2.66074686922735,0.439957740750811,0.659967714702207,1
"PHJJKLOP_02865",17.4157684991971,-0.667721327535445,2.96021968584775,-0.225564788562043,0.821539929697775,1
"PHJJKLOP_02866",521.294356281035,0.0144087908918831,1.76088474427622,0.00818269959957294,0.993471223181314,1
"PHJJKLOP_02872",54.467785833012,-0.637421865283954,2.33430443891385,-0.27306715210658,0.784801596292482,1
"PHJJKLOP_02893",24.2522086423081,-1.46912930287205,3.30803469591753,-0.44410939966413,0.656963490927338,1
"PHJJKLOP_02894",66.9988452951068,-2.07846694989271,1.88362624080925,-1.10343915627325,0.269836500287073,1
"PHJJKLOP_02900",40.1135669840137,-0.00628830918081938,3.3660546714874,-0.00186815420262937,0.998509429471538,1
"PHJJKLOP_02918",60.4763005843096,0.227156007670663,2.40890260039468,0.0942985439234635,0.924872006543419,1
"PHJJKLOP_02932",20.7823663372466,0.541648026386405,3.30007091780335,0.16413223832988,0.869627043431105,1
"PHJJKLOP_02934",49.5042481744857,-1.33556206814649,2.03934457790565,-0.654897697336699,0.512533622890313,1
"PHJJKLOP_02936",18.2814646238132,1.31217834467986,2.57957658084824,0.508679740086792,0.61097672564691,1
"PHJJKLOP_02949",18.2879234785372,-0.389601667614987,2.97057740260456,-0.131153514893566,0.895653867967997,1
"PHJJKLOP_02950",974.346411160791,0.068737121303037,1.73754479022988,0.0395599133268632,0.968443986934741,1
"PHJJKLOP_02952",41.1881904604472,-1.12470610102534,2.58439631307202,-0.435191032945108,0.663423770821435,1
"PHJJKLOP_02971",212.094143350676,1.03008260524145,1.75575713569849,0.58668854837469,0.557412900197449,1
"PHJJKLOP_02973",37.3003732143089,0.0374427507089014,2.77649236285021,0.0134856307223783,0.989240349583928,1
"PHJJKLOP_02980",56.9671491601867,0.569962526428093,2.72624888641118,0.209064744333885,0.834397696470302,1
"PHJJKLOP_02991",69.2067920807,-2.19159244851496,2.18226356491906,-1.00427486566969,0.31524614505114,1
"PHJJKLOP_02997",1044.78584990899,0.320261608806759,1.6936758434591,0.189092623623106,0.85002022269291,1
"PHJJKLOP_03005",88.1211097765018,-2.05964380177577,2.44871591687636,-0.841111779272092,0.400285316759409,1
"PHJJKLOP_03006",160.120318307906,1.33020172833783,2.45991877130639,0.540750265355875,0.588679727277241,1
"PHJJKLOP_03018",233.663151742788,-0.135302801891679,1.67716761835371,-0.0806733926955317,0.935701697382,1
"PHJJKLOP_03022",136.408836171475,2.24289294164112,2.16314605520793,1.03686615901002,0.299798237237949,1
"PHJJKLOP_03024",59.9705880241233,-2.14591441894231,1.77776515981313,-1.20708542807076,0.227399246121344,1
"PHJJKLOP_03066",75.6965248463363,0.719216723205716,2.65636763941693,0.270751951850905,0.786581816779293,1
"PHJJKLOP_03075",40.8843296561429,0.786065482539213,3.07801318014126,0.255380804608231,0.798428995075654,1
"PHJJKLOP_03076",68.7526738163098,-0.640093009881681,2.44538584629131,-0.261755424344363,0.793510007300803,1
"PHJJKLOP_03082",535.321773038681,0.017917306560622,1.66009827343055,0.0107929192189305,0.99138866357449,1
"PHJJKLOP_03085",395.344713124896,1.24041381621081,1.73641911745145,0.714351623835709,0.475009777697876,1
"PHJJKLOP_03087",106.086503455715,-0.429331140292716,2.08154374104127,-0.206256122236445,0.836590850954905,1
"PHJJKLOP_03088",18.5092772263743,-0.124467773424445,3.30415934709233,-0.0376700274864094,0.969950773628736,1
"PHJJKLOP_03115",74.3248657218565,-1.45709185973803,2.16364141077224,-0.673444246575948,0.500664707335299,1
"PHJJKLOP_03132",354.092753519934,1.58141896765147,1.76299451607603,0.897007309569686,0.369715016600852,1
"PHJJKLOP_03133",22.3043795619915,-0.65457332762739,2.97814465554633,-0.219792321507402,0.826032899968684,1
"PHJJKLOP_03155",12.0064459174982,-0.354869355084935,3.25510766656586,-0.109019237283577,0.913187232131483,1
"PHJJKLOP_03156",77.5217489918255,-0.839695600090088,2.74437371444769,-0.3059698450213,0.759627605587546,1
"PHJJKLOP_03162",45.6738643510233,-0.888879582193212,2.70677683156165,-0.328390420602344,0.742616485020489,1
"PHJJKLOP_03166",20.8381246754558,3.18260318785938,2.79245410122502,1.13971548770066,0.254404852605323,1
"PHJJKLOP_03174",81.0254476381644,-0.348428594052688,2.26530813140151,-0.15381068439335,0.877759009163256,1
"PHJJKLOP_03175",173.052588315064,-0.282654003440172,1.75697058478378,-0.160875774408572,0.872191242974556,1
"PHJJKLOP_00001",0,NA,NA,NA,NA,NA
"PHJJKLOP_00002",0,NA,NA,NA,NA,NA
"PHJJKLOP_00003",0,NA,NA,NA,NA,NA
"PHJJKLOP_00004",0,NA,NA,NA,NA,NA
"PHJJKLOP_00005",0,NA,NA,NA,NA,NA
"PHJJKLOP_00006",0,NA,NA,NA,NA,NA
"PHJJKLOP_00023",0,NA,NA,NA,NA,NA
"PHJJKLOP_00024",0,NA,NA,NA,NA,NA
"PHJJKLOP_00025",5.43947866812118,0,4.08045587177789,0,1,NA
"PHJJKLOP_00026",0,NA,NA,NA,NA,NA
"PHJJKLOP_00027",0,NA,NA,NA,NA,NA
"PHJJKLOP_00028",0,NA,NA,NA,NA,NA
"PHJJKLOP_00029",0,NA,NA,NA,NA,NA
"PHJJKLOP_00030",0,NA,NA,NA,NA,NA
"PHJJKLOP_00031",0,NA,NA,NA,NA,NA
"PHJJKLOP_00032",0,NA,NA,NA,NA,NA
"PHJJKLOP_00033",0,NA,NA,NA,NA,NA
"PHJJKLOP_00034",0,NA,NA,NA,NA,NA
"PHJJKLOP_00035",0,NA,NA,NA,NA,NA
"PHJJKLOP_00036",13.5957932919158,-1.6001126306177,3.21418096516446,-0.497829041973629,NA,NA
"PHJJKLOP_00037",0,NA,NA,NA,NA,NA
"PHJJKLOP_00038",0,NA,NA,NA,NA,NA
"PHJJKLOP_00039",0,NA,NA,NA,NA,NA
"PHJJKLOP_00040",0.906061861421063,0.145978482281568,3.85194348277738,0.0378973582904993,0.969769519316538,NA
"PHJJKLOP_00041",0,NA,NA,NA,NA,NA
"PHJJKLOP_00042",0,NA,NA,NA,NA,NA
"PHJJKLOP_00043",6.33361882636526,-6.91351334826084,3.91129168786649,-1.76757805348749,NA,NA
"PHJJKLOP_00044",0,NA,NA,NA,NA,NA
"PHJJKLOP_00045",0,NA,NA,NA,NA,NA
"PHJJKLOP_00046",0,NA,NA,NA,NA,NA
"PHJJKLOP_00047",0,NA,NA,NA,NA,NA
"PHJJKLOP_00048",0,NA,NA,NA,NA,NA
"PHJJKLOP_00049",2.59596115374444,-1.13985696322737,4.08045587177917,-0.279345494485244,0.779979695734701,NA
"PHJJKLOP_00050",0,NA,NA,NA,NA,NA
"PHJJKLOP_00052",0,NA,NA,NA,NA,NA
"PHJJKLOP_00053",0,NA,NA,NA,NA,NA
"PHJJKLOP_00054",0,NA,NA,NA,NA,NA
"PHJJKLOP_00055",0,NA,NA,NA,NA,NA
"PHJJKLOP_00056",0,NA,NA,NA,NA,NA
"PHJJKLOP_00057",0,NA,NA,NA,NA,NA
"PHJJKLOP_00058",0,NA,NA,NA,NA,NA
"PHJJKLOP_00059",0,NA,NA,NA,NA,NA
"PHJJKLOP_00060",6.05595696536193,6.67412410078042,3.91131366913789,1.70636381158648,NA,NA
"PHJJKLOP_00061",0.401065386941437,0,4.08045587179133,0,1,NA
"PHJJKLOP_00062",0,NA,NA,NA,NA,NA
"PHJJKLOP_00063",0,NA,NA,NA,NA,NA
"PHJJKLOP_00064",0,NA,NA,NA,NA,NA
"PHJJKLOP_00065",0,NA,NA,NA,NA,NA
"PHJJKLOP_00066",0,NA,NA,NA,NA,NA
"PHJJKLOP_00067",0,NA,NA,NA,NA,NA
"PHJJKLOP_00068",0,NA,NA,NA,NA,NA
"PHJJKLOP_00070",4.82077987554532,4.36223710671818,3.92693818554794,1.11084944570104,0.266633159023491,NA
"PHJJKLOP_00071",0,NA,NA,NA,NA,NA
"PHJJKLOP_00072",0,NA,NA,NA,NA,NA
"PHJJKLOP_00073",6.50756738458302,-0.286688198276013,3.60646203190239,-0.0794929201361331,0.936640562706986,NA
"PHJJKLOP_00074",0,NA,NA,NA,NA,NA
"PHJJKLOP_00075",0,NA,NA,NA,NA,NA
"PHJJKLOP_00076",4.30345604140556,-5.3291487029503,3.84154263445126,-1.38724184788633,0.16536802873329,NA
"PHJJKLOP_00079",0,NA,NA,NA,NA,NA
"PHJJKLOP_00080",0,NA,NA,NA,NA,NA
"PHJJKLOP_00081",0,NA,NA,NA,NA,NA
"PHJJKLOP_00082",0,NA,NA,NA,NA,NA
"PHJJKLOP_00083",0,NA,NA,NA,NA,NA
"PHJJKLOP_00085",0,NA,NA,NA,NA,NA
"PHJJKLOP_00086",0,NA,NA,NA,NA,NA
"PHJJKLOP_00087",0,NA,NA,NA,NA,NA
"PHJJKLOP_00088",0,NA,NA,NA,NA,NA
"PHJJKLOP_00089",0,NA,NA,NA,NA,NA
"PHJJKLOP_00090",0,NA,NA,NA,NA,NA
"PHJJKLOP_00091",0,NA,NA,NA,NA,NA
"PHJJKLOP_00092",0,NA,NA,NA,NA,NA
"PHJJKLOP_00093",0,NA,NA,NA,NA,NA
"PHJJKLOP_00094",0,NA,NA,NA,NA,NA
"PHJJKLOP_00095",0,NA,NA,NA,NA,NA
"PHJJKLOP_00096",0,NA,NA,NA,NA,NA
"PHJJKLOP_00097",0,NA,NA,NA,NA,NA
"PHJJKLOP_00098",0,NA,NA,NA,NA,NA
"PHJJKLOP_00099",0.300315076458406,2.3731385916006,3.9943911027792,0.594117734227235,0.552433370284097,NA
"PHJJKLOP_00100",0,NA,NA,NA,NA,NA
"PHJJKLOP_00101",0,NA,NA,NA,NA,NA
"PHJJKLOP_00102",5.92129780907556,5.61133390143384,3.91056902759382,1.43491493484428,0.151311339307239,NA
"PHJJKLOP_00103",0,NA,NA,NA,NA,NA
"PHJJKLOP_00104",0,NA,NA,NA,NA,NA
"PHJJKLOP_00105",0,NA,NA,NA,NA,NA
"PHJJKLOP_00106",0,NA,NA,NA,NA,NA
"PHJJKLOP_00107",0,NA,NA,NA,NA,NA
"PHJJKLOP_00108",0,NA,NA,NA,NA,NA
"PHJJKLOP_00109",0,NA,NA,NA,NA,NA
"PHJJKLOP_00110",0,NA,NA,NA,NA,NA
"PHJJKLOP_00111",0.100266346735359,0,4.08045587181216,0,1,NA
"PHJJKLOP_00112",0,NA,NA,NA,NA,NA
"PHJJKLOP_00113",0,NA,NA,NA,NA,NA
"PHJJKLOP_00114",0,NA,NA,NA,NA,NA
"PHJJKLOP_00115",0,NA,NA,NA,NA,NA
"PHJJKLOP_00116",0.216278296274791,0,4.08045587180384,0,1,NA
"PHJJKLOP_00117",0,NA,NA,NA,NA,NA
"PHJJKLOP_00118",0,NA,NA,NA,NA,NA
"PHJJKLOP_00119",2.60959009253537,2.79967489918086,3.97241853764522,0.704778429727209,0.480948134130047,NA
"PHJJKLOP_00120",0,NA,NA,NA,NA,NA
"PHJJKLOP_00121",0,NA,NA,NA,NA,NA
"PHJJKLOP_00122",0.325039042859131,-1.13982766045392,4.08045587180384,-0.279338313233625,0.779985206295442,NA
"PHJJKLOP_00123",2.75882483977599,5.54291303053151,3.91673738576131,1.4151862850652,0.157013884644764,NA
"PHJJKLOP_00124",0,NA,NA,NA,NA,NA
"PHJJKLOP_00125",0,NA,NA,NA,NA,NA
"PHJJKLOP_00126",0,NA,NA,NA,NA,NA
"PHJJKLOP_00127",0.435042986337358,-3.04966980987557,3.97230697558591,-0.767732662309097,0.442646027198841,NA
"PHJJKLOP_00128",0,NA,NA,NA,NA,NA
"PHJJKLOP_00129",0.200532693470719,0,4.08045587180566,0,1,NA
"PHJJKLOP_00130",0,NA,NA,NA,NA,NA
"PHJJKLOP_00131",0,NA,NA,NA,NA,NA
"PHJJKLOP_00132",3.76815100066964,5.99120545642843,3.91407444328878,1.53068255170802,NA,NA
"PHJJKLOP_00133",0,NA,NA,NA,NA,NA
"PHJJKLOP_00134",0,NA,NA,NA,NA,NA
"PHJJKLOP_00135",0,NA,NA,NA,NA,NA
"PHJJKLOP_00138",0,NA,NA,NA,NA,NA
"PHJJKLOP_00139",0,NA,NA,NA,NA,NA
"PHJJKLOP_00140",0,NA,NA,NA,NA,NA
"PHJJKLOP_00141",0,NA,NA,NA,NA,NA
"PHJJKLOP_00142",0,NA,NA,NA,NA,NA
"PHJJKLOP_00143",0,NA,NA,NA,NA,NA
"PHJJKLOP_00144",0,NA,NA,NA,NA,NA
"PHJJKLOP_00146",0,NA,NA,NA,NA,NA
"PHJJKLOP_00147",0,NA,NA,NA,NA,NA
"PHJJKLOP_00148",0,NA,NA,NA,NA,NA
"PHJJKLOP_00149",0,NA,NA,NA,NA,NA
"PHJJKLOP_00150",0,NA,NA,NA,NA,NA
"PHJJKLOP_00151",0,NA,NA,NA,NA,NA
"PHJJKLOP_00152",0,NA,NA,NA,NA,NA
"PHJJKLOP_00153",0,NA,NA,NA,NA,NA
"PHJJKLOP_00154",0,NA,NA,NA,NA,NA
"PHJJKLOP_00157",0,NA,NA,NA,NA,NA
"PHJJKLOP_00158",1.30346250755967,0,4.0804558717813,0,1,NA
"PHJJKLOP_00159",0,NA,NA,NA,NA,NA
"PHJJKLOP_00160",0,NA,NA,NA,NA,NA
"PHJJKLOP_00162",0,NA,NA,NA,NA,NA
"PHJJKLOP_00163",0,NA,NA,NA,NA,NA
"PHJJKLOP_00164",0,NA,NA,NA,NA,NA
"PHJJKLOP_00166",0,NA,NA,NA,NA,NA
"PHJJKLOP_00167",0,NA,NA,NA,NA,NA
"PHJJKLOP_00168",0,NA,NA,NA,NA,NA
"PHJJKLOP_00170",0,NA,NA,NA,NA,NA
"PHJJKLOP_00171",0,NA,NA,NA,NA,NA
"PHJJKLOP_00175",0,NA,NA,NA,NA,NA
"PHJJKLOP_00176",0,NA,NA,NA,NA,NA
"PHJJKLOP_00177",0,NA,NA,NA,NA,NA
"PHJJKLOP_00178",0,NA,NA,NA,NA,NA
"PHJJKLOP_00179",0,NA,NA,NA,NA,NA
"PHJJKLOP_00180",0,NA,NA,NA,NA,NA
"PHJJKLOP_00181",0,NA,NA,NA,NA,NA
"PHJJKLOP_00182",0,NA,NA,NA,NA,NA
"PHJJKLOP_00183",0,NA,NA,NA,NA,NA
"PHJJKLOP_00184",0,NA,NA,NA,NA,NA
"PHJJKLOP_00185",0,NA,NA,NA,NA,NA
"PHJJKLOP_00186",0,NA,NA,NA,NA,NA
"PHJJKLOP_00187",0,NA,NA,NA,NA,NA
"PHJJKLOP_00188",0,NA,NA,NA,NA,NA
"PHJJKLOP_00189",0,NA,NA,NA,NA,NA
"PHJJKLOP_00190",0,NA,NA,NA,NA,NA
"PHJJKLOP_00192",2.2058596281779,0,4.08045587177946,0,1,NA
"PHJJKLOP_00193",0,NA,NA,NA,NA,NA
"PHJJKLOP_00194",0,NA,NA,NA,NA,NA
"PHJJKLOP_00195",0,NA,NA,NA,NA,NA
"PHJJKLOP_00196",0,NA,NA,NA,NA,NA
"PHJJKLOP_00197",0,NA,NA,NA,NA,NA
"PHJJKLOP_00198",0,NA,NA,NA,NA,NA
"PHJJKLOP_00199",0,NA,NA,NA,NA,NA
"PHJJKLOP_00200",0,NA,NA,NA,NA,NA
"PHJJKLOP_00201",0,NA,NA,NA,NA,NA
"PHJJKLOP_00202",0,NA,NA,NA,NA,NA
"PHJJKLOP_00204",0,NA,NA,NA,NA,NA
"PHJJKLOP_00205",0,NA,NA,NA,NA,NA
"PHJJKLOP_00206",0,NA,NA,NA,NA,NA
"PHJJKLOP_00207",0,NA,NA,NA,NA,NA
"PHJJKLOP_00208",0.543803732921697,-3.37174324171221,3.95928130138868,-0.851604870947059,0.394433435200162,NA
"PHJJKLOP_00209",0,NA,NA,NA,NA,NA
"PHJJKLOP_00210",0,NA,NA,NA,NA,NA
"PHJJKLOP_00212",0.750787691146016,3.67531299571014,3.94289118554342,0.932136552280634,0.35126595998793,NA
"PHJJKLOP_00215",0,NA,NA,NA,NA,NA
"PHJJKLOP_00217",2.48967119687101,5.39541894843975,3.91780922065906,1.377152036906,0.168465247127293,NA
"PHJJKLOP_00218",0,NA,NA,NA,NA,NA
"PHJJKLOP_00219",0,NA,NA,NA,NA,NA
"PHJJKLOP_00220",0,NA,NA,NA,NA,NA
"PHJJKLOP_00221",7.92711886861487,-1.13985237217353,3.12415551652165,-0.364851354596654,0.715222368145918,NA
"PHJJKLOP_00222",0,NA,NA,NA,NA,NA
"PHJJKLOP_00223",0,NA,NA,NA,NA,NA
"PHJJKLOP_00225",0,NA,NA,NA,NA,NA
"PHJJKLOP_00226",0,NA,NA,NA,NA,NA
"PHJJKLOP_00227",0,NA,NA,NA,NA,NA
"PHJJKLOP_00228",0,NA,NA,NA,NA,NA
"PHJJKLOP_00229",0,NA,NA,NA,NA,NA
"PHJJKLOP_00230",2.75882483977599,5.54291303053151,3.91673738576131,1.4151862850652,0.157013884644764,NA
"PHJJKLOP_00231",0,NA,NA,NA,NA,NA
"PHJJKLOP_00232",0,NA,NA,NA,NA,NA
"PHJJKLOP_00233",0,NA,NA,NA,NA,NA
"PHJJKLOP_00234",66.1670828658469,22.6844523404123,3.9072057501668,5.80579928237561,NA,NA
"PHJJKLOP_00235",0,NA,NA,NA,NA,NA
"PHJJKLOP_00236",0,NA,NA,NA,NA,NA
"PHJJKLOP_00237",0,NA,NA,NA,NA,NA
"PHJJKLOP_00238",3.05046240130568,-3.3717827000702,3.95927987462776,-0.851615143874417,0.394427731581263,NA
"PHJJKLOP_00239",1.95769343851811,-5.22014301039376,3.92141330048215,-1.33118919389393,0.183126766154997,NA
"PHJJKLOP_00240",0,NA,NA,NA,NA,NA
"PHJJKLOP_00241",1.47172434684218,-4.44688203399402,3.90830603240385,-1.13780292462382,0.255202783483034,NA
"PHJJKLOP_00242",0,NA,NA,NA,NA,NA
"PHJJKLOP_00243",0,NA,NA,NA,NA,NA
"PHJJKLOP_00244",9.3924357544888,-5.59192772801524,3.18478677730756,-1.75582483821497,0.0791183218997978,NA
"PHJJKLOP_00246",0,NA,NA,NA,NA,NA
"PHJJKLOP_00247",0,NA,NA,NA,NA,NA
"PHJJKLOP_00248",0,NA,NA,NA,NA,NA
"PHJJKLOP_00249",0,NA,NA,NA,NA,NA
"PHJJKLOP_00250",0,NA,NA,NA,NA,NA
"PHJJKLOP_00251",6.95951346801268,4.9754858906017,3.11449962182044,1.59752335679961,NA,NA
"PHJJKLOP_00252",3.83235997072174,0,4.08045587177834,0,1,NA
"PHJJKLOP_00253",0,NA,NA,NA,NA,NA
"PHJJKLOP_00254",0,NA,NA,NA,NA,NA
"PHJJKLOP_00255",0,NA,NA,NA,NA,NA
"PHJJKLOP_00256",0,NA,NA,NA,NA,NA
"PHJJKLOP_00257",0,NA,NA,NA,NA,NA
"PHJJKLOP_00259",11.2225111456581,0.289901437533148,3.34528211007541,0.0866597877231384,NA,NA
"PHJJKLOP_00260",0,NA,NA,NA,NA,NA
"PHJJKLOP_00261",0,NA,NA,NA,NA,NA
"PHJJKLOP_00262",0,NA,NA,NA,NA,NA
"PHJJKLOP_00263",0,NA,NA,NA,NA,NA
"PHJJKLOP_00264",0,NA,NA,NA,NA,NA
"PHJJKLOP_00265",0,NA,NA,NA,NA,NA
"PHJJKLOP_00267",0,NA,NA,NA,NA,NA
"PHJJKLOP_00269",50.2696493939223,-0.296548180645436,3.09951799379992,-0.0956755796348439,NA,NA
"PHJJKLOP_00270",0,NA,NA,NA,NA,NA
"PHJJKLOP_00271",0,NA,NA,NA,NA,NA
"PHJJKLOP_00272",0,NA,NA,NA,NA,NA
"PHJJKLOP_00273",0,NA,NA,NA,NA,NA
"PHJJKLOP_00275",0,NA,NA,NA,NA,NA
"PHJJKLOP_00276",0,NA,NA,NA,NA,NA
"PHJJKLOP_00277",0,NA,NA,NA,NA,NA
"PHJJKLOP_00279",0,NA,NA,NA,NA,NA
"PHJJKLOP_00280",0.435042986337358,-3.04966980987557,3.97230697558591,-0.767732662309097,0.442646027198841,NA
"PHJJKLOP_00281",0,NA,NA,NA,NA,NA
"PHJJKLOP_00282",0,NA,NA,NA,NA,NA
"PHJJKLOP_00283",0,NA,NA,NA,NA,NA
"PHJJKLOP_00284",0.108139148137396,0,4.08045587181216,0,1,NA
"PHJJKLOP_00285",0,NA,NA,NA,NA,NA
"PHJJKLOP_00286",5.29881825873239,0,4.08045587177792,0,NA,NA
"PHJJKLOP_00287",0,NA,NA,NA,NA,NA
"PHJJKLOP_00288",0,NA,NA,NA,NA,NA
"PHJJKLOP_00289",0,NA,NA,NA,NA,NA
"PHJJKLOP_00290",3.00108139194741,-1.38262856552631,3.77317908089016,-0.36643597769553,0.714039777496036,NA
"PHJJKLOP_00291",0,NA,NA,NA,NA,NA
"PHJJKLOP_00292",0,NA,NA,NA,NA,NA
"PHJJKLOP_00293",0,NA,NA,NA,NA,NA
"PHJJKLOP_00294",0,NA,NA,NA,NA,NA
"PHJJKLOP_00296",0,NA,NA,NA,NA,NA
"PHJJKLOP_00297",0,NA,NA,NA,NA,NA
"PHJJKLOP_00298",0,NA,NA,NA,NA,NA
"PHJJKLOP_00300",0,NA,NA,NA,NA,NA
"PHJJKLOP_00301",0,NA,NA,NA,NA,NA
"PHJJKLOP_00302",0,NA,NA,NA,NA,NA
"PHJJKLOP_00303",0,NA,NA,NA,NA,NA
"PHJJKLOP_00304",0,NA,NA,NA,NA,NA
"PHJJKLOP_00305",0,NA,NA,NA,NA,NA
"PHJJKLOP_00307",6.18868765504054,-1.99505943744002,2.61418455844761,-0.763167019326576,0.445363795083929,NA
"PHJJKLOP_00308",0,NA,NA,NA,NA,NA
"PHJJKLOP_00309",0,NA,NA,NA,NA,NA
"PHJJKLOP_00310",0,NA,NA,NA,NA,NA
"PHJJKLOP_00311",0,NA,NA,NA,NA,NA
"PHJJKLOP_00312",20.7947702098294,-6.19769383447432,3.62690092503557,-1.7088125544575,NA,NA
"PHJJKLOP_00313",0,NA,NA,NA,NA,NA
"PHJJKLOP_00316",0,NA,NA,NA,NA,NA
"PHJJKLOP_00317",0,NA,NA,NA,NA,NA
"PHJJKLOP_00318",0,NA,NA,NA,NA,NA
"PHJJKLOP_00319",2.33333063394858,0.791019859466965,4.07942776836474,0.193904612210856,0.846250572221191,NA
"PHJJKLOP_00320",0.205941589223709,-1.13982039984921,4.08045587181216,-0.27933653387189,0.779986571697145,NA
"PHJJKLOP_00321",0,NA,NA,NA,NA,NA
"PHJJKLOP_00322",0,NA,NA,NA,NA,NA
"PHJJKLOP_00323",0,NA,NA,NA,NA,NA
"PHJJKLOP_00324",0,NA,NA,NA,NA,NA
"PHJJKLOP_00325",3.92259643761531,6.03767783685896,3.91384257674382,1.54264708364487,0.122916427483095,NA
"PHJJKLOP_00326",0,NA,NA,NA,NA,NA
"PHJJKLOP_00328",1.30346250755967,0,4.0804558717813,0,1,NA
"PHJJKLOP_00331",0.117289237525283,-1.13981239276731,4.08045587181216,-0.27933457157107,0.779988077478814,NA
"PHJJKLOP_00332",0,NA,NA,NA,NA,NA
"PHJJKLOP_00336",0,NA,NA,NA,NA,NA
"PHJJKLOP_00337",0,NA,NA,NA,NA,NA
"PHJJKLOP_00338",0,NA,NA,NA,NA,NA
"PHJJKLOP_00340",2.54679979371906,2.77476483776512,3.82895966436699,0.724678523931083,0.46864927328762,NA
"PHJJKLOP_00342",0,NA,NA,NA,NA,NA
"PHJJKLOP_00343",0,NA,NA,NA,NA,NA
"PHJJKLOP_00344",0,NA,NA,NA,NA,NA
"PHJJKLOP_00346",0,NA,NA,NA,NA,NA
"PHJJKLOP_00347",0,NA,NA,NA,NA,NA
"PHJJKLOP_00349",0,NA,NA,NA,NA,NA
"PHJJKLOP_00350",0,NA,NA,NA,NA,NA
"PHJJKLOP_00352",0,NA,NA,NA,NA,NA
"PHJJKLOP_00354",0,NA,NA,NA,NA,NA
"PHJJKLOP_00355",0,NA,NA,NA,NA,NA
"PHJJKLOP_00357",1.88885241008888,3.78321815561807,3.94031463063899,0.960130981978096,0.336989297331132,NA
"PHJJKLOP_00360",10.0059886857592,-21.5305139107548,3.90962568315655,-5.50705250467138,NA,NA
"PHJJKLOP_00361",0,NA,NA,NA,NA,NA
"PHJJKLOP_00362",21.0205265284971,0.602052449525622,3.65681036564938,0.164638684899021,NA,NA
"PHJJKLOP_00363",57.1145260152724,0,4.08045587177691,0,NA,NA
"PHJJKLOP_00366",0,NA,NA,NA,NA,NA
"PHJJKLOP_00367",9.16224587060041,6.06628906245251,3.88776575283069,1.56035354188601,NA,NA
"PHJJKLOP_00368",0,NA,NA,NA,NA,NA
"PHJJKLOP_00369",0,NA,NA,NA,NA,NA
"PHJJKLOP_00372",0,NA,NA,NA,NA,NA
"PHJJKLOP_00373",0,NA,NA,NA,NA,NA
"PHJJKLOP_00375",6.75702532952696,-6.88652926512595,3.81899432889405,-1.80323107919363,NA,NA
"PHJJKLOP_00376",0,NA,NA,NA,NA,NA
"PHJJKLOP_00377",0,NA,NA,NA,NA,NA
"PHJJKLOP_00378",20.771610004382,19.2514819362248,3.88519067749102,4.95509320758924,NA,NA
"PHJJKLOP_00379",0,NA,NA,NA,NA,NA
"PHJJKLOP_00380",0,NA,NA,NA,NA,NA
"PHJJKLOP_00381",0,NA,NA,NA,NA,NA
"PHJJKLOP_00382",10.0179781311,-6.90831616891644,3.87745309865999,-1.78166337364697,NA,NA
"PHJJKLOP_00383",0,NA,NA,NA,NA,NA
"PHJJKLOP_00385",0,NA,NA,NA,NA,NA
"PHJJKLOP_00386",3.56628576849091,5.91200476424527,3.91448713489092,1.51028846449639,NA,NA
"PHJJKLOP_00388",1.22021905161423,-1.13984722560415,4.08045587178212,-0.279343108079325,0.779981526951133,NA
"PHJJKLOP_00389",0,NA,NA,NA,NA,NA
"PHJJKLOP_00390",0,NA,NA,NA,NA,NA
"PHJJKLOP_00391",0,NA,NA,NA,NA,NA
"PHJJKLOP_00392",0.175427558863639,0.779613644044106,4.07987230956664,0.19108775591237,0.848456840251175,NA
"PHJJKLOP_00419",0,NA,NA,NA,NA,NA
"PHJJKLOP_00420",0,NA,NA,NA,NA,NA
"PHJJKLOP_00421",0,NA,NA,NA,NA,NA
"PHJJKLOP_00422",6.92006501399167,-7.04131812104454,3.91090706922712,-1.8004309477075,NA,NA
"PHJJKLOP_00423",0,NA,NA,NA,NA,NA
"PHJJKLOP_00424",0,NA,NA,NA,NA,NA
"PHJJKLOP_00425",0,NA,NA,NA,NA,NA
"PHJJKLOP_00426",0,NA,NA,NA,NA,NA
"PHJJKLOP_00427",0,NA,NA,NA,NA,NA
"PHJJKLOP_00428",0,NA,NA,NA,NA,NA
"PHJJKLOP_00429",0,NA,NA,NA,NA,NA
"PHJJKLOP_00431",0,NA,NA,NA,NA,NA
"PHJJKLOP_00432",0,NA,NA,NA,NA,NA
"PHJJKLOP_00436",6.30661660562653,6.73199972143907,3.91113415964838,1.72123978535277,NA,NA
"PHJJKLOP_00437",0,NA,NA,NA,NA,NA
"PHJJKLOP_00438",0,NA,NA,NA,NA,NA
"PHJJKLOP_00439",0,NA,NA,NA,NA,NA
"PHJJKLOP_00440",0,NA,NA,NA,NA,NA
"PHJJKLOP_00441",3.49899735776467,5.88460908302534,3.91463521268091,1.50323306344432,NA,NA
"PHJJKLOP_00442",0.411883178447418,-1.91631060423662,4.04911540491286,-0.473266482331308,0.636023071801396,NA
"PHJJKLOP_00443",0,NA,NA,NA,NA,NA
"PHJJKLOP_00444",0,NA,NA,NA,NA,NA
"PHJJKLOP_00445",0,NA,NA,NA,NA,NA
"PHJJKLOP_00446",0,NA,NA,NA,NA,NA
"PHJJKLOP_00447",0,NA,NA,NA,NA,NA
"PHJJKLOP_00448",0,NA,NA,NA,NA,NA
"PHJJKLOP_00449",0,NA,NA,NA,NA,NA
"PHJJKLOP_00450",0,NA,NA,NA,NA,NA
"PHJJKLOP_00451",0,NA,NA,NA,NA,NA
"PHJJKLOP_00453",0,NA,NA,NA,NA,NA
"PHJJKLOP_00455",0,NA,NA,NA,NA,NA
"PHJJKLOP_00456",7.03735425151696,-7.06557464478798,3.91083783614965,-1.80666520597649,NA,NA
"PHJJKLOP_00457",0,NA,NA,NA,NA,NA
"PHJJKLOP_00458",4.30645828647959,6.18332899758274,3.9131622084816,1.5801361324048,NA,NA
"PHJJKLOP_00459",7.74108967666865,-7.2031259845844,3.91046648891659,-1.84201194537791,NA,NA
"PHJJKLOP_00460",0,NA,NA,NA,NA,NA
"PHJJKLOP_00461",0,NA,NA,NA,NA,NA
"PHJJKLOP_00462",0,NA,NA,NA,NA,NA
"PHJJKLOP_00465",0,NA,NA,NA,NA,NA
"PHJJKLOP_00466",0,NA,NA,NA,NA,NA
"PHJJKLOP_00467",0,NA,NA,NA,NA,NA
"PHJJKLOP_00468",0,NA,NA,NA,NA,NA
"PHJJKLOP_00469",0,NA,NA,NA,NA,NA
"PHJJKLOP_00470",0,NA,NA,NA,NA,NA
"PHJJKLOP_00471",0,NA,NA,NA,NA,NA
"PHJJKLOP_00473",0,NA,NA,NA,NA,NA
"PHJJKLOP_00474",0,NA,NA,NA,NA,NA
"PHJJKLOP_00475",0,NA,NA,NA,NA,NA
"PHJJKLOP_00476",0,NA,NA,NA,NA,NA
"PHJJKLOP_00477",1.51394807392354,0,4.08045587178068,0,1,NA
"PHJJKLOP_00478",0,NA,NA,NA,NA,NA
"PHJJKLOP_00479",0,NA,NA,NA,NA,NA
"PHJJKLOP_00480",0,NA,NA,NA,NA,NA
"PHJJKLOP_00481",0,NA,NA,NA,NA,NA
"PHJJKLOP_00482",0.586446187626413,-3.47471991681107,3.95568590385121,-0.878411481919766,0.379720455580377,NA
"PHJJKLOP_00483",0,NA,NA,NA,NA,NA
"PHJJKLOP_00485",0.269153642904975,2.22947824453929,4.00329604948485,0.556910659861436,0.577588471052497,NA
"PHJJKLOP_00486",0,NA,NA,NA,NA,NA
"PHJJKLOP_00487",6.99014245286502,0.929055595308095,3.59866054726579,0.258167054965487,0.79627798259259,NA
"PHJJKLOP_00488",0,NA,NA,NA,NA,NA
"PHJJKLOP_00489",0,NA,NA,NA,NA,NA
"PHJJKLOP_00492",0,NA,NA,NA,NA,NA
"PHJJKLOP_00493",0,NA,NA,NA,NA,NA
"PHJJKLOP_00494",1.10122803754974,-3.8573528656576,3.94434275293616,-0.97794565717855,0.32810120202063,NA
"PHJJKLOP_00495",0,NA,NA,NA,NA,NA
"PHJJKLOP_00496",0,NA,NA,NA,NA,NA
"PHJJKLOP_00497",0,NA,NA,NA,NA,NA
"PHJJKLOP_00498",0,NA,NA,NA,NA,NA
"PHJJKLOP_00499",6.19053378681441,6.70577581445309,3.91121460798728,1.71449958300905,NA,NA
"PHJJKLOP_00500",0,NA,NA,NA,NA,NA
"PHJJKLOP_00502",0,NA,NA,NA,NA,NA
"PHJJKLOP_00503",0,NA,NA,NA,NA,NA
"PHJJKLOP_00504",0,NA,NA,NA,NA,NA
"PHJJKLOP_00506",0,NA,NA,NA,NA,NA
"PHJJKLOP_00507",0,NA,NA,NA,NA,NA
"PHJJKLOP_00508",0,NA,NA,NA,NA,NA
"PHJJKLOP_00510",0,NA,NA,NA,NA,NA
"PHJJKLOP_00512",0,NA,NA,NA,NA,NA
"PHJJKLOP_00514",7.7164241351231,5.88462079517355,3.89073692150784,1.51246946629663,NA,NA
"PHJJKLOP_00515",0,NA,NA,NA,NA,NA
"PHJJKLOP_00516",0.134576821452487,1.44551817310542,4.04094949694375,0.357717455810495,0.720554768540228,NA
"PHJJKLOP_00517",0,NA,NA,NA,NA,NA
"PHJJKLOP_00518",0,NA,NA,NA,NA,NA
"PHJJKLOP_00519",0,NA,NA,NA,NA,NA
"PHJJKLOP_00521",0,NA,NA,NA,NA,NA
"PHJJKLOP_00523",0,NA,NA,NA,NA,NA
"PHJJKLOP_00525",0,NA,NA,NA,NA,NA
"PHJJKLOP_00526",0,NA,NA,NA,NA,NA
"PHJJKLOP_00527",0,NA,NA,NA,NA,NA
"PHJJKLOP_00529",0,NA,NA,NA,NA,NA
"PHJJKLOP_00530",0,NA,NA,NA,NA,NA
"PHJJKLOP_00531",6.21992690984133,1.46468564164465,3.60112214618051,0.406730341873616,0.684206052939025,NA
"PHJJKLOP_00532",0,NA,NA,NA,NA,NA
"PHJJKLOP_00533",0,NA,NA,NA,NA,NA
"PHJJKLOP_00534",0.74017251798868,3.65930186919599,3.94328966959563,0.927982008882253,0.353416902121372,NA
"PHJJKLOP_00535",0,NA,NA,NA,NA,NA
"PHJJKLOP_00537",0,NA,NA,NA,NA,NA
"PHJJKLOP_00538",0,NA,NA,NA,NA,NA
"PHJJKLOP_00539",0,NA,NA,NA,NA,NA
"PHJJKLOP_00540",0,NA,NA,NA,NA,NA
"PHJJKLOP_00543",0,NA,NA,NA,NA,NA
"PHJJKLOP_00544",0,NA,NA,NA,NA,NA
"PHJJKLOP_00545",0,NA,NA,NA,NA,NA
"PHJJKLOP_00547",28.310013977267,0,4.08045587177702,0,NA,NA
"PHJJKLOP_00548",0,NA,NA,NA,NA,NA
"PHJJKLOP_00549",0,NA,NA,NA,NA,NA
"PHJJKLOP_00551",0,NA,NA,NA,NA,NA
"PHJJKLOP_00552",0,NA,NA,NA,NA,NA
"PHJJKLOP_00553",0,NA,NA,NA,NA,NA
"PHJJKLOP_00554",0,NA,NA,NA,NA,NA
"PHJJKLOP_00555",0,NA,NA,NA,NA,NA
"PHJJKLOP_00556",0,NA,NA,NA,NA,NA
"PHJJKLOP_00558",0,NA,NA,NA,NA,NA
"PHJJKLOP_00559",0.226049984109622,-2.09709635743227,4.03261912610173,-0.520033331156543,0.603040343978267,NA
"PHJJKLOP_00560",0,NA,NA,NA,NA,NA
"PHJJKLOP_00562",3.89300933294625,0,4.08045587177832,0,1,NA
"PHJJKLOP_00563",0,NA,NA,NA,NA,NA
"PHJJKLOP_00564",0,NA,NA,NA,NA,NA
"PHJJKLOP_00565",0,NA,NA,NA,NA,NA
"PHJJKLOP_00566",0,NA,NA,NA,NA,NA
"PHJJKLOP_00567",0,NA,NA,NA,NA,NA
"PHJJKLOP_00568",0.785556316179093,3.20675006279617,3.95653327648746,0.810494905187063,0.417655792044078,NA
"PHJJKLOP_00569",0,NA,NA,NA,NA,NA
"PHJJKLOP_00570",14.2476578025485,-22.1829638777268,3.90877034879881,-5.67517707571225,NA,NA
"PHJJKLOP_00571",0,NA,NA,NA,NA,NA
"PHJJKLOP_00573",0.0672884107262436,0.779621651140326,4.07987230956868,0.19108971849728,0.848455302665211,NA
"PHJJKLOP_00574",0,NA,NA,NA,NA,NA
"PHJJKLOP_00575",0,NA,NA,NA,NA,NA
"PHJJKLOP_00576",1.0766145716199,4.19385457538719,3.93207026967626,1.06657671093261,0.286163021653445,NA
"PHJJKLOP_00577",10.0592500817584,5.57903537732735,3.51801962277446,1.58584544020465,0.112774374936712,NA
"PHJJKLOP_00578",0,NA,NA,NA,NA,NA
"PHJJKLOP_00579",0,NA,NA,NA,NA,NA
"PHJJKLOP_00580",0,NA,NA,NA,NA,NA
"PHJJKLOP_00581",3.0453009043615,-5.85761825507299,3.91618352186462,-1.49574661717692,0.134719697225522,NA
"PHJJKLOP_00582",0,NA,NA,NA,NA,NA
"PHJJKLOP_00583",0,NA,NA,NA,NA,NA
"PHJJKLOP_00584",0.195604882172626,-1.91629597114251,4.0491168225791,-0.473262702734747,0.636025767982145,NA
"PHJJKLOP_00586",2.12972258372512,0.791020471082753,4.07942776852922,0.193904762129897,0.84625045483086,NA
"PHJJKLOP_00588",0,NA,NA,NA,NA,NA
"PHJJKLOP_00590",0,NA,NA,NA,NA,NA
"PHJJKLOP_00592",1.4263793310058,3.35692930247585,3.95168319596313,0.849493528708258,0.395606729581534,NA
"PHJJKLOP_00595",0,NA,NA,NA,NA,NA
"PHJJKLOP_00596",4.10928762922104,0,4.08045587177824,0,1,NA
"PHJJKLOP_00598",3.24417444412187,0,4.08045587177862,0,1,NA
"PHJJKLOP_00599",7.73509199878675,-6.0924284314676,3.23480683899419,-1.88339790741939,0.0596464637351291,NA
"PHJJKLOP_00600",0.108139148137396,0,4.08045587181216,0,1,NA
"PHJJKLOP_00601",4.38093816832432,-0.771077298976637,3.63294960328947,-0.212245525860987,0.831915491213848,NA
"PHJJKLOP_00602",0,NA,NA,NA,NA,NA
"PHJJKLOP_00603",8.82693752186415,-3.32886363271174,2.86407905905271,-1.16228063683855,0.245121489259433,NA
"PHJJKLOP_00604",0,NA,NA,NA,NA,NA
"PHJJKLOP_00605",0,NA,NA,NA,NA,NA
"PHJJKLOP_00606",0,NA,NA,NA,NA,NA
"PHJJKLOP_00607",0.134576821452487,1.44551817310542,4.04094949694375,0.357717455810495,0.720554768540228,NA
"PHJJKLOP_00609",0,NA,NA,NA,NA,NA
"PHJJKLOP_00611",12.6127738530846,-1.25241602838941,3.61457036900121,-0.346490979710954,NA,NA
"PHJJKLOP_00612",2.48967119687101,5.39541894843975,3.91780922065906,1.377152036906,0.168465247127293,NA
"PHJJKLOP_00613",0,NA,NA,NA,NA,NA
"PHJJKLOP_00614",4.35456860864689,6.19854994736482,3.91309497438636,1.58405302910821,NA,NA
"PHJJKLOP_00616",2.81161785157229,0,4.0804558717789,0,1,NA
"PHJJKLOP_00617",8.1887049337934,-0.763075911357849,3.71373201193088,-0.205474145389695,0.837201696128486,NA
"PHJJKLOP_00618",0,NA,NA,NA,NA,NA
"PHJJKLOP_00628",0,NA,NA,NA,NA,NA
"PHJJKLOP_00629",0,NA,NA,NA,NA,NA
"PHJJKLOP_00630",0,NA,NA,NA,NA,NA
"PHJJKLOP_00631",2.25800851497652,-2.66895990822844,3.83177513617488,-0.696533542125533,0.486094758943177,NA
"PHJJKLOP_00632",0,NA,NA,NA,NA,NA
"PHJJKLOP_00633",0,NA,NA,NA,NA,NA
"PHJJKLOP_00634",0,NA,NA,NA,NA,NA
"PHJJKLOP_00635",0,NA,NA,NA,NA,NA
"PHJJKLOP_00636",0,NA,NA,NA,NA,NA
"PHJJKLOP_00637",0,NA,NA,NA,NA,NA
"PHJJKLOP_00638",6.30661660562653,6.73199972143907,3.91113415964838,1.72123978535277,NA,NA
"PHJJKLOP_00639",0,NA,NA,NA,NA,NA
"PHJJKLOP_00640",0,NA,NA,NA,NA,NA
"PHJJKLOP_00641",0,NA,NA,NA,NA,NA
"PHJJKLOP_00642",14.1623207944519,2.24536991656827,3.59516458186083,0.624552747292053,NA,NA
"PHJJKLOP_00643",3.7008625899434,5.96528575265222,3.91420703029582,1.52400874723312,NA,NA
"PHJJKLOP_00644",0,NA,NA,NA,NA,NA
"PHJJKLOP_00645",0,NA,NA,NA,NA,NA
"PHJJKLOP_00646",0,NA,NA,NA,NA,NA
"PHJJKLOP_00647",0,NA,NA,NA,NA,NA
"PHJJKLOP_00648",0,NA,NA,NA,NA,NA
"PHJJKLOP_00649",0,NA,NA,NA,NA,NA
"PHJJKLOP_00650",0.100266346735359,0,4.08045587181216,0,1,NA
"PHJJKLOP_00651",0,NA,NA,NA,NA,NA
"PHJJKLOP_00652",3.09526689340721,5.70831213784968,3.91565802837379,1.45781682069422,0.14489104060878,NA
"PHJJKLOP_00653",0,NA,NA,NA,NA,NA
"PHJJKLOP_00654",0,NA,NA,NA,NA,NA
"PHJJKLOP_00655",0,NA,NA,NA,NA,NA
"PHJJKLOP_00656",0,NA,NA,NA,NA,NA
"PHJJKLOP_00657",2.38557671431372,-2.04831713054602,3.43620165531818,-0.596099221178085,0.551108944440793,NA
"PHJJKLOP_00658",0,NA,NA,NA,NA,NA
"PHJJKLOP_00659",0.0750787691146016,0.79106248325425,4.07942777881524,0.193915060186209,0.846242391205189,NA
"PHJJKLOP_00662",1.29018161277811,-4.61569412628075,3.92902024277028,-1.17476974947482,0.240086845682555,NA
"PHJJKLOP_00663",0,NA,NA,NA,NA,NA
"PHJJKLOP_00664",1.30346250755967,0,4.0804558717813,0,1,NA
"PHJJKLOP_00665",0,NA,NA,NA,NA,NA
"PHJJKLOP_00666",0,NA,NA,NA,NA,NA
"PHJJKLOP_00667",0,NA,NA,NA,NA,NA
"PHJJKLOP_00669",0,NA,NA,NA,NA,NA
"PHJJKLOP_00671",0,NA,NA,NA,NA,NA
"PHJJKLOP_00672",0,NA,NA,NA,NA,NA
"PHJJKLOP_00673",0,NA,NA,NA,NA,NA
"PHJJKLOP_00675",0,NA,NA,NA,NA,NA
"PHJJKLOP_00676",0,NA,NA,NA,NA,NA
"PHJJKLOP_00677",0,NA,NA,NA,NA,NA
"PHJJKLOP_00679",0,NA,NA,NA,NA,NA
"PHJJKLOP_00681",0,NA,NA,NA,NA,NA
"PHJJKLOP_00682",0,NA,NA,NA,NA,NA
"PHJJKLOP_00683",0,NA,NA,NA,NA,NA
"PHJJKLOP_00684",0,NA,NA,NA,NA,NA
"PHJJKLOP_00685",0,NA,NA,NA,NA,NA
"PHJJKLOP_00688",0,NA,NA,NA,NA,NA
"PHJJKLOP_00689",0,NA,NA,NA,NA,NA
"PHJJKLOP_00690",0.652564479506037,-3.63487447151803,3.95057413835536,-0.920087649090732,0.357526958062014,NA
"PHJJKLOP_00691",0,NA,NA,NA,NA,NA
"PHJJKLOP_00692",0,NA,NA,NA,NA,NA
"PHJJKLOP_00693",0,NA,NA,NA,NA,NA
"PHJJKLOP_00694",1.19877865780999,-0.00568195709129963,3.67743471239483,-0.00154508714244431,0.998767199314458,NA
"PHJJKLOP_00695",0,NA,NA,NA,NA,NA
"PHJJKLOP_00696",0,NA,NA,NA,NA,NA
"PHJJKLOP_00697",0,NA,NA,NA,NA,NA
"PHJJKLOP_00698",0,NA,NA,NA,NA,NA
"PHJJKLOP_00699",0,NA,NA,NA,NA,NA
"PHJJKLOP_00700",0,NA,NA,NA,NA,NA
"PHJJKLOP_00701",0,NA,NA,NA,NA,NA
"PHJJKLOP_00702",0,NA,NA,NA,NA,NA
"PHJJKLOP_00703",0,NA,NA,NA,NA,NA
"PHJJKLOP_00704",0,NA,NA,NA,NA,NA
"PHJJKLOP_00705",0.538307285809949,3.20676673432326,3.95653327650319,0.810499118854227,0.417653371265359,NA
"PHJJKLOP_00706",0,NA,NA,NA,NA,NA
"PHJJKLOP_00707",0.324417444412187,0,4.08045587179485,0,1,NA
"PHJJKLOP_00708",0,NA,NA,NA,NA,NA
"PHJJKLOP_00709",0,NA,NA,NA,NA,NA
"PHJJKLOP_00710",0,NA,NA,NA,NA,NA
"PHJJKLOP_00711",0,NA,NA,NA,NA,NA
"PHJJKLOP_00712",0,NA,NA,NA,NA,NA
"PHJJKLOP_00713",0,NA,NA,NA,NA,NA
"PHJJKLOP_00714",0,NA,NA,NA,NA,NA
"PHJJKLOP_00715",0,NA,NA,NA,NA,NA
"PHJJKLOP_00716",0,NA,NA,NA,NA,NA
"PHJJKLOP_00717",0,NA,NA,NA,NA,NA
"PHJJKLOP_00718",0,NA,NA,NA,NA,NA
"PHJJKLOP_00719",0,NA,NA,NA,NA,NA
"PHJJKLOP_00720",0,NA,NA,NA,NA,NA
"PHJJKLOP_00721",0.150157538229203,1.54973611172409,4.03546640384888,0.384028996064992,0.700956956477574,NA
"PHJJKLOP_00722",0,NA,NA,NA,NA,NA
"PHJJKLOP_00723",0,NA,NA,NA,NA,NA
"PHJJKLOP_00724",0,NA,NA,NA,NA,NA
"PHJJKLOP_00725",0,NA,NA,NA,NA,NA
"PHJJKLOP_00726",0,NA,NA,NA,NA,NA
"PHJJKLOP_00727",0.0750787691146016,0.79106248325425,4.07942777881524,0.193915060186209,0.846242391205189,NA
"PHJJKLOP_00728",0,NA,NA,NA,NA,NA
"PHJJKLOP_00729",0.865113185099166,0,4.08045587178359,0,1,NA
"PHJJKLOP_00730",0,NA,NA,NA,NA,NA
"PHJJKLOP_00731",0,NA,NA,NA,NA,NA
"PHJJKLOP_00732",0,NA,NA,NA,NA,NA
"PHJJKLOP_00734",0,NA,NA,NA,NA,NA
"PHJJKLOP_00735",0,NA,NA,NA,NA,NA
"PHJJKLOP_00736",0,NA,NA,NA,NA,NA
"PHJJKLOP_00737",0,NA,NA,NA,NA,NA
"PHJJKLOP_00738",0,NA,NA,NA,NA,NA
"PHJJKLOP_00739",0,NA,NA,NA,NA,NA
"PHJJKLOP_00740",0,NA,NA,NA,NA,NA
"PHJJKLOP_00741",4.48403845948481,5.69925820037371,3.91571375158029,1.45548386882816,0.145535352832685,NA
"PHJJKLOP_00742",0,NA,NA,NA,NA,NA
"PHJJKLOP_00743",0,NA,NA,NA,NA,NA
"PHJJKLOP_00744",0,NA,NA,NA,NA,NA
"PHJJKLOP_00745",0,NA,NA,NA,NA,NA
"PHJJKLOP_00746",2.70347870343489,0,4.08045587177898,0,1,NA
"PHJJKLOP_00747",0,NA,NA,NA,NA,NA
"PHJJKLOP_00748",0,NA,NA,NA,NA,NA
"PHJJKLOP_00749",1.54038574723863,1.44548038403225,4.04094950061971,0.357708103951948,0.72056176780093,NA
"PHJJKLOP_00750",0,NA,NA,NA,NA,NA
"PHJJKLOP_00751",5.82877349773096,5.09429252432798,3.90877754387127,1.30329558721384,0.192473867057158,NA
"PHJJKLOP_00752",35.4796032473335,-2.1431366790355,2.57347500598228,-0.832779286394303,NA,NA
"PHJJKLOP_00754",0,NA,NA,NA,NA,NA
"PHJJKLOP_00755",0.217521493168679,-2.04895068473708,4.03681898323332,-0.507565658318411,0.611757979465445,NA
"PHJJKLOP_00757",0,NA,NA,NA,NA,NA
"PHJJKLOP_00758",10.3945083557096,-2.54300917954804,2.91357628995562,-0.872813658017094,0.382764653902867,NA
"PHJJKLOP_00759",16.637894986368,-1.5442288443794,3.69613749364464,-0.417795292257023,NA,NA
"PHJJKLOP_00761",0,NA,NA,NA,NA,NA
"PHJJKLOP_00762",0,NA,NA,NA,NA,NA
"PHJJKLOP_00764",0,NA,NA,NA,NA,NA
"PHJJKLOP_00765",0,NA,NA,NA,NA,NA
"PHJJKLOP_00766",0,NA,NA,NA,NA,NA
"PHJJKLOP_00767",0,NA,NA,NA,NA,NA
"PHJJKLOP_00770",0,NA,NA,NA,NA,NA
"PHJJKLOP_00773",0,NA,NA,NA,NA,NA
"PHJJKLOP_00774",0,NA,NA,NA,NA,NA
"PHJJKLOP_00775",0,NA,NA,NA,NA,NA
"PHJJKLOP_00776",0,NA,NA,NA,NA,NA
"PHJJKLOP_00777",0.646918357232266,-1.70023161627249,3.99193353117958,-0.425916815245691,0.670168461619764,NA
"PHJJKLOP_00778",0,NA,NA,NA,NA,NA
"PHJJKLOP_00779",0.201865232178731,1.88471819087237,4.02010923165221,0.468822631990468,0.639196421490392,NA
"PHJJKLOP_00780",0,NA,NA,NA,NA,NA
"PHJJKLOP_00782",0.176049157310583,-0.18214473403812,4.0798720645394,-0.0446447170785694,0.96439049909833,NA
"PHJJKLOP_00784",6.21632958883998,-6.88653452543059,3.91137732076933,-1.76064183040159,NA,NA
"PHJJKLOP_00785",0,NA,NA,NA,NA,NA
"PHJJKLOP_00786",0,NA,NA,NA,NA,NA
"PHJJKLOP_00787",24.7249030369144,0,4.08045587177705,0,NA,NA
"PHJJKLOP_00789",0,NA,NA,NA,NA,NA
"PHJJKLOP_00790",0,NA,NA,NA,NA,NA
"PHJJKLOP_00791",7.76486632966059,0.997654896758802,3.60304884287716,0.276891860273018,0.781863142895383,NA
"PHJJKLOP_00792",0,NA,NA,NA,NA,NA
"PHJJKLOP_00793",0,NA,NA,NA,NA,NA
"PHJJKLOP_00794",0,NA,NA,NA,NA,NA
"PHJJKLOP_00795",0,NA,NA,NA,NA,NA
"PHJJKLOP_00796",7.21917696494587,0,4.08045587177762,0,NA,NA
"PHJJKLOP_00797",0.108139148137396,0,4.08045587181216,0,1,NA
"PHJJKLOP_00798",7.39573076773508,-7.13775678277597,3.91063856013158,-1.82521515937178,NA,NA
"PHJJKLOP_00799",0,NA,NA,NA,NA,NA
"PHJJKLOP_00801",0,NA,NA,NA,NA,NA
"PHJJKLOP_00802",5.89857769004712,0.494100709810991,3.28061210497962,0.150612353426667,0.880281515937051,NA
"PHJJKLOP_00803",0,NA,NA,NA,NA,NA
"PHJJKLOP_00804",0,NA,NA,NA,NA,NA
"PHJJKLOP_00805",0,NA,NA,NA,NA,NA
"PHJJKLOP_00806",0,NA,NA,NA,NA,NA
"PHJJKLOP_00807",4.41437083572413,6.2181328810225,3.6922427842518,1.68410726064498,0.0921609414277469,NA
"PHJJKLOP_00808",0,NA,NA,NA,NA,NA
"PHJJKLOP_00809",0,NA,NA,NA,NA,NA
"PHJJKLOP_00811",0,NA,NA,NA,NA,NA
"PHJJKLOP_00812",0,NA,NA,NA,NA,NA
"PHJJKLOP_00813",0,NA,NA,NA,NA,NA
"PHJJKLOP_00815",0,NA,NA,NA,NA,NA
"PHJJKLOP_00816",0.170547671200666,0.791062483254251,4.07942777881524,0.193915060186209,0.846242391205189,NA
"PHJJKLOP_00817",0,NA,NA,NA,NA,NA
"PHJJKLOP_00820",1.71483917442631,3.05163604839597,3.96208222921802,0.77021017531942,0.441175228979226,NA
"PHJJKLOP_00821",0,NA,NA,NA,NA,NA
"PHJJKLOP_00822",0,NA,NA,NA,NA,NA
"PHJJKLOP_00823",0,NA,NA,NA,NA,NA
"PHJJKLOP_00824",0,NA,NA,NA,NA,NA
"PHJJKLOP_00825",0,NA,NA,NA,NA,NA
"PHJJKLOP_00826",0,NA,NA,NA,NA,NA
"PHJJKLOP_00828",0,NA,NA,NA,NA,NA
"PHJJKLOP_00830",0,NA,NA,NA,NA,NA
"PHJJKLOP_00831",0,NA,NA,NA,NA,NA
"PHJJKLOP_00832",15.8962727319384,-0.495135783898352,3.26424731706913,-0.151684518911673,NA,NA
"PHJJKLOP_00833",0,NA,NA,NA,NA,NA
"PHJJKLOP_00834",0,NA,NA,NA,NA,NA
"PHJJKLOP_00835",0,NA,NA,NA,NA,NA
"PHJJKLOP_00836",0.123624515184572,0,4.08045587181216,0,1,NA
"PHJJKLOP_00837",0.234578475050565,-2.14407897737494,4.02864949284524,-0.5322078729318,0.594582030774707,NA
"PHJJKLOP_00838",0,NA,NA,NA,NA,NA
"PHJJKLOP_00840",0,NA,NA,NA,NA,NA
"PHJJKLOP_00841",0,NA,NA,NA,NA,NA
"PHJJKLOP_00842",0,NA,NA,NA,NA,NA
"PHJJKLOP_00843",0,NA,NA,NA,NA,NA
"PHJJKLOP_00844",0,NA,NA,NA,NA,NA
"PHJJKLOP_00845",6.35715867061035,-6.92018689421732,3.91127075111223,-1.76929374992755,NA,NA
"PHJJKLOP_00847",0,NA,NA,NA,NA,NA
"PHJJKLOP_00849",7.44402319148385,5.81490487114794,3.59076571622372,1.61940525522876,0.105360096870636,NA
"PHJJKLOP_00850",0,NA,NA,NA,NA,NA
"PHJJKLOP_00852",0,NA,NA,NA,NA,NA
"PHJJKLOP_00853",0,NA,NA,NA,NA,NA
"PHJJKLOP_00854",0,NA,NA,NA,NA,NA
"PHJJKLOP_00855",0,NA,NA,NA,NA,NA
"PHJJKLOP_00857",0,NA,NA,NA,NA,NA
"PHJJKLOP_00858",0,NA,NA,NA,NA,NA
"PHJJKLOP_00861",0,NA,NA,NA,NA,NA
"PHJJKLOP_00862",2.42238278614477,5.35606250005212,3.91811408706604,1.36700013859546,0.171625262068259,NA
"PHJJKLOP_00864",0,NA,NA,NA,NA,NA
"PHJJKLOP_00866",0,NA,NA,NA,NA,NA
"PHJJKLOP_00867",0,NA,NA,NA,NA,NA
"PHJJKLOP_00868",1.97799224295316,0,4.08045587177978,0,1,NA
"PHJJKLOP_00869",5.46182895968979,-5.97227506089822,3.52664984810473,-1.69346981359882,0.0903660759887512,NA
"PHJJKLOP_00870",0,NA,NA,NA,NA,NA
"PHJJKLOP_00871",0,NA,NA,NA,NA,NA
"PHJJKLOP_00872",0,NA,NA,NA,NA,NA
"PHJJKLOP_00873",0,NA,NA,NA,NA,NA
"PHJJKLOP_00874",0,NA,NA,NA,NA,NA
"PHJJKLOP_00876",0,NA,NA,NA,NA,NA
"PHJJKLOP_00877",0,NA,NA,NA,NA,NA
"PHJJKLOP_00878",0,NA,NA,NA,NA,NA
"PHJJKLOP_00879",0,NA,NA,NA,NA,NA
"PHJJKLOP_00882",0,NA,NA,NA,NA,NA
"PHJJKLOP_00884",0.825866460260617,3.81148468681971,3.93967124464252,0.967462625721087,0.333312816171783,NA
"PHJJKLOP_00886",0,NA,NA,NA,NA,NA
"PHJJKLOP_00887",0,NA,NA,NA,NA,NA
"PHJJKLOP_00888",0,NA,NA,NA,NA,NA
"PHJJKLOP_00889",0,NA,NA,NA,NA,NA
"PHJJKLOP_00890",0,NA,NA,NA,NA,NA
"PHJJKLOP_00891",0,NA,NA,NA,NA,NA
"PHJJKLOP_00892",0,NA,NA,NA,NA,NA
"PHJJKLOP_00893",0,NA,NA,NA,NA,NA
"PHJJKLOP_00894",0,NA,NA,NA,NA,NA
"PHJJKLOP_00895",0,NA,NA,NA,NA,NA
"PHJJKLOP_00896",0,NA,NA,NA,NA,NA
"PHJJKLOP_00898",0,NA,NA,NA,NA,NA
"PHJJKLOP_00899",0,NA,NA,NA,NA,NA
"PHJJKLOP_00900",0,NA,NA,NA,NA,NA
"PHJJKLOP_00901",0,NA,NA,NA,NA,NA
"PHJJKLOP_00903",0,NA,NA,NA,NA,NA
"PHJJKLOP_00904",0,NA,NA,NA,NA,NA
"PHJJKLOP_00905",0,NA,NA,NA,NA,NA
"PHJJKLOP_00906",0,NA,NA,NA,NA,NA
"PHJJKLOP_00907",0,NA,NA,NA,NA,NA
"PHJJKLOP_00908",2.16278296274791,0,4.08045587177952,0,1,NA
"PHJJKLOP_00909",0,NA,NA,NA,NA,NA
"PHJJKLOP_00911",0,NA,NA,NA,NA,NA
"PHJJKLOP_00912",0,NA,NA,NA,NA,NA
"PHJJKLOP_00914",0,NA,NA,NA,NA,NA
"PHJJKLOP_00915",13.6595813244581,0,3.79512910349975,0,NA,NA
"PHJJKLOP_00916",0,NA,NA,NA,NA,NA
"PHJJKLOP_00917",5.56797190163736,2.23222408567619,3.89167213930403,0.573589964871859,NA,NA
"PHJJKLOP_00918",0,NA,NA,NA,NA,NA
"PHJJKLOP_00919",0,NA,NA,NA,NA,NA
"PHJJKLOP_00920",1.95136391106107,5.04564012689406,3.92083091907466,1.28688031466679,0.19813600758058,NA
"PHJJKLOP_00921",7.49765393140304,-6.90830616241634,3.85118875112807,-1.79381136808545,NA,NA
"PHJJKLOP_00922",0,NA,NA,NA,NA,NA
"PHJJKLOP_00923",0,NA,NA,NA,NA,NA
"PHJJKLOP_00924",0,NA,NA,NA,NA,NA
"PHJJKLOP_00927",1.61492185742985,4.77423758648387,3.92372998462003,1.21675997206678,0.223695553730283,NA
"PHJJKLOP_00930",0,NA,NA,NA,NA,NA
"PHJJKLOP_00931",0,NA,NA,NA,NA,NA
"PHJJKLOP_00933",0,NA,NA,NA,NA,NA
"PHJJKLOP_00934",0.0672884107262436,0.779621651140326,4.07987230956868,0.19108971849728,0.848455302665211,NA
"PHJJKLOP_00935",6.31677984432764,0,4.08045587177774,0,NA,NA
"PHJJKLOP_00936",0,NA,NA,NA,NA,NA
"PHJJKLOP_00937",3.24417444412187,0,4.08045587177862,0,1,NA
"PHJJKLOP_00939",0,NA,NA,NA,NA,NA
"PHJJKLOP_00941",0,NA,NA,NA,NA,NA
"PHJJKLOP_00942",0,NA,NA,NA,NA,NA
"PHJJKLOP_00943",0,NA,NA,NA,NA,NA
"PHJJKLOP_00945",0.0672884107262436,0.779621651140326,4.07987230956868,0.19108971849728,0.848455302665211,NA
"PHJJKLOP_00946",0,NA,NA,NA,NA,NA
"PHJJKLOP_00947",0,NA,NA,NA,NA,NA
"PHJJKLOP_00948",0,NA,NA,NA,NA,NA
"PHJJKLOP_00949",0,NA,NA,NA,NA,NA
"PHJJKLOP_00951",5.79026053303008,0.790850065099269,3.92159755583004,0.201665278968657,NA,NA
"PHJJKLOP_00952",0,NA,NA,NA,NA,NA
"PHJJKLOP_00954",0,NA,NA,NA,NA,NA
"PHJJKLOP_00955",0,NA,NA,NA,NA,NA
"PHJJKLOP_00959",15.9862747364727,-22.3327931997438,3.79715010381839,-5.88146177768587,NA,NA
"PHJJKLOP_00960",13.4685078364415,-7.46124355320649,3.58743174970183,-2.07982871139685,NA,NA
"PHJJKLOP_00961",0,NA,NA,NA,NA,NA
"PHJJKLOP_00962",0,NA,NA,NA,NA,NA
"PHJJKLOP_00963",0,NA,NA,NA,NA,NA
"PHJJKLOP_00964",0,NA,NA,NA,NA,NA
"PHJJKLOP_00967",0,NA,NA,NA,NA,NA
"PHJJKLOP_00968",0,NA,NA,NA,NA,NA
"PHJJKLOP_00969",0,NA,NA,NA,NA,NA
"PHJJKLOP_00971",0,NA,NA,NA,NA,NA
"PHJJKLOP_00972",0.283566707001035,0.779606383423715,4.07987230955646,0.191085976293329,0.848458234493137,NA
"PHJJKLOP_00974",0,NA,NA,NA,NA,NA
"PHJJKLOP_00976",3.15053069491442,5.57752445785713,3.91650110320856,1.42410899700444,0.154414922389401,NA
"PHJJKLOP_00978",0,NA,NA,NA,NA,NA
"PHJJKLOP_00979",0,NA,NA,NA,NA,NA
"PHJJKLOP_00981",0,NA,NA,NA,NA,NA
"PHJJKLOP_00982",0,NA,NA,NA,NA,NA
"PHJJKLOP_00983",0,NA,NA,NA,NA,NA
"PHJJKLOP_00984",0,NA,NA,NA,NA,NA
"PHJJKLOP_00986",21.6959399866896,-0.768407501515815,2.52672117337462,-0.304112503434461,NA,NA
"PHJJKLOP_00988",0,NA,NA,NA,NA,NA
"PHJJKLOP_00992",39.4293795819823,1.06869623290317,2.30573266886496,0.463495290383882,NA,NA
"PHJJKLOP_00993",0,NA,NA,NA,NA,NA
"PHJJKLOP_00994",0,NA,NA,NA,NA,NA
"PHJJKLOP_00995",0,NA,NA,NA,NA,NA
"PHJJKLOP_00996",0,NA,NA,NA,NA,NA
"PHJJKLOP_00997",0,NA,NA,NA,NA,NA
"PHJJKLOP_00998",0,NA,NA,NA,NA,NA
"PHJJKLOP_00999",0,NA,NA,NA,NA,NA
"PHJJKLOP_01001",0,NA,NA,NA,NA,NA
"PHJJKLOP_01002",0,NA,NA,NA,NA,NA
"PHJJKLOP_01003",0,NA,NA,NA,NA,NA
"PHJJKLOP_01004",14.9331739900641,-7.32873934163854,3.88916613432052,-1.8843986316154,NA,NA
"PHJJKLOP_01005",0,NA,NA,NA,NA,NA
"PHJJKLOP_01007",4.70679092247967,6.30666666867003,3.63478541015169,1.73508638255672,0.0827255059118216,NA
"PHJJKLOP_01010",2.48967119687101,5.39541894843975,3.91780922065906,1.377152036906,0.168465247127293,NA
"PHJJKLOP_01011",0.0672884107262436,0.779621651140326,4.07987230956868,0.19108971849728,0.848455302665211,NA
"PHJJKLOP_01012",0,NA,NA,NA,NA,NA
"PHJJKLOP_01013",20.2288051970113,-1.43564022343236,3.7085968723903,-0.387111425919704,NA,NA
"PHJJKLOP_01014",0,NA,NA,NA,NA,NA
"PHJJKLOP_01015",0.134576821452487,1.44551817310542,4.04094949694375,0.357717455810495,0.720554768540228,NA
"PHJJKLOP_01016",0,NA,NA,NA,NA,NA
"PHJJKLOP_01018",0,NA,NA,NA,NA,NA
"PHJJKLOP_01019",0,NA,NA,NA,NA,NA
"PHJJKLOP_01020",0,NA,NA,NA,NA,NA
"PHJJKLOP_01021",8.10773452957294,-0.451026809956086,2.4566569755465,-0.183593726940959,0.854332184648167,NA
"PHJJKLOP_01023",0.170547671200666,0.791062483254251,4.07942777881524,0.193915060186209,0.846242391205189,NA
"PHJJKLOP_01024",0,NA,NA,NA,NA,NA
"PHJJKLOP_01025",8.61885020050723,-1.36552583969811,3.70716301391068,-0.368347934680547,NA,NA
"PHJJKLOP_01026",0,NA,NA,NA,NA,NA
"PHJJKLOP_01028",0,NA,NA,NA,NA,NA
"PHJJKLOP_01029",5.62578882768937,6.54035417519288,3.75282803509853,1.74278014180875,NA,NA
"PHJJKLOP_01030",5.54679807580131,-6.72271548463493,3.91193308410275,-1.71851494902983,NA,NA
"PHJJKLOP_01032",0,NA,NA,NA,NA,NA
"PHJJKLOP_01033",0,NA,NA,NA,NA,NA
"PHJJKLOP_01034",5.5425872218508,3.46463710731326,3.09928654989995,1.11788214853031,0.263617330226985,NA
"PHJJKLOP_01035",0,NA,NA,NA,NA,NA
"PHJJKLOP_01037",0,NA,NA,NA,NA,NA
"PHJJKLOP_01038",0,NA,NA,NA,NA,NA
"PHJJKLOP_01039",0,NA,NA,NA,NA,NA
"PHJJKLOP_01041",0,NA,NA,NA,NA,NA
"PHJJKLOP_01042",0,NA,NA,NA,NA,NA
"PHJJKLOP_01043",0,NA,NA,NA,NA,NA
"PHJJKLOP_01044",0,NA,NA,NA,NA,NA
"PHJJKLOP_01045",0,NA,NA,NA,NA,NA
"PHJJKLOP_01047",3.30421918917505,-4.18043899989658,3.86217462660741,-1.08240548500748,0.279072392119301,NA
"PHJJKLOP_01048",13.5129496737299,-21.7402394184559,3.52410390259674,-6.16901204372452,NA,NA
"PHJJKLOP_01050",3.74649023710861,5.43369336224974,3.91752028162036,1.38702367100503,0.165434544972662,NA
"PHJJKLOP_01051",0,NA,NA,NA,NA,NA
"PHJJKLOP_01052",0,NA,NA,NA,NA,NA
"PHJJKLOP_01053",4.244642506089,1.93431948297372,3.76745944340642,0.513428083840173,NA,NA
"PHJJKLOP_01054",0,NA,NA,NA,NA,NA
"PHJJKLOP_01055",13.0048014752233,-3.51198716517401,3.59150867380241,-0.977858466775132,NA,NA
"PHJJKLOP_01056",4.85260953352914,-0.761249604143675,3.29210129805686,-0.231235170252203,0.817132108379742,NA
"PHJJKLOP_01057",3.91538687703622,-6.22020334844017,3.914089675948,-1.58918263591741,0.11201916553156,NA
"PHJJKLOP_01058",0,NA,NA,NA,NA,NA
"PHJJKLOP_01059",7.65023750948757,-2.58999649417561,2.5961044656009,-0.997647255144689,0.318450438022944,NA
"PHJJKLOP_01060",0,NA,NA,NA,NA,NA
"PHJJKLOP_01061",0.200532693470719,0,4.08045587180566,0,1,NA
"PHJJKLOP_01063",0,NA,NA,NA,NA,NA
"PHJJKLOP_01064",0,NA,NA,NA,NA,NA
"PHJJKLOP_01065",15.0265862803103,-22.0675053196862,3.85061844649765,-5.73089897799606,NA,NA
"PHJJKLOP_01066",0,NA,NA,NA,NA,NA
"PHJJKLOP_01067",0,NA,NA,NA,NA,NA
"PHJJKLOP_01068",0,NA,NA,NA,NA,NA
"PHJJKLOP_01069",1.73022637019833,0,4.0804558717802,0,1,NA
"PHJJKLOP_01071",0,NA,NA,NA,NA,NA
"PHJJKLOP_01072",10.0336683180441,6.22010171764268,3.5830117041853,1.7359981577445,NA,NA
"PHJJKLOP_01074",0,NA,NA,NA,NA,NA
"PHJJKLOP_01076",0,NA,NA,NA,NA,NA
"PHJJKLOP_01077",0,NA,NA,NA,NA,NA
"PHJJKLOP_01079",0,NA,NA,NA,NA,NA
"PHJJKLOP_01080",29.2331566811396,-8.79445747430784,3.55398372577243,-2.47453510001553,NA,NA
"PHJJKLOP_01081",7.66391937709887,-1.62777230382691,3.2382889149614,-0.502664322601465,0.615200297488104,NA
"PHJJKLOP_01082",16.6399000772687,0.898158901402351,3.3495631597996,0.268142100492915,NA,NA
"PHJJKLOP_01083",0,NA,NA,NA,NA,NA
"PHJJKLOP_01084",0,NA,NA,NA,NA,NA
"PHJJKLOP_01086",0,NA,NA,NA,NA,NA
"PHJJKLOP_01088",0,NA,NA,NA,NA,NA
"PHJJKLOP_01089",0,NA,NA,NA,NA,NA
"PHJJKLOP_01090",0,NA,NA,NA,NA,NA
"PHJJKLOP_01091",0,NA,NA,NA,NA,NA
"PHJJKLOP_01092",0,NA,NA,NA,NA,NA
"PHJJKLOP_01093",0,NA,NA,NA,NA,NA
"PHJJKLOP_01094",0,NA,NA,NA,NA,NA
"PHJJKLOP_01096",0,NA,NA,NA,NA,NA
"PHJJKLOP_01097",0,NA,NA,NA,NA,NA
"PHJJKLOP_01098",0.300799040206078,0,4.08045587179613,0,1,NA
"PHJJKLOP_01099",0,NA,NA,NA,NA,NA
"PHJJKLOP_01100",0,NA,NA,NA,NA,NA
"PHJJKLOP_01101",5.1384166788157,6.40648034275238,3.77332361258119,1.69783485344104,NA,NA
"PHJJKLOP_01104",0,NA,NA,NA,NA,NA
"PHJJKLOP_01106",7.97379715371504,-7.1128987713798,3.81369544895331,-1.86509354682005,NA,NA
"PHJJKLOP_01107",0,NA,NA,NA,NA,NA
"PHJJKLOP_01108",0,NA,NA,NA,NA,NA
"PHJJKLOP_01110",0.234578475050565,-2.14407897737494,4.02864949284524,-0.5322078729318,0.594582030774707,NA
"PHJJKLOP_01112",0,NA,NA,NA,NA,NA
"PHJJKLOP_01113",0,NA,NA,NA,NA,NA
"PHJJKLOP_01114",0,NA,NA,NA,NA,NA
"PHJJKLOP_01115",0.638498181773292,-1.13983864631473,4.08045587178764,-0.279341005546854,0.779983140337351,NA
"PHJJKLOP_01117",4.55064318127807,5.47268616545959,3.58593616343325,1.5261527021217,0.126971839517601,NA
"PHJJKLOP_01118",0,NA,NA,NA,NA,NA
"PHJJKLOP_01119",14.2540779353256,0.0573028526884861,3.60167307364805,0.0159100649938906,NA,NA
"PHJJKLOP_01120",0,NA,NA,NA,NA,NA
"PHJJKLOP_01121",0,NA,NA,NA,NA,NA
"PHJJKLOP_01122",0,NA,NA,NA,NA,NA
"PHJJKLOP_01124",0,NA,NA,NA,NA,NA
"PHJJKLOP_01125",0,NA,NA,NA,NA,NA
"PHJJKLOP_01126",0,NA,NA,NA,NA,NA
"PHJJKLOP_01127",0,NA,NA,NA,NA,NA
"PHJJKLOP_01128",0,NA,NA,NA,NA,NA
"PHJJKLOP_01129",0,NA,NA,NA,NA,NA
"PHJJKLOP_01130",0,NA,NA,NA,NA,NA
"PHJJKLOP_01131",3.69786538386754,-6.13773831344318,3.91452085266799,-1.56794114642663,0.116894868008004,NA
"PHJJKLOP_01132",7.17395554559985,1.28761603444729,2.57976640175643,0.499121173750702,0.617694021849753,NA
"PHJJKLOP_01133",0,NA,NA,NA,NA,NA
"PHJJKLOP_01134",10.7284991006834,0,4.08045587177736,0,NA,NA
"PHJJKLOP_01135",7.62859040473242,-7.18309974978325,3.91051837881527,-1.83686638290636,NA,NA
"PHJJKLOP_01138",0,NA,NA,NA,NA,NA
"PHJJKLOP_01139",0,NA,NA,NA,NA,NA
"PHJJKLOP_01140",2.82777941119283,-5.75069725921138,3.91690805687021,-1.46817264426841,0.142057332967042,NA
"PHJJKLOP_01141",0,NA,NA,NA,NA,NA
"PHJJKLOP_01142",0,NA,NA,NA,NA,NA
"PHJJKLOP_01143",0,NA,NA,NA,NA,NA
"PHJJKLOP_01144",0,NA,NA,NA,NA,NA
"PHJJKLOP_01145",0,NA,NA,NA,NA,NA
"PHJJKLOP_01146",0,NA,NA,NA,NA,NA
"PHJJKLOP_01147",0,NA,NA,NA,NA,NA
"PHJJKLOP_01148",0,NA,NA,NA,NA,NA
"PHJJKLOP_01149",0,NA,NA,NA,NA,NA
"PHJJKLOP_01150",0,NA,NA,NA,NA,NA
"PHJJKLOP_01151",0.283566707001035,0.779606383423715,4.07987230955646,0.191085976293329,0.848458234493137,NA
"PHJJKLOP_01152",0,NA,NA,NA,NA,NA
"PHJJKLOP_01153",0,NA,NA,NA,NA,NA
"PHJJKLOP_01155",0,NA,NA,NA,NA,NA
"PHJJKLOP_01156",0,NA,NA,NA,NA,NA
"PHJJKLOP_01157",10.2193334751059,-0.0285352873536685,3.18691380741091,-0.008953893665813,0.992855921944528,NA
"PHJJKLOP_01160",0,NA,NA,NA,NA,NA
"PHJJKLOP_01161",0,NA,NA,NA,NA,NA
"PHJJKLOP_01165",0,NA,NA,NA,NA,NA
"PHJJKLOP_01166",0,NA,NA,NA,NA,NA
"PHJJKLOP_01167",0,NA,NA,NA,NA,NA
"PHJJKLOP_01168",9.76150159796219,0.484203855044614,3.26128838681543,0.148470112916763,NA,NA
"PHJJKLOP_01169",0,NA,NA,NA,NA,NA
"PHJJKLOP_01172",0,NA,NA,NA,NA,NA
"PHJJKLOP_01173",3.50883724176157,0.00310135893338552,3.75845608227695,0.000825168331222499,0.999341611003171,NA
"PHJJKLOP_01174",0,NA,NA,NA,NA,NA
"PHJJKLOP_01175",14.97417351561,-7.40789384658896,3.88551048062928,-1.90654326722835,NA,NA
"PHJJKLOP_01176",0,NA,NA,NA,NA,NA
"PHJJKLOP_01178",0,NA,NA,NA,NA,NA
"PHJJKLOP_01180",0,NA,NA,NA,NA,NA
"PHJJKLOP_01181",0,NA,NA,NA,NA,NA
"PHJJKLOP_01182",0,NA,NA,NA,NA,NA
"PHJJKLOP_01183",0,NA,NA,NA,NA,NA
"PHJJKLOP_01186",0,NA,NA,NA,NA,NA
"PHJJKLOP_01187",0,NA,NA,NA,NA,NA
"PHJJKLOP_01189",5.40602688229438,-2.08478920779631,2.4338952414632,-0.856564889186845,0.391685396940594,NA
"PHJJKLOP_01190",4.64998336990802,0,4.08045587177807,0,1,NA
"PHJJKLOP_01191",0,NA,NA,NA,NA,NA
"PHJJKLOP_01192",23.5976598774093,1.55695160434052,3.32664150064715,0.468025064930391,NA,NA
"PHJJKLOP_01193",0,NA,NA,NA,NA,NA
"PHJJKLOP_01196",0.100266346735359,0,4.08045587181216,0,1,NA
"PHJJKLOP_01197",0,NA,NA,NA,NA,NA
"PHJJKLOP_01198",11.6308962213017,0,4.08045587177731,0,NA,NA
"PHJJKLOP_01200",4.69798835630433,-6.4824667529231,3.63171066138828,-1.78496233795372,0.0742674260005822,NA
"PHJJKLOP_01201",0,NA,NA,NA,NA,NA
"PHJJKLOP_01203",0.0978024410863131,-1.13981239276731,4.08045587181216,-0.27933457157107,0.779988077478814,NA
"PHJJKLOP_01204",0,NA,NA,NA,NA,NA
"PHJJKLOP_01206",0,NA,NA,NA,NA,NA
"PHJJKLOP_01208",4.3000884470372,0.864890116821995,3.38620898792841,0.255415457198674,0.79840223350232,NA
"PHJJKLOP_01209",0,NA,NA,NA,NA,NA
"PHJJKLOP_01210",3.63357417921716,5.93889177041161,3.91434450064229,1.5172123377074,NA,NA
"PHJJKLOP_01211",3.56628576849091,5.91200476424527,3.91448713489092,1.51028846449639,NA,NA
"PHJJKLOP_01212",0,NA,NA,NA,NA,NA
"PHJJKLOP_01213",0,NA,NA,NA,NA,NA
"PHJJKLOP_01215",0,NA,NA,NA,NA,NA
"PHJJKLOP_01217",0,NA,NA,NA,NA,NA
"PHJJKLOP_01218",0,NA,NA,NA,NA,NA
"PHJJKLOP_01219",3.56628576849091,5.91200476424527,3.91448713489092,1.51028846449639,NA,NA
"PHJJKLOP_01222",0,NA,NA,NA,NA,NA
"PHJJKLOP_01223",0,NA,NA,NA,NA,NA
"PHJJKLOP_01224",0,NA,NA,NA,NA,NA
"PHJJKLOP_01225",0,NA,NA,NA,NA,NA
"PHJJKLOP_01226",0,NA,NA,NA,NA,NA
"PHJJKLOP_01227",0,NA,NA,NA,NA,NA
"PHJJKLOP_01229",0,NA,NA,NA,NA,NA
"PHJJKLOP_01230",0,NA,NA,NA,NA,NA
"PHJJKLOP_01231",3.53962149628296,5.89968794282505,3.7522866155443,1.57229139117062,0.115882988641718,NA
"PHJJKLOP_01233",0,NA,NA,NA,NA,NA
"PHJJKLOP_01234",0,NA,NA,NA,NA,NA
"PHJJKLOP_01235",5.91730019295152,5.27567916293017,3.53314244347756,1.49319741485924,0.135385518615008,NA
"PHJJKLOP_01236",4.56228654230444,5.43368707874764,3.91752028161795,1.38702206705705,0.165435034047629,NA
"PHJJKLOP_01237",0,NA,NA,NA,NA,NA
"PHJJKLOP_01238",115.340963372034,-1.56345665476609,1.93827983410786,-0.806620709380548,NA,NA
"PHJJKLOP_01239",0,NA,NA,NA,NA,NA
"PHJJKLOP_01240",0,NA,NA,NA,NA,NA
"PHJJKLOP_01242",0,NA,NA,NA,NA,NA
"PHJJKLOP_01243",0,NA,NA,NA,NA,NA
"PHJJKLOP_01244",0,NA,NA,NA,NA,NA
"PHJJKLOP_01245",0,NA,NA,NA,NA,NA
"PHJJKLOP_01246",0,NA,NA,NA,NA,NA
"PHJJKLOP_01247",0,NA,NA,NA,NA,NA
"PHJJKLOP_01249",0,NA,NA,NA,NA,NA
"PHJJKLOP_01250",0,NA,NA,NA,NA,NA
"PHJJKLOP_01251",0,NA,NA,NA,NA,NA
"PHJJKLOP_01252",0,NA,NA,NA,NA,NA
"PHJJKLOP_01254",0,NA,NA,NA,NA,NA
"PHJJKLOP_01255",0,NA,NA,NA,NA,NA
"PHJJKLOP_01257",0,NA,NA,NA,NA,NA
"PHJJKLOP_01258",6.08227220783098,6.39234482174161,3.86435645771674,1.65418094621595,NA,NA
"PHJJKLOP_01259",12.8436740772532,-1.62525980325428,3.50807835042299,-0.463290622644819,NA,NA
"PHJJKLOP_01260",0,NA,NA,NA,NA,NA
"PHJJKLOP_01262",0,NA,NA,NA,NA,NA
"PHJJKLOP_01263",0,NA,NA,NA,NA,NA
"PHJJKLOP_01264",0,NA,NA,NA,NA,NA
"PHJJKLOP_01265",4.45919060995792,-6.4078358404615,3.91319562272846,-1.637494380103,0.101527212244481,NA
"PHJJKLOP_01266",4.38330051671395,5.23106376963934,3.91913856740237,1.33474835851658,0.181958720421573,NA
"PHJJKLOP_01267",0,NA,NA,NA,NA,NA
"PHJJKLOP_01268",0,NA,NA,NA,NA,NA
"PHJJKLOP_01269",1.71902133124748,4.86195298517568,3.92273340928908,1.2394298765403,0.215186342859283,NA
"PHJJKLOP_01270",0,NA,NA,NA,NA,NA
"PHJJKLOP_01272",0,NA,NA,NA,NA,NA
"PHJJKLOP_01273",0,NA,NA,NA,NA,NA
"PHJJKLOP_01274",9.59433158824752,-7.51303143892003,3.49717690192844,-2.14831323939522,0.03168887984704,NA
"PHJJKLOP_01275",0,NA,NA,NA,NA,NA
"PHJJKLOP_01276",0,NA,NA,NA,NA,NA
"PHJJKLOP_01278",0.117289237525283,-1.13981239276731,4.08045587181216,-0.27933457157107,0.779988077478814,NA
"PHJJKLOP_01279",0,NA,NA,NA,NA,NA
"PHJJKLOP_01280",0,NA,NA,NA,NA,NA
"PHJJKLOP_01282",4.82135609219832,0,4.08045587177803,0,1,NA
"PHJJKLOP_01283",0,NA,NA,NA,NA,NA
"PHJJKLOP_01285",0,NA,NA,NA,NA,NA
"PHJJKLOP_01287",0,NA,NA,NA,NA,NA
"PHJJKLOP_01288",0,NA,NA,NA,NA,NA
"PHJJKLOP_01289",0,NA,NA,NA,NA,NA
"PHJJKLOP_01290",0,NA,NA,NA,NA,NA
"PHJJKLOP_01291",0,NA,NA,NA,NA,NA
"PHJJKLOP_01292",0,NA,NA,NA,NA,NA
"PHJJKLOP_01294",0,NA,NA,NA,NA,NA
"PHJJKLOP_01295",0,NA,NA,NA,NA,NA
"PHJJKLOP_01296",0,NA,NA,NA,NA,NA
"PHJJKLOP_01297",0,NA,NA,NA,NA,NA
"PHJJKLOP_01299",8.35246784592894,2.16799516469984,2.83547457278113,0.764596933970527,0.444511595454115,NA
"PHJJKLOP_01300",0.201865232178731,1.88471819087237,4.02010923165221,0.468822631990468,0.639196421490392,NA
"PHJJKLOP_01301",7.58625903406468,-3.9024226342937,3.53658055532149,-1.10344514234851,NA,NA
"PHJJKLOP_01302",14.7798764183803,-0.3333180899535,3.6186616160376,-0.0921108756000456,NA,NA
"PHJJKLOP_01303",0,NA,NA,NA,NA,NA
"PHJJKLOP_01304",0,NA,NA,NA,NA,NA
"PHJJKLOP_01305",0,NA,NA,NA,NA,NA
"PHJJKLOP_01306",0,NA,NA,NA,NA,NA
"PHJJKLOP_01307",0,NA,NA,NA,NA,NA
"PHJJKLOP_01309",5.40087891740786,5.54431706861999,3.53740668714758,1.56733945485095,0.11703536774186,NA
"PHJJKLOP_01311",8.0062567076355,6.64874149940992,3.57312504692347,1.86076373261401,NA,NA
"PHJJKLOP_01312",0,NA,NA,NA,NA,NA
"PHJJKLOP_01315",0,NA,NA,NA,NA,NA
"PHJJKLOP_01316",0,NA,NA,NA,NA,NA
"PHJJKLOP_01317",3.36439493302808,1.54973669112443,4.02527892198885,0.385001069778966,0.700236622942763,NA
"PHJJKLOP_01318",0,NA,NA,NA,NA,NA
"PHJJKLOP_01319",0,NA,NA,NA,NA,NA
"PHJJKLOP_01321",0,NA,NA,NA,NA,NA
"PHJJKLOP_01323",0,NA,NA,NA,NA,NA
"PHJJKLOP_01325",0,NA,NA,NA,NA,NA
"PHJJKLOP_01326",1.58352000761397,-3.89144920961047,3.85762491834642,-1.0087681648631,0.313085832098039,NA
"PHJJKLOP_01327",0,NA,NA,NA,NA,NA
"PHJJKLOP_01328",0,NA,NA,NA,NA,NA
"PHJJKLOP_01329",0,NA,NA,NA,NA,NA
"PHJJKLOP_01330",0,NA,NA,NA,NA,NA
"PHJJKLOP_01331",0,NA,NA,NA,NA,NA
"PHJJKLOP_01332",0,NA,NA,NA,NA,NA
"PHJJKLOP_01333",7.52043140641812,2.14978819007822,3.59278598577929,0.598362440342219,0.549598121666399,NA
"PHJJKLOP_01334",0,NA,NA,NA,NA,NA
"PHJJKLOP_01335",0,NA,NA,NA,NA,NA
"PHJJKLOP_01337",0,NA,NA,NA,NA,NA
"PHJJKLOP_01338",0,NA,NA,NA,NA,NA
"PHJJKLOP_01339",0,NA,NA,NA,NA,NA
"PHJJKLOP_01340",0,NA,NA,NA,NA,NA
"PHJJKLOP_01341",0.511643013601997,3.05169233088243,3.96208146054753,0.770224530027889,0.441166715341919,NA
"PHJJKLOP_01342",0,NA,NA,NA,NA,NA
"PHJJKLOP_01343",0,NA,NA,NA,NA,NA
"PHJJKLOP_01344",0.201865232178731,1.88471819087237,4.02010923165221,0.468822631990468,0.639196421490392,NA
"PHJJKLOP_01345",3.30346584104247,5.80090201017636,3.91510538077042,1.48167199755805,0.138427591496544,NA
"PHJJKLOP_01346",0,NA,NA,NA,NA,NA
"PHJJKLOP_01347",0,NA,NA,NA,NA,NA
"PHJJKLOP_01348",0,NA,NA,NA,NA,NA
"PHJJKLOP_01349",0.540695740686979,0,4.08045587178765,0,1,NA
"PHJJKLOP_01351",6.60277264655109,4.78490588169432,2.91133184349918,1.64354533900995,0.10027015272453,NA
"PHJJKLOP_01352",0,NA,NA,NA,NA,NA
"PHJJKLOP_01353",0,NA,NA,NA,NA,NA
"PHJJKLOP_01354",0,NA,NA,NA,NA,NA
"PHJJKLOP_01355",0,NA,NA,NA,NA,NA
"PHJJKLOP_01356",0,NA,NA,NA,NA,NA
"PHJJKLOP_01357",0,NA,NA,NA,NA,NA
"PHJJKLOP_01358",4.10928762922104,0,4.08045587177824,0,1,NA
"PHJJKLOP_01359",0,NA,NA,NA,NA,NA
"PHJJKLOP_01360",0.108760746584339,-1.13981239276731,4.08045587181216,-0.27933457157107,0.779988077478814,NA
"PHJJKLOP_01362",0,NA,NA,NA,NA,NA
"PHJJKLOP_01363",0,NA,NA,NA,NA,NA
"PHJJKLOP_01364",0,NA,NA,NA,NA,NA
"PHJJKLOP_01365",0,NA,NA,NA,NA,NA
"PHJJKLOP_01366",0,NA,NA,NA,NA,NA
"PHJJKLOP_01367",0,NA,NA,NA,NA,NA
"PHJJKLOP_01368",2.91975699970968,0,4.08045587177882,0,1,NA
"PHJJKLOP_01369",0,NA,NA,NA,NA,NA
"PHJJKLOP_01372",0,NA,NA,NA,NA,NA
"PHJJKLOP_01373",0,NA,NA,NA,NA,NA
"PHJJKLOP_01375",0,NA,NA,NA,NA,NA
"PHJJKLOP_01376",0,NA,NA,NA,NA,NA
"PHJJKLOP_01377",0,NA,NA,NA,NA,NA
"PHJJKLOP_01378",0,NA,NA,NA,NA,NA
"PHJJKLOP_01379",0,NA,NA,NA,NA,NA
"PHJJKLOP_01380",0,NA,NA,NA,NA,NA
"PHJJKLOP_01381",0,NA,NA,NA,NA,NA
"PHJJKLOP_01382",0,NA,NA,NA,NA,NA
"PHJJKLOP_01383",0,NA,NA,NA,NA,NA
"PHJJKLOP_01384",0,NA,NA,NA,NA,NA
"PHJJKLOP_01385",0,NA,NA,NA,NA,NA
"PHJJKLOP_01386",0,NA,NA,NA,NA,NA
"PHJJKLOP_01387",0,NA,NA,NA,NA,NA
"PHJJKLOP_01389",0,NA,NA,NA,NA,NA
"PHJJKLOP_01390",0,NA,NA,NA,NA,NA
"PHJJKLOP_01391",0,NA,NA,NA,NA,NA
"PHJJKLOP_01392",15.8439954559827,-22.3664719073135,3.90856675833027,-5.72242289571853,NA,NA
"PHJJKLOP_01393",0,NA,NA,NA,NA,NA
"PHJJKLOP_01394",0,NA,NA,NA,NA,NA
"PHJJKLOP_01395",0,NA,NA,NA,NA,NA
"PHJJKLOP_01396",0,NA,NA,NA,NA,NA
"PHJJKLOP_01397",0,NA,NA,NA,NA,NA
"PHJJKLOP_01398",0,NA,NA,NA,NA,NA
"PHJJKLOP_01399",0,NA,NA,NA,NA,NA
"PHJJKLOP_01400",0,NA,NA,NA,NA,NA
"PHJJKLOP_01401",0,NA,NA,NA,NA,NA
"PHJJKLOP_01402",0,NA,NA,NA,NA,NA
"PHJJKLOP_01403",0,NA,NA,NA,NA,NA
"PHJJKLOP_01407",0.403730464357462,2.79972491799861,3.97241823120787,0.7047910756233,0.480940263165488,NA
"PHJJKLOP_01409",0,NA,NA,NA,NA,NA
"PHJJKLOP_01410",0,NA,NA,NA,NA,NA
"PHJJKLOP_01411",0,NA,NA,NA,NA,NA
"PHJJKLOP_01412",0,NA,NA,NA,NA,NA
"PHJJKLOP_01413",0,NA,NA,NA,NA,NA
"PHJJKLOP_01414",0,NA,NA,NA,NA,NA
"PHJJKLOP_01415",0,NA,NA,NA,NA,NA
"PHJJKLOP_01417",0,NA,NA,NA,NA,NA
"PHJJKLOP_01419",6.45968742971939,6.76706960093555,3.91102882738249,1.73025306117841,NA,NA
"PHJJKLOP_01421",0,NA,NA,NA,NA,NA
"PHJJKLOP_01422",0,NA,NA,NA,NA,NA
"PHJJKLOP_01423",0,NA,NA,NA,NA,NA
"PHJJKLOP_01424",0,NA,NA,NA,NA,NA
"PHJJKLOP_01425",0,NA,NA,NA,NA,NA
"PHJJKLOP_01426",0,NA,NA,NA,NA,NA
"PHJJKLOP_01428",0,NA,NA,NA,NA,NA
"PHJJKLOP_01429",0,NA,NA,NA,NA,NA
"PHJJKLOP_01430",0,NA,NA,NA,NA,NA
"PHJJKLOP_01431",0,NA,NA,NA,NA,NA
"PHJJKLOP_01432",0,NA,NA,NA,NA,NA
"PHJJKLOP_01433",0,NA,NA,NA,NA,NA
"PHJJKLOP_01434",0,NA,NA,NA,NA,NA
"PHJJKLOP_01435",0,NA,NA,NA,NA,NA
"PHJJKLOP_01436",0,NA,NA,NA,NA,NA
"PHJJKLOP_01437",0,NA,NA,NA,NA,NA
"PHJJKLOP_01438",0,NA,NA,NA,NA,NA
"PHJJKLOP_01440",0,NA,NA,NA,NA,NA
"PHJJKLOP_01441",0,NA,NA,NA,NA,NA
"PHJJKLOP_01442",0.687297171358497,3.01758552100733,3.96338039198033,0.76136661702047,0.446438120970959,NA
"PHJJKLOP_01443",0,NA,NA,NA,NA,NA
"PHJJKLOP_01444",0,NA,NA,NA,NA,NA
"PHJJKLOP_01445",0,NA,NA,NA,NA,NA
"PHJJKLOP_01448",17.2243514765518,-6.88188366685674,3.50513963814239,-1.96336933112996,NA,NA
"PHJJKLOP_01449",0,NA,NA,NA,NA,NA
"PHJJKLOP_01450",0,NA,NA,NA,NA,NA
"PHJJKLOP_01451",0,NA,NA,NA,NA,NA
"PHJJKLOP_01452",0,NA,NA,NA,NA,NA
"PHJJKLOP_01453",0.780018553014858,0.791034757094678,4.07942777877708,0.193908263607454,0.846247713087945,NA
"PHJJKLOP_01454",0,NA,NA,NA,NA,NA
"PHJJKLOP_01455",7.6778795177551,0,4.08045587177757,0,NA,NA
"PHJJKLOP_01457",0,NA,NA,NA,NA,NA
"PHJJKLOP_01458",6.81811157800443,0,4.08045587177767,0,NA,NA
"PHJJKLOP_01459",0,NA,NA,NA,NA,NA
"PHJJKLOP_01460",0,NA,NA,NA,NA,NA
"PHJJKLOP_01461",0,NA,NA,NA,NA,NA
"PHJJKLOP_01463",0,NA,NA,NA,NA,NA
"PHJJKLOP_01464",0,NA,NA,NA,NA,NA
"PHJJKLOP_01465",9.22450389965305,0,4.08045587177745,0,NA,NA
"PHJJKLOP_01467",0,NA,NA,NA,NA,NA
"PHJJKLOP_01469",0,NA,NA,NA,NA,NA
"PHJJKLOP_01470",0,NA,NA,NA,NA,NA
"PHJJKLOP_01472",0,NA,NA,NA,NA,NA
"PHJJKLOP_01473",0,NA,NA,NA,NA,NA
"PHJJKLOP_01475",0,NA,NA,NA,NA,NA
"PHJJKLOP_01476",0,NA,NA,NA,NA,NA
"PHJJKLOP_01477",38.0977735145369,21.5968600768223,3.90765245700368,5.52681189395804,NA,NA
"PHJJKLOP_01478",1.00932616089365,4.10164424690226,3.9337266517623,1.04268664551583,0.297093444929215,NA
"PHJJKLOP_01479",2.67020219491784,-5.47954472805349,3.91900454386278,-1.39819810534145,0.16205358558309,NA
"PHJJKLOP_01480",0,NA,NA,NA,NA,NA
"PHJJKLOP_01481",0,NA,NA,NA,NA,NA
"PHJJKLOP_01484",0,NA,NA,NA,NA,NA
"PHJJKLOP_01485",0,NA,NA,NA,NA,NA
"PHJJKLOP_01487",0,NA,NA,NA,NA,NA
"PHJJKLOP_01488",0,NA,NA,NA,NA,NA
"PHJJKLOP_01489",0,NA,NA,NA,NA,NA
"PHJJKLOP_01490",0,NA,NA,NA,NA,NA
"PHJJKLOP_01492",0,NA,NA,NA,NA,NA
"PHJJKLOP_01493",0,NA,NA,NA,NA,NA
"PHJJKLOP_01495",1.63141119876509,-4.95708063509245,3.92433897261526,-1.26316321543166,0.206530529452628,NA
"PHJJKLOP_01496",0,NA,NA,NA,NA,NA
"PHJJKLOP_01497",0,NA,NA,NA,NA,NA
"PHJJKLOP_01498",0,NA,NA,NA,NA,NA
"PHJJKLOP_01499",0,NA,NA,NA,NA,NA
"PHJJKLOP_01500",0,NA,NA,NA,NA,NA
"PHJJKLOP_01502",0,NA,NA,NA,NA,NA
"PHJJKLOP_01503",14.3380875831564,0,4.08045587177722,0,NA,NA
"PHJJKLOP_01504",0,NA,NA,NA,NA,NA
"PHJJKLOP_01506",2.9912403022369,-1.97480182568565,2.73754868178818,-0.721375966324626,0.470678229404037,NA
"PHJJKLOP_01507",0,NA,NA,NA,NA,NA
"PHJJKLOP_01508",0,NA,NA,NA,NA,NA
"PHJJKLOP_01509",0,NA,NA,NA,NA,NA
"PHJJKLOP_01510",7.27267325687104,-6.50975592333547,3.88892975234176,-1.67391964830827,0.0941463921037037,NA
"PHJJKLOP_01512",0,NA,NA,NA,NA,NA
"PHJJKLOP_01513",0,NA,NA,NA,NA,NA
"PHJJKLOP_01514",0,NA,NA,NA,NA,NA
"PHJJKLOP_01515",1.0001263664436,3.52488447181276,3.94681024514102,0.893097020854322,0.371805218247433,NA
"PHJJKLOP_01516",0,NA,NA,NA,NA,NA
"PHJJKLOP_01517",0,NA,NA,NA,NA,NA
"PHJJKLOP_01518",0,NA,NA,NA,NA,NA
"PHJJKLOP_01519",20.0547036901646,-1.35458253509804,3.64415905861584,-0.371713339980431,NA,NA
"PHJJKLOP_01521",0,NA,NA,NA,NA,NA
"PHJJKLOP_01522",0,NA,NA,NA,NA,NA
"PHJJKLOP_01523",0,NA,NA,NA,NA,NA
"PHJJKLOP_01524",4.16060347867565,-6.30739139679688,3.65821719013032,-1.72417083759103,0.084677007042904,NA
"PHJJKLOP_01525",0,NA,NA,NA,NA,NA
"PHJJKLOP_01526",0,NA,NA,NA,NA,NA
"PHJJKLOP_01528",0,NA,NA,NA,NA,NA
"PHJJKLOP_01529",0.782419528690505,-3.90258731112257,3.94318801716042,-0.989703583531611,0.322319022929141,NA
"PHJJKLOP_01530",0,NA,NA,NA,NA,NA
"PHJJKLOP_01531",0.201865232178731,1.88471819087237,4.02010923165221,0.468822631990468,0.639196421490392,NA
"PHJJKLOP_01532",0,NA,NA,NA,NA,NA
"PHJJKLOP_01533",0,NA,NA,NA,NA,NA
"PHJJKLOP_01535",0,NA,NA,NA,NA,NA
"PHJJKLOP_01536",0,NA,NA,NA,NA,NA
"PHJJKLOP_01538",0,NA,NA,NA,NA,NA
"PHJJKLOP_01539",0,NA,NA,NA,NA,NA
"PHJJKLOP_01540",0,NA,NA,NA,NA,NA
"PHJJKLOP_01541",4.8634283135606,0.502682358972665,2.97949882239454,0.168713729703264,0.866021818854425,NA
"PHJJKLOP_01543",0,NA,NA,NA,NA,NA
"PHJJKLOP_01545",0,NA,NA,NA,NA,NA
"PHJJKLOP_01546",0,NA,NA,NA,NA,NA
"PHJJKLOP_01547",0,NA,NA,NA,NA,NA
"PHJJKLOP_01548",0,NA,NA,NA,NA,NA
"PHJJKLOP_01549",0,NA,NA,NA,NA,NA
"PHJJKLOP_01550",0,NA,NA,NA,NA,NA
"PHJJKLOP_01551",0,NA,NA,NA,NA,NA
"PHJJKLOP_01552",0,NA,NA,NA,NA,NA
"PHJJKLOP_01553",129.188035979796,0.224319993542534,2.16105472734009,0.103801162786208,NA,NA
"PHJJKLOP_01554",0,NA,NA,NA,NA,NA
"PHJJKLOP_01555",0,NA,NA,NA,NA,NA
"PHJJKLOP_01556",0,NA,NA,NA,NA,NA
"PHJJKLOP_01557",6.39025325416819,-1.98449049357958,3.59185192818434,-0.552497857166047,0.580607302135538,NA
"PHJJKLOP_01558",0.216278296274791,0,4.08045587180384,0,1,NA
"PHJJKLOP_01559",0,NA,NA,NA,NA,NA
"PHJJKLOP_01560",0,NA,NA,NA,NA,NA
"PHJJKLOP_01561",2.50149717143981,-5.57380848888598,3.91823077835504,-1.42253195490083,0.154871881745305,NA
"PHJJKLOP_01562",0,NA,NA,NA,NA,NA
"PHJJKLOP_01564",0,NA,NA,NA,NA,NA
"PHJJKLOP_01565",0,NA,NA,NA,NA,NA
"PHJJKLOP_01566",0,NA,NA,NA,NA,NA
"PHJJKLOP_01567",0,NA,NA,NA,NA,NA
"PHJJKLOP_01568",0,NA,NA,NA,NA,NA
"PHJJKLOP_01569",0,NA,NA,NA,NA,NA
"PHJJKLOP_01570",13.7908588705681,-21.7948330921457,3.87092965118919,-5.63038728576482,NA,NA
"PHJJKLOP_01571",0,NA,NA,NA,NA,NA
"PHJJKLOP_01573",0,NA,NA,NA,NA,NA
"PHJJKLOP_01575",0,NA,NA,NA,NA,NA
"PHJJKLOP_01576",0.324417444412187,0,4.08045587179485,0,1,NA
"PHJJKLOP_01579",0,NA,NA,NA,NA,NA
"PHJJKLOP_01580",0,NA,NA,NA,NA,NA
"PHJJKLOP_01581",0,NA,NA,NA,NA,NA
"PHJJKLOP_01582",0,NA,NA,NA,NA,NA
"PHJJKLOP_01585",0,NA,NA,NA,NA,NA
"PHJJKLOP_01586",0,NA,NA,NA,NA,NA
"PHJJKLOP_01587",0,NA,NA,NA,NA,NA
"PHJJKLOP_01588",0,NA,NA,NA,NA,NA
"PHJJKLOP_01589",0,NA,NA,NA,NA,NA
"PHJJKLOP_01590",0,NA,NA,NA,NA,NA
"PHJJKLOP_01591",8.22247960921087,-6.26245783827029,3.51358616537803,-1.78235499102852,NA,NA
"PHJJKLOP_01592",0,NA,NA,NA,NA,NA
"PHJJKLOP_01593",0,NA,NA,NA,NA,NA
"PHJJKLOP_01594",0,NA,NA,NA,NA,NA
"PHJJKLOP_01595",0,NA,NA,NA,NA,NA
"PHJJKLOP_01596",4.8228966013807,3.61636727468102,3.18404394903334,1.13577806480307,NA,NA
"PHJJKLOP_01597",0,NA,NA,NA,NA,NA
"PHJJKLOP_01598",0,NA,NA,NA,NA,NA
"PHJJKLOP_01599",0.234578475050565,-2.14407897737494,4.02864949284524,-0.5322078729318,0.594582030774707,NA
"PHJJKLOP_01600",25.5155389130209,20.61596426153,3.90872994388603,5.27433835478379,NA,NA
"PHJJKLOP_01601",0,NA,NA,NA,NA,NA
"PHJJKLOP_01602",0,NA,NA,NA,NA,NA
"PHJJKLOP_01603",0,NA,NA,NA,NA,NA
"PHJJKLOP_01604",0,NA,NA,NA,NA,NA
"PHJJKLOP_01606",18.2015623222918,-0.32467232540694,3.63547704510533,-0.0893066635763982,NA,NA
"PHJJKLOP_01607",0,NA,NA,NA,NA,NA
"PHJJKLOP_01609",0,NA,NA,NA,NA,NA
"PHJJKLOP_01610",0,NA,NA,NA,NA,NA
"PHJJKLOP_01611",0,NA,NA,NA,NA,NA
"PHJJKLOP_01612",3.24417444412187,0,4.08045587177862,0,1,NA
"PHJJKLOP_01613",0,NA,NA,NA,NA,NA
"PHJJKLOP_01614",0,NA,NA,NA,NA,NA
"PHJJKLOP_01615",0,NA,NA,NA,NA,NA
"PHJJKLOP_01616",0,NA,NA,NA,NA,NA
"PHJJKLOP_01617",0,NA,NA,NA,NA,NA
"PHJJKLOP_01618",0,NA,NA,NA,NA,NA
"PHJJKLOP_01619",0,NA,NA,NA,NA,NA
"PHJJKLOP_01621",18.8379342761253,-2.01290716553615,2.69704907152615,-0.746336871207584,NA,NA
"PHJJKLOP_01625",0,NA,NA,NA,NA,NA
"PHJJKLOP_01626",0,NA,NA,NA,NA,NA
"PHJJKLOP_01627",0,NA,NA,NA,NA,NA
"PHJJKLOP_01628",0,NA,NA,NA,NA,NA
"PHJJKLOP_01629",0,NA,NA,NA,NA,NA
"PHJJKLOP_01630",0,NA,NA,NA,NA,NA
"PHJJKLOP_01631",0,NA,NA,NA,NA,NA
"PHJJKLOP_01632",0,NA,NA,NA,NA,NA
"PHJJKLOP_01633",0,NA,NA,NA,NA,NA
"PHJJKLOP_01636",0,NA,NA,NA,NA,NA
"PHJJKLOP_01637",4.18203900602795,-1.0655758772059,3.75681359772318,-0.283638208148441,0.776687653218648,NA
"PHJJKLOP_01638",0,NA,NA,NA,NA,NA
"PHJJKLOP_01640",0,NA,NA,NA,NA,NA
"PHJJKLOP_01641",0,NA,NA,NA,NA,NA
"PHJJKLOP_01642",0,NA,NA,NA,NA,NA
"PHJJKLOP_01643",0,NA,NA,NA,NA,NA
"PHJJKLOP_01644",0,NA,NA,NA,NA,NA
"PHJJKLOP_01645",0,NA,NA,NA,NA,NA
"PHJJKLOP_01646",0,NA,NA,NA,NA,NA
"PHJJKLOP_01647",0,NA,NA,NA,NA,NA
"PHJJKLOP_01648",0,NA,NA,NA,NA,NA
"PHJJKLOP_01649",0,NA,NA,NA,NA,NA
"PHJJKLOP_01650",0,NA,NA,NA,NA,NA
"PHJJKLOP_01651",0,NA,NA,NA,NA,NA
"PHJJKLOP_01653",0,NA,NA,NA,NA,NA
"PHJJKLOP_01656",0,NA,NA,NA,NA,NA
"PHJJKLOP_01657",0,NA,NA,NA,NA,NA
"PHJJKLOP_01658",0,NA,NA,NA,NA,NA
"PHJJKLOP_01660",2.27092211088531,0,4.08045587177939,0,1,NA
"PHJJKLOP_01661",9.64245276093068,-1.90851908554549,3.68930975365724,-0.517310611735316,NA,NA
"PHJJKLOP_01662",10.2127649790726,-1.68339608039443,2.63201922759997,-0.639583504080039,0.522443409682982,NA
"PHJJKLOP_01663",0,NA,NA,NA,NA,NA
"PHJJKLOP_01664",0,NA,NA,NA,NA,NA
"PHJJKLOP_01665",0,NA,NA,NA,NA,NA
"PHJJKLOP_01666",0,NA,NA,NA,NA,NA
"PHJJKLOP_01667",0,NA,NA,NA,NA,NA
"PHJJKLOP_01670",0,NA,NA,NA,NA,NA
"PHJJKLOP_01671",0,NA,NA,NA,NA,NA
"PHJJKLOP_01672",0,NA,NA,NA,NA,NA
"PHJJKLOP_01675",0.315323934254992,-2.58932695187226,3.99665752003479,-0.647873113693695,0.517067021648887,NA
"PHJJKLOP_01676",0,NA,NA,NA,NA,NA
"PHJJKLOP_01677",0,NA,NA,NA,NA,NA
"PHJJKLOP_01678",2.28514088727626,4.99527135858159,3.92132874561986,1.27387211902632,0.202708740867398,NA
"PHJJKLOP_01680",0,NA,NA,NA,NA,NA
"PHJJKLOP_01681",0,NA,NA,NA,NA,NA
"PHJJKLOP_01682",6.5132967650885,-6.80243399688111,3.83537373426502,-1.77360394793043,NA,NA
"PHJJKLOP_01683",0.134576821452487,1.44551817310542,4.04094949694375,0.357717455810495,0.720554768540228,NA
"PHJJKLOP_01685",0,NA,NA,NA,NA,NA
"PHJJKLOP_01687",0.237836081926909,1.86955655138676,4.02073550157712,0.46497874596661,0.641946677163793,NA
"PHJJKLOP_01688",0,NA,NA,NA,NA,NA
"PHJJKLOP_01689",0,NA,NA,NA,NA,NA
"PHJJKLOP_01690",0,NA,NA,NA,NA,NA
"PHJJKLOP_01691",5.6873319279429,-1.08143677128444,3.74240289905544,-0.288968558558297,0.772605438248978,NA
"PHJJKLOP_01692",2.34886578850687,0,4.08045587177931,0,1,NA
"PHJJKLOP_01693",0,NA,NA,NA,NA,NA
"PHJJKLOP_01694",0,NA,NA,NA,NA,NA
"PHJJKLOP_01695",0,NA,NA,NA,NA,NA
"PHJJKLOP_01696",0,NA,NA,NA,NA,NA
"PHJJKLOP_01697",0,NA,NA,NA,NA,NA
"PHJJKLOP_01698",0,NA,NA,NA,NA,NA
"PHJJKLOP_01699",0,NA,NA,NA,NA,NA
"PHJJKLOP_01700",0,NA,NA,NA,NA,NA
"PHJJKLOP_01702",0.870085972674716,-4.05003077672499,3.93966367585056,-1.0280143458821,0.303943079514699,NA
"PHJJKLOP_01703",0,NA,NA,NA,NA,NA
"PHJJKLOP_01704",0,NA,NA,NA,NA,NA
"PHJJKLOP_01705",0,NA,NA,NA,NA,NA
"PHJJKLOP_01706",0,NA,NA,NA,NA,NA
"PHJJKLOP_01707",6.41932503238473,-6.93404318391252,3.13178250303426,-2.21408835932713,0.0268227012447074,NA
"PHJJKLOP_01710",8.92982480199613,-0.817843449597103,2.88960636790745,-0.283029362988758,0.777154328458612,NA
"PHJJKLOP_01711",3.26580627701192,-3.14946113380517,3.60796110746925,-0.872919923467332,0.382706725915541,NA
"PHJJKLOP_01712",0,NA,NA,NA,NA,NA
"PHJJKLOP_01713",0,NA,NA,NA,NA,NA
"PHJJKLOP_01714",0.892563453262826,-2.73375814150895,3.98818367886028,-0.6854644524021,0.493050884781022,NA
"PHJJKLOP_01715",0,NA,NA,NA,NA,NA
"PHJJKLOP_01716",0,NA,NA,NA,NA,NA
"PHJJKLOP_01717",0,NA,NA,NA,NA,NA
"PHJJKLOP_01719",0,NA,NA,NA,NA,NA
"PHJJKLOP_01720",0.652564479506037,-3.63487447151803,3.95057413835536,-0.920087649090732,0.357526958062014,NA
"PHJJKLOP_01721",9.97541984077308,-0.494332189890585,2.36704145853686,-0.208839683862634,0.834573391069976,NA
"PHJJKLOP_01722",0,NA,NA,NA,NA,NA
"PHJJKLOP_01723",2.08594073251355,5.14135395150047,3.91993065372075,1.31159308816353,0.189657466381934,NA
"PHJJKLOP_01724",0,NA,NA,NA,NA,NA
"PHJJKLOP_01725",0,NA,NA,NA,NA,NA
"PHJJKLOP_01726",0,NA,NA,NA,NA,NA
"PHJJKLOP_01727",0,NA,NA,NA,NA,NA
"PHJJKLOP_01728",0,NA,NA,NA,NA,NA
"PHJJKLOP_01729",0,NA,NA,NA,NA,NA
"PHJJKLOP_01730",0,NA,NA,NA,NA,NA
"PHJJKLOP_01731",0,NA,NA,NA,NA,NA
"PHJJKLOP_01732",0,NA,NA,NA,NA,NA
"PHJJKLOP_01733",0.234578475050565,-2.14407897737494,4.02864949284524,-0.5322078729318,0.594582030774707,NA
"PHJJKLOP_01734",0,NA,NA,NA,NA,NA
"PHJJKLOP_01735",0,NA,NA,NA,NA,NA
"PHJJKLOP_01736",9.15489316184555,-1.1123580422795,2.86619750607327,-0.388095391166341,0.69794544250004,NA
"PHJJKLOP_01737",0,NA,NA,NA,NA,NA
"PHJJKLOP_01738",16.3267546392757,-8.22166033420376,2.9806153123326,-2.75837686942887,NA,NA
"PHJJKLOP_01739",0,NA,NA,NA,NA,NA
"PHJJKLOP_01740",0,NA,NA,NA,NA,NA
"PHJJKLOP_01741",0,NA,NA,NA,NA,NA
"PHJJKLOP_01744",0,NA,NA,NA,NA,NA
"PHJJKLOP_01745",0,NA,NA,NA,NA,NA
"PHJJKLOP_01747",0,NA,NA,NA,NA,NA
"PHJJKLOP_01748",0,NA,NA,NA,NA,NA
"PHJJKLOP_01749",0,NA,NA,NA,NA,NA
"PHJJKLOP_01750",1.41388970559641,-4.75060298262165,3.92703768689348,-1.20971667740211,0.226387628158697,NA
"PHJJKLOP_01751",0,NA,NA,NA,NA,NA
"PHJJKLOP_01752",2.60590672889554,-5.13769844657226,3.92227373980933,-1.30987758310363,0.190237251754164,NA
"PHJJKLOP_01753",0,NA,NA,NA,NA,NA
"PHJJKLOP_01754",0,NA,NA,NA,NA,NA
"PHJJKLOP_01755",0,NA,NA,NA,NA,NA
"PHJJKLOP_01757",0,NA,NA,NA,NA,NA
"PHJJKLOP_01758",0,NA,NA,NA,NA,NA
"PHJJKLOP_01759",0,NA,NA,NA,NA,NA
"PHJJKLOP_01760",0,NA,NA,NA,NA,NA
"PHJJKLOP_01761",0,NA,NA,NA,NA,NA
"PHJJKLOP_01762",0,NA,NA,NA,NA,NA
"PHJJKLOP_01763",0,NA,NA,NA,NA,NA
"PHJJKLOP_01764",0,NA,NA,NA,NA,NA
"PHJJKLOP_01765",0,NA,NA,NA,NA,NA
"PHJJKLOP_01767",0,NA,NA,NA,NA,NA
"PHJJKLOP_01768",0,NA,NA,NA,NA,NA
"PHJJKLOP_01769",0,NA,NA,NA,NA,NA
"PHJJKLOP_01770",0,NA,NA,NA,NA,NA
"PHJJKLOP_01771",12.1428447874801,-0.714839376159811,3.60753219805798,-0.198151904657878,NA,NA
"PHJJKLOP_01772",0,NA,NA,NA,NA,NA
"PHJJKLOP_01773",0,NA,NA,NA,NA,NA
"PHJJKLOP_01774",0,NA,NA,NA,NA,NA
"PHJJKLOP_01775",4.30271531636748,-0.374664844622979,3.14388427731745,-0.119172594018844,0.905138618696442,NA
"PHJJKLOP_01776",0,NA,NA,NA,NA,NA
"PHJJKLOP_01777",0,NA,NA,NA,NA,NA
"PHJJKLOP_01778",0,NA,NA,NA,NA,NA
"PHJJKLOP_01779",0,NA,NA,NA,NA,NA
"PHJJKLOP_01780",0,NA,NA,NA,NA,NA
"PHJJKLOP_01782",0,NA,NA,NA,NA,NA
"PHJJKLOP_01785",0,NA,NA,NA,NA,NA
"PHJJKLOP_01787",0,NA,NA,NA,NA,NA
"PHJJKLOP_01788",0,NA,NA,NA,NA,NA
"PHJJKLOP_01789",0,NA,NA,NA,NA,NA
"PHJJKLOP_01790",0,NA,NA,NA,NA,NA
"PHJJKLOP_01791",0.269153642904975,2.22947824453929,4.00329604948485,0.556910659861436,0.577588471052497,NA
"PHJJKLOP_01792",0,NA,NA,NA,NA,NA
"PHJJKLOP_01793",0,NA,NA,NA,NA,NA
"PHJJKLOP_01794",0,NA,NA,NA,NA,NA
"PHJJKLOP_01795",0,NA,NA,NA,NA,NA
"PHJJKLOP_01798",0,NA,NA,NA,NA,NA
"PHJJKLOP_01799",2.76466944188357,-1.25469098721051,2.29018813567527,-0.547854985215245,0.58379147992083,NA
"PHJJKLOP_01800",0,NA,NA,NA,NA,NA
"PHJJKLOP_01801",0,NA,NA,NA,NA,NA
"PHJJKLOP_01802",0,NA,NA,NA,NA,NA
"PHJJKLOP_01803",0,NA,NA,NA,NA,NA
"PHJJKLOP_01804",1.30512895901207,-4.63510863110569,3.92872345726452,-1.17980017721406,0.238079699045397,NA
"PHJJKLOP_01805",1.62208722206094,0,4.08045587178043,0,1,NA
"PHJJKLOP_01806",0,NA,NA,NA,NA,NA
"PHJJKLOP_01807",0,NA,NA,NA,NA,NA
"PHJJKLOP_01808",0,NA,NA,NA,NA,NA
"PHJJKLOP_01810",5.69182614904789,1.55182649268602,3.20696118441552,0.48389313229834,0.628461714603669,NA
"PHJJKLOP_01811",2.5953395552975,0,4.08045587177907,0,1,NA
"PHJJKLOP_01812",0.324417444412187,0,4.08045587179485,0,1,NA
"PHJJKLOP_01813",0,NA,NA,NA,NA,NA
"PHJJKLOP_01814",0,NA,NA,NA,NA,NA
"PHJJKLOP_01815",0,NA,NA,NA,NA,NA
"PHJJKLOP_01816",3.83235997072174,0,4.08045587177834,0,1,NA
"PHJJKLOP_01817",0,NA,NA,NA,NA,NA
"PHJJKLOP_01818",0,NA,NA,NA,NA,NA
"PHJJKLOP_01819",0,NA,NA,NA,NA,NA
"PHJJKLOP_01820",0,NA,NA,NA,NA,NA
"PHJJKLOP_01821",0,NA,NA,NA,NA,NA
"PHJJKLOP_01822",0,NA,NA,NA,NA,NA
"PHJJKLOP_01823",0,NA,NA,NA,NA,NA
"PHJJKLOP_01824",0,NA,NA,NA,NA,NA
"PHJJKLOP_01825",0,NA,NA,NA,NA,NA
"PHJJKLOP_01826",0,NA,NA,NA,NA,NA
"PHJJKLOP_01827",0,NA,NA,NA,NA,NA
"PHJJKLOP_01828",2.13395683455579,2.79967782772017,3.97241853764693,0.704779166945123,0.480947675274433,NA
"PHJJKLOP_01830",0,NA,NA,NA,NA,NA
"PHJJKLOP_01831",3.49628478467272,3.93584699928669,3.93697840015002,0.999712622029299,0.317449601957894,NA
"PHJJKLOP_01832",0,NA,NA,NA,NA,NA
"PHJJKLOP_01833",0,NA,NA,NA,NA,NA
"PHJJKLOP_01834",0,NA,NA,NA,NA,NA
"PHJJKLOP_01836",9.7717793019259,-1.53203745732192,3.57241441156792,-0.428852109755517,NA,NA
"PHJJKLOP_01837",6.05595696536193,6.67412410078042,3.91131366913789,1.70636381158648,NA,NA
"PHJJKLOP_01839",3.40905578900222,0,4.08045587177853,0,1,NA
"PHJJKLOP_01840",0,NA,NA,NA,NA,NA
"PHJJKLOP_01841",0,NA,NA,NA,NA,NA
"PHJJKLOP_01843",0,NA,NA,NA,NA,NA
"PHJJKLOP_01844",0,NA,NA,NA,NA,NA
"PHJJKLOP_01846",0,NA,NA,NA,NA,NA
"PHJJKLOP_01847",4.28357391071111,0.0888868339922057,3.75265923155429,0.0236863590610092,0.981102786846875,NA
"PHJJKLOP_01848",2.61025791802415,-5.63521308101258,3.9177531798318,-1.43837879068597,0.150326607105513,NA
"PHJJKLOP_01851",0,NA,NA,NA,NA,NA
"PHJJKLOP_01852",0,NA,NA,NA,NA,NA
"PHJJKLOP_01853",2.77876510256397,4.51791763379074,3.68447797138968,1.22620291636232,0.220122324106598,NA
"PHJJKLOP_01854",0,NA,NA,NA,NA,NA
"PHJJKLOP_01855",0,NA,NA,NA,NA,NA
"PHJJKLOP_01856",0,NA,NA,NA,NA,NA
"PHJJKLOP_01857",0,NA,NA,NA,NA,NA
"PHJJKLOP_01859",0,NA,NA,NA,NA,NA
"PHJJKLOP_01860",0,NA,NA,NA,NA,NA
"PHJJKLOP_01861",1.20932946808981,0.686093788371859,3.82668410633455,0.179291984733238,0.857708440137397,NA
"PHJJKLOP_01862",0.0750787691146016,0.79106248325425,4.07942777881524,0.193915060186209,0.846242391205189,NA
"PHJJKLOP_01863",0,NA,NA,NA,NA,NA
"PHJJKLOP_01864",1.73854637261442,4.77422957939155,3.92372998461937,1.21675793138316,0.223696330386352,NA
"PHJJKLOP_01865",0,NA,NA,NA,NA,NA
"PHJJKLOP_01867",0,NA,NA,NA,NA,NA
"PHJJKLOP_01869",0,NA,NA,NA,NA,NA
"PHJJKLOP_01870",0,NA,NA,NA,NA,NA
"PHJJKLOP_01871",0,NA,NA,NA,NA,NA
"PHJJKLOP_01872",0,NA,NA,NA,NA,NA
"PHJJKLOP_01873",0,NA,NA,NA,NA,NA
"PHJJKLOP_01874",0,NA,NA,NA,NA,NA
"PHJJKLOP_01875",0,NA,NA,NA,NA,NA
"PHJJKLOP_01876",0,NA,NA,NA,NA,NA
"PHJJKLOP_01877",0,NA,NA,NA,NA,NA
"PHJJKLOP_01878",0,NA,NA,NA,NA,NA
"PHJJKLOP_01879",0,NA,NA,NA,NA,NA
"PHJJKLOP_01880",0,NA,NA,NA,NA,NA
"PHJJKLOP_01881",0,NA,NA,NA,NA,NA
"PHJJKLOP_01882",0,NA,NA,NA,NA,NA
"PHJJKLOP_01883",0,NA,NA,NA,NA,NA
"PHJJKLOP_01884",0,NA,NA,NA,NA,NA
"PHJJKLOP_01885",5.31411637697404,0,4.08045587177791,0,NA,NA
"PHJJKLOP_01887",0,NA,NA,NA,NA,NA
"PHJJKLOP_01888",0,NA,NA,NA,NA,NA
"PHJJKLOP_01889",0,NA,NA,NA,NA,NA
"PHJJKLOP_01890",0,NA,NA,NA,NA,NA
"PHJJKLOP_01891",0,NA,NA,NA,NA,NA
"PHJJKLOP_01892",0,NA,NA,NA,NA,NA
"PHJJKLOP_01894",0,NA,NA,NA,NA,NA
"PHJJKLOP_01895",0,NA,NA,NA,NA,NA
"PHJJKLOP_01896",0,NA,NA,NA,NA,NA
"PHJJKLOP_01897",0,NA,NA,NA,NA,NA
"PHJJKLOP_01898",0,NA,NA,NA,NA,NA
"PHJJKLOP_01899",0,NA,NA,NA,NA,NA
"PHJJKLOP_01900",0,NA,NA,NA,NA,NA
"PHJJKLOP_01901",0,NA,NA,NA,NA,NA
"PHJJKLOP_01903",0,NA,NA,NA,NA,NA
"PHJJKLOP_01904",0,NA,NA,NA,NA,NA
"PHJJKLOP_01905",0,NA,NA,NA,NA,NA
"PHJJKLOP_01906",4.54184422177062,0,4.0804558717781,0,1,NA
"PHJJKLOP_01907",0,NA,NA,NA,NA,NA
"PHJJKLOP_01908",0,NA,NA,NA,NA,NA
"PHJJKLOP_01910",0,NA,NA,NA,NA,NA
"PHJJKLOP_01912",0,NA,NA,NA,NA,NA
"PHJJKLOP_01913",0,NA,NA,NA,NA,NA
"PHJJKLOP_01914",0,NA,NA,NA,NA,NA
"PHJJKLOP_01915",0,NA,NA,NA,NA,NA
"PHJJKLOP_01916",0,NA,NA,NA,NA,NA
"PHJJKLOP_01917",0,NA,NA,NA,NA,NA
"PHJJKLOP_01918",0,NA,NA,NA,NA,NA
"PHJJKLOP_01919",0,NA,NA,NA,NA,NA
"PHJJKLOP_01920",8.61526901218869,-6.91634870693252,3.47271519714287,-1.99162566300365,0.0464121454665135,NA
"PHJJKLOP_01922",0,NA,NA,NA,NA,NA
"PHJJKLOP_01923",0,NA,NA,NA,NA,NA
"PHJJKLOP_01924",4.64998336990802,0,4.08045587177807,0,1,NA
"PHJJKLOP_01925",0,NA,NA,NA,NA,NA
"PHJJKLOP_01926",0,NA,NA,NA,NA,NA
"PHJJKLOP_01927",0,NA,NA,NA,NA,NA
"PHJJKLOP_01928",0,NA,NA,NA,NA,NA
"PHJJKLOP_01930",5.6110864339885,-0.312359312839694,3.16161098762089,-0.0987975162228117,0.921299040613502,NA
"PHJJKLOP_01931",1.06751067391072,-2.6344175956753,3.99392243744017,-0.659606599011418,0.509506318388665,NA
"PHJJKLOP_01933",0,NA,NA,NA,NA,NA
"PHJJKLOP_01934",0.538307285809949,3.20676673432326,3.95653327650319,0.810499118854227,0.417653371265359,NA
"PHJJKLOP_01936",0,NA,NA,NA,NA,NA
"PHJJKLOP_01937",0.684617087604192,-3.71067679707797,3.94834341046201,-0.939805992367765,0.347317084528427,NA
"PHJJKLOP_01939",6.98100740915412,-3.2055423432493,3.6828740478989,-0.870391520741275,NA,NA
"PHJJKLOP_01940",0,NA,NA,NA,NA,NA
"PHJJKLOP_01941",7.41343129667329,1.70389461280976,3.25249748852579,0.523872691315146,0.600367089983849,NA
"PHJJKLOP_01942",0,NA,NA,NA,NA,NA
"PHJJKLOP_01943",0,NA,NA,NA,NA,NA
"PHJJKLOP_01944",0,NA,NA,NA,NA,NA
"PHJJKLOP_01945",0,NA,NA,NA,NA,NA
"PHJJKLOP_01946",0,NA,NA,NA,NA,NA
"PHJJKLOP_01947",0,NA,NA,NA,NA,NA
"PHJJKLOP_01948",0,NA,NA,NA,NA,NA
"PHJJKLOP_01949",0,NA,NA,NA,NA,NA
"PHJJKLOP_01950",0,NA,NA,NA,NA,NA
"PHJJKLOP_01951",0,NA,NA,NA,NA,NA
"PHJJKLOP_01953",6.81526630768501,6.77486156765034,3.40556776480143,1.98934863010878,0.0466627354971026,NA
"PHJJKLOP_01955",0,NA,NA,NA,NA,NA
"PHJJKLOP_01956",3.50932213573758,0,4.08045587177848,0,1,NA
"PHJJKLOP_01957",2.48967119687101,5.39541894843975,3.91780922065906,1.377152036906,0.168465247127293,NA
"PHJJKLOP_01958",0,NA,NA,NA,NA,NA
"PHJJKLOP_01959",0,NA,NA,NA,NA,NA
"PHJJKLOP_01960",0,NA,NA,NA,NA,NA
"PHJJKLOP_01961",20.6217038169083,0.670202229304999,3.2027901800562,0.209255740035159,NA,NA
"PHJJKLOP_01962",0,NA,NA,NA,NA,NA
"PHJJKLOP_01963",0,NA,NA,NA,NA,NA
"PHJJKLOP_01964",0,NA,NA,NA,NA,NA
"PHJJKLOP_01965",0,NA,NA,NA,NA,NA
"PHJJKLOP_01966",0,NA,NA,NA,NA,NA
"PHJJKLOP_01967",0,NA,NA,NA,NA,NA
"PHJJKLOP_01968",0,NA,NA,NA,NA,NA
"PHJJKLOP_01969",0,NA,NA,NA,NA,NA
"PHJJKLOP_01970",0,NA,NA,NA,NA,NA
"PHJJKLOP_01972",0,NA,NA,NA,NA,NA
"PHJJKLOP_01974",4.43370507363322,0,4.08045587177813,0,1,NA
"PHJJKLOP_01975",0,NA,NA,NA,NA,NA
"PHJJKLOP_01977",0,NA,NA,NA,NA,NA
"PHJJKLOP_01979",0.407191222185607,0.779601018689204,4.07987230954536,0.191084661366786,0.848459264672217,NA
"PHJJKLOP_01980",0,NA,NA,NA,NA,NA
"PHJJKLOP_01981",0,NA,NA,NA,NA,NA
"PHJJKLOP_01982",0,NA,NA,NA,NA,NA
"PHJJKLOP_01983",10.2324506704753,5.70837693332742,3.87433683696643,1.47338168402441,NA,NA
"PHJJKLOP_01984",0,NA,NA,NA,NA,NA
"PHJJKLOP_01986",0,NA,NA,NA,NA,NA
"PHJJKLOP_01987",9.72491313012494,-2.23414114888121,3.0566350211215,-0.730915249430561,0.464830920905715,NA
"PHJJKLOP_01988",0,NA,NA,NA,NA,NA
"PHJJKLOP_01989",0,NA,NA,NA,NA,NA
"PHJJKLOP_01990",0,NA,NA,NA,NA,NA
"PHJJKLOP_01991",7.62380043914337,-7.18109256033018,3.91052361942112,-1.83635064231966,NA,NA
"PHJJKLOP_01992",0.586446187626413,-3.47471991681107,3.95568590385121,-0.878411481919766,0.379720455580377,NA
"PHJJKLOP_01993",0,NA,NA,NA,NA,NA
"PHJJKLOP_01994",0,NA,NA,NA,NA,NA
"PHJJKLOP_01995",0,NA,NA,NA,NA,NA
"PHJJKLOP_01996",0,NA,NA,NA,NA,NA
"PHJJKLOP_01997",0,NA,NA,NA,NA,NA
"PHJJKLOP_01998",0,NA,NA,NA,NA,NA
"PHJJKLOP_01999",0,NA,NA,NA,NA,NA
"PHJJKLOP_02000",0,NA,NA,NA,NA,NA
"PHJJKLOP_02001",0,NA,NA,NA,NA,NA
"PHJJKLOP_02002",2.48967119687101,5.39541894843975,3.91780922065906,1.377152036906,0.168465247127293,NA
"PHJJKLOP_02003",0,NA,NA,NA,NA,NA
"PHJJKLOP_02004",0,NA,NA,NA,NA,NA
"PHJJKLOP_02005",0,NA,NA,NA,NA,NA
"PHJJKLOP_02006",0,NA,NA,NA,NA,NA
"PHJJKLOP_02007",0,NA,NA,NA,NA,NA
"PHJJKLOP_02009",10.1915534474826,-2.69339539931582,3.10387867572034,-0.867751507294578,0.385530382032828,NA
"PHJJKLOP_02012",0,NA,NA,NA,NA,NA
"PHJJKLOP_02013",2.30515873968538,-0.404078571628571,3.157309117179,-0.127981948118406,0.898163258865498,NA
"PHJJKLOP_02014",0,NA,NA,NA,NA,NA
"PHJJKLOP_02015",0,NA,NA,NA,NA,NA
"PHJJKLOP_02016",0,NA,NA,NA,NA,NA
"PHJJKLOP_02017",0,NA,NA,NA,NA,NA
"PHJJKLOP_02018",0,NA,NA,NA,NA,NA
"PHJJKLOP_02019",0,NA,NA,NA,NA,NA
"PHJJKLOP_02020",0,NA,NA,NA,NA,NA
"PHJJKLOP_02021",0,NA,NA,NA,NA,NA
"PHJJKLOP_02022",0,NA,NA,NA,NA,NA
"PHJJKLOP_02023",0,NA,NA,NA,NA,NA
"PHJJKLOP_02024",0,NA,NA,NA,NA,NA
"PHJJKLOP_02025",0,NA,NA,NA,NA,NA
"PHJJKLOP_02026",4.68560553686348,-0.114104752476823,2.3899369998926,-0.0477438327796718,0.961920400407628,NA
"PHJJKLOP_02027",0,NA,NA,NA,NA,NA
"PHJJKLOP_02028",0,NA,NA,NA,NA,NA
"PHJJKLOP_02029",0,NA,NA,NA,NA,NA
"PHJJKLOP_02030",4.33031887105233,6.04093261029655,3.46642229402051,1.74269956107685,0.0813861083763877,NA
"PHJJKLOP_02031",0,NA,NA,NA,NA,NA
"PHJJKLOP_02032",0,NA,NA,NA,NA,NA
"PHJJKLOP_02033",0,NA,NA,NA,NA,NA
"PHJJKLOP_02034",0,NA,NA,NA,NA,NA
"PHJJKLOP_02037",0,NA,NA,NA,NA,NA
"PHJJKLOP_02039",0,NA,NA,NA,NA,NA
"PHJJKLOP_02040",0,NA,NA,NA,NA,NA
"PHJJKLOP_02041",0,NA,NA,NA,NA,NA
"PHJJKLOP_02043",0,NA,NA,NA,NA,NA
"PHJJKLOP_02044",0,NA,NA,NA,NA,NA
"PHJJKLOP_02045",0,NA,NA,NA,NA,NA
"PHJJKLOP_02046",0,NA,NA,NA,NA,NA
"PHJJKLOP_02048",0,NA,NA,NA,NA,NA
"PHJJKLOP_02049",0,NA,NA,NA,NA,NA
"PHJJKLOP_02050",5.73831310110742,-1.41714485922885,3.24851162572799,-0.436244355108709,0.662659449660052,NA
"PHJJKLOP_02051",0,NA,NA,NA,NA,NA
"PHJJKLOP_02053",0,NA,NA,NA,NA,NA
"PHJJKLOP_02055",0,NA,NA,NA,NA,NA
"PHJJKLOP_02056",0,NA,NA,NA,NA,NA
"PHJJKLOP_02057",0,NA,NA,NA,NA,NA
"PHJJKLOP_02058",0,NA,NA,NA,NA,NA
"PHJJKLOP_02059",0,NA,NA,NA,NA,NA
"PHJJKLOP_02060",0,NA,NA,NA,NA,NA
"PHJJKLOP_02061",0,NA,NA,NA,NA,NA
"PHJJKLOP_02063",0,NA,NA,NA,NA,NA
"PHJJKLOP_02064",0,NA,NA,NA,NA,NA
"PHJJKLOP_02065",5.06547055844159,6.38504068943843,3.38199367075276,1.88795169685142,0.0590324353644074,NA
"PHJJKLOP_02066",0,NA,NA,NA,NA,NA
"PHJJKLOP_02067",0,NA,NA,NA,NA,NA
"PHJJKLOP_02068",0,NA,NA,NA,NA,NA
"PHJJKLOP_02069",0,NA,NA,NA,NA,NA
"PHJJKLOP_02070",0,NA,NA,NA,NA,NA
"PHJJKLOP_02071",0,NA,NA,NA,NA,NA
"PHJJKLOP_02072",0.37729279104237,2.22947023745048,4.00329604948097,0.556908659737902,0.57758983767642,NA
"PHJJKLOP_02073",4.32685803146003,0,4.08045587177817,0,1,NA
"PHJJKLOP_02074",1.92242279855891,-5.11700597631237,3.32730948677129,-1.53788098061108,0.124077718461769,NA
"PHJJKLOP_02076",0,NA,NA,NA,NA,NA
"PHJJKLOP_02077",4.21118656288509,0,4.0804558717782,0,1,NA
"PHJJKLOP_02078",0.269153642904975,2.22947824453929,4.00329604948485,0.556910659861436,0.577588471052497,NA
"PHJJKLOP_02079",0,NA,NA,NA,NA,NA
"PHJJKLOP_02080",0,NA,NA,NA,NA,NA
"PHJJKLOP_02081",0,NA,NA,NA,NA,NA
"PHJJKLOP_02082",0,NA,NA,NA,NA,NA
"PHJJKLOP_02083",0,NA,NA,NA,NA,NA
"PHJJKLOP_02084",0,NA,NA,NA,NA,NA
"PHJJKLOP_02085",0,NA,NA,NA,NA,NA
"PHJJKLOP_02086",0,NA,NA,NA,NA,NA
"PHJJKLOP_02087",0,NA,NA,NA,NA,NA
"PHJJKLOP_02088",0,NA,NA,NA,NA,NA
"PHJJKLOP_02089",0,NA,NA,NA,NA,NA
"PHJJKLOP_02091",14.6457290317157,-5.3646696674732,3.62642880317435,-1.47932579367815,NA,NA
"PHJJKLOP_02093",0,NA,NA,NA,NA,NA
"PHJJKLOP_02094",1.5476334467036,4.71324187605454,3.92445914844002,1.2009914481918,0.229754518644226,NA
"PHJJKLOP_02095",0,NA,NA,NA,NA,NA
"PHJJKLOP_02096",0,NA,NA,NA,NA,NA
"PHJJKLOP_02098",6.86464454999243,2.91840501239233,2.76498709279919,1.05548594421749,0.291203134578847,NA
"PHJJKLOP_02099",6.23494610468144,5.41709722900149,3.91764441510405,1.38274346903881,0.166743538174635,NA
"PHJJKLOP_02100",6.39863996051299,1.37952253376319,3.23487123367605,0.426453615649957,0.669777340196442,NA
"PHJJKLOP_02101",0,NA,NA,NA,NA,NA
"PHJJKLOP_02102",0,NA,NA,NA,NA,NA
"PHJJKLOP_02103",0,NA,NA,NA,NA,NA
"PHJJKLOP_02104",1.08139148137396,0,4.08045587178223,0,1,NA
"PHJJKLOP_02105",0,NA,NA,NA,NA,NA
"PHJJKLOP_02106",0,NA,NA,NA,NA,NA
"PHJJKLOP_02107",0,NA,NA,NA,NA,NA
"PHJJKLOP_02108",0.0672884107262436,0.779621651140326,4.07987230956868,0.19108971849728,0.848455302665211,NA
"PHJJKLOP_02109",2.17521493168679,-5.37215952050985,3.91994965706578,-1.37046645760525,0.170541339042794,NA
"PHJJKLOP_02110",0,NA,NA,NA,NA,NA
"PHJJKLOP_02111",0,NA,NA,NA,NA,NA
"PHJJKLOP_02112",0,NA,NA,NA,NA,NA
"PHJJKLOP_02113",0,NA,NA,NA,NA,NA
"PHJJKLOP_02114",0,NA,NA,NA,NA,NA
"PHJJKLOP_02115",0,NA,NA,NA,NA,NA
"PHJJKLOP_02116",2.48949367036007,4.96485334045561,3.70007693985777,1.34182435153536,0.179652954511574,NA
"PHJJKLOP_02117",0,NA,NA,NA,NA,NA
"PHJJKLOP_02118",0,NA,NA,NA,NA,NA
"PHJJKLOP_02119",0,NA,NA,NA,NA,NA
"PHJJKLOP_02123",0.870085972674716,-4.05003077672499,3.93966367585056,-1.0280143458821,0.303943079514699,NA
"PHJJKLOP_02124",0,NA,NA,NA,NA,NA
"PHJJKLOP_02125",0,NA,NA,NA,NA,NA
"PHJJKLOP_02127",0,NA,NA,NA,NA,NA
"PHJJKLOP_02128",0,NA,NA,NA,NA,NA
"PHJJKLOP_02129",0,NA,NA,NA,NA,NA
"PHJJKLOP_02130",6.97267722673848,-5.95720018563923,3.8984106191434,-1.52810998317776,0.126485233224048,NA
"PHJJKLOP_02132",0,NA,NA,NA,NA,NA
"PHJJKLOP_02133",0,NA,NA,NA,NA,NA
"PHJJKLOP_02134",0.0672884107262436,0.779621651140326,4.07987230956868,0.19108971849728,0.848455302665211,NA
"PHJJKLOP_02135",0,NA,NA,NA,NA,NA
"PHJJKLOP_02136",5.77754848526895,3.66513968293081,3.49283266851141,1.04933159723704,0.294025528307901,NA
"PHJJKLOP_02137",0,NA,NA,NA,NA,NA
"PHJJKLOP_02140",0,NA,NA,NA,NA,NA
"PHJJKLOP_02141",0,NA,NA,NA,NA,NA
"PHJJKLOP_02142",0,NA,NA,NA,NA,NA
"PHJJKLOP_02143",0,NA,NA,NA,NA,NA
"PHJJKLOP_02144",0,NA,NA,NA,NA,NA
"PHJJKLOP_02145",0,NA,NA,NA,NA,NA
"PHJJKLOP_02147",0,NA,NA,NA,NA,NA
"PHJJKLOP_02148",0,NA,NA,NA,NA,NA
"PHJJKLOP_02149",0,NA,NA,NA,NA,NA
"PHJJKLOP_02150",0,NA,NA,NA,NA,NA
"PHJJKLOP_02151",16.185914778489,-22.2015472489449,3.90852879890078,-5.6802823750944,NA,NA
"PHJJKLOP_02152",0,NA,NA,NA,NA,NA
"PHJJKLOP_02153",4.61225194982653,0,4.08045587177808,0,1,NA
"PHJJKLOP_02155",0,NA,NA,NA,NA,NA
"PHJJKLOP_02156",0,NA,NA,NA,NA,NA
"PHJJKLOP_02157",0,NA,NA,NA,NA,NA
"PHJJKLOP_02158",0,NA,NA,NA,NA,NA
"PHJJKLOP_02159",0,NA,NA,NA,NA,NA
"PHJJKLOP_02160",2.81161785157229,0,4.0804558717789,0,1,NA
"PHJJKLOP_02161",20.5101103921935,0.47939556067877,3.26788146072409,0.146699189196583,NA,NA
"PHJJKLOP_02162",2.91975699970968,0,4.08045587177882,0,1,NA
"PHJJKLOP_02163",0,NA,NA,NA,NA,NA
"PHJJKLOP_02164",0,NA,NA,NA,NA,NA
"PHJJKLOP_02165",0,NA,NA,NA,NA,NA
"PHJJKLOP_02166",0.344232412019576,2.57307040770057,3.98331954688715,0.645961333860687,0.518304396734552,NA
"PHJJKLOP_02167",0,NA,NA,NA,NA,NA
"PHJJKLOP_02169",0,NA,NA,NA,NA,NA
"PHJJKLOP_02170",0,NA,NA,NA,NA,NA
"PHJJKLOP_02171",0,NA,NA,NA,NA,NA
"PHJJKLOP_02173",0.874749339441167,3.89737578052375,3.93778792913756,0.989737347632466,0.322302515121151,NA
"PHJJKLOP_02174",0,NA,NA,NA,NA,NA
"PHJJKLOP_02175",0,NA,NA,NA,NA,NA
"PHJJKLOP_02176",0,NA,NA,NA,NA,NA
"PHJJKLOP_02177",0.216278296274791,0,4.08045587180384,0,1,NA
"PHJJKLOP_02178",0,NA,NA,NA,NA,NA
"PHJJKLOP_02179",0,NA,NA,NA,NA,NA
"PHJJKLOP_02180",15.2090949731617,-0.191675596360507,3.63113230377336,-0.0527867288562643,NA,NA
"PHJJKLOP_02181",0,NA,NA,NA,NA,NA
"PHJJKLOP_02182",0,NA,NA,NA,NA,NA
"PHJJKLOP_02183",2.42238278614477,5.35606250005212,3.91811408706604,1.36700013859546,0.171625262068259,NA
"PHJJKLOP_02185",0,NA,NA,NA,NA,NA
"PHJJKLOP_02186",0,NA,NA,NA,NA,NA
"PHJJKLOP_02187",1.38289510197087,-1.43436292344771,3.83824633841546,-0.373702674862672,0.708625535037683,NA
"PHJJKLOP_02193",41.1465053982184,-1.27768250195061,3.00621353477726,-0.425013887792665,NA,NA
"PHJJKLOP_02194",0,NA,NA,NA,NA,NA
"PHJJKLOP_02195",0,NA,NA,NA,NA,NA
"PHJJKLOP_02196",0,NA,NA,NA,NA,NA
"PHJJKLOP_02197",0,NA,NA,NA,NA,NA
"PHJJKLOP_02198",14.6446497418547,0.16473373259474,3.41319773188251,0.0482637530946334,NA,NA
"PHJJKLOP_02199",0,NA,NA,NA,NA,NA
"PHJJKLOP_02202",0,NA,NA,NA,NA,NA
"PHJJKLOP_02203",0,NA,NA,NA,NA,NA
"PHJJKLOP_02204",0,NA,NA,NA,NA,NA
"PHJJKLOP_02205",0,NA,NA,NA,NA,NA
"PHJJKLOP_02206",0,NA,NA,NA,NA,NA
"PHJJKLOP_02207",0,NA,NA,NA,NA,NA
"PHJJKLOP_02208",7.27193272656752,-7.11289734927107,3.91070606909325,-1.81882688793338,NA,NA
"PHJJKLOP_02209",0,NA,NA,NA,NA,NA
"PHJJKLOP_02211",1.00932616089365,4.10164424690226,3.9337266517623,1.04268664551583,0.297093444929215,NA
"PHJJKLOP_02213",0,NA,NA,NA,NA,NA
"PHJJKLOP_02215",9.02403397426546,-7.33572670015994,3.78548868619166,-1.93785460960919,NA,NA
"PHJJKLOP_02216",0,NA,NA,NA,NA,NA
"PHJJKLOP_02217",9.99254287907748,-7.00635866120693,3.87223507064433,-1.80938360749909,NA,NA
"PHJJKLOP_02218",0,NA,NA,NA,NA,NA
"PHJJKLOP_02219",0,NA,NA,NA,NA,NA
"PHJJKLOP_02220",0,NA,NA,NA,NA,NA
"PHJJKLOP_02221",0,NA,NA,NA,NA,NA
"PHJJKLOP_02222",0,NA,NA,NA,NA,NA
"PHJJKLOP_02223",0,NA,NA,NA,NA,NA
"PHJJKLOP_02224",0,NA,NA,NA,NA,NA
"PHJJKLOP_02225",0,NA,NA,NA,NA,NA
"PHJJKLOP_02226",0,NA,NA,NA,NA,NA
"PHJJKLOP_02227",0,NA,NA,NA,NA,NA
"PHJJKLOP_02228",0,NA,NA,NA,NA,NA
"PHJJKLOP_02229",8.90603709946834,6.78201564836493,3.86668750687731,1.75396011089657,NA,NA
"PHJJKLOP_02233",0,NA,NA,NA,NA,NA
"PHJJKLOP_02234",0,NA,NA,NA,NA,NA
"PHJJKLOP_02235",9.08987497382906,-2.96258266135853,2.96382710416051,-0.999580123010471,0.31751374640028,NA
"PHJJKLOP_02237",0,NA,NA,NA,NA,NA
"PHJJKLOP_02238",0.108760746584339,-1.13981239276731,4.08045587181216,-0.27933457157107,0.779988077478814,NA
"PHJJKLOP_02239",0,NA,NA,NA,NA,NA
"PHJJKLOP_02240",0,NA,NA,NA,NA,NA
"PHJJKLOP_02241",0,NA,NA,NA,NA,NA
"PHJJKLOP_02242",0,NA,NA,NA,NA,NA
"PHJJKLOP_02243",3.67673103667145,0,4.08045587177841,0,1,NA
"PHJJKLOP_02244",0,NA,NA,NA,NA,NA
"PHJJKLOP_02245",0,NA,NA,NA,NA,NA
"PHJJKLOP_02247",2.1519696965572,-3.63612952155686,3.5999114373377,-1.01006082645354,0.312466148850245,NA
"PHJJKLOP_02248",5.1835293775746,-6.6259024471644,3.91229240600298,-1.6936112538515,NA,NA
"PHJJKLOP_02251",0,NA,NA,NA,NA,NA
"PHJJKLOP_02252",0,NA,NA,NA,NA,NA
"PHJJKLOP_02253",0,NA,NA,NA,NA,NA
"PHJJKLOP_02254",0,NA,NA,NA,NA,NA
"PHJJKLOP_02257",0,NA,NA,NA,NA,NA
"PHJJKLOP_02258",0,NA,NA,NA,NA,NA
"PHJJKLOP_02259",0,NA,NA,NA,NA,NA
"PHJJKLOP_02260",18.0091039571098,19.9448425482872,3.89480640623727,5.12088162234377,NA,NA
"PHJJKLOP_02263",0,NA,NA,NA,NA,NA
"PHJJKLOP_02264",13.7089245221181,4.53551533971109,3.60302162752075,1.25880880233072,NA,NA
"PHJJKLOP_02266",0.108139148137396,0,4.08045587181216,0,1,NA
"PHJJKLOP_02267",1.00932616089365,4.10164424690226,3.9337266517623,1.04268664551583,0.297093444929215,NA
"PHJJKLOP_02268",4.07815538098577,6.06649135302396,3.82085854923755,1.58772989757355,NA,NA
"PHJJKLOP_02269",0.108139148137396,0,4.08045587181216,0,1,NA
"PHJJKLOP_02270",0,NA,NA,NA,NA,NA
"PHJJKLOP_02271",0,NA,NA,NA,NA,NA
"PHJJKLOP_02275",0,NA,NA,NA,NA,NA
"PHJJKLOP_02276",0,NA,NA,NA,NA,NA
"PHJJKLOP_02277",0,NA,NA,NA,NA,NA
"PHJJKLOP_02278",0,NA,NA,NA,NA,NA
"PHJJKLOP_02279",0,NA,NA,NA,NA,NA
"PHJJKLOP_02280",0,NA,NA,NA,NA,NA
"PHJJKLOP_02281",24.6012785217299,0,4.08045587177705,0,NA,NA
"PHJJKLOP_02282",0,NA,NA,NA,NA,NA
"PHJJKLOP_02283",12.567603816637,14.1566934299633,3.83796324498062,3.68859536330312,NA,NA
"PHJJKLOP_02285",0,NA,NA,NA,NA,NA
"PHJJKLOP_02286",5.32927658263263,-6.66499910070104,3.91214439425203,-1.70366899301919,NA,NA
"PHJJKLOP_02287",0,NA,NA,NA,NA,NA
"PHJJKLOP_02288",9.3782424171264,-0.703925227529427,3.60713052079782,-0.195148255232454,0.845276886492954,NA
"PHJJKLOP_02289",0,NA,NA,NA,NA,NA
"PHJJKLOP_02290",0,NA,NA,NA,NA,NA
"PHJJKLOP_02291",0,NA,NA,NA,NA,NA
"PHJJKLOP_02292",1.91705343634394,4.94311703044105,3.92186306747495,1.26040020913418,0.207525026267063,NA
"PHJJKLOP_02293",0,NA,NA,NA,NA,NA
"PHJJKLOP_02294",0,NA,NA,NA,NA,NA
"PHJJKLOP_02295",0,NA,NA,NA,NA,NA
"PHJJKLOP_02296",0,NA,NA,NA,NA,NA
"PHJJKLOP_02297",3.49899735776467,5.88460908302534,3.91463521268091,1.50323306344432,NA,NA
"PHJJKLOP_02299",0,NA,NA,NA,NA,NA
"PHJJKLOP_02300",0,NA,NA,NA,NA,NA
"PHJJKLOP_02301",0,NA,NA,NA,NA,NA
"PHJJKLOP_02302",0,NA,NA,NA,NA,NA
"PHJJKLOP_02303",0,NA,NA,NA,NA,NA
"PHJJKLOP_02304",0,NA,NA,NA,NA,NA
"PHJJKLOP_02305",0,NA,NA,NA,NA,NA
"PHJJKLOP_02306",0,NA,NA,NA,NA,NA
"PHJJKLOP_02307",62.8829193856693,-3.36323807364681,3.05123627879673,-1.10225422299093,NA,NA
"PHJJKLOP_02309",0,NA,NA,NA,NA,NA
"PHJJKLOP_02310",3.50682478578304,-3.72119052979512,3.67692327209253,-1.01203921170686,0.311519305329454,NA
"PHJJKLOP_02311",0,NA,NA,NA,NA,NA
"PHJJKLOP_02312",0,NA,NA,NA,NA,NA
"PHJJKLOP_02314",0,NA,NA,NA,NA,NA
"PHJJKLOP_02315",0,NA,NA,NA,NA,NA
"PHJJKLOP_02316",0,NA,NA,NA,NA,NA
"PHJJKLOP_02319",0,NA,NA,NA,NA,NA
"PHJJKLOP_02320",0,NA,NA,NA,NA,NA
"PHJJKLOP_02321",0.123624515184572,0,4.08045587181216,0,1,NA
"PHJJKLOP_02322",14.0068932843725,-1.40309159209992,3.69087914586448,-0.380151052540435,NA,NA
"PHJJKLOP_02323",0,NA,NA,NA,NA,NA
"PHJJKLOP_02324",0,NA,NA,NA,NA,NA
"PHJJKLOP_02325",0,NA,NA,NA,NA,NA
"PHJJKLOP_02326",0,NA,NA,NA,NA,NA
"PHJJKLOP_02327",0,NA,NA,NA,NA,NA
"PHJJKLOP_02328",0,NA,NA,NA,NA,NA
"PHJJKLOP_02329",0,NA,NA,NA,NA,NA
"PHJJKLOP_02330",0,NA,NA,NA,NA,NA
"PHJJKLOP_02331",0.324417444412187,0,4.08045587179485,0,1,NA
"PHJJKLOP_02332",0,NA,NA,NA,NA,NA
"PHJJKLOP_02333",0,NA,NA,NA,NA,NA
"PHJJKLOP_02334",10.7308606343976,7.03643184162057,3.21384154303909,2.18941467629631,0.0285667139007283,NA
"PHJJKLOP_02335",4.54184422177062,0,4.0804558717781,0,1,NA
"PHJJKLOP_02336",0,NA,NA,NA,NA,NA
"PHJJKLOP_02337",8.83093701132553,3.50195822532988,3.01854334219179,1.16014839885886,0.245988391779561,NA
"PHJJKLOP_02338",0.540695740686979,0,4.08045587178765,0,1,NA
"PHJJKLOP_02340",0,NA,NA,NA,NA,NA
"PHJJKLOP_02341",0,NA,NA,NA,NA,NA
"PHJJKLOP_02342",0,NA,NA,NA,NA,NA
"PHJJKLOP_02343",6.41688404847603,-6.93293568379809,3.91123102255158,-1.77257125539857,NA,NA
"PHJJKLOP_02344",49.4595821665888,-1.12636656921794,2.99316816992093,-0.376312490737095,NA,NA
"PHJJKLOP_02345",1.76630019785542,4.10161395627197,3.93372665172969,1.04267894528677,0.297097012429029,NA
"PHJJKLOP_02346",2.37906125902271,0,4.08045587177928,0,1,NA
"PHJJKLOP_02347",0,NA,NA,NA,NA,NA
"PHJJKLOP_02348",1.66306075924631,0.897182582395743,3.80243224128501,0.235949656815593,0.813471735288126,NA
"PHJJKLOP_02349",0,NA,NA,NA,NA,NA
"PHJJKLOP_02350",0,NA,NA,NA,NA,NA
"PHJJKLOP_02351",0,NA,NA,NA,NA,NA
"PHJJKLOP_02352",0,NA,NA,NA,NA,NA
"PHJJKLOP_02353",6.80528801357612,6.84240423663394,3.52247531893096,1.94249884445196,0.0520767396938686,NA
"PHJJKLOP_02354",2.06645418510245,-5.29815275439355,3.92064302793324,-1.35134790814823,0.176584012160705,NA
"PHJJKLOP_02355",0,NA,NA,NA,NA,NA
"PHJJKLOP_02357",0,NA,NA,NA,NA,NA
"PHJJKLOP_02359",0,NA,NA,NA,NA,NA
"PHJJKLOP_02363",8.61291657295919,7.18148983204793,3.90995959003952,1.83671714928781,NA,NA
"PHJJKLOP_02365",0,NA,NA,NA,NA,NA
"PHJJKLOP_02366",13.5344492395224,-7.25527754304447,3.87765406122152,-1.87104817203806,NA,NA
"PHJJKLOP_02367",0,NA,NA,NA,NA,NA
"PHJJKLOP_02368",0,NA,NA,NA,NA,NA
"PHJJKLOP_02369",0,NA,NA,NA,NA,NA
"PHJJKLOP_02370",9.57493321929718,-1.62523883532632,2.91798921930637,-0.556972186385478,0.577546432582982,NA
"PHJJKLOP_02372",0,NA,NA,NA,NA,NA
"PHJJKLOP_02373",0,NA,NA,NA,NA,NA
"PHJJKLOP_02374",1.96639857360407,3.92790375100004,3.7913787482253,1.03600932848997,0.300197790545015,NA
"PHJJKLOP_02378",0.67589416058641,0.483728137916327,4.04094915914128,0.119706563697308,0.904715600673913,NA
"PHJJKLOP_02380",0,NA,NA,NA,NA,NA
"PHJJKLOP_02381",0,NA,NA,NA,NA,NA
"PHJJKLOP_02382",0,NA,NA,NA,NA,NA
"PHJJKLOP_02383",0,NA,NA,NA,NA,NA
"PHJJKLOP_02384",0,NA,NA,NA,NA,NA
"PHJJKLOP_02386",2.37906125902271,0,4.08045587177928,0,1,NA
"PHJJKLOP_02388",0,NA,NA,NA,NA,NA
"PHJJKLOP_02389",8.86194348428651,-2.13575327152877,3.54956182152773,-0.601694907403965,NA,NA
"PHJJKLOP_02390",0,NA,NA,NA,NA,NA
"PHJJKLOP_02392",0,NA,NA,NA,NA,NA
"PHJJKLOP_02393",0,NA,NA,NA,NA,NA
"PHJJKLOP_02394",0,NA,NA,NA,NA,NA
"PHJJKLOP_02396",0,NA,NA,NA,NA,NA
"PHJJKLOP_02397",0.714356443120532,2.41215714260128,3.95116540430105,0.610492575171752,0.541535560339588,NA
"PHJJKLOP_02398",0,NA,NA,NA,NA,NA
"PHJJKLOP_02399",0,NA,NA,NA,NA,NA
"PHJJKLOP_02400",0,NA,NA,NA,NA,NA
"PHJJKLOP_02401",5.14526657492775,-1.20481296920887,3.42614097572635,-0.351653063240764,0.725098464982438,NA
"PHJJKLOP_02402",0,NA,NA,NA,NA,NA
"PHJJKLOP_02403",0,NA,NA,NA,NA,NA
"PHJJKLOP_02404",1.62892480497732,-4.50957748640341,3.93071447883026,-1.1472666128997,0.251271448233633,NA
"PHJJKLOP_02405",0,NA,NA,NA,NA,NA
"PHJJKLOP_02406",0.217521493168679,-2.04895068473708,4.03681898323332,-0.507565658318411,0.611757979465445,NA
"PHJJKLOP_02407",0,NA,NA,NA,NA,NA
"PHJJKLOP_02408",0,NA,NA,NA,NA,NA
"PHJJKLOP_02409",0,NA,NA,NA,NA,NA
"PHJJKLOP_02410",0,NA,NA,NA,NA,NA
"PHJJKLOP_02411",0,NA,NA,NA,NA,NA
"PHJJKLOP_02412",0,NA,NA,NA,NA,NA
"PHJJKLOP_02413",10.5854025567138,-7.65559977198094,3.51857700245103,-2.17576587542296,0.0295727715490421,NA
"PHJJKLOP_02414",2.82777941119283,-5.75069725921138,3.91690805687021,-1.46817264426841,0.142057332967042,NA
"PHJJKLOP_02415",0,NA,NA,NA,NA,NA
"PHJJKLOP_02416",0,NA,NA,NA,NA,NA
"PHJJKLOP_02417",8.23809986577372,-7.25750610458734,3.29137744268422,-2.2050057251011,0.0274536927926061,NA
"PHJJKLOP_02418",0,NA,NA,NA,NA,NA
"PHJJKLOP_02419",0,NA,NA,NA,NA,NA
"PHJJKLOP_02420",0,NA,NA,NA,NA,NA
"PHJJKLOP_02421",5.78187889859014,4.63310634534167,3.44923448933793,1.34322742036335,NA,NA
"PHJJKLOP_02422",0,NA,NA,NA,NA,NA
"PHJJKLOP_02424",0,NA,NA,NA,NA,NA
"PHJJKLOP_02425",0.324417444412187,0,4.08045587179485,0,1,NA
"PHJJKLOP_02426",0,NA,NA,NA,NA,NA
"PHJJKLOP_02427",0,NA,NA,NA,NA,NA
"PHJJKLOP_02428",0,NA,NA,NA,NA,NA
"PHJJKLOP_02429",3.56628576849091,5.91200476424527,3.91448713489092,1.51028846449639,NA,NA
"PHJJKLOP_02430",6.79934833515147,0,4.08045587177767,0,NA,NA
"PHJJKLOP_02431",3.72834482550214,-1.41442051106945,3.76422883376945,-0.375753062189121,0.707100485757987,NA
"PHJJKLOP_02432",0,NA,NA,NA,NA,NA
"PHJJKLOP_02433",0,NA,NA,NA,NA,NA
"PHJJKLOP_02434",22.0823553793059,-2.49909833443297,3.63533515686591,-0.687446473735172,NA,NA
"PHJJKLOP_02435",9.65763092154701,0.790303562608918,3.48802790478475,0.226576043593232,0.820753422295603,NA
"PHJJKLOP_02436",8.37448753864488,-7.31669718732656,3.52260614189739,-2.07706933236242,0.0377951605904935,NA
"PHJJKLOP_02437",0,NA,NA,NA,NA,NA
"PHJJKLOP_02438",0,NA,NA,NA,NA,NA
"PHJJKLOP_02439",0,NA,NA,NA,NA,NA
"PHJJKLOP_02440",0,NA,NA,NA,NA,NA
"PHJJKLOP_02441",0,NA,NA,NA,NA,NA
"PHJJKLOP_02442",0,NA,NA,NA,NA,NA
"PHJJKLOP_02443",0,NA,NA,NA,NA,NA
"PHJJKLOP_02444",0,NA,NA,NA,NA,NA
"PHJJKLOP_02445",0,NA,NA,NA,NA,NA
"PHJJKLOP_02446",0,NA,NA,NA,NA,NA
"PHJJKLOP_02447",0.117289237525283,-1.13981239276731,4.08045587181216,-0.27933457157107,0.779988077478814,NA
"PHJJKLOP_02448",0,NA,NA,NA,NA,NA
"PHJJKLOP_02449",0,NA,NA,NA,NA,NA
"PHJJKLOP_02450",0,NA,NA,NA,NA,NA
"PHJJKLOP_02451",0,NA,NA,NA,NA,NA
"PHJJKLOP_02452",5.27801568863772,-6.65035946748596,3.91219934829043,-1.69990301501176,0.0891491697183437,NA
"PHJJKLOP_02453",2.35509437541853,5.31560176835788,3.91843622904937,1.35656202057101,0.174920416292189,NA
"PHJJKLOP_02454",0,NA,NA,NA,NA,NA
"PHJJKLOP_02455",4.83551857096936,6.3502397737837,3.5970841359602,1.76538538820932,0.0774990174290709,NA
"PHJJKLOP_02456",0,NA,NA,NA,NA,NA
"PHJJKLOP_02457",2.1171553155827,4.28048005776996,3.93060566859826,1.08901284399167,0.276148221758603,NA
"PHJJKLOP_02458",0,NA,NA,NA,NA,NA
"PHJJKLOP_02459",8.28513492069484,0.92045603499225,3.58973695149706,0.256413226770943,NA,NA
"PHJJKLOP_02460",0,NA,NA,NA,NA,NA
"PHJJKLOP_02461",0,NA,NA,NA,NA,NA
"PHJJKLOP_02462",6.91503472610907,-1.07378224112213,3.71336862658446,-0.289166616380285,0.772453877333105,NA
"PHJJKLOP_02463",5.70598645270972,6.58781935298012,3.91159504897873,1.68417723984494,NA,NA
"PHJJKLOP_02464",0,NA,NA,NA,NA,NA
"PHJJKLOP_02465",1.74949867888233,4.88899745686521,3.92243803547028,1.24641802181562,0.212610968345981,NA
"PHJJKLOP_02466",0,NA,NA,NA,NA,NA
"PHJJKLOP_02467",0,NA,NA,NA,NA,NA
"PHJJKLOP_02468",5.83362563146093,5.38832161049597,3.53754011844818,1.52318318098953,0.127712882738859,NA
"PHJJKLOP_02469",0,NA,NA,NA,NA,NA
"PHJJKLOP_02470",0,NA,NA,NA,NA,NA
"PHJJKLOP_02471",0,NA,NA,NA,NA,NA
"PHJJKLOP_02472",0,NA,NA,NA,NA,NA
"PHJJKLOP_02473",0,NA,NA,NA,NA,NA
"PHJJKLOP_02474",0,NA,NA,NA,NA,NA
"PHJJKLOP_02475",0,NA,NA,NA,NA,NA
"PHJJKLOP_02476",4.6548836851053,6.29458180785634,3.9126866845914,1.60876203879169,NA,NA
"PHJJKLOP_02477",0.911569286240695,0,4.08045587178325,0,1,NA
"PHJJKLOP_02478",0,NA,NA,NA,NA,NA
"PHJJKLOP_02479",0,NA,NA,NA,NA,NA
"PHJJKLOP_02480",0,NA,NA,NA,NA,NA
"PHJJKLOP_02481",0,NA,NA,NA,NA,NA
"PHJJKLOP_02482",0,NA,NA,NA,NA,NA
"PHJJKLOP_02483",0.543803732921697,-3.37174324171221,3.95928130138868,-0.851604870947059,0.394433435200162,NA
"PHJJKLOP_02484",1.40372885429503,0,4.08045587178098,0,1,NA
"PHJJKLOP_02485",0,NA,NA,NA,NA,NA
"PHJJKLOP_02486",0,NA,NA,NA,NA,NA
"PHJJKLOP_02487",0,NA,NA,NA,NA,NA
"PHJJKLOP_02488",0,NA,NA,NA,NA,NA
"PHJJKLOP_02489",2.70594949314581,5.3954036807301,3.91780922064958,1.37714813990752,0.168466451723124,NA
"PHJJKLOP_02490",0,NA,NA,NA,NA,NA
"PHJJKLOP_02491",0,NA,NA,NA,NA,NA
"PHJJKLOP_02492",0,NA,NA,NA,NA,NA
"PHJJKLOP_02493",0,NA,NA,NA,NA,NA
"PHJJKLOP_02494",0,NA,NA,NA,NA,NA
"PHJJKLOP_02495",1.6205714869678,4.77755186769142,3.92369123051847,1.21761667445481,0.223369674927582,NA
"PHJJKLOP_02496",0,NA,NA,NA,NA,NA
"PHJJKLOP_02497",0,NA,NA,NA,NA,NA
"PHJJKLOP_02498",0,NA,NA,NA,NA,NA
"PHJJKLOP_02499",0,NA,NA,NA,NA,NA
"PHJJKLOP_02501",0,NA,NA,NA,NA,NA
"PHJJKLOP_02502",0,NA,NA,NA,NA,NA
"PHJJKLOP_02503",24.445726897129,-21.9830139479559,3.90922856307665,-5.62336368755446,NA,NA
"PHJJKLOP_02504",0,NA,NA,NA,NA,NA
"PHJJKLOP_02505",0,NA,NA,NA,NA,NA
"PHJJKLOP_02506",0,NA,NA,NA,NA,NA
"PHJJKLOP_02507",0,NA,NA,NA,NA,NA
"PHJJKLOP_02508",0,NA,NA,NA,NA,NA
"PHJJKLOP_02509",0,NA,NA,NA,NA,NA
"PHJJKLOP_02511",0,NA,NA,NA,NA,NA
"PHJJKLOP_02512",0,NA,NA,NA,NA,NA
"PHJJKLOP_02514",0,NA,NA,NA,NA,NA
"PHJJKLOP_02515",5.65555882238565,-6.75073026548146,3.91183352052819,-1.72572023580644,NA,NA
"PHJJKLOP_02516",0,NA,NA,NA,NA,NA
"PHJJKLOP_02517",0,NA,NA,NA,NA,NA
"PHJJKLOP_02518",0,NA,NA,NA,NA,NA
"PHJJKLOP_02519",1.19636821242773,-4.5095573004518,3.93071481305667,-1.1472613799079,0.25127361034336,NA
"PHJJKLOP_02520",0,NA,NA,NA,NA,NA
"PHJJKLOP_02521",7.73135684964103,-2.50773902327632,3.25608604306839,-0.770169765204713,0.441199196328803,NA
"PHJJKLOP_02522",0,NA,NA,NA,NA,NA
"PHJJKLOP_02523",0,NA,NA,NA,NA,NA
"PHJJKLOP_02524",0,NA,NA,NA,NA,NA
"PHJJKLOP_02525",0,NA,NA,NA,NA,NA
"PHJJKLOP_02526",0,NA,NA,NA,NA,NA
"PHJJKLOP_02527",0,NA,NA,NA,NA,NA
"PHJJKLOP_02528",10.327433713742,0,4.08045587177738,0,NA,NA
"PHJJKLOP_02529",8.04205868677573,-6.14631381526221,3.88899568188758,-1.58043729487481,0.114006756342436,NA
"PHJJKLOP_02530",0,NA,NA,NA,NA,NA
"PHJJKLOP_02531",0,NA,NA,NA,NA,NA
"PHJJKLOP_02532",0,NA,NA,NA,NA,NA
"PHJJKLOP_02534",0,NA,NA,NA,NA,NA
"PHJJKLOP_02535",2.06329807263243,0.625273315459256,3.75466420273572,0.166532419864251,0.86773797200732,NA
"PHJJKLOP_02537",0,NA,NA,NA,NA,NA
"PHJJKLOP_02538",0,NA,NA,NA,NA,NA
"PHJJKLOP_02539",0,NA,NA,NA,NA,NA
"PHJJKLOP_02540",0,NA,NA,NA,NA,NA
"PHJJKLOP_02541",0,NA,NA,NA,NA,NA
"PHJJKLOP_02542",0,NA,NA,NA,NA,NA
"PHJJKLOP_02543",0,NA,NA,NA,NA,NA
"PHJJKLOP_02544",3.04952017565735,-5.85841760464379,3.91617830436474,-1.49595272465361,0.134665975188252,NA
"PHJJKLOP_02545",0,NA,NA,NA,NA,NA
"PHJJKLOP_02546",2.83627079150308,-5.75667580786911,3.91686611508416,-1.4697147256833,0.141639032774716,NA
"PHJJKLOP_02547",0,NA,NA,NA,NA,NA
"PHJJKLOP_02550",0,NA,NA,NA,NA,NA
"PHJJKLOP_02551",0,NA,NA,NA,NA,NA
"PHJJKLOP_02552",0,NA,NA,NA,NA,NA
"PHJJKLOP_02553",0,NA,NA,NA,NA,NA
"PHJJKLOP_02554",0,NA,NA,NA,NA,NA
"PHJJKLOP_02556",8.48333823357848,-7.33569660725728,3.91014055181597,-1.87606980108436,NA,NA
"PHJJKLOP_02557",0,NA,NA,NA,NA,NA
"PHJJKLOP_02558",0,NA,NA,NA,NA,NA
"PHJJKLOP_02559",0.108760746584339,-1.13981239276731,4.08045587181216,-0.27933457157107,0.779988077478814,NA
"PHJJKLOP_02561",0,NA,NA,NA,NA,NA
"PHJJKLOP_02562",0,NA,NA,NA,NA,NA
"PHJJKLOP_02563",0.480414786067549,-2.0224464248257,3.9749158387288,-0.508802326107234,0.61089078878019,NA
"PHJJKLOP_02564",0,NA,NA,NA,NA,NA
"PHJJKLOP_02566",0,NA,NA,NA,NA,NA
"PHJJKLOP_02567",0,NA,NA,NA,NA,NA
"PHJJKLOP_02568",37.9720286982944,-0.128291328417944,3.43984866318825,-0.0372956315755577,NA,NA
"PHJJKLOP_02569",0,NA,NA,NA,NA,NA
"PHJJKLOP_02570",0,NA,NA,NA,NA,NA
"PHJJKLOP_02571",0,NA,NA,NA,NA,NA
"PHJJKLOP_02572",0,NA,NA,NA,NA,NA
"PHJJKLOP_02573",0,NA,NA,NA,NA,NA
"PHJJKLOP_02574",3.69786538386754,-6.13773831344318,3.91452085266799,-1.56794114642663,0.116894868008004,NA
"PHJJKLOP_02576",0,NA,NA,NA,NA,NA
"PHJJKLOP_02577",0,NA,NA,NA,NA,NA
"PHJJKLOP_02578",0,NA,NA,NA,NA,NA
"PHJJKLOP_02580",0,NA,NA,NA,NA,NA
"PHJJKLOP_02582",0,NA,NA,NA,NA,NA
"PHJJKLOP_02583",0,NA,NA,NA,NA,NA
"PHJJKLOP_02584",0,NA,NA,NA,NA,NA
"PHJJKLOP_02585",0,NA,NA,NA,NA,NA
"PHJJKLOP_02586",0,NA,NA,NA,NA,NA
"PHJJKLOP_02587",0,NA,NA,NA,NA,NA
"PHJJKLOP_02589",0,NA,NA,NA,NA,NA
"PHJJKLOP_02592",0,NA,NA,NA,NA,NA
"PHJJKLOP_02595",8.82420608294202,6.06235489225515,3.48744890434711,1.73833511501729,0.0821517823913501,NA
"PHJJKLOP_02596",0,NA,NA,NA,NA,NA
"PHJJKLOP_02597",0,NA,NA,NA,NA,NA
"PHJJKLOP_02598",0,NA,NA,NA,NA,NA
"PHJJKLOP_02600",0,NA,NA,NA,NA,NA
"PHJJKLOP_02601",0,NA,NA,NA,NA,NA
"PHJJKLOP_02602",0,NA,NA,NA,NA,NA
"PHJJKLOP_02603",0,NA,NA,NA,NA,NA
"PHJJKLOP_02604",4.54184422177062,0,4.0804558717781,0,1,NA
"PHJJKLOP_02605",9.34092853361193,-6.49363605928003,3.69700482378491,-1.75645863849103,NA,NA
"PHJJKLOP_02607",0,NA,NA,NA,NA,NA
"PHJJKLOP_02608",0,NA,NA,NA,NA,NA
"PHJJKLOP_02609",0,NA,NA,NA,NA,NA
"PHJJKLOP_02610",0,NA,NA,NA,NA,NA
"PHJJKLOP_02611",0,NA,NA,NA,NA,NA
"PHJJKLOP_02612",0,NA,NA,NA,NA,NA
"PHJJKLOP_02613",12.2324943017138,0,4.08045587177729,0,NA,NA
"PHJJKLOP_02614",0,NA,NA,NA,NA,NA
"PHJJKLOP_02615",3.96857440130425,-0.98280602997508,3.60141965816598,-0.272894059359795,0.784934653211614,NA
"PHJJKLOP_02616",0.247249030369144,0,4.08045587180086,0,1,NA
"PHJJKLOP_02617",12.6079143465214,-6.85769488907121,3.88283946444701,-1.76615462778291,NA,NA
"PHJJKLOP_02618",0,NA,NA,NA,NA,NA
"PHJJKLOP_02619",50.3425485634736,3.57276935329239,3.62294939725281,0.986149394192901,NA,NA
"PHJJKLOP_02620",1.15782998148809,-0.182178040706807,4.07987206450159,-0.0446528807341566,0.964383991932878,NA
"PHJJKLOP_02622",9.54153122714777,6.86893060021228,3.57181941641853,1.92309011162153,NA,NA
"PHJJKLOP_02623",0,NA,NA,NA,NA,NA
"PHJJKLOP_02624",0,NA,NA,NA,NA,NA
"PHJJKLOP_02625",0,NA,NA,NA,NA,NA
"PHJJKLOP_02626",0,NA,NA,NA,NA,NA
"PHJJKLOP_02627",0,NA,NA,NA,NA,NA
"PHJJKLOP_02628",0,NA,NA,NA,NA,NA
"PHJJKLOP_02629",0,NA,NA,NA,NA,NA
"PHJJKLOP_02630",0,NA,NA,NA,NA,NA
"PHJJKLOP_02632",2.9261758964134,0.983857904001832,2.61378569824333,0.376411082462904,0.706611308208053,NA
"PHJJKLOP_02633",0,NA,NA,NA,NA,NA
"PHJJKLOP_02634",3.37158314411452,-6.00446648592975,3.91527182220436,-1.53360143525083,0.125127735021139,NA
"PHJJKLOP_02635",2.48967119687101,5.39541894843975,3.91780922065906,1.377152036906,0.168465247127293,NA
"PHJJKLOP_02636",0,NA,NA,NA,NA,NA
"PHJJKLOP_02637",0,NA,NA,NA,NA,NA
"PHJJKLOP_02638",0,NA,NA,NA,NA,NA
"PHJJKLOP_02639",0,NA,NA,NA,NA,NA
"PHJJKLOP_02642",0,NA,NA,NA,NA,NA
"PHJJKLOP_02643",0,NA,NA,NA,NA,NA
"PHJJKLOP_02644",5.41025370949446,6.03911740039935,3.59604693802531,1.6793766890361,0.0930786534487828,NA
"PHJJKLOP_02645",0,NA,NA,NA,NA,NA
"PHJJKLOP_02646",1.02328602720399,4.07869885341829,3.93415523516281,1.03674070025595,0.299856718419716,NA
"PHJJKLOP_02647",2.61025791802415,-5.63521308101258,3.9177531798318,-1.43837879068597,0.150326607105513,NA
"PHJJKLOP_02649",19.5339009453338,-1.59628559317295,3.25849782954805,-0.489883890269264,NA,NA
"PHJJKLOP_02650",0,NA,NA,NA,NA,NA
"PHJJKLOP_02651",0,NA,NA,NA,NA,NA
"PHJJKLOP_02652",0,NA,NA,NA,NA,NA
"PHJJKLOP_02654",0,NA,NA,NA,NA,NA
"PHJJKLOP_02655",0,NA,NA,NA,NA,NA
"PHJJKLOP_02657",0,NA,NA,NA,NA,NA
"PHJJKLOP_02658",2.51065975980465,5.34284885593689,3.91821824462348,1.36359143936616,0.172696187892652,NA
"PHJJKLOP_02659",0,NA,NA,NA,NA,NA
"PHJJKLOP_02660",8.10850706437697,7.09412576012071,3.91016024332531,1.81428005980841,NA,NA
"PHJJKLOP_02661",0,NA,NA,NA,NA,NA
"PHJJKLOP_02662",3.8489987518572,5.53731313051276,3.5535762812267,1.55823674301464,0.119177137932279,NA
"PHJJKLOP_02663",0,NA,NA,NA,NA,NA
"PHJJKLOP_02664",0,NA,NA,NA,NA,NA
"PHJJKLOP_02665",0,NA,NA,NA,NA,NA
"PHJJKLOP_02668",0,NA,NA,NA,NA,NA
"PHJJKLOP_02669",0,NA,NA,NA,NA,NA
"PHJJKLOP_02670",0,NA,NA,NA,NA,NA
"PHJJKLOP_02671",0,NA,NA,NA,NA,NA
"PHJJKLOP_02672",0,NA,NA,NA,NA,NA
"PHJJKLOP_02674",0,NA,NA,NA,NA,NA
"PHJJKLOP_02675",4.11092021614973,0,4.08045587177824,0,1,NA
"PHJJKLOP_02678",0,NA,NA,NA,NA,NA
"PHJJKLOP_02679",0,NA,NA,NA,NA,NA
"PHJJKLOP_02680",0,NA,NA,NA,NA,NA
"PHJJKLOP_02681",0,NA,NA,NA,NA,NA
"PHJJKLOP_02682",0.974495530130449,-2.04897971409801,4.03681640983157,-0.507573173035009,0.611752708262483,NA
"PHJJKLOP_02683",0,NA,NA,NA,NA,NA
"PHJJKLOP_02684",0,NA,NA,NA,NA,NA
"PHJJKLOP_02686",0,NA,NA,NA,NA,NA
"PHJJKLOP_02687",0,NA,NA,NA,NA,NA
"PHJJKLOP_02688",0,NA,NA,NA,NA,NA
"PHJJKLOP_02689",0,NA,NA,NA,NA,NA
"PHJJKLOP_02690",6.63440554164471,-6.98103042864233,3.91108426410426,-1.78493480509072,NA,NA
"PHJJKLOP_02691",0,NA,NA,NA,NA,NA
"PHJJKLOP_02692",2.69153642904975,5.50742923434121,3.91698539646283,1.40603772465289,0.159712922932915,NA
"PHJJKLOP_02693",0,NA,NA,NA,NA,NA
"PHJJKLOP_02694",0,NA,NA,NA,NA,NA
"PHJJKLOP_02695",0,NA,NA,NA,NA,NA
"PHJJKLOP_02696",6.23153783651193,6.7147459146394,3.91118692578778,1.71680516478689,NA,NA
"PHJJKLOP_02697",0,NA,NA,NA,NA,NA
"PHJJKLOP_02698",0,NA,NA,NA,NA,NA
"PHJJKLOP_02699",0,NA,NA,NA,NA,NA
"PHJJKLOP_02701",0.324417444412187,0,4.08045587179485,0,1,NA
"PHJJKLOP_02702",0,NA,NA,NA,NA,NA
"PHJJKLOP_02703",0,NA,NA,NA,NA,NA
"PHJJKLOP_02704",0,NA,NA,NA,NA,NA
"PHJJKLOP_02705",0.75697403696177,0,4.08045587178455,0,1,NA
"PHJJKLOP_02706",0,NA,NA,NA,NA,NA
"PHJJKLOP_02708",0,NA,NA,NA,NA,NA
"PHJJKLOP_02709",0,NA,NA,NA,NA,NA
"PHJJKLOP_02710",0,NA,NA,NA,NA,NA
"PHJJKLOP_02711",9.38313900202261,-21.3774348540647,3.9098160502579,-5.46763187302753,NA,NA
"PHJJKLOP_02712",6.5020209067414,0.466856118090662,2.76342203537793,0.16894130252776,0.865842811377588,NA
"PHJJKLOP_02713",0.719734368082093,1.99584499220829,4.01570033335969,0.497010440651703,0.619181688760502,NA
"PHJJKLOP_02715",3.90272782212213,6.04168753294967,3.9138229170873,1.54367932861049,NA,NA
"PHJJKLOP_02716",0,NA,NA,NA,NA,NA
"PHJJKLOP_02717",0,NA,NA,NA,NA,NA
"PHJJKLOP_02718",2.96283366513967,0,3.94819050803214,0,1,NA
"PHJJKLOP_02719",0,NA,NA,NA,NA,NA
"PHJJKLOP_02722",0,NA,NA,NA,NA,NA
"PHJJKLOP_02724",0,NA,NA,NA,NA,NA
"PHJJKLOP_02725",0.234578475050565,-2.14407897737494,4.02864949284524,-0.5322078729318,0.594582030774707,NA
"PHJJKLOP_02726",0,NA,NA,NA,NA,NA
"PHJJKLOP_02727",0,NA,NA,NA,NA,NA
"PHJJKLOP_02728",0,NA,NA,NA,NA,NA
"PHJJKLOP_02729",0,NA,NA,NA,NA,NA
"PHJJKLOP_02730",0,NA,NA,NA,NA,NA
"PHJJKLOP_02731",0,NA,NA,NA,NA,NA
"PHJJKLOP_02732",0,NA,NA,NA,NA,NA
"PHJJKLOP_02733",0,NA,NA,NA,NA,NA
"PHJJKLOP_02734",0,NA,NA,NA,NA,NA
"PHJJKLOP_02735",0,NA,NA,NA,NA,NA
"PHJJKLOP_02737",0,NA,NA,NA,NA,NA
"PHJJKLOP_02738",0,NA,NA,NA,NA,NA
"PHJJKLOP_02740",0,NA,NA,NA,NA,NA
"PHJJKLOP_02741",0,NA,NA,NA,NA,NA
"PHJJKLOP_02742",0,NA,NA,NA,NA,NA
"PHJJKLOP_02743",0,NA,NA,NA,NA,NA
"PHJJKLOP_02744",0,NA,NA,NA,NA,NA
"PHJJKLOP_02745",0,NA,NA,NA,NA,NA
"PHJJKLOP_02746",0,NA,NA,NA,NA,NA
"PHJJKLOP_02747",0,NA,NA,NA,NA,NA
"PHJJKLOP_02749",0,NA,NA,NA,NA,NA
"PHJJKLOP_02750",0,NA,NA,NA,NA,NA
"PHJJKLOP_02751",0,NA,NA,NA,NA,NA
"PHJJKLOP_02752",0,NA,NA,NA,NA,NA
"PHJJKLOP_02753",0,NA,NA,NA,NA,NA
"PHJJKLOP_02769",0,NA,NA,NA,NA,NA
"PHJJKLOP_02770",0,NA,NA,NA,NA,NA
"PHJJKLOP_02771",0,NA,NA,NA,NA,NA
"PHJJKLOP_02772",0,NA,NA,NA,NA,NA
"PHJJKLOP_02773",0.353765588452663,1.93997548273465,4.01787754586693,0.482835890489059,0.629212264937101,NA
"PHJJKLOP_02774",0,NA,NA,NA,NA,NA
"PHJJKLOP_02775",0,NA,NA,NA,NA,NA
"PHJJKLOP_02776",0,NA,NA,NA,NA,NA
"PHJJKLOP_02777",0,NA,NA,NA,NA,NA
"PHJJKLOP_02778",0,NA,NA,NA,NA,NA
"PHJJKLOP_02779",0,NA,NA,NA,NA,NA
"PHJJKLOP_02780",0.108760746584339,-1.13981239276731,4.08045587181216,-0.27933457157107,0.779988077478814,NA
"PHJJKLOP_02781",7.42627804539281,-4.9570926424693,3.58511036594939,-1.38268899321781,0.166760248277715,NA
"PHJJKLOP_02782",0,NA,NA,NA,NA,NA
"PHJJKLOP_02783",0.734039321688644,3.14631942045372,3.95862707071729,0.794800663019673,0.426729465263454,NA
"PHJJKLOP_02785",0.108139148137396,0,4.08045587181216,0,1,NA
"PHJJKLOP_02786",0,NA,NA,NA,NA,NA
"PHJJKLOP_02787",0,NA,NA,NA,NA,NA
"PHJJKLOP_02788",0,NA,NA,NA,NA,NA
"PHJJKLOP_02790",0,NA,NA,NA,NA,NA
"PHJJKLOP_02791",0,NA,NA,NA,NA,NA
"PHJJKLOP_02792",0,NA,NA,NA,NA,NA
"PHJJKLOP_02793",0,NA,NA,NA,NA,NA
"PHJJKLOP_02794",0,NA,NA,NA,NA,NA
"PHJJKLOP_02795",0,NA,NA,NA,NA,NA
"PHJJKLOP_02796",0,NA,NA,NA,NA,NA
"PHJJKLOP_02798",0,NA,NA,NA,NA,NA
"PHJJKLOP_02799",0,NA,NA,NA,NA,NA
"PHJJKLOP_02800",0,NA,NA,NA,NA,NA
"PHJJKLOP_02802",0,NA,NA,NA,NA,NA
"PHJJKLOP_02803",0,NA,NA,NA,NA,NA
"PHJJKLOP_02804",19.4552069944517,-0.149853382120259,3.65741048973399,-0.0409725357711102,NA,NA
"PHJJKLOP_02806",0,NA,NA,NA,NA,NA
"PHJJKLOP_02807",0,NA,NA,NA,NA,NA
"PHJJKLOP_02808",0,NA,NA,NA,NA,NA
"PHJJKLOP_02810",0,NA,NA,NA,NA,NA
"PHJJKLOP_02811",7.36272808303243,-7.02102886386571,3.38564288613554,-2.07376533792662,0.0381011097812091,NA
"PHJJKLOP_02812",0,NA,NA,NA,NA,NA
"PHJJKLOP_02813",1.13527942285271,-1.11019716755036,3.94775212420342,-0.281222612925419,0.778539661635811,NA
"PHJJKLOP_02814",0,NA,NA,NA,NA,NA
"PHJJKLOP_02815",0,NA,NA,NA,NA,NA
"PHJJKLOP_02816",0,NA,NA,NA,NA,NA
"PHJJKLOP_02817",0,NA,NA,NA,NA,NA
"PHJJKLOP_02818",0.626284330188996,-1.18643001237673,4.02805584818602,-0.294541599494213,0.768344080609218,NA
"PHJJKLOP_02819",0,NA,NA,NA,NA,NA
"PHJJKLOP_02820",0,NA,NA,NA,NA,NA
"PHJJKLOP_02821",0,NA,NA,NA,NA,NA
"PHJJKLOP_02822",0,NA,NA,NA,NA,NA
"PHJJKLOP_02823",0,NA,NA,NA,NA,NA
"PHJJKLOP_02824",0,NA,NA,NA,NA,NA
"PHJJKLOP_02825",0,NA,NA,NA,NA,NA
"PHJJKLOP_02827",0,NA,NA,NA,NA,NA
"PHJJKLOP_02828",0,NA,NA,NA,NA,NA
"PHJJKLOP_02829",10.547491912754,6.01781902968462,3.49217923866574,1.72322742288104,0.0848474064845935,NA
"PHJJKLOP_02830",0,NA,NA,NA,NA,NA
"PHJJKLOP_02833",0,NA,NA,NA,NA,NA
"PHJJKLOP_02834",0,NA,NA,NA,NA,NA
"PHJJKLOP_02835",0,NA,NA,NA,NA,NA
"PHJJKLOP_02836",0,NA,NA,NA,NA,NA
"PHJJKLOP_02837",0,NA,NA,NA,NA,NA
"PHJJKLOP_02838",0,NA,NA,NA,NA,NA
"PHJJKLOP_02839",0,NA,NA,NA,NA,NA
"PHJJKLOP_02840",0,NA,NA,NA,NA,NA
"PHJJKLOP_02841",0,NA,NA,NA,NA,NA
"PHJJKLOP_02842",0,NA,NA,NA,NA,NA
"PHJJKLOP_02843",1.29766977764875,0,4.08045587178133,0,1,NA
"PHJJKLOP_02844",0,NA,NA,NA,NA,NA
"PHJJKLOP_02845",3.54909228135774,5.9037596745601,3.80533007959339,1.55144482898338,0.120795119179763,NA
"PHJJKLOP_02847",0,NA,NA,NA,NA,NA
"PHJJKLOP_02848",0,NA,NA,NA,NA,NA
"PHJJKLOP_02849",0.807460928714924,3.78325396667132,3.94031460215006,0.960140077294072,0.336984720357124,NA
"PHJJKLOP_02850",0.783411710276862,1.44548929938231,4.04094952042931,0.357710308449669,0.720560117874992,NA
"PHJJKLOP_02851",0,NA,NA,NA,NA,NA
"PHJJKLOP_02852",0,NA,NA,NA,NA,NA
"PHJJKLOP_02853",0,NA,NA,NA,NA,NA
"PHJJKLOP_02854",4.60481937473068,0,3.83850671897046,0,1,NA
"PHJJKLOP_02855",0,NA,NA,NA,NA,NA
"PHJJKLOP_02857",0,NA,NA,NA,NA,NA
"PHJJKLOP_02858",0,NA,NA,NA,NA,NA
"PHJJKLOP_02859",0,NA,NA,NA,NA,NA
"PHJJKLOP_02861",0,NA,NA,NA,NA,NA
"PHJJKLOP_02862",0,NA,NA,NA,NA,NA
"PHJJKLOP_02864",0,NA,NA,NA,NA,NA
"PHJJKLOP_02867",0,NA,NA,NA,NA,NA
"PHJJKLOP_02868",0,NA,NA,NA,NA,NA
"PHJJKLOP_02869",0,NA,NA,NA,NA,NA
"PHJJKLOP_02870",0,NA,NA,NA,NA,NA
"PHJJKLOP_02871",0,NA,NA,NA,NA,NA
"PHJJKLOP_02873",0,NA,NA,NA,NA,NA
"PHJJKLOP_02874",4.5761421884686,-3.09133077201982,3.75283787714855,-0.82373149952554,0.41009213718181,NA
"PHJJKLOP_02875",3.78487018480885,0,4.08045587177836,0,1,NA
"PHJJKLOP_02876",14.5877502459023,-2.18243766734437,3.68143169307176,-0.592823077894285,NA,NA
"PHJJKLOP_02877",0,NA,NA,NA,NA,NA
"PHJJKLOP_02878",0,NA,NA,NA,NA,NA
"PHJJKLOP_02879",0,NA,NA,NA,NA,NA
"PHJJKLOP_02880",0,NA,NA,NA,NA,NA
"PHJJKLOP_02881",0,NA,NA,NA,NA,NA
"PHJJKLOP_02882",0,NA,NA,NA,NA,NA
"PHJJKLOP_02883",0,NA,NA,NA,NA,NA
"PHJJKLOP_02884",0,NA,NA,NA,NA,NA
"PHJJKLOP_02885",0,NA,NA,NA,NA,NA
"PHJJKLOP_02886",0,NA,NA,NA,NA,NA
"PHJJKLOP_02887",0,NA,NA,NA,NA,NA
"PHJJKLOP_02888",6.74233320788375,-1.90377566343528,3.70563709139387,-0.513751243438459,NA,NA
"PHJJKLOP_02889",0,NA,NA,NA,NA,NA
"PHJJKLOP_02890",0,NA,NA,NA,NA,NA
"PHJJKLOP_02891",0,NA,NA,NA,NA,NA
"PHJJKLOP_02892",0,NA,NA,NA,NA,NA
"PHJJKLOP_02895",0,NA,NA,NA,NA,NA
"PHJJKLOP_02896",0,NA,NA,NA,NA,NA
"PHJJKLOP_02897",1.30015617143652,-3.04969826758492,3.97230569360094,-0.767740074108025,0.442641622938808,NA
"PHJJKLOP_02898",0,NA,NA,NA,NA,NA
"PHJJKLOP_02899",0,NA,NA,NA,NA,NA
"PHJJKLOP_02901",0,NA,NA,NA,NA,NA
"PHJJKLOP_02902",0,NA,NA,NA,NA,NA
"PHJJKLOP_02903",0,NA,NA,NA,NA,NA
"PHJJKLOP_02904",4.81145447019741,0.00423237194194355,3.59845680429054,0.00117616305325582,0.999061557875188,NA
"PHJJKLOP_02905",0,NA,NA,NA,NA,NA
"PHJJKLOP_02906",0,NA,NA,NA,NA,NA
"PHJJKLOP_02907",0,NA,NA,NA,NA,NA
"PHJJKLOP_02908",0,NA,NA,NA,NA,NA
"PHJJKLOP_02909",0,NA,NA,NA,NA,NA
"PHJJKLOP_02910",0,NA,NA,NA,NA,NA
"PHJJKLOP_02911",0,NA,NA,NA,NA,NA
"PHJJKLOP_02912",0,NA,NA,NA,NA,NA
"PHJJKLOP_02913",0,NA,NA,NA,NA,NA
"PHJJKLOP_02914",0,NA,NA,NA,NA,NA
"PHJJKLOP_02915",0,NA,NA,NA,NA,NA
"PHJJKLOP_02916",0,NA,NA,NA,NA,NA
"PHJJKLOP_02917",0,NA,NA,NA,NA,NA
"PHJJKLOP_02919",0,NA,NA,NA,NA,NA
"PHJJKLOP_02920",0,NA,NA,NA,NA,NA
"PHJJKLOP_02921",0,NA,NA,NA,NA,NA
"PHJJKLOP_02922",0,NA,NA,NA,NA,NA
"PHJJKLOP_02923",0.586814646517879,-3.48924544374617,3.95519882739805,-0.882192171876627,0.377672894472665,NA
"PHJJKLOP_02924",0,NA,NA,NA,NA,NA
"PHJJKLOP_02925",0,NA,NA,NA,NA,NA
"PHJJKLOP_02926",0.618122575922861,0,4.08045587178636,0,1,NA
"PHJJKLOP_02927",0,NA,NA,NA,NA,NA
"PHJJKLOP_02928",0,NA,NA,NA,NA,NA
"PHJJKLOP_02929",0,NA,NA,NA,NA,NA
"PHJJKLOP_02930",0,NA,NA,NA,NA,NA
"PHJJKLOP_02931",0,NA,NA,NA,NA,NA
"PHJJKLOP_02933",0,NA,NA,NA,NA,NA
"PHJJKLOP_02935",0,NA,NA,NA,NA,NA
"PHJJKLOP_02937",0,NA,NA,NA,NA,NA
"PHJJKLOP_02938",0,NA,NA,NA,NA,NA
"PHJJKLOP_02939",0,NA,NA,NA,NA,NA
"PHJJKLOP_02941",0,NA,NA,NA,NA,NA
"PHJJKLOP_02942",0,NA,NA,NA,NA,NA
"PHJJKLOP_02943",0,NA,NA,NA,NA,NA
"PHJJKLOP_02944",0,NA,NA,NA,NA,NA
"PHJJKLOP_02945",0,NA,NA,NA,NA,NA
"PHJJKLOP_02946",32.4239128840853,16.7761235926015,3.85584978911488,4.35082394546613,NA,NA
"PHJJKLOP_02947",11.3876376069485,-0.923087074163291,3.60243247958325,-0.256239937707334,NA,NA
"PHJJKLOP_02948",0,NA,NA,NA,NA,NA
"PHJJKLOP_02951",0,NA,NA,NA,NA,NA
"PHJJKLOP_02953",10.4149729897063,-2.0427025400523,2.89265749300367,-0.706168132588421,0.480083585491081,NA
"PHJJKLOP_02954",9.32377025682377,-1.46180425832118,3.6963191942111,-0.395475656055503,NA,NA
"PHJJKLOP_02955",0,NA,NA,NA,NA,NA
"PHJJKLOP_02956",0,NA,NA,NA,NA,NA
"PHJJKLOP_02957",0.432556592549583,0,4.08045587179035,0,1,NA
"PHJJKLOP_02958",0,NA,NA,NA,NA,NA
"PHJJKLOP_02960",3.24040575281265,5.76052091907043,3.91534207746787,1.47126887130022,0.141218418193324,NA
"PHJJKLOP_02961",0,NA,NA,NA,NA,NA
"PHJJKLOP_02962",0,NA,NA,NA,NA,NA
"PHJJKLOP_02963",0,NA,NA,NA,NA,NA
"PHJJKLOP_02964",0,NA,NA,NA,NA,NA
"PHJJKLOP_02965",0,NA,NA,NA,NA,NA
"PHJJKLOP_02966",0,NA,NA,NA,NA,NA
"PHJJKLOP_02967",0,NA,NA,NA,NA,NA
"PHJJKLOP_02968",0.300315076458406,2.3731385916006,3.9943911027792,0.594117734227235,0.552433370284097,NA
"PHJJKLOP_02969",0,NA,NA,NA,NA,NA
"PHJJKLOP_02970",0,NA,NA,NA,NA,NA
"PHJJKLOP_02972",0,NA,NA,NA,NA,NA
"PHJJKLOP_02974",0,NA,NA,NA,NA,NA
"PHJJKLOP_02975",0,NA,NA,NA,NA,NA
"PHJJKLOP_02976",0,NA,NA,NA,NA,NA
"PHJJKLOP_02977",0,NA,NA,NA,NA,NA
"PHJJKLOP_02978",0,NA,NA,NA,NA,NA
"PHJJKLOP_02979",0,NA,NA,NA,NA,NA
"PHJJKLOP_02981",0,NA,NA,NA,NA,NA
"PHJJKLOP_02982",0,NA,NA,NA,NA,NA
"PHJJKLOP_02983",0,NA,NA,NA,NA,NA
"PHJJKLOP_02984",0,NA,NA,NA,NA,NA
"PHJJKLOP_02985",0,NA,NA,NA,NA,NA
"PHJJKLOP_02986",0,NA,NA,NA,NA,NA
"PHJJKLOP_02987",0,NA,NA,NA,NA,NA
"PHJJKLOP_02988",0,NA,NA,NA,NA,NA
"PHJJKLOP_02989",0.351867712575848,-2.73373890958231,3.98818475287874,-0.685459445580863,0.493054043229237,NA
"PHJJKLOP_02990",5.75561719071278,-6.33571686756718,3.89880961383795,-1.62503879263044,0.104154293291638,NA
"PHJJKLOP_02992",0,NA,NA,NA,NA,NA
"PHJJKLOP_02993",0,NA,NA,NA,NA,NA
"PHJJKLOP_02994",0,NA,NA,NA,NA,NA
"PHJJKLOP_02995",0,NA,NA,NA,NA,NA
"PHJJKLOP_02996",0,NA,NA,NA,NA,NA
"PHJJKLOP_02998",0,NA,NA,NA,NA,NA
"PHJJKLOP_02999",0,NA,NA,NA,NA,NA
"PHJJKLOP_03000",0,NA,NA,NA,NA,NA
"PHJJKLOP_03001",0,NA,NA,NA,NA,NA
"PHJJKLOP_03002",0,NA,NA,NA,NA,NA
"PHJJKLOP_03003",0,NA,NA,NA,NA,NA
"PHJJKLOP_03004",0,NA,NA,NA,NA,NA
"PHJJKLOP_03007",0,NA,NA,NA,NA,NA
"PHJJKLOP_03008",0,NA,NA,NA,NA,NA
"PHJJKLOP_03009",4.35042986337358,-6.37221099466483,3.91335656728633,-1.62832363601448,0.103456280272535,NA
"PHJJKLOP_03010",0,NA,NA,NA,NA,NA
"PHJJKLOP_03011",0,NA,NA,NA,NA,NA
"PHJJKLOP_03012",0,NA,NA,NA,NA,NA
"PHJJKLOP_03013",0,NA,NA,NA,NA,NA
"PHJJKLOP_03014",0,NA,NA,NA,NA,NA
"PHJJKLOP_03015",0,NA,NA,NA,NA,NA
"PHJJKLOP_03016",0.807460928714924,3.78325396667132,3.94031460215006,0.960140077294072,0.336984720357124,NA
"PHJJKLOP_03017",0,NA,NA,NA,NA,NA
"PHJJKLOP_03019",0,NA,NA,NA,NA,NA
"PHJJKLOP_03020",0,NA,NA,NA,NA,NA
"PHJJKLOP_03021",0,NA,NA,NA,NA,NA
"PHJJKLOP_03023",0,NA,NA,NA,NA,NA
"PHJJKLOP_03025",0,NA,NA,NA,NA,NA
"PHJJKLOP_03026",0,NA,NA,NA,NA,NA
"PHJJKLOP_03027",0,NA,NA,NA,NA,NA
"PHJJKLOP_03028",0,NA,NA,NA,NA,NA
"PHJJKLOP_03029",0,NA,NA,NA,NA,NA
"PHJJKLOP_03030",0,NA,NA,NA,NA,NA
"PHJJKLOP_03031",9.11709298692723,-7.02710771551464,3.86321364265779,-1.81897983531663,NA,NA
"PHJJKLOP_03032",0,NA,NA,NA,NA,NA
"PHJJKLOP_03033",0,NA,NA,NA,NA,NA
"PHJJKLOP_03034",0,NA,NA,NA,NA,NA
"PHJJKLOP_03035",0,NA,NA,NA,NA,NA
"PHJJKLOP_03036",6.08138029828273,6.67960627646376,3.91129635594931,1.70777299099407,NA,NA
"PHJJKLOP_03037",0,NA,NA,NA,NA,NA
"PHJJKLOP_03038",5.22051583604829,-6.63525122164771,3.91225664828654,-1.69601634508149,0.0898827846729745,NA
"PHJJKLOP_03039",0,NA,NA,NA,NA,NA
"PHJJKLOP_03040",0,NA,NA,NA,NA,NA
"PHJJKLOP_03041",0,NA,NA,NA,NA,NA
"PHJJKLOP_03042",0,NA,NA,NA,NA,NA
"PHJJKLOP_03043",0,NA,NA,NA,NA,NA
"PHJJKLOP_03044",0,NA,NA,NA,NA,NA
"PHJJKLOP_03045",0,NA,NA,NA,NA,NA
"PHJJKLOP_03046",0,NA,NA,NA,NA,NA
"PHJJKLOP_03047",0,NA,NA,NA,NA,NA
"PHJJKLOP_03048",0,NA,NA,NA,NA,NA
"PHJJKLOP_03049",0,NA,NA,NA,NA,NA
"PHJJKLOP_03050",0,NA,NA,NA,NA,NA
"PHJJKLOP_03051",0,NA,NA,NA,NA,NA
"PHJJKLOP_03052",0,NA,NA,NA,NA,NA
"PHJJKLOP_03053",0,NA,NA,NA,NA,NA
"PHJJKLOP_03054",0,NA,NA,NA,NA,NA
"PHJJKLOP_03055",0,NA,NA,NA,NA,NA
"PHJJKLOP_03056",0,NA,NA,NA,NA,NA
"PHJJKLOP_03057",0,NA,NA,NA,NA,NA
"PHJJKLOP_03058",0,NA,NA,NA,NA,NA
"PHJJKLOP_03059",0,NA,NA,NA,NA,NA
"PHJJKLOP_03060",0,NA,NA,NA,NA,NA
"PHJJKLOP_03061",0,NA,NA,NA,NA,NA
"PHJJKLOP_03062",0,NA,NA,NA,NA,NA
"PHJJKLOP_03063",0,NA,NA,NA,NA,NA
"PHJJKLOP_03064",0,NA,NA,NA,NA,NA
"PHJJKLOP_03065",0,NA,NA,NA,NA,NA
"PHJJKLOP_03067",9.37017984410326,1.73327278331449,3.24386395372107,0.534323512959364,0.593117727213668,NA
"PHJJKLOP_03068",0,NA,NA,NA,NA,NA
"PHJJKLOP_03069",0,NA,NA,NA,NA,NA
"PHJJKLOP_03070",0,NA,NA,NA,NA,NA
"PHJJKLOP_03071",0,NA,NA,NA,NA,NA
"PHJJKLOP_03072",0,NA,NA,NA,NA,NA
"PHJJKLOP_03073",0,NA,NA,NA,NA,NA
"PHJJKLOP_03074",15.2389411245703,1.47171630836738,2.9442248565238,0.499865458681377,NA,NA
"PHJJKLOP_03077",0,NA,NA,NA,NA,NA
"PHJJKLOP_03078",0,NA,NA,NA,NA,NA
"PHJJKLOP_03079",0,NA,NA,NA,NA,NA
"PHJJKLOP_03080",0,NA,NA,NA,NA,NA
"PHJJKLOP_03081",0,NA,NA,NA,NA,NA
"PHJJKLOP_03083",0,NA,NA,NA,NA,NA
"PHJJKLOP_03084",0,NA,NA,NA,NA,NA
"PHJJKLOP_03086",0,NA,NA,NA,NA,NA
"PHJJKLOP_03089",0,NA,NA,NA,NA,NA
"PHJJKLOP_03090",0,NA,NA,NA,NA,NA
"PHJJKLOP_03091",0,NA,NA,NA,NA,NA
"PHJJKLOP_03092",0,NA,NA,NA,NA,NA
"PHJJKLOP_03093",0,NA,NA,NA,NA,NA
"PHJJKLOP_03094",0,NA,NA,NA,NA,NA
"PHJJKLOP_03095",1.88407550033482,4.9952940941714,3.92132874564315,1.27387791694882,0.202706685757078,NA
"PHJJKLOP_03096",0,NA,NA,NA,NA,NA
"PHJJKLOP_03097",0,NA,NA,NA,NA,NA
"PHJJKLOP_03098",0,NA,NA,NA,NA,NA
"PHJJKLOP_03099",0,NA,NA,NA,NA,NA
"PHJJKLOP_03100",0,NA,NA,NA,NA,NA
"PHJJKLOP_03101",0,NA,NA,NA,NA,NA
"PHJJKLOP_03102",0,NA,NA,NA,NA,NA
"PHJJKLOP_03103",0,NA,NA,NA,NA,NA
"PHJJKLOP_03104",0,NA,NA,NA,NA,NA
"PHJJKLOP_03105",0,NA,NA,NA,NA,NA
"PHJJKLOP_03106",0,NA,NA,NA,NA,NA
"PHJJKLOP_03107",0,NA,NA,NA,NA,NA
"PHJJKLOP_03108",0,NA,NA,NA,NA,NA
"PHJJKLOP_03109",0,NA,NA,NA,NA,NA
"PHJJKLOP_03110",0,NA,NA,NA,NA,NA
"PHJJKLOP_03111",0,NA,NA,NA,NA,NA
"PHJJKLOP_03112",24.281645049812,-1.8323140485732,3.64193942358098,-0.503114916384732,NA,NA
"PHJJKLOP_03113",0,NA,NA,NA,NA,NA
"PHJJKLOP_03114",0,NA,NA,NA,NA,NA
"PHJJKLOP_03116",0,NA,NA,NA,NA,NA
"PHJJKLOP_03117",0,NA,NA,NA,NA,NA
"PHJJKLOP_03118",0,NA,NA,NA,NA,NA
"PHJJKLOP_03119",0,NA,NA,NA,NA,NA
"PHJJKLOP_03120",0,NA,NA,NA,NA,NA
"PHJJKLOP_03121",0,NA,NA,NA,NA,NA
"PHJJKLOP_03122",0,NA,NA,NA,NA,NA
"PHJJKLOP_03123",0,NA,NA,NA,NA,NA
"PHJJKLOP_03124",0,NA,NA,NA,NA,NA
"PHJJKLOP_03125",0,NA,NA,NA,NA,NA
"PHJJKLOP_03126",0,NA,NA,NA,NA,NA
"PHJJKLOP_03127",0,NA,NA,NA,NA,NA
"PHJJKLOP_03128",0,NA,NA,NA,NA,NA
"PHJJKLOP_03129",0,NA,NA,NA,NA,NA
"PHJJKLOP_03130",0,NA,NA,NA,NA,NA
"PHJJKLOP_03131",0,NA,NA,NA,NA,NA
"PHJJKLOP_03134",0,NA,NA,NA,NA,NA
"PHJJKLOP_03135",0,NA,NA,NA,NA,NA
"PHJJKLOP_03136",0,NA,NA,NA,NA,NA
"PHJJKLOP_03137",0,NA,NA,NA,NA,NA
"PHJJKLOP_03138",0,NA,NA,NA,NA,NA
"PHJJKLOP_03139",0,NA,NA,NA,NA,NA
"PHJJKLOP_03140",0,NA,NA,NA,NA,NA
"PHJJKLOP_03141",0,NA,NA,NA,NA,NA
"PHJJKLOP_03142",0,NA,NA,NA,NA,NA
"PHJJKLOP_03143",0,NA,NA,NA,NA,NA
"PHJJKLOP_03144",0,NA,NA,NA,NA,NA
"PHJJKLOP_03145",0,NA,NA,NA,NA,NA
"PHJJKLOP_03146",0,NA,NA,NA,NA,NA
"PHJJKLOP_03147",0,NA,NA,NA,NA,NA
"PHJJKLOP_03148",0,NA,NA,NA,NA,NA
"PHJJKLOP_03149",17.330932134816,-2.61992140081344,3.56445790335406,-0.735012580271509,NA,NA
"PHJJKLOP_03150",14.4909198263721,-5.28161668027599,3.31031729476021,-1.59550164228549,NA,NA
"PHJJKLOP_03151",0,NA,NA,NA,NA,NA
"PHJJKLOP_03152",0,NA,NA,NA,NA,NA
"PHJJKLOP_03154",0,NA,NA,NA,NA,NA
"PHJJKLOP_03157",0,NA,NA,NA,NA,NA
"PHJJKLOP_03158",0,NA,NA,NA,NA,NA
"PHJJKLOP_03159",0,NA,NA,NA,NA,NA
"PHJJKLOP_03160",0,NA,NA,NA,NA,NA
"PHJJKLOP_03161",17.8883025635422,-22.3377371401441,3.83060538489743,-5.83138561549904,NA,NA
"PHJJKLOP_03164",0,NA,NA,NA,NA,NA
"PHJJKLOP_03165",0,NA,NA,NA,NA,NA
"PHJJKLOP_03167",0,NA,NA,NA,NA,NA
"PHJJKLOP_03168",0,NA,NA,NA,NA,NA
"PHJJKLOP_03169",0,NA,NA,NA,NA,NA
"PHJJKLOP_03170",0,NA,NA,NA,NA,NA
"PHJJKLOP_03171",0,NA,NA,NA,NA,NA
"PHJJKLOP_03172",0.0672884107262436,0.779621651140326,4.07987230956868,0.19108971849728,0.848455302665211,NA
"PHJJKLOP_03173",0,NA,NA,NA,NA,NA
"PHJJKLOP_03176",0,NA,NA,NA,NA,NA
"PHJJKLOP_03177",0,NA,NA,NA,NA,NA
"PHJJKLOP_03178",0,NA,NA,NA,NA,NA
"PHJJKLOP_03179",0,NA,NA,NA,NA,NA
"PHJJKLOP_03180",0,NA,NA,NA,NA,NA
"PHJJKLOP_03181",0,NA,NA,NA,NA,NA
"PHJJKLOP_03182",0,NA,NA,NA,NA,NA
"PHJJKLOP_03183",0,NA,NA,NA,NA,NA
"PHJJKLOP_03184",0,NA,NA,NA,NA,NA
"PHJJKLOP_03185",0,NA,NA,NA,NA,NA
"PHJJKLOP_03186",0,NA,NA,NA,NA,NA
"PHJJKLOP_03187",0,NA,NA,NA,NA,NA
"PHJJKLOP_03188",0,NA,NA,NA,NA,NA
"PHJJKLOP_03189",0,NA,NA,NA,NA,NA
"PHJJKLOP_03190",0,NA,NA,NA,NA,NA
"PHJJKLOP_03191",0,NA,NA,NA,NA,NA
"PHJJKLOP_03192",0,NA,NA,NA,NA,NA
"PHJJKLOP_03193",0,NA,NA,NA,NA,NA
"PHJJKLOP_03194",0,NA,NA,NA,NA,NA
"PHJJKLOP_03195",0,NA,NA,NA,NA,NA
"PHJJKLOP_03196",0,NA,NA,NA,NA,NA
"PHJJKLOP_03197",0,NA,NA,NA,NA,NA
"PHJJKLOP_03198",0,NA,NA,NA,NA,NA
"PHJJKLOP_03199",0,NA,NA,NA,NA,NA
"PHJJKLOP_03200",0,NA,NA,NA,NA,NA
"PHJJKLOP_03201",0,NA,NA,NA,NA,NA
"PHJJKLOP_03202",0,NA,NA,NA,NA,NA
"PHJJKLOP_03203",0,NA,NA,NA,NA,NA
"PHJJKLOP_03204",0,NA,NA,NA,NA,NA
"PHJJKLOP_03205",0,NA,NA,NA,NA,NA
"PHJJKLOP_03206",0,NA,NA,NA,NA,NA
"PHJJKLOP_03207",0,NA,NA,NA,NA,NA
"PHJJKLOP_03208",0,NA,NA,NA,NA,NA
