"","ERR1801006","ERR1801007","ERR1801008","ERR1801009","ERR1801010","ERR1801011","ERR1801012","ERR1801013","ERR1801014"
"PHJJKLOP_00001",0,0,0,0,0,0,0,0,0
"PHJJKLOP_00002",0,0,0,0,0,0,0,0,0
"PHJJKLOP_00003",0,0,0,0,0,0,0,0,0
"PHJJKLOP_00004",0,0,0,0,0,0,0,0,0
"PHJJKLOP_00005",0,0,0,0,0,0,0,0,0
"PHJJKLOP_00006",0,0,0,0,0,0,0,0,0
"PHJJKLOP_00023",0,0,0,0,0,0,0,0,0
"PHJJKLOP_00024",0,0,0,0,0,0,0,0,0
"PHJJKLOP_00025",0,0,48.9553080130906,0,0,0,0,0,0
"PHJJKLOP_00026",0,0,0,0,0,0,0,0,0
"PHJJKLOP_00027",0,0,0,0,0,0,0,0,0
"PHJJKLOP_00028",0,0,0,0,0,0,0,0,0
"PHJJKLOP_00029",0,0,0,0,0,0,0,0,0
"PHJJKLOP_00030",0,0,0,0,0,0,0,0,0
"PHJJKLOP_00031",0,0,0,0,0,0,0,0,0
"PHJJKLOP_00032",0,0,0,0,0,0,0,0,0
"PHJJKLOP_00033",0,0,0,0,0,0,0,0,0
"PHJJKLOP_00034",0,0,0,0,0,0,0,0,0
"PHJJKLOP_00035",0,0,0,0,0,0,0,0,0
"PHJJKLOP_00036",0,4.86626166618281,0,29.0554836473508,0,0,0,2.93654015777717,85.503854155931
"PHJJKLOP_00037",0,0,0,0,0,0,0,0,0
"PHJJKLOP_00038",0,0,0,0,0,0,0,0,0
"PHJJKLOP_00039",0,0,0,0,0,0,0,0,0
"PHJJKLOP_00040",0,0,0,0,0,4.23916987575335,0,3.91538687703622,0
"PHJJKLOP_00041",0,0,0,0,0,0,0,0,0
"PHJJKLOP_00042",0,0,0,0,0,0,0,0,0
"PHJJKLOP_00043",0,0,0,0,0,0,0,0,57.0025694372873
"PHJJKLOP_00044",0,0,0,0,0,0,0,0,0
"PHJJKLOP_00045",0,0,0,0,0,0,0,0,0
"PHJJKLOP_00046",0,0,0,0,0,0,0,0,0
"PHJJKLOP_00047",0,0,0,0,0,0,0,0,0
"PHJJKLOP_00048",0,0,0,0,0,0,0,0,0
"PHJJKLOP_00049",0,22.3848036644409,0,0,0,0,0,0.978846719259055,0
"PHJJKLOP_00050",0,0,0,0,0,0,0,0,0
"PHJJKLOP_00051",12.6335596886553,71.047420326269,57.8562731063798,0,0,66.009930922445,32.5682128817423,90.0538981718331,62.2805851259251
"PHJJKLOP_00052",0,0,0,0,0,0,0,0,0
"PHJJKLOP_00053",0,0,0,0,0,0,0,0,0
"PHJJKLOP_00054",0,0,0,0,0,0,0,0,0
"PHJJKLOP_00055",0,0,0,0,0,0,0,0,0
"PHJJKLOP_00056",0,0,0,0,0,0,0,0,0
"PHJJKLOP_00057",0,0,0,0,0,0,0,0,0
"PHJJKLOP_00058",0,0,0,0,0,0,0,0,0
"PHJJKLOP_00059",0,0,0,0,0,0,0,0,0
"PHJJKLOP_00060",0,0,0,0,0,54.5036126882573,0,0,0
"PHJJKLOP_00061",3.60958848247293,0,0,0,0,0,0,0,0
"PHJJKLOP_00062",0,0,0,0,0,0,0,0,0
"PHJJKLOP_00063",0,0,0,0,0,0,0,0,0
"PHJJKLOP_00064",0,0,0,0,0,0,0,0,0
"PHJJKLOP_00065",0,0,0,0,0,0,0,0,0
"PHJJKLOP_00066",0,0,0,0,0,0,0,0,0
"PHJJKLOP_00067",0,0,0,0,0,0,0,0,0
"PHJJKLOP_00068",0,0,0,0,0,0,0,0,0
"PHJJKLOP_00069",42.412664669057,0,114.599925576098,25.6769390371937,99.7703876523895,31.490976219882,0,0,0
"PHJJKLOP_00070",32.4862963422564,0,0,0,0,10.9007225376515,0,0,0
"PHJJKLOP_00071",0,0,0,0,0,0,0,0,0
"PHJJKLOP_00072",0,0,0,0,0,0,0,0,0
"PHJJKLOP_00073",0,19.4650466647312,0,17.5684319728168,0,0,0,21.5346278236992,0
"PHJJKLOP_00074",0,0,0,0,0,0,0,0,0
"PHJJKLOP_00075",0,0,0,0,0,0,0,0,0
"PHJJKLOP_00076",0,0,0,0,1.53492904080599,0,0,37.1961753318441,0
"PHJJKLOP_00077",69.484578287604,0,0,66.2194743590786,0,102.345672714617,0,0,0
"PHJJKLOP_00078",164.236275952519,213.142260978807,268.141573435337,590.569597855456,148.888116958181,93.2617372665737,115.309078040763,94.9481317681283,120.33875770094
"PHJJKLOP_00079",0,0,0,0,0,0,0,0,0
"PHJJKLOP_00080",0,0,0,0,0,0,0,0,0
"PHJJKLOP_00081",0,0,0,0,0,0,0,0,0
"PHJJKLOP_00082",0,0,0,0,0,0,0,0,0
"PHJJKLOP_00083",0,0,0,0,0,0,0,0,0
"PHJJKLOP_00084",0,20.4382989979678,0,27.0283568812566,0,34.518954702563,0,0,59.1137757127424
"PHJJKLOP_00085",0,0,0,0,0,0,0,0,0
"PHJJKLOP_00086",0,0,0,0,0,0,0,0,0
"PHJJKLOP_00087",0,0,0,0,0,0,0,0,0
"PHJJKLOP_00088",0,0,0,0,0,0,0,0,0
"PHJJKLOP_00089",0,0,0,0,0,0,0,0,0
"PHJJKLOP_00090",0,0,0,0,0,0,0,0,0
"PHJJKLOP_00091",0,0,0,0,0,0,0,0,0
"PHJJKLOP_00092",0,0,0,0,0,0,0,0,0
"PHJJKLOP_00093",0,0,0,0,0,0,0,0,0
"PHJJKLOP_00094",0,0,0,0,0,0,0,0,0
"PHJJKLOP_00095",0,0,0,0,0,0,0,0,0
"PHJJKLOP_00096",0,0,0,0,0,0,0,0,0
"PHJJKLOP_00097",0,0,0,0,0,0,0,0,0
"PHJJKLOP_00098",0,0,0,0,0,0,0,0,0
"PHJJKLOP_00099",0,0,0,2.70283568812566,0,0,0,0,0
"PHJJKLOP_00100",0,0,0,0,0,0,0,0,0
"PHJJKLOP_00101",0,0,0,0,0,0,0,0,0
"PHJJKLOP_00102",0,27.2510653306237,0,0,0,26.0406149510563,0,0,0
"PHJJKLOP_00103",0,0,0,0,0,0,0,0,0
"PHJJKLOP_00104",0,0,0,0,0,0,0,0,0
"PHJJKLOP_00105",0,0,0,0,0,0,0,0,0
"PHJJKLOP_00106",0,0,0,0,0,0,0,0,0
"PHJJKLOP_00107",0,0,0,0,0,0,0,0,0
"PHJJKLOP_00108",0,0,0,0,0,0,0,0,0
"PHJJKLOP_00109",0,0,0,0,0,0,0,0,0
"PHJJKLOP_00110",0,0,0,0,0,0,0,0,0
"PHJJKLOP_00111",0.902397120618234,0,0,0,0,0,0,0,0
"PHJJKLOP_00112",0,0,0,0,0,0,0,0,0
"PHJJKLOP_00113",0,0,0,0,0,0,0,0,0
"PHJJKLOP_00114",0,0,0,0,0,0,0,0,0
"PHJJKLOP_00115",0,0,0,0,0,0,0,0,0
"PHJJKLOP_00116",0,1.94650466647312,0,0,0,0,0,0,0
"PHJJKLOP_00117",0,0,0,0,0,0,0,0,0
"PHJJKLOP_00118",0,0,0,0,0,0,0,0,0
"PHJJKLOP_00119",19.8527366536011,0,0,0,0,3.63357417921716,0,0,0
"PHJJKLOP_00120",0,0,0,0,0,0,0,0,0
"PHJJKLOP_00121",0,0,0,0,0,0,0,0,0
"PHJJKLOP_00122",0,1.94650466647312,0,0,0,0,0,0.978846719259055,0
"PHJJKLOP_00123",0,0,0,0,0,24.8294235579839,0,0,0
"PHJJKLOP_00124",0,0,0,0,0,0,0,0,0
"PHJJKLOP_00125",0,0,0,0,0,0,0,0,0
"PHJJKLOP_00126",0,0,0,0,0,0,0,0,0
"PHJJKLOP_00127",0,0,0,0,0,0,0,3.91538687703622,0
"PHJJKLOP_00128",0,0,0,0,0,0,0,0,0
"PHJJKLOP_00129",1.80479424123647,0,0,0,0,0,0,0,0
"PHJJKLOP_00130",0,0,0,0,0,0,0,0,0
"PHJJKLOP_00131",0,0,0,0,0,0,0,0,0
"PHJJKLOP_00132",0,0,0,0,0,33.9133590060268,0,0,0
"PHJJKLOP_00133",0,0,0,0,0,0,0,0,0
"PHJJKLOP_00134",0,0,0,0,0,0,0,0,0
"PHJJKLOP_00135",0,0,0,0,0,0,0,0,0
"PHJJKLOP_00136",43.3150617896752,6.81276633265593,0,50.6781691523561,0,2.42238278614477,111.788190161656,66.5615769096157,36.946109820464
"PHJJKLOP_00137",37.9006790659658,0.973252333236561,0,22.9741033490681,0,87.8113759977479,0,1.95769343851811,91.8374729822963
"PHJJKLOP_00138",0,0,0,0,0,0,0,0,0
"PHJJKLOP_00139",0,0,0,0,0,0,0,0,0
"PHJJKLOP_00140",0,0,0,0,0,0,0,0,0
"PHJJKLOP_00141",0,0,0,0,0,0,0,0,0
"PHJJKLOP_00142",0,0,0,0,0,0,0,0,0
"PHJJKLOP_00143",0,0,0,0,0,0,0,0,0
"PHJJKLOP_00144",0,0,0,0,0,0,0,0,0
"PHJJKLOP_00146",0,0,0,0,0,0,0,0,0
"PHJJKLOP_00147",0,0,0,0,0,0,0,0,0
"PHJJKLOP_00148",0,0,0,0,0,0,0,0,0
"PHJJKLOP_00149",0,0,0,0,0,0,0,0,0
"PHJJKLOP_00150",0,0,0,0,0,0,0,0,0
"PHJJKLOP_00151",0,0,0,0,0,0,0,0,0
"PHJJKLOP_00152",0,0,0,0,0,0,0,0,0
"PHJJKLOP_00153",0,0,0,0,0,0,0,0,0
"PHJJKLOP_00154",0,0,0,0,0,0,0,0,0
"PHJJKLOP_00155",312.229403733909,118.736784654861,599.70252316036,216.226855050053,299.311162957169,357.301460956354,166.361952287819,158.573168519967,203.731405581416
"PHJJKLOP_00156",40.6078704278205,23.3580559976775,0,154.061634223162,4.60478712241798,59.3483782605469,2.64066590933045,13.7038540696268,42.2241255091017
"PHJJKLOP_00157",0,0,0,0,0,0,0,0,0
"PHJJKLOP_00158",11.731162568037,0,0,0,0,0,0,0,0
"PHJJKLOP_00159",0,0,0,0,0,0,0,0,0
"PHJJKLOP_00160",0,0,0,0,0,0,0,0,0
"PHJJKLOP_00161",83.0205350968775,28.2243176638603,68.9824794729913,0,0,33.3077633094906,20.2451053048668,29.3654015777716,70.7254102277454
"PHJJKLOP_00162",0,0,0,0,0,0,0,0,0
"PHJJKLOP_00163",0,0,0,0,0,0,0,0,0
"PHJJKLOP_00164",0,0,0,0,0,0,0,0,0
"PHJJKLOP_00165",42.412664669057,45.7428596621184,66.757238199669,122.979023809717,67.5368777954637,158.060476795946,0,185.98087665922,15.8340470659132
"PHJJKLOP_00166",0,0,0,0,0,0,0,0,0
"PHJJKLOP_00167",0,0,0,0,0,0,0,0,0
"PHJJKLOP_00168",0,0,0,0,0,0,0,0,0
"PHJJKLOP_00169",184.991409726738,147.934354651957,121.275649396065,137.844620094408,0,49.0532514194316,174.28395001581,34.2596351740669,128.78358280276
"PHJJKLOP_00170",0,0,0,0,0,0,0,0,0
"PHJJKLOP_00171",0,0,0,0,0,0,0,0,0
"PHJJKLOP_00172",627.165998829672,287.109438304786,113.487304939437,610.165156594367,357.638466507796,572.287933226702,926.87373417499,279.95016170809,443.353317845568
"PHJJKLOP_00173",231.013662878268,386.381176294915,208.060059055635,566.919785584356,270.147511181855,545.036126882573,322.161240938315,133.123153819231,142.506423593218
"PHJJKLOP_00174",0,50.6091213283012,0,41.8939531659477,0,94.4729286596461,0,0,0
"PHJJKLOP_00175",0,0,0,0,0,0,0,0,0
"PHJJKLOP_00176",0,0,0,0,0,0,0,0,0
"PHJJKLOP_00177",0,0,0,0,0,0,0,0,0
"PHJJKLOP_00178",0,0,0,0,0,0,0,0,0
"PHJJKLOP_00179",0,0,0,0,0,0,0,0,0
"PHJJKLOP_00180",0,0,0,0,0,0,0,0,0
"PHJJKLOP_00181",0,0,0,0,0,0,0,0,0
"PHJJKLOP_00182",0,0,0,0,0,0,0,0,0
"PHJJKLOP_00183",0,0,0,0,0,0,0,0,0
"PHJJKLOP_00184",0,0,0,0,0,0,0,0,0
"PHJJKLOP_00185",0,0,0,0,0,0,0,0,0
"PHJJKLOP_00186",0,0,0,0,0,0,0,0,0
"PHJJKLOP_00187",0,0,0,0,0,0,0,0,0
"PHJJKLOP_00188",0,0,0,0,0,0,0,0,0
"PHJJKLOP_00189",0,0,0,0,0,0,0,0,0
"PHJJKLOP_00190",0,0,0,0,0,0,0,0,0
"PHJJKLOP_00191",1316.597398982,2465.24816008821,472.863770580989,2583.2352089261,3436.70612236462,2026.3232006101,3033.24490785092,1646.42018179373,1260.39014644669
"PHJJKLOP_00192",19.8527366536011,0,0,0,0,0,0,0,0
"PHJJKLOP_00193",0,0,0,0,0,0,0,0,0
"PHJJKLOP_00194",0,0,0,0,0,0,0,0,0
"PHJJKLOP_00195",0,0,0,0,0,0,0,0,0
"PHJJKLOP_00196",0,0,0,0,0,0,0,0,0
"PHJJKLOP_00197",0,0,0,0,0,0,0,0,0
"PHJJKLOP_00198",0,0,0,0,0,0,0,0,0
"PHJJKLOP_00199",0,0,0,0,0,0,0,0,0
"PHJJKLOP_00200",0,0,0,0,0,0,0,0,0
"PHJJKLOP_00201",0,0,0,0,0,0,0,0,0
"PHJJKLOP_00202",0,0,0,0,0,0,0,0,0
"PHJJKLOP_00203",0,60.3416446606668,52.293169923074,0,0,24.2238278614477,58.9748719750468,50.9000294014709,0
"PHJJKLOP_00204",0,0,0,0,0,0,0,0,0
"PHJJKLOP_00205",0,0,0,0,0,0,0,0,0
"PHJJKLOP_00206",0,0,0,0,0,0,0,0,0
"PHJJKLOP_00207",0,0,0,0,0,0,0,0,0
"PHJJKLOP_00208",0,0,0,0,0,0,0,4.89423359629528,0
"PHJJKLOP_00209",0,0,0,0,0,0,0,0,0
"PHJJKLOP_00210",0,0,0,0,0,0,0,0,0
"PHJJKLOP_00211",0,65.2079063268496,0,75.003690345487,15.3492904080599,121.724735003775,60.7353159146005,0,1.05560313772754
"PHJJKLOP_00212",0,0,0,6.75708922031414,0,0,0,0,0
"PHJJKLOP_00213",0,16.5452896650215,0,33.1097371795393,0,42.9972944540697,88.9024189474586,0,0
"PHJJKLOP_00214",202.136955018484,32.1173269968065,806.649961579334,144.601709314723,437.454776629708,98.1065028388632,121.470631829201,15.6615475081449,78.1146321918382
"PHJJKLOP_00215",0,0,0,0,0,0,0,0,0
"PHJJKLOP_00216",0,115.817027655151,248.114401975436,0,779.743952729444,25.4350192545201,0,4.89423359629528,0
"PHJJKLOP_00217",0,0,0,0,0,22.4070407718391,0,0,0
"PHJJKLOP_00218",0,0,0,0,0,0,0,0,0
"PHJJKLOP_00219",0,0,0,0,0,0,0,0,0
"PHJJKLOP_00220",0,0,0,0,0,0,0,0,0
"PHJJKLOP_00221",42.412664669057,6.81276633265593,21.1397920965618,0,0,0,0,0.978846719259055,0
"PHJJKLOP_00222",0,0,0,0,0,0,0,0,0
"PHJJKLOP_00223",0,0,0,0,0,0,0,0,0
"PHJJKLOP_00225",0,0,0,0,0,0,0,0,0
"PHJJKLOP_00226",0,0,0,0,0,0,0,0,0
"PHJJKLOP_00227",0,0,0,0,0,0,0,0,0
"PHJJKLOP_00228",0,0,0,0,0,0,0,0,0
"PHJJKLOP_00229",0,0,0,0,0,0,0,0,0
"PHJJKLOP_00230",0,0,0,0,0,24.8294235579839,0,0,0
"PHJJKLOP_00231",0,0,0,0,0,0,0,0,0
"PHJJKLOP_00232",0,0,0,0,0,0,0,0,0
"PHJJKLOP_00233",0,0,0,0,0,0,0,0,0
"PHJJKLOP_00234",0,0,56.7436524697186,0,538.760093322903,0,0,0,0
"PHJJKLOP_00235",0,0,0,0,0,0,0,0,0
"PHJJKLOP_00236",0,0,0,0,0,0,0,0,0
"PHJJKLOP_00237",0,0,0,0,0,0,0,0,0
"PHJJKLOP_00238",22.5599280154558,0,0,0,0,0,0,4.89423359629528,0
"PHJJKLOP_00239",0,0,0,0,0,0,0,17.619240946663,0
"PHJJKLOP_00240",0,0,0,0,0,0,0,0,0
"PHJJKLOP_00241",0,2.91975699970968,0,0,0,0,0,2.93654015777717,7.3892219640928
"PHJJKLOP_00242",0,0,0,0,0,0,0,0,0
"PHJJKLOP_00243",0,0,0,0,0,0,0,0,0
"PHJJKLOP_00244",0,12.6522803320753,0,0,0,1.21119139307239,0,41.1115622088803,29.5568878563712
"PHJJKLOP_00245",77.6061523731681,38.9300933294625,0,0,0,74.4882706739517,54.5737621261627,30.3442482970307,71.781013365473
"PHJJKLOP_00246",0,0,0,0,0,0,0,0,0
"PHJJKLOP_00247",0,0,0,0,0,0,0,0,0
"PHJJKLOP_00248",0,0,0,0,0,0,0,0,0
"PHJJKLOP_00249",0,0,0,0,0,0,0,0,0
"PHJJKLOP_00250",0,0,0,0,0,0,0,0,0
"PHJJKLOP_00251",0,0,0,1.35141784406283,0,59.3483782605469,0.880221969776818,0,1.05560313772754
"PHJJKLOP_00252",0,0,34.4912397364956,0,0,0,0,0,0
"PHJJKLOP_00253",0,0,0,0,0,0,0,0,0
"PHJJKLOP_00254",0,0,0,0,0,0,0,0,0
"PHJJKLOP_00255",0,0,0,0,0,0,0,0,0
"PHJJKLOP_00256",0,0,0,0,0,0,0,0,0
"PHJJKLOP_00257",0,0,0,0,0,0,0,0,0
"PHJJKLOP_00258",26.1695164979288,54.5021306612474,45.6174461031071,82.4364884878325,0,41.1805073644611,0,0,81.2814416050208
"PHJJKLOP_00259",0,28.2243176638603,1.11262063666115,0,0,39.3637202748525,0,32.3019417355488,0
"PHJJKLOP_00260",0,0,0,0,0,0,0,0,0
"PHJJKLOP_00261",0,0,0,0,0,0,0,0,0
"PHJJKLOP_00262",0,0,0,0,0,0,0,0,0
"PHJJKLOP_00263",0,0,0,0,0,0,0,0,0
"PHJJKLOP_00264",0,0,0,0,0,0,0,0,0
"PHJJKLOP_00265",0,0,0,0,0,0,0,0,0
"PHJJKLOP_00266",0,85.6462053248174,0,39.8668263998534,73.6765939586876,24.2238278614477,0,0,0
"PHJJKLOP_00267",0,0,0,0,0,0,0,0,0
"PHJJKLOP_00268",0,0,0,0,0,0,0,50.9000294014709,70.7254102277454
"PHJJKLOP_00269",0,0,199.159093962346,61.4895119048587,0,52.0812299021126,8.80221969776818,0,130.894789078215
"PHJJKLOP_00270",0,0,0,0,0,0,0,0,0
"PHJJKLOP_00271",0,0,0,0,0,0,0,0,0
"PHJJKLOP_00272",0,0,0,0,0,0,0,0,0
"PHJJKLOP_00273",0,0,0,0,0,0,0,0,0
"PHJJKLOP_00274",0,1.94650466647312,37.8291016464791,8.10850706437697,0,19.9846579856944,0,71.455810505911,44.3353317845568
"PHJJKLOP_00275",0,0,0,0,0,0,0,0,0
"PHJJKLOP_00276",0,0,0,0,0,0,0,0,0
"PHJJKLOP_00277",0,0,0,0,0,0,0,0,0
"PHJJKLOP_00278",57.753415719567,0,0,12.8384695185969,0,32.7021676129544,139.955293194514,0,64.3917914013801
"PHJJKLOP_00279",0,0,0,0,0,0,0,0,0
"PHJJKLOP_00280",0,0,0,0,0,0,0,3.91538687703622,0
"PHJJKLOP_00281",0,0,0,0,0,0,0,0,0
"PHJJKLOP_00282",0,0,0,0,0,0,0,0,0
"PHJJKLOP_00283",0,0,0,0,0,0,0,0,0
"PHJJKLOP_00284",0,0.973252333236561,0,0,0,0,0,0,0
"PHJJKLOP_00285",0,0,0,0,0,0,0,0,0
"PHJJKLOP_00286",0,47.6893643285915,0,0,0,0,0,0,0
"PHJJKLOP_00287",0,0,0,0,0,0,0,0,0
"PHJJKLOP_00288",0,0,0,0,0,0,0,0,0
"PHJJKLOP_00289",0,0,0,0,0,0,0,0,0
"PHJJKLOP_00290",0,0,0,7.43279814234555,0,0,0,19.5769343851811,0
"PHJJKLOP_00291",0,0,0,0,0,0,0,0,0
"PHJJKLOP_00292",0,0,0,0,0,0,0,0,0
"PHJJKLOP_00293",0,0,0,0,0,0,0,0,0
"PHJJKLOP_00294",0,0,0,0,0,0,0,0,0
"PHJJKLOP_00295",220.184897430849,167.399401316689,308.195916355138,343.93584131399,486.5725059355,380.314097424729,338.885458364075,286.802088742903,280.790434635527
"PHJJKLOP_00296",0,0,0,0,0,0,0,0,0
"PHJJKLOP_00297",0,0,0,0,0,0,0,0,0
"PHJJKLOP_00298",0,0,0,0,0,0,0,0,0
"PHJJKLOP_00299",0,44.7696073288818,0,0,116.654607101255,41.1805073644611,0,70.476963786652,159.396073796859
"PHJJKLOP_00300",0,0,0,0,0,0,0,0,0
"PHJJKLOP_00301",0,0,0,0,0,0,0,0,0
"PHJJKLOP_00302",0,0,0,0,0,0,0,0,0
"PHJJKLOP_00303",0,0,0,0,0,0,0,0,0
"PHJJKLOP_00304",0,0,0,0,0,0,0,0,0
"PHJJKLOP_00305",0,0,0,0,0,0,0,0,0
"PHJJKLOP_00306",3.60958848247293,31.14407466357,1.11262063666115,0,18.4191484896719,5.45036126882573,0,44.0481023666575,32.7236972695538
"PHJJKLOP_00307",10.8287654474188,5.83951399941937,0,4.05425353218848,0,3.63357417921716,0,17.619240946663,13.7228407904581
"PHJJKLOP_00308",0,0,0,0,0,0,0,0,0
"PHJJKLOP_00309",0,0,0,0,0,0,0,0,0
"PHJJKLOP_00310",0,0,0,0,0,0,0,0,0
"PHJJKLOP_00311",0,0,0,0,0,0,0,0,0
"PHJJKLOP_00312",0,0,0,0,0,2.42238278614477,0,0,184.73054910232
"PHJJKLOP_00313",0,0,0,0,0,0,0,0,0
"PHJJKLOP_00314",135.359568092735,162.533139650506,36.7164810098179,79.7336527997069,431.315060466484,51.4756342055764,277.269920479698,156.615475081449,65.4473945391077
"PHJJKLOP_00315",0,15.572037331785,0,40.5425353218848,64.4670197138517,0,0,47.9634892436937,0
"PHJJKLOP_00316",0,0,0,0,0,0,0,0,0
"PHJJKLOP_00317",0,0,0,0,0,0,0,0,0
"PHJJKLOP_00318",0,0,0,0,0,0,0,0,0
"PHJJKLOP_00319",0,19.4650466647312,0,0,1.53492904080599,0,0,0,0
"PHJJKLOP_00320",0,0.973252333236561,0,0,0,0,0.880221969776818,0,0
"PHJJKLOP_00321",0,0,0,0,0,0,0,0,0
"PHJJKLOP_00322",0,0,0,0,0,0,0,0,0
"PHJJKLOP_00323",0,0,0,0,0,0,0,0,0
"PHJJKLOP_00324",0,0,0,0,0,0,0,0,0
"PHJJKLOP_00325",0,0,0,0,35.3033679385378,0,0,0,0
"PHJJKLOP_00326",0,0,0,0,0,0,0,0,0
"PHJJKLOP_00327",83.0205350968775,251.099101975033,191.370749505718,147.304545002848,18.4191484896719,437.845688595667,83.6210871287977,623.525360168018,118.227551425485
"PHJJKLOP_00328",11.731162568037,0,0,0,0,0,0,0,0
"PHJJKLOP_00329",26.1695164979288,51.5823736615378,81.2213064762639,308.123268446325,0,16.9566795030134,124.991519708308,226.113592148842,61.2249819881975
"PHJJKLOP_00330",58.6558128401852,0,0,49.3267513082932,12.2794323264479,0,0,0,0
"PHJJKLOP_00331",0,0,0,0,0,0,0,0,1.05560313772754
"PHJJKLOP_00332",0,0,0,0,0,0,0,0,0
"PHJJKLOP_00333",350.130082799875,129.442560320463,529.607423050707,156.088760989257,185.726413937525,164.722029457844,51.0528742470555,359.236745968073,332.514988384176
"PHJJKLOP_00334",1.80479424123647,18.4917943314947,0,0,0,75.0938663704879,0,106.694292399237,378.961526444188
"PHJJKLOP_00335",210.258529104048,383.461419295205,310.421157628461,300.690470303979,194.935988182361,117.485565128021,269.347922751706,382.729067230291,184.73054910232
"PHJJKLOP_00336",0,0,0,0,0,0,0,0,0
"PHJJKLOP_00337",0,0,0,0,0,0,0,0,0
"PHJJKLOP_00338",0,0,0,0,0,0,0,0,0
"PHJJKLOP_00339",7.21917696494587,81.7531959918712,0,58.786676216733,122.794323264479,0,72.1782015216991,72.4346572251701,0
"PHJJKLOP_00340",0,0,0,0,0,19.9846579856944,0,2.93654015777717,0
"PHJJKLOP_00341",0,254.018858974743,0,96.6263758504922,0,137.470223113716,220.055492444205,236.880906060691,296.62448170144
"PHJJKLOP_00342",0,0,0,0,0,0,0,0,0
"PHJJKLOP_00343",0,0,0,0,0,0,0,0,0
"PHJJKLOP_00344",0,0,0,0,0,0,0,0,0
"PHJJKLOP_00345",2.7071913618547,5.83951399941937,5.56310318330575,0.675708922031414,0,27.2518063441287,147.877290922505,16.6403942274039,1.05560313772754
"PHJJKLOP_00346",0,0,0,0,0,0,0,0,0
"PHJJKLOP_00347",0,0,0,0,0,0,0,0,0
"PHJJKLOP_00348",28.8767078597835,15.572037331785,0,0,0,1.81678708960858,19.36488333509,71.455810505911,24.2788721677335
"PHJJKLOP_00349",0,0,0,0,0,0,0,0,0
"PHJJKLOP_00350",0,0,0,0,0,0,0,0,0
"PHJJKLOP_00351",0,58.3951399941937,0,67.5708922031414,42.9780131425678,16.3510838064772,37.8495447004032,138.996234134786,34.8349035450089
"PHJJKLOP_00352",0,0,0,0,0,0,0,0,0
"PHJJKLOP_00353",200.332160777248,161.559887317269,34.4912397364956,250.688010073655,225.634568998481,259.194958117491,244.701707597955,146.827007888858,135.117201629126
"PHJJKLOP_00354",0,0,0,0,0,0,0,0,0
"PHJJKLOP_00355",0,0,0,0,0,0,0,0,0
"PHJJKLOP_00356",126.335596886553,0,0,38.5154085557906,0,22.4070407718391,205.091718957999,62.6461900325795,0
"PHJJKLOP_00357",0,9.73252333236561,0,0,0,7.26714835843431,0,0,0
"PHJJKLOP_00358",131.749979610262,159.613382650796,89.009650932892,113.519098901278,0,216.197663663421,83.6210871287977,173.255869308853,92.8930761200238
"PHJJKLOP_00359",0,13.6255326653119,0,71.6251457353299,0,6.66155266189812,0,27.4077081392535,0
"PHJJKLOP_00360",0,0,0,0,0,0,0,90.0538981718331,0
"PHJJKLOP_00361",0,0,0,0,0,0,0,0,0
"PHJJKLOP_00362",0,38.9300933294625,0,90.5449955522095,0,0,0,59.7096498748024,0
"PHJJKLOP_00363",0,0,514.030734137451,0,0,0,0,0,0
"PHJJKLOP_00364",258.987973617433,51.5823736615378,0,116.221934589403,273.217369263467,183.495496050466,29.9275469724118,445.37525726287,197.397786755051
"PHJJKLOP_00365",578.436554316288,750.377548925389,336.011432271667,635.166386709529,334.614530895706,925.955820003839,654.004923544176,773.288908214653,647.084723426984
"PHJJKLOP_00366",0,0,0,0,0,0,0,0,0
"PHJJKLOP_00367",0,0,46.7300667397683,0,0,35.7301460956354,0,0,0
"PHJJKLOP_00368",0,0,0,0,0,0,0,0,0
"PHJJKLOP_00369",0,0,0,0,0,0,0,0,0
"PHJJKLOP_00370",167.845864434991,105.111251989549,22.252412733223,166.900103741759,16.8842194488659,63.5875481363002,241.180819718848,194.790497132552,172.06331144959
"PHJJKLOP_00371",53.2414301164758,37.9568409962259,0,0,0,0,0,0,63.3361882636526
"PHJJKLOP_00372",0,0,0,0,0,0,0,0,0
"PHJJKLOP_00373",0,0,0,0,0,0,0,0,0
"PHJJKLOP_00374",0,0,0,91.8964133962723,0,23.0126364683753,0,92.0115916103512,1.05560313772754
"PHJJKLOP_00375",0,4.86626166618281,0,0,0,0,0,0,55.9469662995598
"PHJJKLOP_00376",0,0,0,0,0,0,0,0,0
"PHJJKLOP_00377",0,0,0,0,0,0,0,0,0
"PHJJKLOP_00378",138.969156575208,0,0,47.9753334642304,0,0,0,0,0
"PHJJKLOP_00379",0,0,0,0,0,0,0,0,0
"PHJJKLOP_00380",0,0,0,0,0,0,0,0,0
"PHJJKLOP_00381",0,0,0,0,0,0,0,0,0
"PHJJKLOP_00382",33.3886934628746,0,0,0,0,0,0,56.7731097170252,0
"PHJJKLOP_00383",0,0,0,0,0,0,0,0,0
"PHJJKLOP_00384",6.31677984432764,0,0,48.6510423862618,0,75.6994620670241,0,22.5134745429583,0
"PHJJKLOP_00385",0,0,0,0,0,0,0,0,0
"PHJJKLOP_00386",0,0,0,0,0,32.0965719164182,0,0,0
"PHJJKLOP_00387",33.3886934628746,12.6522803320753,50.0679286497517,0,0,4.23916987575335,0,162.488555397003,120.33875770094
"PHJJKLOP_00388",9.92636832680057,0,0,0,0,0,0,0,1.05560313772754
"PHJJKLOP_00389",0,0,0,0,0,0,0,0,0
"PHJJKLOP_00390",0,0,0,0,0,0,0,0,0
"PHJJKLOP_00391",0,0,0,0,0,0,0,0,0
"PHJJKLOP_00392",0,0.973252333236561,0,0,0,0.605595696536193,0,0,0
"PHJJKLOP_00419",0,0,0,0,0,0,0,0,0
"PHJJKLOP_00420",0,0,0,0,0,0,0,0,0
"PHJJKLOP_00421",0,0,0,0,0,0,0,0,0
"PHJJKLOP_00422",0,0,0,0,0,0,0,0,62.2805851259251
"PHJJKLOP_00423",0,0,0,0,0,0,0,0,0
"PHJJKLOP_00424",0,0,0,0,0,0,0,0,0
"PHJJKLOP_00425",0,0,0,0,0,0,0,0,0
"PHJJKLOP_00426",0,0,0,0,0,0,0,0,0
"PHJJKLOP_00427",0,0,0,0,0,0,0,0,0
"PHJJKLOP_00428",0,0,0,0,0,0,0,0,0
"PHJJKLOP_00429",0,0,0,0,0,0,0,0,0
"PHJJKLOP_00430",0,0,0,18.9198498168796,0,75.6994620670241,139.075071224737,46.0057958051756,0
"PHJJKLOP_00431",0,0,0,0,0,0,0,0,0
"PHJJKLOP_00432",0,0,0,0,0,0,0,0,0
"PHJJKLOP_00433",6429.57948440492,3059.90533569575,8247.8567795691,11147.8457956743,10382.2600320117,10861.3588173766,2711.0836669126,1133.50450090199,1504.23447126175
"PHJJKLOP_00434",0,23.3580559976775,1.11262063666115,35.1368639456335,0,73.8826749774155,0.880221969776818,29.3654015777716,0
"PHJJKLOP_00435",0,69.1009156597959,0,33.7854461015707,0,0,52.8133181866091,33.2807884548079,95.0042823954789
"PHJJKLOP_00436",0,0,0,56.7595494506388,0,0,0,0,0
"PHJJKLOP_00437",0,0,0,0,0,0,0,0,0
"PHJJKLOP_00438",0,0,0,0,0,0,0,0,0
"PHJJKLOP_00439",0,0,0,0,0,0,0,0,0
"PHJJKLOP_00440",0,0,0,0,0,0,0,0,0
"PHJJKLOP_00441",0,0,0,0,0,31.490976219882,0,0,0
"PHJJKLOP_00442",0,1.94650466647312,0,0,0,0,1.76044393955364,0,0
"PHJJKLOP_00443",0,0,0,0,0,0,0,0,0
"PHJJKLOP_00444",0,0,0,0,0,0,0,0,0
"PHJJKLOP_00445",0,0,0,0,0,0,0,0,0
"PHJJKLOP_00446",0,0,0,0,0,0,0,0,0
"PHJJKLOP_00447",0,0,0,0,0,0,0,0,0
"PHJJKLOP_00448",0,0,0,0,0,0,0,0,0
"PHJJKLOP_00449",0,0,0,0,0,0,0,0,0
"PHJJKLOP_00450",0,0,0,0,0,0,0,0,0
"PHJJKLOP_00451",0,0,0,0,0,0,0,0,0
"PHJJKLOP_00452",41.5102675484387,140.148335986065,47.8426873764294,174.332901884105,32.2335098569258,139.287010203324,200.690609109115,110.609679276273,286.068450324164
"PHJJKLOP_00453",0,0,0,0,0,0,0,0,0
"PHJJKLOP_00454",18.0479424123647,11.6790279988387,0,2.02712676609424,101.305316693195,82.9666104254584,83.6210871287977,150.742394765894,15.8340470659132
"PHJJKLOP_00455",0,0,0,0,0,0,0,0,0
"PHJJKLOP_00456",0,0,0,0,0,0,0,0,63.3361882636526
"PHJJKLOP_00457",0,0,0,0,0,0,0,0,0
"PHJJKLOP_00458",0,0,0,0,0,38.7581245783163,0,0,0
"PHJJKLOP_00459",0,0,0,0,0,0,0,0,69.6698070900179
"PHJJKLOP_00460",0,0,0,0,0,0,0,0,0
"PHJJKLOP_00461",0,0,0,0,0,0,0,0,0
"PHJJKLOP_00462",0,0,0,0,0,0,0,0,0
"PHJJKLOP_00463",96.556491906151,175.185419982581,5.56310318330575,118.249061355497,19.9540775304779,241.027087221405,40.4902106097336,207.51550448292,147.784439281856
"PHJJKLOP_00464",456.612943032826,243.31308330914,300.40757189851,351.368639456335,285.496801589915,191.973835801973,427.787877311534,220.240511833287,183.674945964593
"PHJJKLOP_00465",0,0,0,0,0,0,0,0,0
"PHJJKLOP_00466",0,0,0,0,0,0,0,0,0
"PHJJKLOP_00467",0,0,0,0,0,0,0,0,0
"PHJJKLOP_00468",0,0,0,0,0,0,0,0,0
"PHJJKLOP_00469",0,0,0,0,0,0,0,0,0
"PHJJKLOP_00470",0,0,0,0,0,0,0,0,0
"PHJJKLOP_00471",0,0,0,0,0,0,0,0,0
"PHJJKLOP_00472",4.51198560309117,54.5021306612474,1.11262063666115,40.5425353218848,0,112.640799555732,5.28133181866091,122.355839907382,261.789578156431
"PHJJKLOP_00473",0,0,0,0,0,0,0,0,0
"PHJJKLOP_00474",0,0,0,0,0,0,0,0,0
"PHJJKLOP_00475",0,0,0,0,0,0,0,0,0
"PHJJKLOP_00476",0,0,0,0,0,0,0,0,0
"PHJJKLOP_00477",0,13.6255326653119,0,0,0,0,0,0,0
"PHJJKLOP_00478",0,0,0,0,0,0,0,0,0
"PHJJKLOP_00479",0,0,0,0,0,0,0,0,0
"PHJJKLOP_00480",0,0,0,0,0,0,0,0,0
"PHJJKLOP_00481",0,0,0,0,0,0,0,0,0
"PHJJKLOP_00482",0,0,0,0,0,0,0,0,5.27801568863772
"PHJJKLOP_00483",0,0,0,0,0,0,0,0,0
"PHJJKLOP_00484",99.2636832680057,240.393326309431,182.469784412429,217.578272894115,979.284728034223,308.248209536922,285.191918207689,592.202265151728,471.854602564212
"PHJJKLOP_00485",0,0,0,0,0,2.42238278614477,0,0,0
"PHJJKLOP_00486",0,0,0,0,0,0,0,0,0
"PHJJKLOP_00487",0,17.5185419982581,0,29.7311925693822,0,0,0,15.6615475081449,0
"PHJJKLOP_00488",0,0,0,0,0,0,0,0,0
"PHJJKLOP_00489",0,0,0,0,0,0,0,0,0
"PHJJKLOP_00490",0,6.81276633265593,0,29.7311925693822,13.8143613672539,16.9566795030134,0,34.2596351740669,0
"PHJJKLOP_00491",0,8.75927099912905,249.227022612098,57.4352583726702,0,21.8014450753029,0,0,0
"PHJJKLOP_00492",0,0,0,0,0,0,0,0,0
"PHJJKLOP_00493",0,0,0,0,0,0,0,0,0
"PHJJKLOP_00494",0,1.94650466647312,1.11262063666115,0,0,0,0,6.85192703481338,0
"PHJJKLOP_00495",0,0,0,0,0,0,0,0,0
"PHJJKLOP_00496",0,0,0,0,0,0,0,0,0
"PHJJKLOP_00497",0,0,0,0,0,0,0,0,0
"PHJJKLOP_00498",0,0,0,0,0,0,0,0,0
"PHJJKLOP_00499",0,0,0,0,0,55.7148040813297,0,0,0
"PHJJKLOP_00500",0,0,0,0,0,0,0,0,0
"PHJJKLOP_00501",260.79276785867,38.9300933294625,211.397920965618,43.9210799320419,230.239356120899,125.963904879528,191.00816744157,42.0904089281394,52.7801568863772
"PHJJKLOP_00502",0,0,0,0,0,0,0,0,0
"PHJJKLOP_00503",0,0,0,0,0,0,0,0,0
"PHJJKLOP_00504",0,0,0,0,0,0,0,0,0
"PHJJKLOP_00505",78.5085494937863,45.7428596621184,0,25.6769390371937,10.7445032856419,65.4043352259088,0.880221969776818,22.5134745429583,64.3917914013801
"PHJJKLOP_00506",0,0,0,0,0,0,0,0,0
"PHJJKLOP_00507",0,0,0,0,0,0,0,0,0
"PHJJKLOP_00508",0,0,0,0,0,0,0,0,0
"PHJJKLOP_00509",110.092448715425,0,0,4.7299624542199,190.331201059943,26.6462106475925,0,57.7519564362842,0
"PHJJKLOP_00510",0,0,0,0,0,0,0,0,0
"PHJJKLOP_00511",52.3390329958576,193.677214314076,10.0135857299503,51.3538780743875,207.215420508809,33.3077633094906,70.4177575821455,1.95769343851811,4.22241255091017
"PHJJKLOP_00512",0,0,0,0,0,0,0,0,0
"PHJJKLOP_00513",0,36.9835886629893,2.2252412733223,9.4599249084398,0,172.594773512815,0,0,67.5586008145628
"PHJJKLOP_00514",0,37.9568409962259,0,0,0,31.490976219882,0,0,0
"PHJJKLOP_00515",0,0,0,0,0,0,0,0,0
"PHJJKLOP_00516",0,0,0,0,0,1.21119139307239,0,0,0
"PHJJKLOP_00517",0,0,0,0,0,0,0,0,0
"PHJJKLOP_00518",0,0,0,0,0,0,0,0,0
"PHJJKLOP_00519",0,0,0,0,0,0,0,0,0
"PHJJKLOP_00520",20.7551337742194,33.0905793300431,0,44.5967888540733,0,111.429608162659,21.1253272746436,101.800058802942,118.227551425485
"PHJJKLOP_00521",0,0,0,0,0,0,0,0,0
"PHJJKLOP_00522",108.287654474188,56.4486353277206,17.8019301865784,275.689240188817,41.4430841017618,241.632682917941,146.116846982952,198.705884009588,99.2266949463891
"PHJJKLOP_00523",0,0,0,0,0,0,0,0,0
"PHJJKLOP_00524",158.821893228809,323.119774634538,0,82.4364884878325,0,56.9259954744021,265.827034872599,260.373227322909,54.8913631618323
"PHJJKLOP_00525",0,0,0,0,0,0,0,0,0
"PHJJKLOP_00526",0,0,0,0,0,0,0,0,0
"PHJJKLOP_00527",0,0,0,0,0,0,0,0,0
"PHJJKLOP_00528",117.31162568037,0,0,31.7583193354765,18.4191484896719,81.1498233358498,0,76.3500441022063,1.05560313772754
"PHJJKLOP_00529",0,0,0,0,0,0,0,0,0
"PHJJKLOP_00530",0,0,0,0,0,0,0,0,0
"PHJJKLOP_00531",0,20.4382989979678,0,0,0,26.0406149510563,0,0,9.50042823954789
"PHJJKLOP_00532",0,0,0,0,0,0,0,0,0
"PHJJKLOP_00533",0,0,0,0,0,0,0,0,0
"PHJJKLOP_00534",0,0,0,0,0,6.66155266189812,0,0,0
"PHJJKLOP_00535",0,0,0,0,0,0,0,0,0
"PHJJKLOP_00536",62.2654013226581,0.973252333236561,0,0,0,0,0,9.78846719259055,109.782726323665
"PHJJKLOP_00537",0,0,0,0,0,0,0,0,0
"PHJJKLOP_00538",0,0,0,0,0,0,0,0,0
"PHJJKLOP_00539",0,0,0,0,0,0,0,0,0
"PHJJKLOP_00540",0,0,0,0,0,0,0,0,0
"PHJJKLOP_00541",99.2636832680057,253.045606641506,90.1222715695531,204.064094453487,115.119678060449,208.930515304986,373.214115185371,273.098234673276,77.0590290541107
"PHJJKLOP_00542",160.626687470046,297.815213970388,149.091165312594,312.853230900545,202.610633386391,404.537925286177,302.796357603225,260.373227322909,542.580012791957
"PHJJKLOP_00543",0,0,0,0,0,0,0,0,0
"PHJJKLOP_00544",0,0,0,0,0,0,0,0,0
"PHJJKLOP_00545",0,0,0,0,0,0,0,0,0
"PHJJKLOP_00546",1.80479424123647,62.2881493271399,102.361098572826,0,18.4191484896719,53.292421295185,105.626636373218,123.334686626641,27.4456815809161
"PHJJKLOP_00547",0,0,254.790125795403,0,0,0,0,0,0
"PHJJKLOP_00548",0,0,0,0,0,0,0,0,0
"PHJJKLOP_00549",0,0,0,0,0,0,0,0,0
"PHJJKLOP_00550",434.05301501737,598.550184940485,302.632813171833,196.631296311141,55.2574454690157,239.210300131796,470.038531860821,397.411768019176,272.345609533706
"PHJJKLOP_00551",0,0,0,0,0,0,0,0,0
"PHJJKLOP_00552",0,0,0,0,0,0,0,0,0
"PHJJKLOP_00553",0,0,0,0,0,0,0,0,0
"PHJJKLOP_00554",0,0,0,0,0,0,0,0,0
"PHJJKLOP_00555",0,0,0,0,0,0,0,0,0
"PHJJKLOP_00556",0,0,0,0,0,0,0,0,0
"PHJJKLOP_00557",127.237994007171,221.901531977936,0,165.548685897696,10.7445032856419,581.977464371281,169.882840166926,203.600117605883,374.739113893278
"PHJJKLOP_00558",0,0,0,0,0,0,0,0,0
"PHJJKLOP_00559",0,0,0,0,0,0,0,0.978846719259055,1.05560313772754
"PHJJKLOP_00560",0,0,0,0,0,0,0,0,0
"PHJJKLOP_00561",63.1677984432764,59.3683923274303,350.475500548262,0,0,41.1805073644611,0,30.3442482970307,89.7262667068412
"PHJJKLOP_00562",0,35.0370839965162,0,0,0,0,0,0,0
"PHJJKLOP_00563",0,0,0,0,0,0,0,0,0
"PHJJKLOP_00564",0,0,0,0,0,0,0,0,0
"PHJJKLOP_00565",0,0,0,0,0,0,0,0,0
"PHJJKLOP_00566",0,0,0,0,0,0,0,0,0
"PHJJKLOP_00567",0,0,0,0,0,0,0,0,0
"PHJJKLOP_00568",0,0,2.2252412733223,0,0,4.84476557228954,0,0,0
"PHJJKLOP_00569",0,0,0,0,0,0,0,0,0
"PHJJKLOP_00570",0,0,0,0,0,0,0,128.228920222936,0
"PHJJKLOP_00571",0,0,0,0,0,0,0,0,0
"PHJJKLOP_00572",12.6335596886553,18.4917943314947,0,52.7052959184503,0,26.6462106475925,0,0,0
"PHJJKLOP_00573",0,0,0,0,0,0.605595696536193,0,0,0
"PHJJKLOP_00574",0,0,0,0,0,0,0,0,0
"PHJJKLOP_00575",0,0,0,0,0,0,0,0,0
"PHJJKLOP_00576",0,0,0,0,0,9.68953114457908,0,0,0
"PHJJKLOP_00577",64.9725926845128,0,0,0,9.20957424483595,16.3510838064772,0,0,0
"PHJJKLOP_00578",0,0,0,0,0,0,0,0,0
"PHJJKLOP_00579",0,0,0,0,0,0,0,0,0
"PHJJKLOP_00580",0,0,0,0,0,0,0,0,0
"PHJJKLOP_00581",0,0,0,0,0,0,0,27.4077081392535,0
"PHJJKLOP_00582",0,0,0,0,0,0,0,0,0
"PHJJKLOP_00583",0,0,0,0,0,0,0,0,0
"PHJJKLOP_00584",0,0,0,0,0,0,1.76044393955364,0,0
"PHJJKLOP_00585",47.8270473927664,82.7264483251077,71.2077207463136,0,0,75.0938663704879,29.9275469724118,127.250073503677,58.0581725750149
"PHJJKLOP_00586",0,18.4917943314947,0,0.675708922031414,0,0,0,0,0
"PHJJKLOP_00587",427.736235173043,526.52951228098,461.737564214377,575.028292648733,305.450879120392,474.787026084375,794.840438708467,592.202265151728,926.819554924783
"PHJJKLOP_00588",0,0,0,0,0,0,0,0,0
"PHJJKLOP_00589",0,0,0,0,0,0,100.345304554557,7.83077375407244,0
"PHJJKLOP_00590",0,0,0,0,0,0,0,0,0
"PHJJKLOP_00591",33.3886934628746,58.3951399941937,302.632813171833,63.5166386709529,145.818258876569,140.498201596397,166.361952287819,116.482759591828,131.950392215943
"PHJJKLOP_00592",4.51198560309117,2.91975699970968,0,5.40567137625131,0,0,0,0,0
"PHJJKLOP_00593",0,22.3848036644409,0,56.0838405286074,251.728362692183,0,0,0,71.781013365473
"PHJJKLOP_00594",0,135.282074319882,284.830882985254,122.303314887686,0,0,0,0,121.394360838667
"PHJJKLOP_00595",0,0,0,0,0,0,0,0,0
"PHJJKLOP_00596",0,36.9835886629893,0,0,0,0,0,0,0
"PHJJKLOP_00597",60.4606070814217,24.331308330914,0,45.9482066981362,0,19.3790622891582,0,0,0
"PHJJKLOP_00598",0,29.1975699970968,0,0,0,0,0,0,0
"PHJJKLOP_00599",0,34.0638316632797,3.33786190998345,0,0,0,29.047325002635,0,3.16680941318263
"PHJJKLOP_00600",0,0.973252333236561,0,0,0,0,0,0,0
"PHJJKLOP_00601",0,0,24.4776540065453,0,0,5.45036126882573,0,0,9.50042823954789
"PHJJKLOP_00602",0,0,0,0,0,0,0,0,0
"PHJJKLOP_00603",10.8287654474188,6.81276633265593,0,0,0,5.45036126882573,0,35.238481893326,21.1120627545509
"PHJJKLOP_00604",0,0,0,0,0,0,0,0,0
"PHJJKLOP_00605",0,0,0,0,0,0,0,0,0
"PHJJKLOP_00606",0,0,0,0,0,0,0,0,0
"PHJJKLOP_00607",0,0,0,0,0,1.21119139307239,0,0,0
"PHJJKLOP_00608",31.5838992216382,0,0,37.8396996337592,0,0,51.0528742470555,16.6403942274039,0
"PHJJKLOP_00609",0,0,0,0,0,0,0,0,0
"PHJJKLOP_00610",26.1695164979288,210.222503979097,358.26384500489,290.554836473508,348.42889226296,214.986472270348,434.829653069748,221.219358552546,344.126622899179
"PHJJKLOP_00611",0,47.6893643285915,0,0,0,19.3790622891582,0,0,46.4465380600119
"PHJJKLOP_00612",0,0,0,0,0,22.4070407718391,0,0,0
"PHJJKLOP_00613",0,0,0,0,0,0,0,0,0
"PHJJKLOP_00614",0,0,0,39.191117477822,0,0,0,0,0
"PHJJKLOP_00615",45.1198560309117,25.3045606641506,0,82.4364884878325,99.7703876523895,0,0,74.3923506636882,42.2241255091017
"PHJJKLOP_00616",0,25.3045606641506,0,0,0,0,0,0,0
"PHJJKLOP_00617",0,0,0,0,0,27.2518063441287,0,0,46.4465380600119
"PHJJKLOP_00618",0,0,0,0,0,0,0,0,0
"PHJJKLOP_00628",0,0,0,0,0,0,0,0,0
"PHJJKLOP_00629",0,0,0,0,0,0,0,0,0
"PHJJKLOP_00630",0,0,0,0,0,0,0,0,0
"PHJJKLOP_00631",0,0,0,2.70283568812566,0,0,0,17.619240946663,0
"PHJJKLOP_00632",0,0,0,0,0,0,0,0,0
"PHJJKLOP_00633",0,0,0,0,0,0,0,0,0
"PHJJKLOP_00634",0,0,0,0,0,0,0,0,0
"PHJJKLOP_00635",0,0,0,0,0,0,0,0,0
"PHJJKLOP_00636",0,0,0,0,0,0,0,0,0
"PHJJKLOP_00637",0,0,0,0,0,0,0,0,0
"PHJJKLOP_00638",0,0,0,56.7595494506388,0,0,0,0,0
"PHJJKLOP_00639",0,0,0,0,0,0,0,0,0
"PHJJKLOP_00640",0,0,0,0,0,0,0,0,0
"PHJJKLOP_00641",0,0,0,0,0,0,0,0,0
"PHJJKLOP_00642",0,0,12.2388270032726,0,95.1656005299715,0,0,0,20.0564596168233
"PHJJKLOP_00643",0,0,0,0,0,33.3077633094906,0,0,0
"PHJJKLOP_00644",0,0,0,0,0,0,0,0,0
"PHJJKLOP_00645",0,0,0,0,0,0,0,0,0
"PHJJKLOP_00646",0,0,0,0,0,0,0,0,0
"PHJJKLOP_00647",0,0,0,0,0,0,0,0,0
"PHJJKLOP_00648",0,0,0,0,0,0,0,0,0
"PHJJKLOP_00649",0,0,0,0,0,0,0,0,0
"PHJJKLOP_00650",0.902397120618234,0,0,0,0,0,0,0,0
"PHJJKLOP_00651",0,0,0,0,0,0,0,0,0
"PHJJKLOP_00652",0,0,0,0,0,27.8574020406649,0,0,0
"PHJJKLOP_00653",0,0,0,0,0,0,0,0,0
"PHJJKLOP_00654",0,0,0,0,0,0,0,0,0
"PHJJKLOP_00655",0,0,0,0,0,0,0,0,0
"PHJJKLOP_00656",0,0,0,0,0,0,0,0,0
"PHJJKLOP_00657",15.34075105051,1.94650466647312,2.2252412733223,0,0,0,0,1.95769343851811,0
"PHJJKLOP_00658",0,0,0,0,0,0,0,0,0
"PHJJKLOP_00659",0,0,0,0.675708922031414,0,0,0,0,0
"PHJJKLOP_00660",0,25.3045606641506,0,151.358798535037,0,32.0965719164182,98.5848606150036,52.857722839989,0
"PHJJKLOP_00661",61.3630042020399,0.973252333236561,0,25.6769390371937,0,66.6155266189812,0,42.0904089281394,0
"PHJJKLOP_00662",0,0,0,0,0,0,0,0,11.611634515003
"PHJJKLOP_00663",0,0,0,0,0,0,0,0,0
"PHJJKLOP_00664",11.731162568037,0,0,0,0,0,0,0,0
"PHJJKLOP_00665",0,0,0,0,0,0,0,0,0
"PHJJKLOP_00666",0,0,0,0,0,0,0,0,0
"PHJJKLOP_00667",0,0,0,0,0,0,0,0,0
"PHJJKLOP_00668",26.1695164979288,49.6358689950646,0,0,0,76.9106534600965,0,61.6673433133205,0
"PHJJKLOP_00669",0,0,0,0,0,0,0,0,0
"PHJJKLOP_00670",0,13.6255326653119,37.8291016464791,146.628836080817,0,109.612821073051,0,0,0
"PHJJKLOP_00671",0,0,0,0,0,0,0,0,0
"PHJJKLOP_00672",0,0,0,0,0,0,0,0,0
"PHJJKLOP_00673",0,0,0,0,0,0,0,0,0
"PHJJKLOP_00674",0,43.7963549956453,0,0,0,43.6028901506059,13.2033295466523,82.2231244177606,69.6698070900179
"PHJJKLOP_00675",0,0,0,0,0,0,0,0,0
"PHJJKLOP_00676",0,0,0,0,0,0,0,0,0
"PHJJKLOP_00677",0,0,0,0,0,0,0,0,0
"PHJJKLOP_00678",6.31677984432764,26.2778129973872,63.4193762896855,45.9482066981362,0,29.0685934337373,18.4846613653132,34.2596351740669,30.6124909940988
"PHJJKLOP_00679",0,0,0,0,0,0,0,0,0
"PHJJKLOP_00680",19.8527366536011,56.4486353277206,147.978544675933,68.9223100472042,59.8622325914337,141.709392989469,37.8495447004032,73.4135039444291,134.061598491398
"PHJJKLOP_00681",0,0,0,0,0,0,0,0,0
"PHJJKLOP_00682",0,0,0,0,0,0,0,0,0
"PHJJKLOP_00683",0,0,0,0,0,0,0,0,0
"PHJJKLOP_00684",0,0,0,0,0,0,0,0,0
"PHJJKLOP_00685",0,0,0,0,0,0,0,0,0
"PHJJKLOP_00686",1639.65556816333,1654.52896650215,591.914178703732,748.009776688775,867.234908055386,616.496419073844,947.118839479856,678.340776446525,824.426050565211
"PHJJKLOP_00687",36.0958848247293,59.3683923274303,430.584186387865,142.574582548628,0,52.6868255986488,58.09465000527,217.30397167551,69.6698070900179
"PHJJKLOP_00688",0,0,0,0,0,0,0,0,0
"PHJJKLOP_00689",0,0,0,0,0,0,0,0,0
"PHJJKLOP_00690",0,0,0,0,0,0,0,5.87308031555433,0
"PHJJKLOP_00691",0,0,0,0,0,0,0,0,0
"PHJJKLOP_00692",0,0,0,0,0,0,0,0,0
"PHJJKLOP_00693",0,0,0,0,0,0,0,0,0
"PHJJKLOP_00694",0,0.973252333236561,0,0,0,4.84476557228954,0,3.91538687703622,1.05560313772754
"PHJJKLOP_00695",0,0,0,0,0,0,0,0,0
"PHJJKLOP_00696",0,0,0,0,0,0,0,0,0
"PHJJKLOP_00697",0,0,0,0,0,0,0,0,0
"PHJJKLOP_00698",0,0,0,0,0,0,0,0,0
"PHJJKLOP_00699",0,0,0,0,0,0,0,0,0
"PHJJKLOP_00700",0,0,0,0,0,0,0,0,0
"PHJJKLOP_00701",0,0,0,0,0,0,0,0,0
"PHJJKLOP_00702",0,0,0,0,0,0,0,0,0
"PHJJKLOP_00703",0,0,0,0,0,0,0,0,0
"PHJJKLOP_00704",0,0,0,0,0,0,0,0,0
"PHJJKLOP_00705",0,0,0,0,0,4.84476557228954,0,0,0
"PHJJKLOP_00706",0,0,0,0,0,0,0,0,0
"PHJJKLOP_00707",0,2.91975699970968,0,0,0,0,0,0,0
"PHJJKLOP_00708",0,0,0,0,0,0,0,0,0
"PHJJKLOP_00709",0,0,0,0,0,0,0,0,0
"PHJJKLOP_00710",0,0,0,0,0,0,0,0,0
"PHJJKLOP_00711",0,0,0,0,0,0,0,0,0
"PHJJKLOP_00712",0,0,0,0,0,0,0,0,0
"PHJJKLOP_00713",0,0,0,0,0,0,0,0,0
"PHJJKLOP_00714",0,0,0,0,0,0,0,0,0
"PHJJKLOP_00715",0,0,0,0,0,0,0,0,0
"PHJJKLOP_00716",0,0,0,0,0,0,0,0,0
"PHJJKLOP_00717",0,0,0,0,0,0,0,0,0
"PHJJKLOP_00718",0,0,0,0,0,0,0,0,0
"PHJJKLOP_00719",0,0,0,0,0,0,0,0,0
"PHJJKLOP_00720",0,0,0,0,0,0,0,0,0
"PHJJKLOP_00721",0,0,0,1.35141784406283,0,0,0,0,0
"PHJJKLOP_00722",0,0,0,0,0,0,0,0,0
"PHJJKLOP_00723",0,0,0,0,0,0,0,0,0
"PHJJKLOP_00724",0,0,0,0,0,0,0,0,0
"PHJJKLOP_00725",0,0,0,0,0,0,0,0,0
"PHJJKLOP_00726",0,0,0,0,0,0,0,0,0
"PHJJKLOP_00727",0,0,0,0.675708922031414,0,0,0,0,0
"PHJJKLOP_00728",0,0,0,0,0,0,0,0,0
"PHJJKLOP_00729",0,7.78601866589249,0,0,0,0,0,0,0
"PHJJKLOP_00730",0,0,0,0,0,0,0,0,0
"PHJJKLOP_00731",0,0,0,0,0,0,0,0,0
"PHJJKLOP_00732",0,0,0,0,0,0,0,0,0
"PHJJKLOP_00733",0,134.308821986645,247.001781338775,48.6510423862618,214.890065712839,211.352898091131,0,0,66.5029976768352
"PHJJKLOP_00734",0,0,0,0,0,0,0,0,0
"PHJJKLOP_00735",0,0,0,0,0,0,0,0,0
"PHJJKLOP_00736",0,0,0,0,0,0,0,0,0
"PHJJKLOP_00737",0,0,0,0,0,0,0,0,0
"PHJJKLOP_00738",0,0,0,0,0,0,0,0,0
"PHJJKLOP_00739",0,0,0,0,0,0,0,0,0
"PHJJKLOP_00740",0,0,0,0,0,0,0,0,0
"PHJJKLOP_00741",0,12.6522803320753,0,27.704065803288,0,0,0,0,0
"PHJJKLOP_00742",0,0,0,0,0,0,0,0,0
"PHJJKLOP_00743",0,0,0,0,0,0,0,0,0
"PHJJKLOP_00744",0,0,0,0,0,0,0,0,0
"PHJJKLOP_00745",0,0,0,0,0,0,0,0,0
"PHJJKLOP_00746",0,24.331308330914,0,0,0,0,0,0,0
"PHJJKLOP_00747",0,0,0,0,0,0,0,0,0
"PHJJKLOP_00748",0,0,0,0,0,0,0,0,0
"PHJJKLOP_00749",0,12.6522803320753,0,0,0,1.21119139307239,0,0,0
"PHJJKLOP_00750",0,0,0,0,0,0,0,0,0
"PHJJKLOP_00751",34.2910905834929,0,0,0,0,18.1678708960858,0,0,0
"PHJJKLOP_00752",0,0.973252333236561,0,0,29.1636517753139,29.6741891302734,249.10281744684,1.95769343851811,8.44482510182035
"PHJJKLOP_00753",385.323570503986,75.9136819924518,119.050408122743,291.230545395539,423.640415262454,237.999108738724,44.8913204586177,321.06172391697,413.796429989197
"PHJJKLOP_00754",0,0,0,0,0,0,0,0,0
"PHJJKLOP_00755",0,0,0,0,0,0,0,1.95769343851811,0
"PHJJKLOP_00756",34.2910905834929,63.2614016603765,99.0232366628423,162.170141287539,216.424994753645,119.907947914166,175.164171985587,352.38481893326,0
"PHJJKLOP_00757",0,0,0,0,0,0,0,0,0
"PHJJKLOP_00758",0,0,0,0,4.60478712241798,9.08393544804289,0,45.0269490859165,34.8349035450089
"PHJJKLOP_00759",0,0,0,0,0,38.1525288817801,0,111.588525995532,0
"PHJJKLOP_00760",0,55.475382994484,0,45.2724977761047,0,24.8294235579839,139.075071224737,92.9904383296102,0
"PHJJKLOP_00761",0,0,0,0,0,0,0,0,0
"PHJJKLOP_00762",0,0,0,0,0,0,0,0,0
"PHJJKLOP_00763",0,4.86626166618281,0,21.6226855050053,0,9.08393544804289,14.9637734862059,7.83077375407244,141.450820455491
"PHJJKLOP_00764",0,0,0,0,0,0,0,0,0
"PHJJKLOP_00765",0,0,0,0,0,0,0,0,0
"PHJJKLOP_00766",0,0,0,0,0,0,0,0,0
"PHJJKLOP_00767",0,0,0,0,0,0,0,0,0
"PHJJKLOP_00768",62.2654013226581,2.91975699970968,0,15.5413052067225,0,37.546933185244,0,48.9423359629527,91.8374729822963
"PHJJKLOP_00769",402.469115795732,346.477830632216,541.84625005398,404.749644296817,795.093243137504,290.080338640836,51.0528742470555,423.840629439171,1013.37901221844
"PHJJKLOP_00770",0,0,0,0,0,0,0,0,0
"PHJJKLOP_00771",0,11.6790279988387,0,1.35141784406283,0,17.5622751995496,0,31.3230950162898,40.1129192336467
"PHJJKLOP_00772",0,8.75927099912905,83.4465477495862,71.6251457353299,0,25.4350192545201,0,87.1173580140559,71.781013365473
"PHJJKLOP_00773",0,0,0,0,0,0,0,0,0
"PHJJKLOP_00774",0,0,0,0,0,0,0,0,0
"PHJJKLOP_00775",0,0,0,0,0,0,0,0,0
"PHJJKLOP_00776",0,0,0,0,0,0,0,0,0
"PHJJKLOP_00777",0,0,2.2252412733223,0,0,0.605595696536193,0.880221969776818,0,2.11120627545509
"PHJJKLOP_00778",0,0,0,0,0,0,0,0,0
"PHJJKLOP_00779",0,0,0,0,0,1.81678708960858,0,0,0
"PHJJKLOP_00780",0,0,0,0,0,0,0,0,0
"PHJJKLOP_00781",307.717418130818,443.803063955872,624.180177166905,328.394536107267,532.620377159679,610.440462108482,1608.16553878225,1537.76819595598,804.369590948388
"PHJJKLOP_00782",0,0,0,0,0,0.605595696536193,0,0.978846719259055,0
"PHJJKLOP_00783",0,31.14407466357,0,26.3526479592251,0,28.4629977372011,80.9804212194673,46.9846425244346,0
"PHJJKLOP_00784",0,0,0,0,0,0,0,0,55.9469662995598
"PHJJKLOP_00785",0,0,0,0,0,0,0,0,0
"PHJJKLOP_00786",0,0,0,0,0,0,0,0,0
"PHJJKLOP_00787",0,0,222.52412733223,0,0,0,0,0,0
"PHJJKLOP_00788",0,230.660802977065,34.4912397364956,225.011071036461,305.450879120392,154.426902616729,614.394934904219,54.8154162785071,80.2258384672933
"PHJJKLOP_00789",0,0,0,0,0,0,0,0,0
"PHJJKLOP_00790",0,0,0,0,0,0,0,0,0
"PHJJKLOP_00791",0,0,28.9281365531899,0,0,27.2518063441287,0,13.7038540696268,0
"PHJJKLOP_00792",0,0,0,0,0,0,0,0,0
"PHJJKLOP_00793",0,0,0,0,0,0,0,0,0
"PHJJKLOP_00794",0,0,0,0,0,0,0,0,0
"PHJJKLOP_00795",0,0,0,0,0,0,0,0,0
"PHJJKLOP_00796",64.9725926845128,0,0,0,0,0,0,0,0
"PHJJKLOP_00797",0,0.973252333236561,0,0,0,0,0,0,0
"PHJJKLOP_00798",0,0,0,0,0,0,0,66.5615769096157,0
"PHJJKLOP_00799",0,0,0,0,0,0,0,0,0
"PHJJKLOP_00800",0,0.973252333236561,272.592055981982,0,0,23.0126364683753,5.28133181866091,209.473197921438,163.618486347769
"PHJJKLOP_00801",0,0,0,0,0,0,0,0,0
"PHJJKLOP_00802",0,17.5185419982581,33.3786190998345,0,0,1.21119139307239,0,0.978846719259055,0
"PHJJKLOP_00803",0,0,0,0,0,0,0,0,0
"PHJJKLOP_00804",0,0,0,0,0,0,0,0,0
"PHJJKLOP_00805",0,0,0,0,0,0,0,0,0
"PHJJKLOP_00806",0,0,0,0,0,0,0,0,0
"PHJJKLOP_00807",0,0,0,0,4.60478712241798,35.1245503990992,0,0,0
"PHJJKLOP_00808",0,0,0,0,0,0,0,0,0
"PHJJKLOP_00809",0,0,0,0,0,0,0,0,0
"PHJJKLOP_00810",0,15.572037331785,157.992130405883,66.2194743590786,27.6287227345079,0,0,0,0
"PHJJKLOP_00811",0,0,0,0,0,0,0,0,0
"PHJJKLOP_00812",0,0,0,0,0,0,0,0,0
"PHJJKLOP_00813",0,0,0,0,0,0,0,0,0
"PHJJKLOP_00814",3.60958848247293,29.1975699970968,1.11262063666115,227.038197802555,0,55.1092083847935,228.857712141973,217.30397167551,44.3353317845568
"PHJJKLOP_00815",0,0,0,0,0,0,0,0,0
"PHJJKLOP_00816",0,0,0,0,1.53492904080599,0,0,0,0
"PHJJKLOP_00817",0,0,0,0,0,0,0,0,0
"PHJJKLOP_00818",0,0,1.11262063666115,0,46.0478712241798,0,104.746414403441,17.619240946663,140.395217317763
"PHJJKLOP_00819",0,35.0370839965162,191.370749505718,60.8138029828273,0,16.3510838064772,0,40.1327154896213,52.7801568863772
"PHJJKLOP_00820",10.8287654474188,0,0,0,4.60478712241798,0,0,0,0
"PHJJKLOP_00821",0,0,0,0,0,0,0,0,0
"PHJJKLOP_00822",0,0,0,0,0,0,0,0,0
"PHJJKLOP_00823",0,0,0,0,0,0,0,0,0
"PHJJKLOP_00824",0,0,0,0,0,0,0,0,0
"PHJJKLOP_00825",0,0,0,0,0,0,0,0,0
"PHJJKLOP_00826",0,0,0,0,0,0,0,0,0
"PHJJKLOP_00827",18.0479424123647,13.6255326653119,0,12.1627605965655,6.13971616322397,6.05595696536193,4.40110984888409,36.217328612585,5.27801568863772
"PHJJKLOP_00828",0,0,0,0,0,0,0,0,0
"PHJJKLOP_00829",120.018817042225,87.5927099912905,0,85.1393241759582,128.934039427703,83.5722061219946,17.6044393955364,341.61750502141,49.6133474731945
"PHJJKLOP_00830",0,0,0,0,0,0,0,0,0
"PHJJKLOP_00831",0,0,0,0,0,0,0,0,0
"PHJJKLOP_00832",0,17.5185419982581,0,0,26.0937936937019,26.0406149510563,0,73.4135039444291,0
"PHJJKLOP_00833",0,0,0,0,0,0,0,0,0
"PHJJKLOP_00834",0,0,0,0,0,0,0,0,0
"PHJJKLOP_00835",0,0,0,0,0,0,0,0,0
"PHJJKLOP_00836",0,0,1.11262063666115,0,0,0,0,0,0
"PHJJKLOP_00837",0,0,0,0,0,0,0,0,2.11120627545509
"PHJJKLOP_00838",0,0,0,0,0,0,0,0,0
"PHJJKLOP_00839",43.3150617896752,9.73252333236561,222.52412733223,17.5684319728168,4.60478712241798,56.3203997778659,29.9275469724118,58.7308031555433,278.679228360071
"PHJJKLOP_00840",0,0,0,0,0,0,0,0,0
"PHJJKLOP_00841",0,0,0,0,0,0,0,0,0
"PHJJKLOP_00842",0,0,0,0,0,0,0,0,0
"PHJJKLOP_00843",0,0,0,0,0,0,0,0,0
"PHJJKLOP_00844",0,0,0,0,0,0,0,0,0
"PHJJKLOP_00845",0,0,0,0,0,0,57.2144280354932,0,0
"PHJJKLOP_00846",23.4623251360741,101.218242656602,77.8834445662805,22.2983944270367,0,173.805964905887,36.9693227306264,195.769343851811,114.005138874575
"PHJJKLOP_00847",0,0,0,0,0,0,0,0,0
"PHJJKLOP_00848",289.669475718453,109.004261322495,141.302820855966,74.3279814234556,0,151.398924134048,207.732384867329,125.292380065159,194.230977341868
"PHJJKLOP_00849",36.9982819453476,0,0,0,1.53492904080599,28.4629977372011,0,0,0
"PHJJKLOP_00850",0,0,0,0,0,0,0,0,0
"PHJJKLOP_00851",0,2.91975699970968,0,0,0,30.8853805233458,0,56.7731097170252,9.50042823954789
"PHJJKLOP_00852",0,0,0,0,0,0,0,0,0
"PHJJKLOP_00853",0,0,0,0,0,0,0,0,0
"PHJJKLOP_00854",0,0,0,0,0,0,0,0,0
"PHJJKLOP_00855",0,0,0,0,0,0,0,0,0
"PHJJKLOP_00856",64.0701955638946,101.218242656602,0,0,0,28.4629977372011,206.852162897552,20.5557811044402,67.5586008145628
"PHJJKLOP_00857",0,0,0,0,0,0,0,0,0
"PHJJKLOP_00858",0,0,0,0,0,0,0,0,0
"PHJJKLOP_00859",43.3150617896752,67.1544109933227,231.425092425519,122.979023809717,151.957975039793,33.3077633094906,173.403728046033,0,0
"PHJJKLOP_00860",47.8270473927664,203.409737646441,0,231.768160256775,0,165.327625154381,27.2868810630814,117.461606311087,65.4473945391077
"PHJJKLOP_00861",0,0,0,0,0,0,0,0,0
"PHJJKLOP_00862",0,0,0,0,0,21.8014450753029,0,0,0
"PHJJKLOP_00863",366.373230971003,319.226765301592,99.0232366628423,254.066554683812,560.249099894187,253.139001152129,273.74903260059,394.475227861399,426.463667641928
"PHJJKLOP_00864",0,0,0,0,0,0,0,0,0
"PHJJKLOP_00865",0,27.2510653306237,76.7708239296193,0,151.957975039793,120.513543610702,56.3342060657164,146.827007888858,84.4482510182035
"PHJJKLOP_00866",0,0,0,0,0,0,0,0,0
"PHJJKLOP_00867",0,0,0,0,0,0,0,0,0
"PHJJKLOP_00868",0,0,17.8019301865784,0,0,0,0,0,0
"PHJJKLOP_00869",0,19.4650466647312,0,0,0,0,0,11.7461606311087,17.9452533413682
"PHJJKLOP_00870",0,0,0,0,0,0,0,0,0
"PHJJKLOP_00871",0,0,0,0,0,0,0,0,0
"PHJJKLOP_00872",0,0,0,0,0,0,0,0,0
"PHJJKLOP_00873",0,0,0,0,0,0,0,0,0
"PHJJKLOP_00874",0,0,0,0,0,0,0,0,0
"PHJJKLOP_00875",41.5102675484387,77.8601866589249,74.545582656297,164.197268053634,96.7005295707775,140.498201596397,58.09465000527,177.171256185889,171.007708311862
"PHJJKLOP_00876",0,0,0,0,0,0,0,0,0
"PHJJKLOP_00877",0,0,0,0,0,0,0,0,0
"PHJJKLOP_00878",0,0,0,0,0,0,0,0,0
"PHJJKLOP_00879",0,0,0,0,0,0,0,0,0
"PHJJKLOP_00880",60.4606070814217,25.3045606641506,0,39.8668263998534,0,10.9007225376515,0,28.3865548585126,27.4456815809161
"PHJJKLOP_00881",0,24.331308330914,0,25.6769390371937,29.1636517753139,19.3790622891582,0,0,28.5012847186437
"PHJJKLOP_00882",0,0,0,0,0,0,0,0,0
"PHJJKLOP_00883",50.5342387546211,36.9835886629893,238.100816245486,31.082610413445,544.899809486127,0,0,37.1961753318441,0
"PHJJKLOP_00884",0,0,0,7.43279814234555,0,0,0,0,0
"PHJJKLOP_00885",0,0.973252333236561,0,42.5696620879791,0,20.5902536822306,105.626636373218,52.857722839989,4.22241255091017
"PHJJKLOP_00886",0,0,0,0,0,0,0,0,0
"PHJJKLOP_00887",0,0,0,0,0,0,0,0,0
"PHJJKLOP_00888",0,0,0,0,0,0,0,0,0
"PHJJKLOP_00889",0,0,0,0,0,0,0,0,0
"PHJJKLOP_00890",0,0,0,0,0,0,0,0,0
"PHJJKLOP_00891",0,0,0,0,0,0,0,0,0
"PHJJKLOP_00892",0,0,0,0,0,0,0,0,0
"PHJJKLOP_00893",0,0,0,0,0,0,0,0,0
"PHJJKLOP_00894",0,0,0,0,0,0,0,0,0
"PHJJKLOP_00895",0,0,0,0,0,0,0,0,0
"PHJJKLOP_00896",0,0,0,0,0,0,0,0,0
"PHJJKLOP_00897",0,106.084504322785,0,59.4623851387644,9.20957424483595,103.556864107689,0,54.8154162785071,40.1129192336467
"PHJJKLOP_00898",0,0,0,0,0,0,0,0,0
"PHJJKLOP_00899",0,0,0,0,0,0,0,0,0
"PHJJKLOP_00900",0,0,0,0,0,0,0,0,0
"PHJJKLOP_00901",0,0,0,0,0,0,0,0,0
"PHJJKLOP_00902",58.6558128401852,134.308821986645,307.083295718477,43.2453710100105,0,8.4783397515067,110.907968191879,0,0
"PHJJKLOP_00903",0,0,0,0,0,0,0,0,0
"PHJJKLOP_00904",0,0,0,0,0,0,0,0,0
"PHJJKLOP_00905",0,0,0,0,0,0,0,0,0
"PHJJKLOP_00906",0,0,0,0,0,0,0,0,0
"PHJJKLOP_00907",0,0,0,0,0,0,0,0,0
"PHJJKLOP_00908",0,19.4650466647312,0,0,0,0,0,0,0
"PHJJKLOP_00909",0,0,0,0,0,0,0,0,0
"PHJJKLOP_00910",0,0,16.6893095499172,27.704065803288,0,0,0,20.5557811044402,31.6680941318263
"PHJJKLOP_00911",0,0,0,0,0,0,0,0,0
"PHJJKLOP_00912",0,0,0,0,0,0,0,0,0
"PHJJKLOP_00913",53.2414301164758,76.8869343256884,0,46.6239156201676,0,127.1750962726,0,62.6461900325795,247.011134228245
"PHJJKLOP_00914",0,0,0,0,0,0,0,0,0
"PHJJKLOP_00915",121.823611283462,0,1.11262063666115,0,0,0,0,0,0
"PHJJKLOP_00916",0,0,0,0,0,0,0,0,0
"PHJJKLOP_00917",0,47.6893643285915,0,0,0,2.42238278614477,0,0,0
"PHJJKLOP_00918",0,0,0,0,0,0,0,0,0
"PHJJKLOP_00919",0,0,0,0,0,0,0,0,0
"PHJJKLOP_00920",0,0,0,0,0,17.5622751995496,0,0,0
"PHJJKLOP_00921",0,10.7057756656022,0,0,0,0,0,56.7731097170252,0
"PHJJKLOP_00922",0,0,0,0,0,0,0,0,0
"PHJJKLOP_00923",0,0,0,0,0,0,0,0,0
"PHJJKLOP_00924",0,0,0,0,0,0,0,0,0
"PHJJKLOP_00925",0,35.0370839965162,0,0,0,18.1678708960858,0,132.144307099972,61.2249819881975
"PHJJKLOP_00926",2005.12640201372,1935.79889080752,2679.19049308005,1752.78894374949,2009.22211441504,1621.78527532392,1248.15475314353,1294.03536286047,1028.15745614663
"PHJJKLOP_00927",0,0,0,0,0,14.5342967168686,0,0,0
"PHJJKLOP_00928",0,31.14407466357,298.182330625188,0,0,0,81.8606431892441,121.376993188123,235.399499713242
"PHJJKLOP_00929",93.8493005442963,36.9835886629893,0,5.40567137625131,4.60478712241798,114.45758664534,109.147524252325,56.7731097170252,69.6698070900179
"PHJJKLOP_00930",0,0,0,0,0,0,0,0,0
"PHJJKLOP_00931",0,0,0,0,0,0,0,0,0
"PHJJKLOP_00932",106.482860232952,158.64013031756,0,116.897643511435,268.612582141049,79.3330362462412,101.225526524334,321.06172391697,100.282298084117
"PHJJKLOP_00933",0,0,0,0,0,0,0,0,0
"PHJJKLOP_00934",0,0,0,0,0,0.605595696536193,0,0,0
"PHJJKLOP_00935",56.8510185989487,0,0,0,0,0,0,0,0
"PHJJKLOP_00936",0,0,0,0,0,0,0,0,0
"PHJJKLOP_00937",0,29.1975699970968,0,0,0,0,0,0,0
"PHJJKLOP_00938",0,61.3148969939034,0,58.786676216733,0,24.8294235579839,0,0,0
"PHJJKLOP_00939",0,0,0,0,0,0,0,0,0
"PHJJKLOP_00940",50.5342387546211,92.4589716574733,84.5591683862474,0,0,0,0,90.0538981718331,0
"PHJJKLOP_00941",0,0,0,0,0,0,0,0,0
"PHJJKLOP_00942",0,0,0,0,0,0,0,0,0
"PHJJKLOP_00943",0,0,0,0,0,0,0,0,0
"PHJJKLOP_00944",69.484578287604,30.1708223303334,97.9106160261812,83.1121974098639,122.794323264479,41.1805073644611,66.0166477332614,87.1173580140559,73.892219640928
"PHJJKLOP_00945",0,0,0,0,0,0.605595696536193,0,0,0
"PHJJKLOP_00946",0,0,0,0,0,0,0,0,0
"PHJJKLOP_00947",0,0,0,0,0,0,0,0,0
"PHJJKLOP_00948",0,0,0,0,0,0,0,0,0
"PHJJKLOP_00949",0,0,0,0,0,0,0,0,0
"PHJJKLOP_00950",17.1455452917464,0,120.163028759404,0,0,20.5902536822306,0,0,0
"PHJJKLOP_00951",51.4366358752393,0,0,0.675708922031414,0,0,0,0,0
"PHJJKLOP_00952",0,0,0,0,0,0,0,0,0
"PHJJKLOP_00953",40.6078704278205,34.0638316632797,28.9281365531899,0,0,73.2770792808793,0,0,0
"PHJJKLOP_00954",0,0,0,0,0,0,0,0,0
"PHJJKLOP_00955",0,0,0,0,0,0,0,0,0
"PHJJKLOP_00956",83.0205350968775,33.0905793300431,0,81.0850706437697,0,83.5722061219946,0,175.213562747371,20.0564596168233
"PHJJKLOP_00957",85.7277264587322,29.1975699970968,30.040757189851,0,29.1636517753139,44.2084858471421,0,33.2807884548079,102.393504359572
"PHJJKLOP_00958",0,11.6790279988387,27.8155159165287,0,0,44.2084858471421,49.2924303075018,12.7250073503677,0
"PHJJKLOP_00959",0,8.75927099912905,0,0,0,0,0,0,135.117201629126
"PHJJKLOP_00960",37.9006790659658,0,0,0,0,0,0,0.978846719259055,82.3370447427484
"PHJJKLOP_00961",0,0,0,0,0,0,0,0,0
"PHJJKLOP_00962",0,0,0,0,0,0,0,0,0
"PHJJKLOP_00963",0,0,0,0,0,0,0,0,0
"PHJJKLOP_00964",0,0,0,0,0,0,0,0,0
"PHJJKLOP_00965",430.443426534897,680.303380932357,0,114.87051674534,842.67604340249,213.775280877276,6.16155378843773,552.069549662107,606.971804193337
"PHJJKLOP_00966",0.902397120618234,0,0,0,0,0,119.710187889647,42.0904089281394,0
"PHJJKLOP_00967",0,0,0,0,0,0,0,0,0
"PHJJKLOP_00968",0,0,0,0,0,0,0,0,0
"PHJJKLOP_00969",0,0,0,0,0,0,0,0,0
"PHJJKLOP_00970",49.6318416340029,106.084504322785,311.533778265122,45.9482066981362,0,48.4476557228954,88.9024189474586,108.651985837755,0
"PHJJKLOP_00971",0,0,0,0,0,0,0,0,0
"PHJJKLOP_00972",0,1.94650466647312,0,0,0,0.605595696536193,0,0,0
"PHJJKLOP_00973",87.5325206999687,32.1173269968065,2.2252412733223,25.0012301151623,0,91.4449501769651,142.595959103845,58.7308031555433,199.508993030506
"PHJJKLOP_00974",0,0,0,0,0,0,0,0,0
"PHJJKLOP_00975",0,34.0638316632797,0,0,42.9780131425678,87.2057803012117,72.1782015216991,0.978846719259055,70.7254102277454
"PHJJKLOP_00976",0,2.91975699970968,0,0,0,25.4350192545201,0,0,0
"PHJJKLOP_00977",47.8270473927664,55.475382994484,0,1.35141784406283,0,5.45036126882573,5.28133181866091,19.5769343851811,148.840042419584
"PHJJKLOP_00978",0,0,0,0,0,0,0,0,0
"PHJJKLOP_00979",0,0,0,0,0,0,0,0,0
"PHJJKLOP_00980",0.902397120618234,25.3045606641506,1.11262063666115,53.3810048404817,1.53492904080599,25.4350192545201,0,0,0
"PHJJKLOP_00981",0,0,0,0,0,0,0,0,0
"PHJJKLOP_00982",0,0,0,0,0,0,0,0,0
"PHJJKLOP_00983",0,0,0,0,0,0,0,0,0
"PHJJKLOP_00984",0,0,0,0,0,0,0,0,0
"PHJJKLOP_00985",3.60958848247293,8.75927099912905,150.203785949255,0,0,13.9287010203324,0,12.7250073503677,65.4473945391077
"PHJJKLOP_00986",2.7071913618547,62.2881493271399,0,45.9482066981362,1.53492904080599,0.605595696536193,1.76044393955364,78.3077375407244,2.11120627545509
"PHJJKLOP_00987",1672.14186450559,971.305828570088,255.902746432064,734.495598248147,598.622325914337,893.253652390884,1111.72034782812,757.627360706509,700.920483451089
"PHJJKLOP_00988",0,0,0,0,0,0,0,0,0
"PHJJKLOP_00989",34.2910905834929,18.4917943314947,0,0,0,0,0,82.2231244177606,65.4473945391077
"PHJJKLOP_00990",101.068477509242,43.7963549956453,10.0135857299503,109.464845369089,0,0,0,14.6827007888858,66.5029976768352
"PHJJKLOP_00991",0.902397120618234,44.7696073288818,0,41.8939531659477,0,22.4070407718391,0,69.4981170673929,51.7245537486496
"PHJJKLOP_00992",66.7773869257493,70.0741679930324,0,62.8409297489215,66.0019487546577,18.773466592622,0.880221969776818,1.95769343851811,67.5586008145628
"PHJJKLOP_00993",0,0,0,0,0,0,0,0,0
"PHJJKLOP_00994",0,0,0,0,0,0,0,0,0
"PHJJKLOP_00995",0,0,0,0,0,0,0,0,0
"PHJJKLOP_00996",0,0,0,0,0,0,0,0,0
"PHJJKLOP_00997",0,0,0,0,0,0,0,0,0
"PHJJKLOP_00998",0,0,0,0,0,0,0,0,0
"PHJJKLOP_00999",0,0,0,0,0,0,0,0,0
"PHJJKLOP_01000",71.2893725288405,30.1708223303334,38.9417222831402,95.2749580064294,0,30.2797848268096,0,21.5346278236992,14.7784439281856
"PHJJKLOP_01001",0,0,0,0,0,0,0,0,0
"PHJJKLOP_01002",0,0,0,0,0,0,0,0,0
"PHJJKLOP_01003",0,0,0,0,0,0,0,0,0
"PHJJKLOP_01004",0,58.3951399941937,0,0,0,0,0,0,76.0034259163831
"PHJJKLOP_01005",0,0,0,0,0,0,0,0,0
"PHJJKLOP_01006",0,26.2778129973872,0,0,0,0,0,38.1750220511031,34.8349035450089
"PHJJKLOP_01007",0,0,0,0,19.9540775304779,22.4070407718391,0,0,0
"PHJJKLOP_01008",790.499877661573,901.231660577056,1691.18336772495,900.719993067875,653.879771383353,724.898048753823,728.823790975205,813.421623704275,825.481653702939
"PHJJKLOP_01009",0,0,178.019301865784,0,0,71.4602921912707,98.5848606150036,32.3019417355488,0
"PHJJKLOP_01010",0,0,0,0,0,22.4070407718391,0,0,0
"PHJJKLOP_01011",0,0,0,0,0,0.605595696536193,0,0,0
"PHJJKLOP_01012",0,0,0,0,0,0,0,0,0
"PHJJKLOP_01013",0,0,0,0,0,49.0532514194316,0,0,133.00599535367
"PHJJKLOP_01014",0,0,0,0,0,0,0,0,0
"PHJJKLOP_01015",0,0,0,0,0,1.21119139307239,0,0,0
"PHJJKLOP_01016",0,0,0,0,0,0,0,0,0
"PHJJKLOP_01017",0,9.73252333236561,10.0135857299503,39.8668263998534,0,50.8700385090402,81.8606431892441,28.3865548585126,0
"PHJJKLOP_01018",0,0,0,0,0,0,0,0,0
"PHJJKLOP_01019",0,0,0,0,0,0,0,0,0
"PHJJKLOP_01020",0,0,0,0,0,0,0,0,0
"PHJJKLOP_01021",18.9503395329829,21.4115513312044,0,3.37854461015707,0,10.2951268411153,15.8439954559827,0.978846719259055,2.11120627545509
"PHJJKLOP_01022",54.143827237094,7.78601866589249,0,129.060404108,0,52.6868255986488,0.880221969776818,111.588525995532,0
"PHJJKLOP_01023",0,0,0,0,1.53492904080599,0,0,0,0
"PHJJKLOP_01024",0,0,0,0,0,0,0,0,0
"PHJJKLOP_01025",0,0,0,21.6226855050053,0,0,0,0,55.9469662995598
"PHJJKLOP_01026",0,0,0,0,0,0,0,0,0
"PHJJKLOP_01027",6.31677984432764,18.4917943314947,0,0,0,18.773466592622,56.3342060657164,47.9634892436937,0
"PHJJKLOP_01028",0,0,0,0,0,0,0,0,0
"PHJJKLOP_01029",0,0.973252333236561,0,0,0,49.6588471159678,0,0,0
"PHJJKLOP_01030",0,0,0,0,0,0,0,49.9211826822118,0
"PHJJKLOP_01031",0,0,72.3203413829747,87.1664509420524,0,21.1958493787667,0,0,0
"PHJJKLOP_01032",0,0,0,0,0,0,0,0,0
"PHJJKLOP_01033",0,0,0,0,0,0,0,0,0
"PHJJKLOP_01034",0,2.91975699970968,0,12.1627605965655,0,30.8853805233458,0,3.91538687703622,0
"PHJJKLOP_01035",0,0,0,0,0,0,0,0,0
"PHJJKLOP_01036",38.8030761865841,42.8231026624087,0,44.5967888540733,193.401059141555,16.3510838064772,0,125.292380065159,0
"PHJJKLOP_01037",0,0,0,0,0,0,0,0,0
"PHJJKLOP_01038",0,0,0,0,0,0,0,0,0
"PHJJKLOP_01039",0,0,0,0,0,0,0,0,0
"PHJJKLOP_01040",0,21.4115513312044,0,77.0308171115812,0,25.4350192545201,0,13.7038540696268,14.7784439281856
"PHJJKLOP_01041",0,0,0,0,0,0,0,0,0
"PHJJKLOP_01042",0,0,0,0,0,0,0,0,0
"PHJJKLOP_01043",0,0,0,0,0,0,0,0,0
"PHJJKLOP_01044",0,0,0,0,0,0,0,0,0
"PHJJKLOP_01045",0,0,0,0,0,0,0,0,0
"PHJJKLOP_01046",31.5838992216382,0,85.6717890229085,89.1935777081467,0,29.6741891302734,0,0.978846719259055,0
"PHJJKLOP_01047",0,0,0,1.35141784406283,0,0,0,28.3865548585126,0
"PHJJKLOP_01048",3.60958848247293,28.2243176638603,0,0,0,0,89.7826409172355,0,0
"PHJJKLOP_01049",3.60958848247293,31.14407466357,0,89.8692866301781,15.3492904080599,26.0406149510563,0.880221969776818,94.9481317681283,74.9478227786556
"PHJJKLOP_01050",0,10.7057756656022,0,0,0,23.0126364683753,0,0,0
"PHJJKLOP_01051",0,0,0,0,0,0,0,0,0
"PHJJKLOP_01052",0,0,0,0,0,0,0,0,0
"PHJJKLOP_01053",0,0,0,0,0,30.2797848268096,7.92199772799136,0,0
"PHJJKLOP_01054",0,0,0,0,0,0,0,0,0
"PHJJKLOP_01055",0,57.4218876609571,0,4.7299624542199,0,0,0,0,54.8913631618323
"PHJJKLOP_01056",0,28.2243176638603,0,2.02712676609424,0,3.63357417921716,0,9.78846719259055,0
"PHJJKLOP_01057",0,0,0,0,0,0,0,35.238481893326,0
"PHJJKLOP_01058",0,0,0,0,0,0,0,0,0
"PHJJKLOP_01059",16.2431481711282,20.4382989979678,5.56310318330575,0,0,3.63357417921716,0,16.6403942274039,6.33361882636526
"PHJJKLOP_01060",0,0,0,0,0,0,0,0,0
"PHJJKLOP_01061",1.80479424123647,0,0,0,0,0,0,0,0
"PHJJKLOP_01062",63.1677984432764,54.5021306612474,86.7844096595697,0,0,44.8140815436783,92.4233068265659,0,173.118914587317
"PHJJKLOP_01063",0,0,0,0,0,0,0,0,0
"PHJJKLOP_01064",0,0,0,0,0,0,0,0,0
"PHJJKLOP_01065",0,24.331308330914,0,0,0,0,110.907968191879,0,0
"PHJJKLOP_01066",0,0,0,0,0,0,0,0,0
"PHJJKLOP_01067",0,0,0,0,0,0,0,0,0
"PHJJKLOP_01068",0,0,0,0,0,0,0,0,0
"PHJJKLOP_01069",0,15.572037331785,0,0,0,0,0,0,0
"PHJJKLOP_01070",0,0,4.4504825466446,65.5437654370472,19.9540775304779,20.5902536822306,95.0639727358964,0,159.396073796859
"PHJJKLOP_01071",0,0,0,0,0,0,0,0,0
"PHJJKLOP_01072",11.731162568037,0,0,0,0,77.5162491566327,0,0,1.05560313772754
"PHJJKLOP_01073",0,0,0,106.762009680963,0,27.8574020406649,0,0,0
"PHJJKLOP_01074",0,0,0,0,0,0,0,0,0
"PHJJKLOP_01075",0,0,0,52.0295869964189,0,56.3203997778659,0,81.2442776985016,44.3353317845568
"PHJJKLOP_01076",0,0,0,0,0,0,0,0,0
"PHJJKLOP_01077",0,0,0,0,0,0,0,0,0
"PHJJKLOP_01078",0,19.4650466647312,0,20.9469765829738,1.53492904080599,32.7021676129544,0,29.3654015777716,1.05560313772754
"PHJJKLOP_01079",0,0,0,0,0,0,0,0,0
"PHJJKLOP_01080",53.2414301164758,0,0,0,0,0,0,204.578964325142,5.27801568863772
"PHJJKLOP_01081",21.6575308948376,9.73252333236561,0,0,0,9.08393544804289,0,0,28.5012847186437
"PHJJKLOP_01082",0,15.572037331785,2.2252412733223,0,85.9560262851356,0,0,46.0057958051756,0
"PHJJKLOP_01083",0,0,0,0,0,0,0,0,0
"PHJJKLOP_01084",0,0,0,0,0,0,0,0,0
"PHJJKLOP_01085",123.628405524698,53.5288783280109,0,38.5154085557906,0,196.213005677726,0,52.857722839989,0
"PHJJKLOP_01086",0,0,0,0,0,0,0,0,0
"PHJJKLOP_01087",22.5599280154558,0,0,29.7311925693822,0,46.0252729367506,0,131.165460380713,59.1137757127424
"PHJJKLOP_01088",0,0,0,0,0,0,0,0,0
"PHJJKLOP_01089",0,0,0,0,0,0,0,0,0
"PHJJKLOP_01090",0,0,0,0,0,0,0,0,0
"PHJJKLOP_01091",0,0,0,0,0,0,0,0,0
"PHJJKLOP_01092",0,0,0,0,0,0,0,0,0
"PHJJKLOP_01093",0,0,0,0,0,0,0,0,0
"PHJJKLOP_01094",0,0,0,0,0,0,0,0,0
"PHJJKLOP_01095",58.6558128401852,60.3416446606668,1.11262063666115,19.595558738911,0,75.0938663704879,57.2144280354932,48.9423359629527,13.7228407904581
"PHJJKLOP_01096",0,0,0,0,0,0,0,0,0
"PHJJKLOP_01097",0,0,0,0,0,0,0,0,0
"PHJJKLOP_01098",2.7071913618547,0,0,0,0,0,0,0,0
"PHJJKLOP_01099",0,0,0,0,0,0,0,0,0
"PHJJKLOP_01100",0,0,0,0,0,0,0,0,0
"PHJJKLOP_01101",0,0.973252333236561,0,45.2724977761047,0,0,0,0,0
"PHJJKLOP_01102",222.892088792704,209.249251645861,488.440459494245,84.4636152539268,150.423045998987,25.4350192545201,91.5430848567891,71.455810505911,457.076158636026
"PHJJKLOP_01103",0,140.148335986065,180.244543139106,50.6781691523561,259.403007896213,52.0812299021126,123.231075768755,36.217328612585,127.727979665033
"PHJJKLOP_01104",0,0,0,0,0,0,0,0,0
"PHJJKLOP_01105",0,0,0,0,0,60.5595696536193,0,35.238481893326,121.394360838667
"PHJJKLOP_01106",6.31677984432764,0,0,0,0,0,0,0,65.4473945391077
"PHJJKLOP_01107",0,0,0,0,0,0,0,0,0
"PHJJKLOP_01108",0,0,0,0,0,0,0,0,0
"PHJJKLOP_01109",51.4366358752393,55.475382994484,0,78.382234955644,0,70.2491007981984,0,0,0
"PHJJKLOP_01110",0,0,0,0,0,0,0,0,2.11120627545509
"PHJJKLOP_01111",246.354413928778,215.08876564528,272.592055981982,50.0024602303246,0,114.45758664534,60.7353159146005,84.1808178562787,191.064167928685
"PHJJKLOP_01112",0,0,0,0,0,0,0,0,0
"PHJJKLOP_01113",0,0,0,0,0,0,0,0,0
"PHJJKLOP_01114",0,0,0,0,0,0,0,0,0
"PHJJKLOP_01115",0,4.86626166618281,0,0,0,0,0.880221969776818,0,0
"PHJJKLOP_01116",0,0,0,72.9765635793927,237.914001324929,1.21119139307239,157.55973259005,1.95769343851811,177.341327138227
"PHJJKLOP_01117",2.7071913618547,14.5987849985484,0,23.6498122710995,0,0,0,0,0
"PHJJKLOP_01118",0,0,0,0,0,0,0,0,0
"PHJJKLOP_01119",0,16.5452896650215,0,0,0,56.9259954744021,0,54.8154162785071,0
"PHJJKLOP_01120",0,0,0,0,0,0,0,0,0
"PHJJKLOP_01121",0,0,0,0,0,0,0,0,0
"PHJJKLOP_01122",0,0,0,0,0,0,0,0,0
"PHJJKLOP_01123",2.7071913618547,27.2510653306237,0,33.7854461015707,0,106.58484259037,0,210.452044640697,0
"PHJJKLOP_01124",0,0,0,0,0,0,0,0,0
"PHJJKLOP_01125",0,0,0,0,0,0,0,0,0
"PHJJKLOP_01126",0,0,0,0,0,0,0,0,0
"PHJJKLOP_01127",0,0,0,0,0,0,0,0,0
"PHJJKLOP_01128",0,0,0,0,0,0,0,0,0
"PHJJKLOP_01129",0,0,0,0,0,0,0,0,0
"PHJJKLOP_01130",0,0,0,0,0,0,0,0,0
"PHJJKLOP_01131",0,0,0,0,0,0,0,33.2807884548079,0
"PHJJKLOP_01132",0,6.81276633265593,0,19.595558738911,12.2794323264479,9.08393544804289,0,14.6827007888858,2.11120627545509
"PHJJKLOP_01133",0,0,0,0,0,0,0,0,0
"PHJJKLOP_01134",96.556491906151,0,0,0,0,0,0,0,0
"PHJJKLOP_01135",0,0,0,0,0,0,68.6573136425918,0,0
"PHJJKLOP_01136",3.60958848247293,0,26.7028952798676,38.5154085557906,0,28.4629977372011,0,0,0
"PHJJKLOP_01137",120.921214162843,38.9300933294625,0,0.675708922031414,0,23.0126364683753,4.40110984888409,9.78846719259055,5.27801568863772
"PHJJKLOP_01138",0,0,0,0,0,0,0,0,0
"PHJJKLOP_01139",0,0,0,0,0,0,0,0,0
"PHJJKLOP_01140",0,0,0,0,0,0,0,25.4500147007354,0
"PHJJKLOP_01141",0,0,0,0,0,0,0,0,0
"PHJJKLOP_01142",0,0,0,0,0,0,0,0,0
"PHJJKLOP_01143",0,0,0,0,0,0,0,0,0
"PHJJKLOP_01144",0,0,0,0,0,0,0,0,0
"PHJJKLOP_01145",0,0,0,0,0,0,0,0,0
"PHJJKLOP_01146",0,0,0,0,0,0,0,0,0
"PHJJKLOP_01147",0,0,0,0,0,0,0,0,0
"PHJJKLOP_01148",0,0,0,0,0,0,0,0,0
"PHJJKLOP_01149",0,0,0,0,0,0,0,0,0
"PHJJKLOP_01150",0,0,0,0,0,0,0,0,0
"PHJJKLOP_01151",0,1.94650466647312,0,0,0,0.605595696536193,0,0,0
"PHJJKLOP_01152",0,0,0,0,0,0,0,0,0
"PHJJKLOP_01153",0,0,0,0,0,0,0,0,0
"PHJJKLOP_01154",499.928004822501,569.352614943389,720.978172556425,451.373559916985,905.608134075535,291.291530033909,346.807456092066,495.296439945082,334.626194659631
"PHJJKLOP_01155",0,0,0,0,0,0,0,0,0
"PHJJKLOP_01156",0,0,0,0,0,0,0,0,0
"PHJJKLOP_01157",0,6.81276633265593,0,8.78421598640838,0,33.3077633094906,0,43.0692556473984,0
"PHJJKLOP_01158",709.284136805932,1182.50158488242,895.659612512226,375.018451727435,477.362931690664,351.245503990992,1002.5728235758,1028.76790194127,842.37130390658
"PHJJKLOP_01159",32.4862963422564,0,0,42.5696620879791,0,0,0,55.7942629977661,49.6133474731945
"PHJJKLOP_01160",0,0,0,0,0,0,0,0,0
"PHJJKLOP_01161",0,0,0,0,0,0,0,0,0
"PHJJKLOP_01162",140.773950816444,8.75927099912905,0,0,0,0,0,55.7942629977661,0
"PHJJKLOP_01163",0.902397120618234,22.3848036644409,53.4057905597352,0,0,50.8700385090402,0.880221969776818,0,58.0581725750149
"PHJJKLOP_01164",0,10.7057756656022,0,84.4636152539268,264.007795018631,99.9232899284718,0,0,0
"PHJJKLOP_01165",0,0,0,0,0,0,0,0,0
"PHJJKLOP_01166",0,0,0,0,0,0,0,0,0
"PHJJKLOP_01167",0,0,0,0,0,0,0,0,0
"PHJJKLOP_01168",0,0,7.78834445662805,0,0,46.6308686332868,0,31.3230950162898,2.11120627545509
"PHJJKLOP_01169",0,0,0,0,0,0,0,0,0
"PHJJKLOP_01170",67.6797840463675,170.319158316398,343.799776728295,262.175061748189,162.702478325435,87.2057803012117,69.5375356123686,296.590555935494,461.298571186936
"PHJJKLOP_01171",160.626687470046,17.5185419982581,51.1805492864129,0,0,0,0,0,0
"PHJJKLOP_01172",0,0,0,0,0,0,0,0,0
"PHJJKLOP_01173",0,0,0,0,0,15.745488109941,0,0,15.8340470659132
"PHJJKLOP_01174",0,0,0,0,0,0,0,0,0
"PHJJKLOP_01175",0,54.5021306612474,0,0,0,0,0,80.2654309792425,0
"PHJJKLOP_01176",0,0,0,0,0,0,0,0,0
"PHJJKLOP_01177",0,0,0,1.35141784406283,0,32.7021676129544,112.668412131433,99.8423653644236,0
"PHJJKLOP_01178",0,0,0,0,0,0,0,0,0
"PHJJKLOP_01179",640.701955638946,126.522803320753,0,46.6239156201676,285.496801589915,285.841168765083,0,181.086643062925,148.840042419584
"PHJJKLOP_01180",0,0,0,0,0,0,0,0,0
"PHJJKLOP_01181",0,0,0,0,0,0,0,0,0
"PHJJKLOP_01182",0,0,0,0,0,0,0,0,0
"PHJJKLOP_01183",0,0,0,0,0,0,0,0,0
"PHJJKLOP_01184",36.9982819453476,20.4382989979678,0,0,0,25.4350192545201,0,60.6884965940614,89.7262667068412
"PHJJKLOP_01185",80.3133437350228,36.0103363297528,0,0,0,67.2211223155174,0,0,19.0008564790958
"PHJJKLOP_01186",0,0,0,0,0,0,0,0,0
"PHJJKLOP_01187",0,0,0,0,0,0,0,0,0
"PHJJKLOP_01188",46.0222531515299,24.331308330914,0,0,141.213471754151,0.605595696536193,75.6990894008064,8.8096204733315,1.05560313772754
"PHJJKLOP_01189",11.731162568037,2.91975699970968,0,2.70283568812566,0,3.63357417921716,15.8439954559827,10.7673139118496,1.05560313772754
"PHJJKLOP_01190",0,41.8498503291721,0,0,0,0,0,0,0
"PHJJKLOP_01191",0,0,0,0,0,0,0,0,0
"PHJJKLOP_01192",173.260247158701,0.973252333236561,0,0,0,28.4629977372011,9.682441667545,0,0
"PHJJKLOP_01193",0,0,0,0,0,0,0,0,0
"PHJJKLOP_01194",286.962284356598,97.3252333236561,132.401855762677,3.37854461015707,0,154.426902616729,180.445503804248,0.978846719259055,24.2788721677335
"PHJJKLOP_01195",184.991409726738,180.051681648764,471.751149944327,18.2441408948482,0,87.8113759977479,25.5264371235277,30.3442482970307,115.060742012302
"PHJJKLOP_01196",0.902397120618234,0,0,0,0,0,0,0,0
"PHJJKLOP_01197",0,0,0,0,0,0,0,0,0
"PHJJKLOP_01198",104.678065991715,0,0,0,0,0,0,0,0
"PHJJKLOP_01199",0,35.0370839965162,0,78.382234955644,0,52.0812299021126,161.080620469158,85.1596645755378,0
"PHJJKLOP_01200",0,0,0,0,0,0,0,12.7250073503677,29.5568878563712
"PHJJKLOP_01201",0,0,0,0,0,0,0,0,0
"PHJJKLOP_01202",162.431481711282,160.586634984033,186.920266959073,87.8421598640838,56.7923745098217,41.1805073644611,136.434405315407,144.86931445034,89.7262667068412
"PHJJKLOP_01203",0,0,0,0,0,0,0.880221969776818,0,0
"PHJJKLOP_01204",0,0,0,0,0,0,0,0,0
"PHJJKLOP_01205",0,0,0,68.9223100472042,0,19.3790622891582,0,20.5557811044402,0
"PHJJKLOP_01206",0,0,0,0,0,0,0,0,0
"PHJJKLOP_01207",65.8749898051311,23.3580559976775,0,0,0,65.4043352259088,0,117.461606311087,63.3361882636526
"PHJJKLOP_01208",0,0,0,0,12.2794323264479,12.71750962726,0,13.7038540696268,0
"PHJJKLOP_01209",0,0,0,0,0,0,0,0,0
"PHJJKLOP_01210",0,0,0,0,0,32.7021676129544,0,0,0
"PHJJKLOP_01211",0,0,0,0,0,32.0965719164182,0,0,0
"PHJJKLOP_01212",0,0,0,0,0,0,0,0,0
"PHJJKLOP_01213",0,0,0,0,0,0,0,0,0
"PHJJKLOP_01214",13.5359568092735,60.3416446606668,40.0543429198014,112.167681057215,87.4909553259416,240.421491524869,47.5319863679482,74.3923506636882,0
"PHJJKLOP_01215",0,0,0,0,0,0,0,0,0
"PHJJKLOP_01216",0,247.206092642087,34.4912397364956,208.118347985676,7.67464520402996,25.4350192545201,233.258821990857,89.075051452574,248.066737365973
"PHJJKLOP_01217",0,0,0,0,0,0,0,0,0
"PHJJKLOP_01218",0,0,0,0,0,0,0,0,0
"PHJJKLOP_01219",0,0,0,0,0,32.0965719164182,0,0,0
"PHJJKLOP_01220",0,31.14407466357,0,46.6239156201676,245.588646528959,0,0,0,63.3361882636526
"PHJJKLOP_01221",105.580463112333,271.537400973001,139.077579582644,57.4352583726702,41.4430841017618,81.755419032386,143.476181073621,125.292380065159,71.781013365473
"PHJJKLOP_01222",0,0,0,0,0,0,0,0,0
"PHJJKLOP_01223",0,0,0,0,0,0,0,0,0
"PHJJKLOP_01224",0,0,0,0,0,0,0,0,0
"PHJJKLOP_01225",0,0,0,0,0,0,0,0,0
"PHJJKLOP_01226",0,0,0,0,0,0,0,0,0
"PHJJKLOP_01227",0,0,0,0,0,0,0,0,0
"PHJJKLOP_01228",56.8510185989487,123.603046321043,41.1669635564625,168.251521585822,0,161.694050975163,0,202.621270886624,383.183938995098
"PHJJKLOP_01229",0,0,0,0,0,0,0,0,0
"PHJJKLOP_01230",0,0,0,0,0,0,0,0,0
"PHJJKLOP_01231",0,0,0,0,4.60478712241798,27.2518063441287,0,0,0
"PHJJKLOP_01232",50.5342387546211,31.14407466357,0,0,0,22.4070407718391,4.40110984888409,31.3230950162898,105.560313772754
"PHJJKLOP_01233",0,0,0,0,0,0,0,0,0
"PHJJKLOP_01234",0,0,0,0,0,0,0,0,0
"PHJJKLOP_01235",5.4143827237094,27.2510653306237,0,0,0,20.5902536822306,0,0,0
"PHJJKLOP_01236",18.0479424123647,0,0,0,0,23.0126364683753,0,0,0
"PHJJKLOP_01237",0,0,0,0,0,0,0,0,0
"PHJJKLOP_01238",46.0222531515299,206.329494646151,58.9688937430409,10.8113427525026,6.13971616322397,166.538816547453,349.448122001397,86.1385112947968,107.671520048209
"PHJJKLOP_01239",0,0,0,0,0,0,0,0,0
"PHJJKLOP_01240",0,0,0,0,0,0,0,0,0
"PHJJKLOP_01241",147.99312778139,168.372653649925,165.780474862511,33.7854461015707,122.794323264479,26.6462106475925,302.796357603225,117.461606311087,38.0017129581916
"PHJJKLOP_01242",0,0,0,0,0,0,0,0,0
"PHJJKLOP_01243",0,0,0,0,0,0,0,0,0
"PHJJKLOP_01244",0,0,0,0,0,0,0,0,0
"PHJJKLOP_01245",0,0,0,0,0,0,0,0,0
"PHJJKLOP_01246",0,0,0,0,0,0,0,0,0
"PHJJKLOP_01247",0,0,0,0,0,0,0,0,0
"PHJJKLOP_01248",18.0479424123647,6.81276633265593,0,10.8113427525026,0,23.0126364683753,0,62.6461900325795,12.6672376527305
"PHJJKLOP_01249",0,0,0,0,0,0,0,0,0
"PHJJKLOP_01250",0,0,0,0,0,0,0,0,0
"PHJJKLOP_01251",0,0,0,0,0,0,0,0,0
"PHJJKLOP_01252",0,0,0,0,0,0,0,0,0
"PHJJKLOP_01253",59.5582099608034,23.3580559976775,38.9417222831402,81.0850706437697,26.0937936937019,165.933220850917,103.866192433665,93.9692850488693,191.064167928685
"PHJJKLOP_01254",0,0,0,0,0,0,0,0,0
"PHJJKLOP_01255",0,0,0,0,0,0,0,0,0
"PHJJKLOP_01256",74.8989610113134,43.7963549956453,0,91.2207044742409,105.910103815613,150.187732740976,16.7242174257595,94.9481317681283,3.16680941318263
"PHJJKLOP_01257",0,0,0,0,0,0,0,0,0
"PHJJKLOP_01258",9.92636832680057,0,0,0,0,44.8140815436783,0,0,0
"PHJJKLOP_01259",0,3.89300933294625,0,0,0,27.2518063441287,0,0,84.4482510182035
"PHJJKLOP_01260",0,0,0,0,0,0,0,0,0
"PHJJKLOP_01261",0,8.75927099912905,0,0,0,44.8140815436783,0,28.3865548585126,68.6142039522903
"PHJJKLOP_01262",0,0,0,0,0,0,0,0,0
"PHJJKLOP_01263",0,0,0,0,0,0,0,0,0
"PHJJKLOP_01264",0,0,0,0,0,0,0,0,0
"PHJJKLOP_01265",0,0,0,0,0,0,0,40.1327154896213,0
"PHJJKLOP_01266",0,19.4650466647312,0,0,0,19.9846579856944,0,0,0
"PHJJKLOP_01267",0,0,0,0,0,0,0,0,0
"PHJJKLOP_01268",0,0,0,0,0,0,0,0,0
"PHJJKLOP_01269",0,0,0,14.8655962846911,0,0.605595696536193,0,0,0
"PHJJKLOP_01270",0,0,0,0,0,0,0,0,0
"PHJJKLOP_01271",218.380103189613,277.37691497242,194.708611415701,330.421662873361,64.4670197138517,356.090269563281,243.821485628179,255.478993726613,301.902497390077
"PHJJKLOP_01272",0,0,0,0,0,0,0,0,0
"PHJJKLOP_01273",0,0,0,0,0,0,0,0,0
"PHJJKLOP_01274",0,0,0,0,0,0,0,43.0692556473984,43.2797286468293
"PHJJKLOP_01275",0,0,0,0,0,0,0,0,0
"PHJJKLOP_01276",0,0,0,0,0,0,0,0,0
"PHJJKLOP_01277",132.65237673088,0,6.6757238199669,23.6498122710995,176.516839692689,93.8673329631099,0,70.476963786652,44.3353317845568
"PHJJKLOP_01278",0,0,0,0,0,0,0,0,1.05560313772754
"PHJJKLOP_01279",0,0,0,0,0,0,0,0,0
"PHJJKLOP_01280",0,0,0,0,0,0,0,0,0
"PHJJKLOP_01281",65.8749898051311,92.4589716574733,248.114401975436,44.5967888540733,144.283329835763,225.887194808,133.793739406076,0,91.8374729822963
"PHJJKLOP_01282",0,0,43.3922048297848,0,0,0,0,0,0
"PHJJKLOP_01283",0,0,0,0,0,0,0,0,0
"PHJJKLOP_01284",67.6797840463675,45.7428596621184,0,0,0,0,0,0,0
"PHJJKLOP_01285",0,0,0,0,0,0,0,0,0
"PHJJKLOP_01286",572.11977447196,1286.63958453873,724.316034466408,357.450019754618,0,95.0785243561823,66.8968697030382,122.355839907382,57.0025694372873
"PHJJKLOP_01287",0,0,0,0,0,0,0,0,0
"PHJJKLOP_01288",0,0,0,0,0,0,0,0,0
"PHJJKLOP_01289",0,0,0,0,0,0,0,0,0
"PHJJKLOP_01290",0,0,0,0,0,0,0,0,0
"PHJJKLOP_01291",0,0,0,0,0,0,0,0,0
"PHJJKLOP_01292",0,0,0,0,0,0,0,0,0
"PHJJKLOP_01293",58.6558128401852,0.973252333236561,0,0,33.7684388977318,12.71750962726,0,14.6827007888858,42.2241255091017
"PHJJKLOP_01294",0,0,0,0,0,0,0,0,0
"PHJJKLOP_01295",0,0,0,0,0,0,0,0,0
"PHJJKLOP_01296",0,0,0,0,0,0,0,0,0
"PHJJKLOP_01297",0,0,0,0,0,0,0,0,0
"PHJJKLOP_01298",86.6301235793504,66.1811586600862,0,41.2182442439163,64.4670197138517,46.6308686332868,58.9748719750468,45.0269490859165,71.781013365473
"PHJJKLOP_01299",0,10.7057756656022,0,16.2170141287539,12.2794323264479,24.2238278614477,0,11.7461606311087,0
"PHJJKLOP_01300",0,0,0,0,0,1.81678708960858,0,0,0
"PHJJKLOP_01301",0,0,61.1941350163632,0,0,0,0,3.91538687703622,3.16680941318263
"PHJJKLOP_01302",0,21.4115513312044,0,49.3267513082932,0,0,0,0,62.2805851259251
"PHJJKLOP_01303",0,0,0,0,0,0,0,0,0
"PHJJKLOP_01304",0,0,0,0,0,0,0,0,0
"PHJJKLOP_01305",0,0,0,0,0,0,0,0,0
"PHJJKLOP_01306",0,0,0,0,0,0,0,0,0
"PHJJKLOP_01307",0,0,0,0,0,0,0,0,0
"PHJJKLOP_01308",0,10.7057756656022,0,0,99.7703876523895,3.63357417921716,0,7.83077375407244,0
"PHJJKLOP_01309",0,12.6522803320753,11.1262063666115,0,0,24.8294235579839,0,0,0
"PHJJKLOP_01310",53.2414301164758,0,269.254194071998,70.9494368132985,0,61.1651653501555,65.1364257634845,98.8635186451646,117.171948287757
"PHJJKLOP_01311",0,18.4917943314947,0,52.0295869964189,1.53492904080599,0,0,0,0
"PHJJKLOP_01312",0,0,0,0,0,0,0,0,0
"PHJJKLOP_01314",0,0,0,0,0,0,0,21.5346278236992,150.951248695039
"PHJJKLOP_01315",0,0,0,0,0,0,0,0,0
"PHJJKLOP_01316",0,0,0,0,0,0,0,0,0
"PHJJKLOP_01317",0,0,28.9281365531899,1.35141784406283,0,0,0,0,0
"PHJJKLOP_01318",0,0,0,0,0,0,0,0,0
"PHJJKLOP_01319",0,0,0,0,0,0,0,0,0
"PHJJKLOP_01320",40.6078704278205,0,12.2388270032726,0,0,50.8700385090402,721.782015216991,643.102294553199,563.692075546508
"PHJJKLOP_01321",0,0,0,0,0,0,0,0,0
"PHJJKLOP_01322",0,0,0,0,0,0,32.5682128817423,103.75775224146,62.2805851259251
"PHJJKLOP_01323",0,0,0,0,0,0,0,0,0
"PHJJKLOP_01324",137.164362333972,72.0206726595055,0,86.490742020021,119.724465182867,0,2367.79709869964,1641.52594819744,2256.87950846149
"PHJJKLOP_01325",0,0,0,0,0,0,0,0,0
"PHJJKLOP_01326",0,0,0,0,0,0.605595696536193,0,0.978846719259055,12.6672376527305
"PHJJKLOP_01327",0,0,0,0,0,0,0,0,0
"PHJJKLOP_01328",0,0,0,0,0,0,0,0,0
"PHJJKLOP_01329",0,0,0,0,0,0,0,0,0
"PHJJKLOP_01330",0,0,0,0,0,0,0,0,0
"PHJJKLOP_01331",0,0,0,0,0,0,0,0,0
"PHJJKLOP_01332",0,0,0,0,0,0,0,0,0
"PHJJKLOP_01333",0,0,41.1669635564625,21.6226855050053,0,0,0,4.89423359629528,0
"PHJJKLOP_01334",0,0,0,0,0,0,0,0,0
"PHJJKLOP_01335",0,0,0,0,0,0,0,0,0
"PHJJKLOP_01336",0,26.2778129973872,0,35.8125728676649,0,54.5036126882573,0,0,0
"PHJJKLOP_01337",0,0,0,0,0,0,0,0,0
"PHJJKLOP_01338",0,0,0,0,0,0,0,0,0
"PHJJKLOP_01339",0,0,0,0,0,0,0,0,0
"PHJJKLOP_01340",0,0,0,0,0,0,0,0,0
"PHJJKLOP_01341",0,0,0,0,4.60478712241798,0,0,0,0
"PHJJKLOP_01342",0,0,0,0,0,0,0,0,0
"PHJJKLOP_01343",0,0,0,0,0,0,0,0,0
"PHJJKLOP_01344",0,0,0,0,0,1.81678708960858,0,0,0
"PHJJKLOP_01345",0,0,0,29.7311925693822,0,0,0,0,0
"PHJJKLOP_01346",0,0,0,0,0,0,0,0,0
"PHJJKLOP_01347",0,0,0,0,0,0,0,0,0
"PHJJKLOP_01348",0,0,0,0,0,0,0,0,0
"PHJJKLOP_01349",0,4.86626166618281,0,0,0,0,0,0,0
"PHJJKLOP_01350",138.06675945459,99.2717379901293,0,162.845850209571,607.831900159173,231.943151773362,0,41.1115622088803,0
"PHJJKLOP_01351",0,0,0,4.7299624542199,36.8382969793438,15.745488109941,0,0,2.11120627545509
"PHJJKLOP_01352",0,0,0,0,0,0,0,0,0
"PHJJKLOP_01353",0,0,0,0,0,0,0,0,0
"PHJJKLOP_01354",0,0,0,0,0,0,0,0,0
"PHJJKLOP_01355",0,0,0,0,0,0,0,0,0
"PHJJKLOP_01356",0,0,0,0,0,0,0,0,0
"PHJJKLOP_01357",0,0,0,0,0,0,0,0,0
"PHJJKLOP_01358",0,36.9835886629893,0,0,0,0,0,0,0
"PHJJKLOP_01359",0,0,0,0,0,0,0,0,0
"PHJJKLOP_01360",0,0,0,0,0,0,0,0.978846719259055,0
"PHJJKLOP_01361",0,36.0103363297528,206.947438418974,40.5425353218848,0,53.8980169917211,17.6044393955364,49.9211826822118,35.8905066827365
"PHJJKLOP_01362",0,0,0,0,0,0,0,0,0
"PHJJKLOP_01363",0,0,0,0,0,0,0,0,0
"PHJJKLOP_01364",0,0,0,0,0,0,0,0,0
"PHJJKLOP_01365",0,0,0,0,0,0,0,0,0
"PHJJKLOP_01366",0,0,0,0,0,0,0,0,0
"PHJJKLOP_01367",0,0,0,0,0,0,0,0,0
"PHJJKLOP_01368",0,26.2778129973872,0,0,0,0,0,0,0
"PHJJKLOP_01369",0,0,0,0,0,0,0,0,0
"PHJJKLOP_01371",60.4606070814217,19.4650466647312,0,220.281108582241,0,89.0225673908203,0,28.3865548585126,0
"PHJJKLOP_01372",0,0,0,0,0,0,0,0,0
"PHJJKLOP_01373",0,0,0,0,0,0,0,0,0
"PHJJKLOP_01374",242.744825446305,0,0,133.114657640189,0,283.418785978938,74.8188674310295,108.651985837755,141.450820455491
"PHJJKLOP_01375",0,0,0,0,0,0,0,0,0
"PHJJKLOP_01376",0,0,0,0,0,0,0,0,0
"PHJJKLOP_01377",0,0,0,0,0,0,0,0,0
"PHJJKLOP_01378",0,0,0,0,0,0,0,0,0
"PHJJKLOP_01379",0,0,0,0,0,0,0,0,0
"PHJJKLOP_01380",0,0,0,0,0,0,0,0,0
"PHJJKLOP_01381",0,0,0,0,0,0,0,0,0
"PHJJKLOP_01382",0,0,0,0,0,0,0,0,0
"PHJJKLOP_01383",0,0,0,0,0,0,0,0,0
"PHJJKLOP_01384",0,0,0,0,0,0,0,0,0
"PHJJKLOP_01385",0,0,0,0,0,0,0,0,0
"PHJJKLOP_01386",0,0,0,0,0,0,0,0,0
"PHJJKLOP_01387",0,0,0,0,0,0,0,0,0
"PHJJKLOP_01388",121.823611283462,259.858372974162,0,93.9235401623665,316.195382406034,109.007225376515,136.434405315407,435.586790070279,74.9478227786556
"PHJJKLOP_01389",0,0,0,0,0,0,0,0,0
"PHJJKLOP_01390",0,0,0,0,0,0,0,0,0
"PHJJKLOP_01391",0,0,0,0,0,0,0,0,0
"PHJJKLOP_01392",0,0,0,0,0,0,142.595959103845,0,0
"PHJJKLOP_01393",0,0,0,0,0,0,0,0,0
"PHJJKLOP_01394",0,0,0,0,0,0,0,0,0
"PHJJKLOP_01395",0,0,0,0,0,0,0,0,0
"PHJJKLOP_01396",0,0,0,0,0,0,0,0,0
"PHJJKLOP_01397",0,0,0,0,0,0,0,0,0
"PHJJKLOP_01398",0,0,0,0,0,0,0,0,0
"PHJJKLOP_01399",0,0,0,0,0,0,0,0,0
"PHJJKLOP_01400",0,0,0,0,0,0,0,0,0
"PHJJKLOP_01401",0,0,0,0,0,0,0,0,0
"PHJJKLOP_01402",0,0,0,0,0,0,0,0,0
"PHJJKLOP_01403",0,0,0,0,0,0,0,0,0
"PHJJKLOP_01404",384.421173383368,138.201831319592,247.001781338775,139.871746860503,264.007795018631,86.6001846046756,124.991519708308,115.503912872568,0
"PHJJKLOP_01405",0,119.710036988097,0,0.675708922031414,234.844143243317,99.9232899284718,0,0,0
"PHJJKLOP_01406",159.724290349427,45.7428596621184,0,112.167681057215,41.4430841017618,0,0,0,0
"PHJJKLOP_01407",0,0,0,0,0,3.63357417921716,0,0,0
"PHJJKLOP_01408",456.612943032826,277.37691497242,677.58596772664,556.784151753885,996.168947483089,429.367348844161,412.824103825328,413.073315527321,494.02226845649
"PHJJKLOP_01409",0,0,0,0,0,0,0,0,0
"PHJJKLOP_01410",0,0,0,0,0,0,0,0,0
"PHJJKLOP_01411",0,0,0,0,0,0,0,0,0
"PHJJKLOP_01412",0,0,0,0,0,0,0,0,0
"PHJJKLOP_01413",0,0,0,0,0,0,0,0,0
"PHJJKLOP_01414",0,0,0,0,0,0,0,0,0
"PHJJKLOP_01415",0,0,0,0,0,0,0,0,0
"PHJJKLOP_01416",0,5.83951399941937,38.9417222831402,277.716366954911,0,64.1931438328364,2.64066590933045,59.7096498748024,104.504710635027
"PHJJKLOP_01417",0,0,0,0,0,0,0,0,0
"PHJJKLOP_01418",46.9246502721481,24.331308330914,0,0,0,13.3231053237962,0,29.3654015777716,0
"PHJJKLOP_01419",0,0,0,0,0,58.1371868674745,0,0,0
"PHJJKLOP_01420",99.2636832680057,63.2614016603765,382.741499011436,183.792826792545,282.426943508303,164.722029457844,34.3286568212959,59.7096498748024,99.2266949463891
"PHJJKLOP_01421",0,0,0,0,0,0,0,0,0
"PHJJKLOP_01422",0,0,0,0,0,0,0,0,0
"PHJJKLOP_01423",0,0,0,0,0,0,0,0,0
"PHJJKLOP_01424",0,0,0,0,0,0,0,0,0
"PHJJKLOP_01425",0,0,0,0,0,0,0,0,0
"PHJJKLOP_01426",0,0,0,0,0,0,0,0,0
"PHJJKLOP_01428",0,0,0,0,0,0,0,0,0
"PHJJKLOP_01429",0,0,0,0,0,0,0,0,0
"PHJJKLOP_01430",0,0,0,0,0,0,0,0,0
"PHJJKLOP_01431",0,0,0,0,0,0,0,0,0
"PHJJKLOP_01432",0,0,0,0,0,0,0,0,0
"PHJJKLOP_01433",0,0,0,0,0,0,0,0,0
"PHJJKLOP_01434",0,0,0,0,0,0,0,0,0
"PHJJKLOP_01435",0,0,0,0,0,0,0,0,0
"PHJJKLOP_01436",0,0,0,0,0,0,0,0,0
"PHJJKLOP_01437",0,0,0,0,0,0,0,0,0
"PHJJKLOP_01438",0,0,0,0,0,0,0,0,0
"PHJJKLOP_01439",0,2.91975699970968,188.032887595734,48.6510423862618,0,90.2337587838927,0,44.0481023666575,1.05560313772754
"PHJJKLOP_01440",0,0,0,0,0,0,0,0,0
"PHJJKLOP_01441",0,0,0,0,0,0,0,0,0
"PHJJKLOP_01442",0,1.94650466647312,0,0,0,4.23916987575335,0,0,0
"PHJJKLOP_01443",0,0,0,0,0,0,0,0,0
"PHJJKLOP_01444",0,0,0,0,0,0,0,0,0
"PHJJKLOP_01445",0,0,0,0,0,0,0,0,0
"PHJJKLOP_01446",142.578745057681,118.736784654861,265.916332162015,241.228085165215,12.2794323264479,98.7120985353994,257.024815174831,86.1385112947968,0
"PHJJKLOP_01447",9.92636832680057,49.6358689950646,11.1262063666115,18.9198498168796,7.67464520402996,21.1958493787667,0,67.5404236288748,38.0017129581916
"PHJJKLOP_01448",99.2636832680057,0,0,0,0,0,0,29.3654015777716,26.3900784431886
"PHJJKLOP_01449",0,0,0,0,0,0,0,0,0
"PHJJKLOP_01450",0,0,0,0,0,0,0,0,0
"PHJJKLOP_01451",0,0,0,0,0,0,0,0,0
"PHJJKLOP_01452",0,0,0,0,0,0,0,0,0
"PHJJKLOP_01453",4.51198560309117,0.973252333236561,0,0,1.53492904080599,0,0,0,0
"PHJJKLOP_01454",0,0,0,0,0,0,0,0,0
"PHJJKLOP_01455",0,69.1009156597959,0,0,0,0,0,0,0
"PHJJKLOP_01456",0,0,0,104.059173992838,32.2335098569258,8.4783397515067,64.2562037937077,62.6461900325795,49.6133474731945
"PHJJKLOP_01457",0,0,0,0,0,0,0,0,0
"PHJJKLOP_01458",61.3630042020399,0,0,0,0,0,0,0,0
"PHJJKLOP_01459",0,0,0,0,0,0,0,0,0
"PHJJKLOP_01460",0,0,0,0,0,0,0,0,0
"PHJJKLOP_01461",0,0,0,0,0,0,0,0,0
"PHJJKLOP_01462",45.1198560309117,5.83951399941937,0,24.3255211931309,0,109.612821073051,0,0,62.2805851259251
"PHJJKLOP_01463",0,0,0,0,0,0,0,0,0
"PHJJKLOP_01464",0,0,0,0,0,0,0,0,0
"PHJJKLOP_01465",83.0205350968775,0,0,0,0,0,0,0,0
"PHJJKLOP_01466",77.6061523731681,21.4115513312044,163.555233589189,67.5708922031414,182.656555855913,46.6308686332868,49.2924303075018,15.6615475081449,59.1137757127424
"PHJJKLOP_01467",0,0,0,0,0,0,0,0,0
"PHJJKLOP_01468",0,80.7799436586346,0,0,0,7.26714835843431,16.7242174257595,84.1808178562787,39.0573160959191
"PHJJKLOP_01469",0,0,0,0,0,0,0,0,0
"PHJJKLOP_01470",0,0,0,0,0,0,0,0,0
"PHJJKLOP_01471",43.3150617896752,0,0,39.191117477822,0,22.4070407718391,0,0,0
"PHJJKLOP_01472",0,0,0,0,0,0,0,0,0
"PHJJKLOP_01473",0,0,0,0,0,0,0,0,0
"PHJJKLOP_01474",33.3886934628746,33.0905793300431,53.4057905597352,56.7595494506388,305.450879120392,408.77709516193,57.2144280354932,129.207766942195,54.8913631618323
"PHJJKLOP_01475",0,0,0,0,0,0,0,0,0
"PHJJKLOP_01476",0,0,0,0,0,0,0,0,0
"PHJJKLOP_01477",0,68.1276633265593,0,0,274.752298304273,0,0,0,0
"PHJJKLOP_01478",0,0,0,0,0,9.08393544804289,0,0,0
"PHJJKLOP_01479",0,2.91975699970968,0,0,0,0,0,0,21.1120627545509
"PHJJKLOP_01480",0,0,0,0,0,0,0,0,0
"PHJJKLOP_01481",0,0,0,0,0,0,0,0,0
"PHJJKLOP_01482",0,17.5185419982581,1.11262063666115,0,0,24.8294235579839,0,84.1808178562787,36.946109820464
"PHJJKLOP_01483",0,25.3045606641506,221.411506695569,5.40567137625131,0,36.9413374887078,0,0,53.8357600241047
"PHJJKLOP_01484",0,0,0,0,0,0,0,0,0
"PHJJKLOP_01485",0,0,0,0,0,0,0,0,0
"PHJJKLOP_01486",0,0,0,0,81.3512391627176,14.5342967168686,0,11.7461606311087,0
"PHJJKLOP_01487",0,0,0,0,0,0,0,0,0
"PHJJKLOP_01488",0,0,0,0,0,0,0,0,0
"PHJJKLOP_01489",0,0,0,0,0,0,0,0,0
"PHJJKLOP_01490",0,0,0,0,0,0,0,0,0
"PHJJKLOP_01491",0,21.4115513312044,0,91.2207044742409,0,21.1958493787667,0,0,0
"PHJJKLOP_01492",0,0,0,0,0,0,0,0,0
"PHJJKLOP_01493",0,0,0,0,0,0,0,0,0
"PHJJKLOP_01494",24.3647222566923,88.5659623245271,41.1669635564625,35.8125728676649,53.7225164282097,18.1678708960858,48.412208337725,73.4135039444291,73.892219640928
"PHJJKLOP_01495",0,0,0,0,0,0,0,14.6827007888858,0
"PHJJKLOP_01496",0,0,0,0,0,0,0,0,0
"PHJJKLOP_01497",0,0,0,0,0,0,0,0,0
"PHJJKLOP_01498",0,0,0,0,0,0,0,0,0
"PHJJKLOP_01499",0,0,0,0,0,0,0,0,0
"PHJJKLOP_01500",0,0,0,0,0,0,0,0,0
"PHJJKLOP_01502",0,0,0,0,0,0,0,0,0
"PHJJKLOP_01503",129.042788248407,0,0,0,0,0,0,0,0
"PHJJKLOP_01504",0,0,0,0,0,0,0,0,0
"PHJJKLOP_01505",16.2431481711282,0,0,66.2194743590786,356.10353746699,96.2897157492546,116.18930001054,98.8635186451646,96.0598855332065
"PHJJKLOP_01506",0,0.973252333236561,0,0.675708922031414,1.53492904080599,3.02797848268096,0,18.598087665922,2.11120627545509
"PHJJKLOP_01507",0,0,0,0,0,0,0,0,0
"PHJJKLOP_01508",0,0,0,0,0,0,0,0,0
"PHJJKLOP_01509",0,0,0,0,0,0,0,0,0
"PHJJKLOP_01510",0,22.3848036644409,0,0,0,0,0,43.0692556473984,0
"PHJJKLOP_01511",24.3647222566923,126.522803320753,0,0,0,0,146.116846982952,62.6461900325795,1.05560313772754
"PHJJKLOP_01512",0,0,0,0,0,0,0,0,0
"PHJJKLOP_01513",0,0,0,0,0,0,0,0,0
"PHJJKLOP_01514",0,0,0,0,0,0,0,0,0
"PHJJKLOP_01515",0,2.91975699970968,0,6.08138029828273,0,0,0,0,0
"PHJJKLOP_01516",0,0,0,0,0,0,0,0,0
"PHJJKLOP_01517",0,0,0,0,0,0,0,0,0
"PHJJKLOP_01518",0,0,0,0,0,0,0,0,0
"PHJJKLOP_01519",70.3869754082222,0,0,0,0,30.8853805233458,79.2199772799136,0,0
"PHJJKLOP_01520",10.8287654474188,0,31.1533778265122,0,0,23.0126364683753,169.002618197149,0,0
"PHJJKLOP_01521",0,0,0,0,0,0,0,0,0
"PHJJKLOP_01522",0,0,0,0,0,0,0,0,0
"PHJJKLOP_01523",0,0,0,0,0,0,0,0,0
"PHJJKLOP_01524",0,0,0,0,0,0,0,20.5557811044402,16.8896502036407
"PHJJKLOP_01525",0,0,0,0,0,0,0,0,0
"PHJJKLOP_01526",0,0,0,0,0,0,0,0,0
"PHJJKLOP_01527",0,118.736784654861,268.141573435337,70.9494368132985,41.4430841017618,42.9972944540697,0,107.673139118496,38.0017129581916
"PHJJKLOP_01528",0,0,0,0,0,0,0,0,0
"PHJJKLOP_01529",0,0,0,0,0,0,7.04177575821454,0,0
"PHJJKLOP_01530",0,0,0,0,0,0,0,0,0
"PHJJKLOP_01531",0,0,0,0,0,1.81678708960858,0,0,0
"PHJJKLOP_01532",0,0,0,0,0,0,0,0,0
"PHJJKLOP_01533",0,0,0,0,0,0,0,0,0
"PHJJKLOP_01534",39.7054733072023,6.81276633265593,0,50.6781691523561,0,46.0252729367506,7.92199772799136,24.4711679814764,0
"PHJJKLOP_01535",0,0,0,0,0,0,0,0,0
"PHJJKLOP_01536",0,0,0,0,0,0,0,0,0
"PHJJKLOP_01537",53.2414301164758,33.0905793300431,2.2252412733223,0,0,50.264442812504,0,32.3019417355488,55.9469662995598
"PHJJKLOP_01538",0,0,0,0,0,0,0,0,0
"PHJJKLOP_01539",0,0,0,0,0,0,0,0,0
"PHJJKLOP_01540",0,0,0,0,0,0,0,0,0
"PHJJKLOP_01541",0,0.973252333236561,1.11262063666115,0,24.5588646528959,0,4.40110984888409,12.7250073503677,0
"PHJJKLOP_01542",73.0941667700769,29.1975699970968,0,56.0838405286074,0,0,0,79.2865842599835,0
"PHJJKLOP_01543",0,0,0,0,0,0,0,0,0
"PHJJKLOP_01544",41.5102675484387,18.4917943314947,0,8.78421598640838,0,26.0406149510563,0,52.857722839989,0
"PHJJKLOP_01545",0,0,0,0,0,0,0,0,0
"PHJJKLOP_01546",0,0,0,0,0,0,0,0,0
"PHJJKLOP_01547",0,0,0,0,0,0,0,0,0
"PHJJKLOP_01548",0,0,0,0,0,0,0,0,0
"PHJJKLOP_01549",0,0,0,0,0,0,0,0,0
"PHJJKLOP_01550",0,0,0,0,0,0,0,0,0
"PHJJKLOP_01551",0,0,0,0,0,0,0,0,0
"PHJJKLOP_01552",0,0,0,0,0,0,0,0,0
"PHJJKLOP_01553",19.8527366536011,0,245.889160702114,227.038197802555,138.143613672539,118.091160824558,257.024815174831,75.3711973829472,81.2814416050208
"PHJJKLOP_01554",0,0,0,0,0,0,0,0,0
"PHJJKLOP_01555",0,0,0,0,0,0,0,0,0
"PHJJKLOP_01556",0,0,0,0,0,0,0,0,0
"PHJJKLOP_01557",0,33.0905793300431,0,0,0,4.84476557228954,0,19.5769343851811,0
"PHJJKLOP_01558",0,1.94650466647312,0,0,0,0,0,0,0
"PHJJKLOP_01559",0,0,0,0,0,0,0,0,0
"PHJJKLOP_01560",0,0,0,0,0,0,0,0,0
"PHJJKLOP_01561",0,0,0,0,0,0,0,22.5134745429583,0
"PHJJKLOP_01562",0,0,0,0,0,0,0,0,0
"PHJJKLOP_01563",147.090730660772,19.4650466647312,53.4057905597352,111.491972135183,517.271086751619,18.773466592622,2.64066590933045,60.6884965940614,0
"PHJJKLOP_01564",0,0,0,0,0,0,0,0,0
"PHJJKLOP_01565",0,0,0,0,0,0,0,0,0
"PHJJKLOP_01566",0,0,0,0,0,0,0,0,0
"PHJJKLOP_01567",0,0,0,0,0,0,0,0,0
"PHJJKLOP_01568",0,0,0,0,0,0,0,0,0
"PHJJKLOP_01569",0,0,0,0,0,0,0,0,0
"PHJJKLOP_01570",0,34.0638316632797,0,0,0,0,0,90.0538981718331,0
"PHJJKLOP_01571",0,0,0,0,0,0,0,0,0
"PHJJKLOP_01572",121.823611283462,35.0370839965162,0,122.979023809717,276.287227345079,26.6462106475925,0,0,63.3361882636526
"PHJJKLOP_01573",0,0,0,0,0,0,0,0,0
"PHJJKLOP_01574",83.0205350968775,161.559887317269,136.852338309321,118.249061355497,0,69.6435051016622,263.186368963269,112.567372714791,141.450820455491
"PHJJKLOP_01575",0,0,0,0,0,0,0,0,0
"PHJJKLOP_01576",0,2.91975699970968,0,0,0,0,0,0,0
"PHJJKLOP_01577",71.2893725288405,93.4322239907099,0,50.0024602303246,0,164.116433761308,118.82996591987,0,206.898214994599
"PHJJKLOP_01579",0,0,0,0,0,0,0,0,0
"PHJJKLOP_01580",0,0,0,0,0,0,0,0,0
"PHJJKLOP_01581",0,0,0,0,0,0,0,0,0
"PHJJKLOP_01582",0,0,0,0,0,0,0,0,0
"PHJJKLOP_01585",0,0,0,0,0,0,0,0,0
"PHJJKLOP_01586",0,0,0,0,0,0,0,0,0
"PHJJKLOP_01587",0,0,0,0,0,0,0,0,0
"PHJJKLOP_01588",0,0,0,0,0,0,0,0,0
"PHJJKLOP_01589",0,0,0,0,0,0,0,0,0
"PHJJKLOP_01590",0,0,0,0,0,0,0,0,0
"PHJJKLOP_01591",0,2.91975699970968,0,0,0,0.605595696536193,0,70.476963786652,0
"PHJJKLOP_01592",0,0,0,0,0,0,0,0,0
"PHJJKLOP_01593",0,0,0,0,0,0,0,0,0
"PHJJKLOP_01594",0,0,0,0,0,0,0,0,0
"PHJJKLOP_01595",0,0,0,0,0,0,0,0,0
"PHJJKLOP_01596",0,1.94650466647312,0,1.35141784406283,0,36.9413374887078,0,0,3.16680941318263
"PHJJKLOP_01597",0,0,0,0,0,0,0,0,0
"PHJJKLOP_01598",0,0,0,0,0,0,0,0,0
"PHJJKLOP_01599",0,0,0,0,0,0,0,0,2.11120627545509
"PHJJKLOP_01600",103.775668871097,0,0,0,125.864181346091,0,0,0,0
"PHJJKLOP_01601",0,0,0,0,0,0,0,0,0
"PHJJKLOP_01602",0,0,0,0,0,0,0,0,0
"PHJJKLOP_01603",0,0,0,0,0,0,0,0,0
"PHJJKLOP_01604",0,0,0,0,0,0,0,0,0
"PHJJKLOP_01605",22.5599280154558,33.0905793300431,0,0,0,31.490976219882,0,13.7038540696268,17.9452533413682
"PHJJKLOP_01606",0,27.2510653306237,0,0,0,60.5595696536193,0,0,76.0034259163831
"PHJJKLOP_01607",0,0,0,0,0,0,0,0,0
"PHJJKLOP_01608",104.678065991715,34.0638316632797,45.6174461031071,182.441408948482,0,0,123.231075768755,77.3288908214654,3.16680941318263
"PHJJKLOP_01609",0,0,0,0,0,0,0,0,0
"PHJJKLOP_01610",0,0,0,0,0,0,0,0,0
"PHJJKLOP_01611",0,0,0,0,0,0,0,0,0
"PHJJKLOP_01612",0,29.1975699970968,0,0,0,0,0,0,0
"PHJJKLOP_01613",0,0,0,0,0,0,0,0,0
"PHJJKLOP_01614",0,0,0,0,0,0,0,0,0
"PHJJKLOP_01615",0,0,0,0,0,0,0,0,0
"PHJJKLOP_01616",0,0,0,0,0,0,0,0,0
"PHJJKLOP_01617",0,0,0,0,0,0,0,0,0
"PHJJKLOP_01618",0,0,0,0,0,0,0,0,0
"PHJJKLOP_01619",0,0,0,0,0,0,0,0,0
"PHJJKLOP_01620",123.628405524698,63.2614016603765,0,55.408131606576,0,0,77.45953334036,34.2596351740669,0
"PHJJKLOP_01621",3.60958848247293,13.6255326653119,14.4640682765949,11.487051674534,0,15.745488109941,0,110.609679276273,0
"PHJJKLOP_01622",55.9486214783305,51.5823736615378,0,151.358798535037,0,53.292421295185,58.09465000527,92.9904383296102,8.44482510182035
"PHJJKLOP_01623",52.3390329958576,83.6997006583443,0,0,0,30.8853805233458,0,0,164.674089485497
"PHJJKLOP_01624",26.1695164979288,13.6255326653119,445.04825466446,0,0,0,0,40.1327154896213,0
"PHJJKLOP_01625",0,0,0,0,0,0,0,0,0
"PHJJKLOP_01626",0,0,0,0,0,0,0,0,0
"PHJJKLOP_01627",0,0,0,0,0,0,0,0,0
"PHJJKLOP_01628",0,0,0,0,0,0,0,0,0
"PHJJKLOP_01629",0,0,0,0,0,0,0,0,0
"PHJJKLOP_01630",0,0,0,0,0,0,0,0,0
"PHJJKLOP_01631",0,0,0,0,0,0,0,0,0
"PHJJKLOP_01632",0,0,0,0,0,0,0,0,0
"PHJJKLOP_01633",0,0,0,0,0,0,0,0,0
"PHJJKLOP_01635",118.214022800989,58.3951399941937,40.0543429198014,0,256.333149814601,219.225642146102,0.880221969776818,63.6250367518386,33.7793004072814
"PHJJKLOP_01636",0,0,0,0,0,0,0,0,0
"PHJJKLOP_01637",0,0,0,0,0,12.1119139307239,25.5264371235277,0,0
"PHJJKLOP_01638",0,0,0,0,0,0,0,0,0
"PHJJKLOP_01639",0,0,0,0,0,49.0532514194316,69.5375356123686,23.4923212622173,0
"PHJJKLOP_01640",0,0,0,0,0,0,0,0,0
"PHJJKLOP_01641",0,0,0,0,0,0,0,0,0
"PHJJKLOP_01642",0,0,0,0,0,0,0,0,0
"PHJJKLOP_01643",0,0,0,0,0,0,0,0,0
"PHJJKLOP_01644",0,0,0,0,0,0,0,0,0
"PHJJKLOP_01645",0,0,0,0,0,0,0,0,0
"PHJJKLOP_01646",0,0,0,0,0,0,0,0,0
"PHJJKLOP_01647",0,0,0,0,0,0,0,0,0
"PHJJKLOP_01648",0,0,0,0,0,0,0,0,0
"PHJJKLOP_01649",0,0,0,0,0,0,0,0,0
"PHJJKLOP_01650",0,0,0,0,0,0,0,0,0
"PHJJKLOP_01651",0,0,0,0,0,0,0,0,0
"PHJJKLOP_01652",0,32.1173269968065,2.2252412733223,57.4352583726702,69.0718068362696,27.8574020406649,0.880221969776818,106.694292399237,76.0034259163831
"PHJJKLOP_01653",0,0,0,0,0,0,0,0,0
"PHJJKLOP_01654",49.6318416340029,33.0905793300431,0,0.675708922031414,118.189536142061,41.7861030609973,195.409277290454,149.763548046635,63.3361882636526
"PHJJKLOP_01655",0,0,0,62.8409297489215,0,87.2057803012117,121.470631829201,0,163.618486347769
"PHJJKLOP_01656",0,0,0,0,0,0,0,0,0
"PHJJKLOP_01657",0,0,0,0,0,0,0,0,0
"PHJJKLOP_01658",0,0,0,0,0,0,0,0,0
"PHJJKLOP_01659",1521.44154536234,483.706409618571,497.341424587534,978.426519101488,1708.37602241707,861.157080474466,865.258196290612,502.148366979895,806.480797223843
"PHJJKLOP_01660",0,20.4382989979678,0,0,0,0,0,0,0
"PHJJKLOP_01661",0,0,0,0,0,18.1678708960858,0,0,68.6142039522903
"PHJJKLOP_01662",0,0,0,4.7299624542199,0,16.9566795030134,37.8495447004032,31.3230950162898,1.05560313772754
"PHJJKLOP_01663",0,0,0,0,0,0,0,0,0
"PHJJKLOP_01664",0,0,0,0,0,0,0,0,0
"PHJJKLOP_01665",0,0,0,0,0,0,0,0,0
"PHJJKLOP_01666",0,0,0,0,0,0,0,0,0
"PHJJKLOP_01667",0,0,0,0,0,0,0,0,0
"PHJJKLOP_01668",36.0958848247293,145.014597652248,219.186265422247,228.389615646618,4.60478712241798,191.973835801973,229.73793411175,84.1808178562787,361.01627310282
"PHJJKLOP_01669",86.6301235793504,0,0,35.8125728676649,244.053717488153,36.9413374887078,73.9386454612527,207.51550448292,9.50042823954789
"PHJJKLOP_01670",0,0,0,0,0,0,0,0,0
"PHJJKLOP_01671",0,0,0,0,0,0,0,0,0
"PHJJKLOP_01672",0,0,0,0,0,0,0,0,0
"PHJJKLOP_01673",2.7071913618547,6.81276633265593,0,27.704065803288,0,81.755419032386,4.40110984888409,0,0
"PHJJKLOP_01674",0,15.572037331785,13.3514476399338,41.8939531659477,0,0,0,34.2596351740669,152.006851832766
"PHJJKLOP_01675",0,0,0,0,0,0,0.880221969776818,1.95769343851811,0
"PHJJKLOP_01676",0,0,0,0,0,0,0,0,0
"PHJJKLOP_01677",0,0,0,0,0,0,0,0,0
"PHJJKLOP_01678",3.60958848247293,0,0,0,0,16.9566795030134,0,0,0
"PHJJKLOP_01679",0.902397120618234,0,0,56.0838405286074,0,80.5442276393136,11.4428856070986,44.0481023666575,0
"PHJJKLOP_01680",0,0,0,0,0,0,0,0,0
"PHJJKLOP_01681",0,0,0,0,0,0,0,0,0
"PHJJKLOP_01682",0,5.83951399941937,0,0,0,0,0,0,52.7801568863772
"PHJJKLOP_01683",0,0,0,0,0,1.21119139307239,0,0,0
"PHJJKLOP_01684",39.7054733072023,67.1544109933227,0,91.8964133962723,0,52.6868255986488,8.80221969776818,54.8154162785071,0
"PHJJKLOP_01685",0,0,0,0,0,0,0,0,0
"PHJJKLOP_01686",253.573590893724,36.9835886629893,179.131922502445,47.299624542199,0,112.640799555732,71.2979795519223,137.038540696268,54.8913631618323
"PHJJKLOP_01687",0,0,0,0,1.53492904080599,0.605595696536193,0,0,0
"PHJJKLOP_01688",0,0,0,0,0,0,0,0,0
"PHJJKLOP_01689",0,0,0,0,0,0,0,0,0
"PHJJKLOP_01690",0,0,0,0,0,0,0,0,0
"PHJJKLOP_01691",0,0,0,0,0,16.3510838064772,0,0,34.8349035450089
"PHJJKLOP_01692",0,0,21.1397920965618,0,0,0,0,0,0
"PHJJKLOP_01693",0,0,0,0,0,0,0,0,0
"PHJJKLOP_01694",0,0,0,0,0,0,0,0,0
"PHJJKLOP_01695",0,0,0,0,0,0,0,0,0
"PHJJKLOP_01696",0,0,0,0,0,0,0,0,0
"PHJJKLOP_01697",0,0,0,0,0,0,0,0,0
"PHJJKLOP_01698",0,0,0,0,0,0,0,0,0
"PHJJKLOP_01699",0,0,0,0,0,0,0,0,0
"PHJJKLOP_01700",0,0,0,0,0,0,0,0,0
"PHJJKLOP_01701",0,8.75927099912905,0,20.2712676609424,139.678542713345,81.1498233358498,0,252.542453568836,0
"PHJJKLOP_01702",0,0,0,0,0,0,0,7.83077375407244,0
"PHJJKLOP_01703",0,0,0,0,0,0,0,0,0
"PHJJKLOP_01704",0,0,0,0,0,0,0,0,0
"PHJJKLOP_01705",0,0,0,0,0,0,0,0,0
"PHJJKLOP_01706",0,0,0,0,0,0,0,0,0
"PHJJKLOP_01707",0,0,0,0,0,0,30.8077689421886,19.5769343851811,7.3892219640928
"PHJJKLOP_01709",0,0,0,0,0,1.21119139307239,205.971940927775,103.75775224146,160.451676934587
"PHJJKLOP_01710",0,10.7057756656022,0,20.2712676609424,0,4.84476557228954,0,10.7673139118496,33.7793004072814
"PHJJKLOP_01711",0,10.7057756656022,14.4640682765949,0,0,0,0,0,4.22241255091017
"PHJJKLOP_01712",0,0,0,0,0,0,0,0,0
"PHJJKLOP_01713",0,0,0,0,0,0,0,0,0
"PHJJKLOP_01714",0,4.86626166618281,0,0,0,0,0,0,3.16680941318263
"PHJJKLOP_01715",0,0,0,0,0,0,0,0,0
"PHJJKLOP_01716",0,0,0,0,0,0,0,0,0
"PHJJKLOP_01717",0,0,0,0,0,0,0,0,0
"PHJJKLOP_01718",168.74826155561,0,0,0,0,0,120.590409859424,40.1327154896213,0
"PHJJKLOP_01719",0,0,0,0,0,0,0,0,0
"PHJJKLOP_01720",0,0,0,0,0,0,0,5.87308031555433,0
"PHJJKLOP_01721",0,9.73252333236561,0,0.675708922031414,10.7445032856419,21.8014450753029,21.1253272746436,8.8096204733315,16.8896502036407
"PHJJKLOP_01722",0,0,0,0,0,0,0,0,0
"PHJJKLOP_01723",0,0,0,0,0,18.773466592622,0,0,0
"PHJJKLOP_01724",0,0,0,0,0,0,0,0,0
"PHJJKLOP_01725",0,0,0,0,0,0,0,0,0
"PHJJKLOP_01726",0,0,0,0,0,0,0,0,0
"PHJJKLOP_01727",0,0,0,0,0,0,0,0,0
"PHJJKLOP_01728",0,0,0,0,0,0,0,0,0
"PHJJKLOP_01729",0,0,0,0,0,0,0,0,0
"PHJJKLOP_01730",0,0,0,0,0,0,0,0,0
"PHJJKLOP_01731",0,0,0,0,0,0,0,0,0
"PHJJKLOP_01732",0,0,0,0,0,0,0,0,0
"PHJJKLOP_01733",0,0,0,0,0,0,0,0,2.11120627545509
"PHJJKLOP_01734",0,0,0,0,0,0,0,0,0
"PHJJKLOP_01735",0,0,0,0,0,0,0,0,0
"PHJJKLOP_01736",0,5.83951399941937,0,22.2983944270367,0,1.81678708960858,17.6044393955364,0,34.8349035450089
"PHJJKLOP_01737",0,0,0,0,0,0,0,0,0
"PHJJKLOP_01738",0.902397120618234,3.89300933294625,1.11262063666115,0,0,0,139.075071224737,1.95769343851811,0
"PHJJKLOP_01739",0,0,0,0,0,0,0,0,0
"PHJJKLOP_01740",0,0,0,0,0,0,0,0,0
"PHJJKLOP_01741",0,0,0,0,0,0,0,0,0
"PHJJKLOP_01744",0,0,0,0,0,0,0,0,0
"PHJJKLOP_01745",0,0,0,0,0,0,0,0,0
"PHJJKLOP_01746",507.147181787447,140.148335986065,777.721825026144,306.096141680231,0,190.157048712365,164.601508348265,164.446248835521,756.867449750649
"PHJJKLOP_01747",0,0,0,0,0,0,0,0,0
"PHJJKLOP_01748",0,0,0,0,0,0,0,0,0
"PHJJKLOP_01749",0,0,0,0,0,0,0,0,0
"PHJJKLOP_01750",0,0,0,0,0,0,0,12.7250073503677,0
"PHJJKLOP_01751",0,0,0,0,0,0,0,0,0
"PHJJKLOP_01752",0,6.81276633265593,0,0,0,0,0,16.6403942274039,0
"PHJJKLOP_01753",0,0,0,0,0,0,0,0,0
"PHJJKLOP_01754",0,0,0,0,0,0,0,0,0
"PHJJKLOP_01755",0,0,0,0,0,0,0,0,0
"PHJJKLOP_01756",41.5102675484387,30.1708223303334,63.4193762896855,66.2194743590786,36.8382969793438,109.007225376515,0,26.4288614199945,38.0017129581916
"PHJJKLOP_01757",0,0,0,0,0,0,0,0,0
"PHJJKLOP_01758",0,0,0,0,0,0,0,0,0
"PHJJKLOP_01759",0,0,0,0,0,0,0,0,0
"PHJJKLOP_01760",0,0,0,0,0,0,0,0,0
"PHJJKLOP_01761",0,0,0,0,0,0,0,0,0
"PHJJKLOP_01762",0,0,0,0,0,0,0,0,0
"PHJJKLOP_01763",0,0,0,0,0,0,0,0,0
"PHJJKLOP_01764",0,0,0,0,0,0,0,0,0
"PHJJKLOP_01765",0,0,0,0,0,0,0,0,0
"PHJJKLOP_01766",51.4366358752393,93.4322239907099,122.388270032726,148.655962846911,67.5368777954637,18.773466592622,28.1671030328582,87.1173580140559,80.2258384672933
"PHJJKLOP_01767",0,0,0,0,0,0,0,0,0
"PHJJKLOP_01768",0,0,0,0,0,0,0,0,0
"PHJJKLOP_01769",0,0,0,0,0,0,0,0,0
"PHJJKLOP_01770",0,0,0,0,0,0,0,0,0
"PHJJKLOP_01771",0,24.331308330914,0,0,0,32.0965719164182,0,52.857722839989,0
"PHJJKLOP_01772",0,0,0,0,0,0,0,0,0
"PHJJKLOP_01773",0,0,0,0,0,0,0,0,0
"PHJJKLOP_01774",0,0,0,0,0,0,0,0,0
"PHJJKLOP_01775",0,0.973252333236561,0,0,0,16.3510838064772,0,9.78846719259055,11.611634515003
"PHJJKLOP_01776",0,0,0,0,0,0,0,0,0
"PHJJKLOP_01777",0,0,0,0,0,0,0,0,0
"PHJJKLOP_01778",0,0,0,0,0,0,0,0,0
"PHJJKLOP_01779",0,0,0,0,0,0,0,0,0
"PHJJKLOP_01780",0,0,0,0,0,0,0,0,0
"PHJJKLOP_01781",147.090730660772,7.78601866589249,0,6.08138029828273,0,56.9259954744021,53.6935401563859,12.7250073503677,11.611634515003
"PHJJKLOP_01782",0,0,0,0,0,0,0,0,0
"PHJJKLOP_01783",175.065041399937,52.5556259947743,181.357163775767,73.6522725014241,0,37.546933185244,0,12.7250073503677,130.894789078215
"PHJJKLOP_01784",104.678065991715,84.6729529915808,55.6310318330575,87.1664509420524,0,138.075818810252,13.2033295466523,185.98087665922,209.009421270054
"PHJJKLOP_01785",0,0,0,0,0,0,0,0,0
"PHJJKLOP_01786",105.580463112333,28.2243176638603,0,31.7583193354765,12.2794323264479,9.68953114457908,0,0.978846719259055,20.0564596168233
"PHJJKLOP_01787",0,0,0,0,0,0,0,0,0
"PHJJKLOP_01788",0,0,0,0,0,0,0,0,0
"PHJJKLOP_01789",0,0,0,0,0,0,0,0,0
"PHJJKLOP_01790",0,0,0,0,0,0,0,0,0
"PHJJKLOP_01791",0,0,0,0,0,2.42238278614477,0,0,0
"PHJJKLOP_01792",0,0,0,0,0,0,0,0,0
"PHJJKLOP_01793",0,0,0,0,0,0,0,0,0
"PHJJKLOP_01794",0,0,0,0,0,0,0,0,0
"PHJJKLOP_01795",0,0,0,0,0,0,0,0,0
"PHJJKLOP_01796",78.5085494937863,82.7264483251077,229.199851152197,0,124.329252305285,22.4070407718391,0,0,0
"PHJJKLOP_01797",71.2893725288405,24.331308330914,2.2252412733223,43.9210799320419,53.7225164282097,110.218416769587,0,45.0269490859165,183.674945964593
"PHJJKLOP_01798",0,0,0,0,0,0,0,0,0
"PHJJKLOP_01799",0.902397120618234,3.89300933294625,2.2252412733223,2.70283568812566,0,2.42238278614477,2.64066590933045,5.87308031555433,4.22241255091017
"PHJJKLOP_01800",0,0,0,0,0,0,0,0,0
"PHJJKLOP_01801",0,0,0,0,0,0,0,0,0
"PHJJKLOP_01802",0,0,0,0,0,0,0,0,0
"PHJJKLOP_01803",0,0,0,0,0,0,0,0,0
"PHJJKLOP_01804",0,0,0,0,0,0,0,11.7461606311087,0
"PHJJKLOP_01805",0,14.5987849985484,0,0,0,0,0,0,0
"PHJJKLOP_01806",0,0,0,0,0,0,0,0,0
"PHJJKLOP_01807",0,0,0,0,0,0,0,0,0
"PHJJKLOP_01808",0,0,0,0,0,0,0,0,0
"PHJJKLOP_01809",98.3612861473875,34.0638316632797,0,0,0,0,0,159.552015239226,82.3370447427484
"PHJJKLOP_01810",0,4.86626166618281,0,0,29.1636517753139,5.45036126882573,0,11.7461606311087,0
"PHJJKLOP_01811",0,23.3580559976775,0,0,0,0,0,0,0
"PHJJKLOP_01812",0,2.91975699970968,0,0,0,0,0,0,0
"PHJJKLOP_01813",0,0,0,0,0,0,0,0,0
"PHJJKLOP_01814",0,0,0,0,0,0,0,0,0
"PHJJKLOP_01815",0,0,0,0,0,0,0,0,0
"PHJJKLOP_01816",0,0,34.4912397364956,0,0,0,0,0,0
"PHJJKLOP_01817",0,0,0,0,0,0,0,0,0
"PHJJKLOP_01818",0,0,0,0,0,0,0,0,0
"PHJJKLOP_01819",0,0,0,0,0,0,0,0,0
"PHJJKLOP_01820",0,0,0,0,0,0,0,0,0
"PHJJKLOP_01821",0,0,0,0,0,0,0,0,0
"PHJJKLOP_01822",0,0,0,0,0,0,0,0,0
"PHJJKLOP_01823",0,0,0,0,0,0,0,0,0
"PHJJKLOP_01824",0,0,0,0,0,0,0,0,0
"PHJJKLOP_01825",0,0,0,0,0,0,0,0,0
"PHJJKLOP_01826",0,0,0,0,0,0,0,0,0
"PHJJKLOP_01827",0,0,0,0,0,0,0,0,0
"PHJJKLOP_01828",0,15.572037331785,0,0,0,3.63357417921716,0,0,0
"PHJJKLOP_01829",176.869835641174,31.14407466357,0,4.05425353218848,0,26.6462106475925,0,1.95769343851811,1.05560313772754
"PHJJKLOP_01830",0,0,0,0,0,0,0,0,0
"PHJJKLOP_01831",0,23.3580559976775,0,8.10850706437697,0,0,0,0,0
"PHJJKLOP_01832",0,0,0,0,0,0,0,0,0
"PHJJKLOP_01833",0,0,0,0,0,0,0,0,0
"PHJJKLOP_01834",0,0,0,0,0,0,0,0,0
"PHJJKLOP_01835",16.2431481711282,48.6626166618281,90.1222715695531,43.2453710100105,210.285278590421,42.9972944540697,198.930165169561,57.7519564362842,150.951248695039
"PHJJKLOP_01836",0,14.5987849985484,0,0,0,18.773466592622,54.5737621261627,0,0
"PHJJKLOP_01837",0,0,0,0,0,54.5036126882573,0,0,0
"PHJJKLOP_01838",0,38.9300933294625,42.2795841931237,33.7854461015707,55.2574454690157,33.3077633094906,38.72976667018,71.455810505911,12.6672376527305
"PHJJKLOP_01839",30.6815021010199,0,0,0,0,0,0,0,0
"PHJJKLOP_01840",0,0,0,0,0,0,0,0,0
"PHJJKLOP_01841",0,0,0,0,0,0,0,0,0
"PHJJKLOP_01842",167.845864434991,199.516728313495,409.444394291303,141.898873626597,233.309214202511,122.330330700311,23.7659931839741,121.376993188123,114.005138874575
"PHJJKLOP_01843",0,0,0,0,0,0,0,0,0
"PHJJKLOP_01844",0,0,0,0,0,0,0,0,0
"PHJJKLOP_01845",101.97087462986,40.8765979959356,10.0135857299503,93.2478312403351,0,90.8393544804289,0,0.978846719259055,57.0025694372873
"PHJJKLOP_01846",0,0,0,0,0,0,0,0,0
"PHJJKLOP_01847",0,0,0,0,19.9540775304779,0,0,18.598087665922,0
"PHJJKLOP_01848",0,0,0,0,0,0,0,23.4923212622173,0
"PHJJKLOP_01849",0,22.3848036644409,0,28.3797747253194,0,56.9259954744021,35.2088787910727,22.5134745429583,0
"PHJJKLOP_01850",28.8767078597835,0,43.3922048297848,7.43279814234555,133.538826550121,0,0,0,46.4465380600119
"PHJJKLOP_01851",0,0,0,0,0,0,0,0,0
"PHJJKLOP_01852",0,0,0,0,0,0,0,0,0
"PHJJKLOP_01853",9.92636832680057,2.91975699970968,0,12.1627605965655,0,0,0,0,0
"PHJJKLOP_01854",0,0,0,0,0,0,0,0,0
"PHJJKLOP_01855",0,0,0,0,0,0,0,0,0
"PHJJKLOP_01856",0,0,0,0,0,0,0,0,0
"PHJJKLOP_01857",0,0,0,0,0,0,0,0,0
"PHJJKLOP_01858",1707.3353522097,650.132558602023,458.399702304394,475.699081110116,716.811862056398,685.53432847897,831.809761439093,576.540717643583,757.923052888376
"PHJJKLOP_01859",0,0,0,0,0,0,0,0,0
"PHJJKLOP_01860",0,0,0,0,0,0,0,0,0
"PHJJKLOP_01861",0,0,0,0,0,6.66155266189812,0,0,4.22241255091017
"PHJJKLOP_01862",0,0,0,0.675708922031414,0,0,0,0,0
"PHJJKLOP_01863",0,0,0,0,0,0,0,0,0
"PHJJKLOP_01864",0,0,1.11262063666115,0,0,14.5342967168686,0,0,0
"PHJJKLOP_01865",0,0,0,0,0,0,0,0,0
"PHJJKLOP_01866",0,12.6522803320753,32.2659984631733,59.4623851387644,0,13.3231053237962,0,28.3865548585126,0
"PHJJKLOP_01867",0,0,0,0,0,0,0,0,0
"PHJJKLOP_01868",195.820175174157,376.648652962549,1931.50942524376,270.959277734597,1141.98720635966,339.133590060268,254.3841492655,526.619534961372,234.343896575515
"PHJJKLOP_01869",0,0,0,0,0,0,0,0,0
"PHJJKLOP_01870",0,0,0,0,0,0,0,0,0
"PHJJKLOP_01871",0,0,0,0,0,0,0,0,0
"PHJJKLOP_01872",0,0,0,0,0,0,0,0,0
"PHJJKLOP_01873",0,0,0,0,0,0,0,0,0
"PHJJKLOP_01874",0,0,0,0,0,0,0,0,0
"PHJJKLOP_01875",0,0,0,0,0,0,0,0,0
"PHJJKLOP_01876",0,0,0,0,0,0,0,0,0
"PHJJKLOP_01877",0,0,0,0,0,0,0,0,0
"PHJJKLOP_01878",0,0,0,0,0,0,0,0,0
"PHJJKLOP_01879",0,0,0,0,0,0,0,0,0
"PHJJKLOP_01880",0,0,0,0,0,0,0,0,0
"PHJJKLOP_01881",0,0,0,0,0,0,0,0,0
"PHJJKLOP_01882",0,0,0,0,0,0,0,0,0
"PHJJKLOP_01883",0,0,0,0,0,0,0,0,0
"PHJJKLOP_01884",0,0,0,0,0,0,0,0,0
"PHJJKLOP_01885",47.8270473927664,0,0,0,0,0,0,0,0
"PHJJKLOP_01886",95.6540947855328,10.7057756656022,2.2252412733223,43.2453710100105,156.562762162211,0,1.76044393955364,0,123.505567114123
"PHJJKLOP_01887",0,0,0,0,0,0,0,0,0
"PHJJKLOP_01888",0,0,0,0,0,0,0,0,0
"PHJJKLOP_01889",0,0,0,0,0,0,0,0,0
"PHJJKLOP_01890",0,0,0,0,0,0,0,0,0
"PHJJKLOP_01891",0,0,0,0,0,0,0,0,0
"PHJJKLOP_01892",0,0,0,0,0,0,0,0,0
"PHJJKLOP_01893",0.902397120618234,52.5556259947743,0,108.113427525026,119.724465182867,53.8980169917211,0,0,0
"PHJJKLOP_01894",0,0,0,0,0,0,0,0,0
"PHJJKLOP_01895",0,0,0,0,0,0,0,0,0
"PHJJKLOP_01896",0,0,0,0,0,0,0,0,0
"PHJJKLOP_01897",0,0,0,0,0,0,0,0,0
"PHJJKLOP_01898",0,0,0,0,0,0,0,0,0
"PHJJKLOP_01899",0,0,0,0,0,0,0,0,0
"PHJJKLOP_01900",0,0,0,0,0,0,0,0,0
"PHJJKLOP_01901",0,0,0,0,0,0,0,0,0
"PHJJKLOP_01902",2.7071913618547,27.2510653306237,3.33786190998345,0,0,0.605595696536193,16.7242174257595,49.9211826822118,101.337901221844
"PHJJKLOP_01903",0,0,0,0,0,0,0,0,0
"PHJJKLOP_01904",0,0,0,0,0,0,0,0,0
"PHJJKLOP_01905",0,0,0,0,0,0,0,0,0
"PHJJKLOP_01906",0,40.8765979959356,0,0,0,0,0,0,0
"PHJJKLOP_01907",0,0,0,0,0,0,0,0,0
"PHJJKLOP_01908",0,0,0,0,0,0,0,0,0
"PHJJKLOP_01909",0,0,0,6.08138029828273,0,13.3231053237962,0,0,156.229264383676
"PHJJKLOP_01910",0,0,0,0,0,0,0,0,0
"PHJJKLOP_01911",55.9486214783305,0,0,140.547455782534,0,30.2797848268096,0,0,63.3361882636526
"PHJJKLOP_01912",0,0,0,0,0,0,0,0,0
"PHJJKLOP_01913",0,0,0,0,0,0,0,0,0
"PHJJKLOP_01914",0,0,0,0,0,0,0,0,0
"PHJJKLOP_01915",0,0,0,0,0,0,0,0,0
"PHJJKLOP_01916",0,0,0,0,0,0,0,0,0
"PHJJKLOP_01917",0,0,0,0,0,0,0,0,0
"PHJJKLOP_01918",0,0,0,0,0,0,0,0,0
"PHJJKLOP_01919",0,0,0,0,0,0,0,0,0
"PHJJKLOP_01920",0,20.4382989979678,0,0,0,0,0,39.1538687703622,17.9452533413682
"PHJJKLOP_01921",16.2431481711282,44.7696073288818,465.075426124361,65.5437654370472,0,33.3077633094906,0.880221969776818,0.978846719259055,7.3892219640928
"PHJJKLOP_01922",0,0,0,0,0,0,0,0,0
"PHJJKLOP_01923",0,0,0,0,0,0,0,0,0
"PHJJKLOP_01924",0,41.8498503291721,0,0,0,0,0,0,0
"PHJJKLOP_01925",0,0,0,0,0,0,0,0,0
"PHJJKLOP_01926",0,0,0,0,0,0,0,0,0
"PHJJKLOP_01927",0,0,0,0,0,0,0,0,0
"PHJJKLOP_01928",0,0,0,0,0,0,0,0,0
"PHJJKLOP_01929",220.184897430849,15.572037331785,3.33786190998345,72.3008546573613,0,46.0252729367506,1.76044393955364,98.8635186451646,27.4456815809161
"PHJJKLOP_01930",0,2.91975699970968,0,5.40567137625131,0,15.745488109941,0,26.4288614199945,0
"PHJJKLOP_01931",1.80479424123647,4.86626166618281,0,0,0,0,0,2.93654015777717,0
"PHJJKLOP_01932",319.448580698855,367.88938196342,568.549145333847,116.897643511435,337.684388977318,161.694050975163,286.952362147243,159.552015239226,356.79386055191
"PHJJKLOP_01933",0,0,0,0,0,0,0,0,0
"PHJJKLOP_01934",0,0,0,0,0,4.84476557228954,0,0,0
"PHJJKLOP_01935",46.9246502721481,153.773868651377,65.6446175630078,125.006150575812,0,16.9566795030134,206.852162897552,53.836569559248,0
"PHJJKLOP_01936",0,0,0,0,0,0,0,0,0
"PHJJKLOP_01937",0,0,0,0,0,0,6.16155378843773,0,0
"PHJJKLOP_01938",751.696801474989,465.214615287076,1725.67460746144,360.152855442744,856.490404769744,404.537925286177,720.021571277437,401.327154896213,839.204494493397
"PHJJKLOP_01939",0,0,0,0,0,6.05595696536193,0,56.7731097170252,0
"PHJJKLOP_01940",0,0,0,0,0,0,0,0,0
"PHJJKLOP_01941",3.60958848247293,40.8765979959356,0,0,0,16.9566795030134,0,0,5.27801568863772
"PHJJKLOP_01942",0,0,0,0,0,0,0,0,0
"PHJJKLOP_01943",0,0,0,0,0,0,0,0,0
"PHJJKLOP_01944",0,0,0,0,0,0,0,0,0
"PHJJKLOP_01945",0,0,0,0,0,0,0,0,0
"PHJJKLOP_01946",0,0,0,0,0,0,0,0,0
"PHJJKLOP_01947",0,0,0,0,0,0,0,0,0
"PHJJKLOP_01948",0,0,0,0,0,0,0,0,0
"PHJJKLOP_01949",0,0,0,0,0,0,0,0,0
"PHJJKLOP_01950",0,0,0,0,0,0,0,0,0
"PHJJKLOP_01951",0,0,0,0,0,0,0,0,0
"PHJJKLOP_01952",58.6558128401852,126.522803320753,5.56310318330575,156.764469911288,145.818258876569,95.0785243561823,124.991519708308,216.325124956251,0
"PHJJKLOP_01953",0,2.91975699970968,0,2.70283568812566,0,55.7148040813297,0,0,0
"PHJJKLOP_01954",74.8989610113134,58.3951399941937,139.077579582644,100.004920460649,239.448930365735,0,0,0.978846719259055,70.7254102277454
"PHJJKLOP_01955",0,0,0,0,0,0,0,0,0
"PHJJKLOP_01956",31.5838992216382,0,0,0,0,0,0,0,0
"PHJJKLOP_01957",0,0,0,0,0,22.4070407718391,0,0,0
"PHJJKLOP_01958",0,0,0,0,0,0,0,0,0
"PHJJKLOP_01959",0,0,0,0,0,0,0,0,0
"PHJJKLOP_01960",0,0,0,0,0,0,0,0,0
"PHJJKLOP_01961",0,10.7057756656022,0,54.0567137625131,0,53.292421295185,0,67.5404236288748,0
"PHJJKLOP_01962",0,0,0,0,0,0,0,0,0
"PHJJKLOP_01963",0,0,0,0,0,0,0,0,0
"PHJJKLOP_01964",0,0,0,0,0,0,0,0,0
"PHJJKLOP_01965",0,0,0,0,0,0,0,0,0
"PHJJKLOP_01966",0,0,0,0,0,0,0,0,0
"PHJJKLOP_01967",0,0,0,0,0,0,0,0,0
"PHJJKLOP_01968",0,0,0,0,0,0,0,0,0
"PHJJKLOP_01969",0,0,0,0,0,0,0,0,0
"PHJJKLOP_01970",0,0,0,0,0,0,0,0,0
"PHJJKLOP_01971",52.3390329958576,61.3148969939034,0,0,0,162.905242368236,347.687678061843,48.9423359629527,0
"PHJJKLOP_01972",0,0,0,0,0,0,0,0,0
"PHJJKLOP_01973",0,31.14407466357,77.8834445662805,0,4.60478712241798,69.6435051016622,152.27840077139,129.207766942195,0
"PHJJKLOP_01974",0,39.903345662699,0,0,0,0,0,0,0
"PHJJKLOP_01975",0,0,0,0,0,0,0,0,0
"PHJJKLOP_01977",0,0,0,0,0,0,0,0,0
"PHJJKLOP_01979",0,1.94650466647312,1.11262063666115,0,0,0.605595696536193,0,0,0
"PHJJKLOP_01980",0,0,0,0,0,0,0,0,0
"PHJJKLOP_01981",0,0,0,0,0,0,0,0,0
"PHJJKLOP_01982",0,0,0,0,0,0,0,0,0
"PHJJKLOP_01983",0,64.2346539936131,0,0,0,27.8574020406649,0,0,0
"PHJJKLOP_01984",0,0,0,0,0,0,0,0,0
"PHJJKLOP_01985",0,18.4917943314947,183.58240504909,0,0,0,0,167.382788993298,141.450820455491
"PHJJKLOP_01986",0,0,0,0,0,0,0,0,0
"PHJJKLOP_01987",0,0,0,10.1356338304712,4.60478712241798,0.605595696536193,72.1782015216991,0,0
"PHJJKLOP_01988",0,0,0,0,0,0,0,0,0
"PHJJKLOP_01989",0,0,0,0,0,0,0,0,0
"PHJJKLOP_01990",0,0,0,0,0,0,0,0,0
"PHJJKLOP_01991",0,0,0,0,0,0,0,0,68.6142039522903
"PHJJKLOP_01992",0,0,0,0,0,0,0,0,5.27801568863772
"PHJJKLOP_01993",0,0,0,0,0,0,0,0,0
"PHJJKLOP_01994",0,0,0,0,0,0,0,0,0
"PHJJKLOP_01995",0,0,0,0,0,0,0,0,0
"PHJJKLOP_01996",0,0,0,0,0,0,0,0,0
"PHJJKLOP_01997",0,0,0,0,0,0,0,0,0
"PHJJKLOP_01998",0,0,0,0,0,0,0,0,0
"PHJJKLOP_01999",0,0,0,0,0,0,0,0,0
"PHJJKLOP_02000",0,0,0,0,0,0,0,0,0
"PHJJKLOP_02001",0,0,0,0,0,0,0,0,0
"PHJJKLOP_02002",0,0,0,0,0,22.4070407718391,0,0,0
"PHJJKLOP_02003",0,0,0,0,0,0,0,0,0
"PHJJKLOP_02004",0,0,0,0,0,0,0,0,0
"PHJJKLOP_02005",0,0,0,0,0,0,0,0,0
"PHJJKLOP_02006",0,0,0,0,0,0,0,0,0
"PHJJKLOP_02007",0,0,0,0,0,0,0,0,0
"PHJJKLOP_02008",66.7773869257493,0,52.293169923074,0,288.566659671527,17.5622751995496,100.345304554557,60.6884965940614,0
"PHJJKLOP_02009",0,4.86626166618281,0,0,0,11.5063182341877,0,35.238481893326,40.1129192336467
"PHJJKLOP_02011",70.3869754082222,27.2510653306237,40.0543429198014,37.8396996337592,55.2574454690157,247.083044186767,40.4902106097336,148.784701327376,47.5021411977395
"PHJJKLOP_02012",0,0,0,0,0,0,0,0,0
"PHJJKLOP_02013",1.80479424123647,8.75927099912905,0,0.675708922031414,0,3.63357417921716,0,5.87308031555433,0
"PHJJKLOP_02014",0,0,0,0,0,0,0,0,0
"PHJJKLOP_02015",0,0,0,0,0,0,0,0,0
"PHJJKLOP_02016",0,0,0,0,0,0,0,0,0
"PHJJKLOP_02017",0,0,0,0,0,0,0,0,0
"PHJJKLOP_02018",0,0,0,0,0,0,0,0,0
"PHJJKLOP_02019",0,0,0,0,0,0,0,0,0
"PHJJKLOP_02020",0,0,0,0,0,0,0,0,0
"PHJJKLOP_02021",0,0,0,0,0,0,0,0,0
"PHJJKLOP_02022",0,0,0,0,0,0,0,0,0
"PHJJKLOP_02023",0,0,0,0,0,0,0,0,0
"PHJJKLOP_02024",0,0,0,0,0,0,0,0,0
"PHJJKLOP_02025",0,0,0,0,0,0,0,0,0
"PHJJKLOP_02026",2.7071913618547,4.86626166618281,5.56310318330575,4.7299624542199,0,9.08393544804289,0,7.83077375407244,7.3892219640928
"PHJJKLOP_02027",0,0,0,0,0,0,0,0,0
"PHJJKLOP_02028",0,0,0,0,0,0,0,0,0
"PHJJKLOP_02029",0,0,0,0,0,0,0,0,0
"PHJJKLOP_02030",0,3.89300933294625,0,5.40567137625131,0,29.6741891302734,0,0,0
"PHJJKLOP_02031",0,0,0,0,0,0,0,0,0
"PHJJKLOP_02032",0,0,0,0,0,0,0,0,0
"PHJJKLOP_02033",0,0,0,0,0,0,0,0,0
"PHJJKLOP_02034",0,0,0,0,0,0,0,0,0
"PHJJKLOP_02035",45.1198560309117,38.9300933294625,332.673570361684,26.3526479592251,0,0,86.2617530381282,0,34.8349035450089
"PHJJKLOP_02036",0,66.1811586600862,0,0,0,0,88.9024189474586,44.0481023666575,143.562026730946
"PHJJKLOP_02037",0,0,0,0,0,0,0,0,0
"PHJJKLOP_02038",0,21.4115513312044,0,84.4636152539268,0,109.007225376515,0,116.482759591828,0
"PHJJKLOP_02039",0,0,0,0,0,0,0,0,0
"PHJJKLOP_02040",0,0,0,0,0,0,0,0,0
"PHJJKLOP_02041",0,0,0,0,0,0,0,0,0
"PHJJKLOP_02042",0,0,0,41.8939531659477,0,57.5315911709383,28.1671030328582,42.0904089281394,0
"PHJJKLOP_02043",0,0,0,0,0,0,0,0,0
"PHJJKLOP_02044",0,0,0,0,0,0,0,0,0
"PHJJKLOP_02045",0,0,0,0,0,0,0,0,0
"PHJJKLOP_02046",0,0,0,0,0,0,0,0,0
"PHJJKLOP_02047",2.7071913618547,56.4486353277206,0,102.707756148775,0,36.3357417921716,1.76044393955364,85.1596645755378,89.7262667068412
"PHJJKLOP_02048",0,0,0,0,0,0,0,0,0
"PHJJKLOP_02049",0,0,0,0,0,0,0,0,0
"PHJJKLOP_02050",39.7054733072023,6.81276633265593,0,0,0,1.21119139307239,0,3.91538687703622,0
"PHJJKLOP_02051",0,0,0,0,0,0,0,0,0
"PHJJKLOP_02052",154.309907625718,110.950765988968,0,90.5449955522095,36.8382969793438,69.6435051016622,30.8077689421886,233.944365902914,95.0042823954789
"PHJJKLOP_02053",0,0,0,0,0,0,0,0,0
"PHJJKLOP_02054",70.3869754082222,110.950765988968,0,6.75708922031414,0,46.6308686332868,44.8913204586177,17.619240946663,80.2258384672933
"PHJJKLOP_02055",0,0,0,0,0,0,0,0,0
"PHJJKLOP_02056",0,0,0,0,0,0,0,0,0
"PHJJKLOP_02057",0,0,0,0,0,0,0,0,0
"PHJJKLOP_02058",0,0,0,0,0,0,0,0,0
"PHJJKLOP_02059",0,0,0,0,0,0,0,0,0
"PHJJKLOP_02060",0,0,0,0,0,0,0,0,0
"PHJJKLOP_02061",0,0,0,0,0,0,0,0,0
"PHJJKLOP_02062",54.143827237094,89.5392146577637,82.3339271129251,151.358798535037,0,118.696756521094,44.0110984888409,149.763548046635,116.11634515003
"PHJJKLOP_02063",0,0,0,0,0,0,0,0,0
"PHJJKLOP_02064",0,0,0,0,0,0,0,0,0
"PHJJKLOP_02065",0,0.973252333236561,0,0,7.67464520402996,36.9413374887078,0,0,0
"PHJJKLOP_02066",0,0,0,0,0,0,0,0,0
"PHJJKLOP_02067",0,0,0,0,0,0,0,0,0
"PHJJKLOP_02068",0,0,0,0,0,0,0,0,0
"PHJJKLOP_02069",0,0,0,0,0,0,0,0,0
"PHJJKLOP_02070",0,0,0,0,0,0,0,0,0
"PHJJKLOP_02071",0,0,0,0,0,0,0,0,0
"PHJJKLOP_02072",0,0.973252333236561,0,0,0,2.42238278614477,0,0,0
"PHJJKLOP_02073",0,0,38.9417222831402,0,0,0,0,0,0
"PHJJKLOP_02074",0.902397120618234,0,0,0,0,0,3.52088787910727,10.7673139118496,2.11120627545509
"PHJJKLOP_02075",1063.02380808828,302.681475636571,1549.88054686898,748.009776688775,561.784028934993,528.07944737956,569.503614445601,585.350338116915,402.184795474194
"PHJJKLOP_02076",0,0,0,0,0,0,0,0,0
"PHJJKLOP_02077",37.9006790659658,0,0,0,0,0,0,0,0
"PHJJKLOP_02078",0,0,0,0,0,2.42238278614477,0,0,0
"PHJJKLOP_02079",0,0,0,0,0,0,0,0,0
"PHJJKLOP_02080",0,0,0,0,0,0,0,0,0
"PHJJKLOP_02081",0,0,0,0,0,0,0,0,0
"PHJJKLOP_02082",0,0,0,0,0,0,0,0,0
"PHJJKLOP_02083",0,0,0,0,0,0,0,0,0
"PHJJKLOP_02084",0,0,0,0,0,0,0,0,0
"PHJJKLOP_02085",0,0,0,0,0,0,0,0,0
"PHJJKLOP_02086",0,0,0,0,0,0,0,0,0
"PHJJKLOP_02087",0,0,0,0,0,0,0,0,0
"PHJJKLOP_02088",0,0,0,0,0,0,0,0,0
"PHJJKLOP_02089",0,0,0,0,0,0,0,0,0
"PHJJKLOP_02090",72.1917696494587,0,0,134.466075484251,0,60.5595696536193,92.4233068265659,0,0
"PHJJKLOP_02091",0,0,0,0,0,3.02797848268096,0,0,128.78358280276
"PHJJKLOP_02092",0,29.1975699970968,0,48.6510423862618,0,39.9693159713887,0,45.0269490859165,0
"PHJJKLOP_02093",0,0,0,0,0,0,0,0,0
"PHJJKLOP_02094",0,0,0,0,0,13.9287010203324,0,0,0
"PHJJKLOP_02095",0,0,0,0,0,0,0,0,0
"PHJJKLOP_02096",0,0,0,0,0,0,0,0,0
"PHJJKLOP_02097",36.0958848247293,40.8765979959356,181.357163775767,43.9210799320419,0,49.6588471159678,0,37.1961753318441,0
"PHJJKLOP_02098",0,29.1975699970968,0,11.487051674534,1.53492904080599,15.745488109941,0.880221969776818,2.93654015777717,0
"PHJJKLOP_02099",0,33.0905793300431,0,0,23.0239356120899,0,0,0,0
"PHJJKLOP_02100",0,8.75927099912905,27.8155159165287,0,0,15.1398924134048,0,5.87308031555433,0
"PHJJKLOP_02101",0,0,0,0,0,0,0,0,0
"PHJJKLOP_02102",0,0,0,0,0,0,0,0,0
"PHJJKLOP_02103",0,0,0,0,0,0,0,0,0
"PHJJKLOP_02104",0,9.73252333236561,0,0,0,0,0,0,0
"PHJJKLOP_02105",0,0,0,0,0,0,0,0,0
"PHJJKLOP_02106",0,0,0,0,0,0,0,0,0
"PHJJKLOP_02107",0,0,0,0,0,0,0,0,0
"PHJJKLOP_02108",0,0,0,0,0,0.605595696536193,0,0,0
"PHJJKLOP_02109",0,0,0,0,0,0,0,19.5769343851811,0
"PHJJKLOP_02110",0,0,0,0,0,0,0,0,0
"PHJJKLOP_02111",0,0,0,0,0,0,0,0,0
"PHJJKLOP_02112",0,0,0,0,0,0,0,0,0
"PHJJKLOP_02113",0,0,0,0,0,0,0,0,0
"PHJJKLOP_02114",0,0,0,0,0,0,0,0,0
"PHJJKLOP_02115",0,0,0,0,0,0,0,0,0
"PHJJKLOP_02116",0,0,5.56310318330575,0,13.8143613672539,3.02797848268096,0,0,0
"PHJJKLOP_02117",0,0,0,0,0,0,0,0,0
"PHJJKLOP_02118",0,0,0,0,0,0,0,0,0
"PHJJKLOP_02119",0,0,0,0,0,0,0,0,0
"PHJJKLOP_02120",68.5821811669858,66.1811586600862,0,61.4895119048587,4.60478712241798,20.5902536822306,4.40110984888409,4.89423359629528,34.8349035450089
"PHJJKLOP_02121",192.210586691684,52.5556259947743,181.357163775767,92.5721223183037,102.840245734001,66.6155266189812,51.9330962168323,13.7038540696268,109.782726323665
"PHJJKLOP_02122",0,48.6626166618281,20.0271714599007,19.595558738911,0,1.21119139307239,21.1253272746436,0,0
"PHJJKLOP_02123",0,0,0,0,0,0,0,7.83077375407244,0
"PHJJKLOP_02124",0,0,0,0,0,0,0,0,0
"PHJJKLOP_02125",0,0,0,0,0,0,0,0,0
"PHJJKLOP_02126",0,0,0,0,0,0,126.751963647862,0,50.6689506109221
"PHJJKLOP_02127",0,0,0,0,0,0,0,0,0
"PHJJKLOP_02128",0,0,0,0,0,0,0,0,0
"PHJJKLOP_02129",0,0,0,0,0,0,0,0,0
"PHJJKLOP_02130",33.3886934628746,0,0,0,0,0,0,29.3654015777716,0
"PHJJKLOP_02131",10.8287654474188,31.14407466357,2.2252412733223,8.78421598640838,0,0.605595696536193,19.36488333509,66.5615769096157,1.05560313772754
"PHJJKLOP_02132",0,0,0,0,0,0,0,0,0
"PHJJKLOP_02133",0,0,0,0,0,0,0,0,0
"PHJJKLOP_02134",0,0,0,0,0,0.605595696536193,0,0,0
"PHJJKLOP_02135",0,0,0,0,0,0,0,0,0
"PHJJKLOP_02136",0,9.73252333236561,35.6038603731568,0,0,6.66155266189812,0,0,0
"PHJJKLOP_02137",0,0,0,0,0,0,0,0,0
"PHJJKLOP_02138",0,3.89300933294625,0,38.5154085557906,0,14.5342967168686,158.439954559827,64.6038834710976,141.450820455491
"PHJJKLOP_02139",29.7791049804017,0,164.66785422585,0,0,0.605595696536193,0,0,0
"PHJJKLOP_02140",0,0,0,0,0,0,0,0,0
"PHJJKLOP_02141",0,0,0,0,0,0,0,0,0
"PHJJKLOP_02142",0,0,0,0,0,0,0,0,0
"PHJJKLOP_02143",0,0,0,0,0,0,0,0,0
"PHJJKLOP_02144",0,0,0,0,0,0,0,0,0
"PHJJKLOP_02145",0,0,0,0,0,0,0,0,0
"PHJJKLOP_02146",1255.23439477996,658.891829601152,369.390051371502,851.393241759582,1221.80351648157,2430.25553019974,767.553557645385,928.925536576843,888.817841966592
"PHJJKLOP_02147",0,0,0,0,0,0,0,0,0
"PHJJKLOP_02148",0,0,0,0,0,0,0,0,0
"PHJJKLOP_02149",0,0,0,0,0,0,0,0,0
"PHJJKLOP_02150",0,0,0,0,0,0,0,0,0
"PHJJKLOP_02151",0,0,0,0,0,0,0,0,145.673233006401
"PHJJKLOP_02152",0,0,0,0,0,0,0,0,0
"PHJJKLOP_02153",41.5102675484387,0,0,0,0,0,0,0,0
"PHJJKLOP_02154",20.7551337742194,25.3045606641506,0,77.0308171115812,0,10.2951268411153,75.6990894008064,102.778905522201,83.3926478804759
"PHJJKLOP_02155",0,0,0,0,0,0,0,0,0
"PHJJKLOP_02156",0,0,0,0,0,0,0,0,0
"PHJJKLOP_02157",0,0,0,0,0,0,0,0,0
"PHJJKLOP_02158",0,0,0,0,0,0,0,0,0
"PHJJKLOP_02159",0,0,0,0,0,0,0,0,0
"PHJJKLOP_02160",0,25.3045606641506,0,0,0,0,0,0,0
"PHJJKLOP_02161",0,0,30.040757189851,43.9210799320419,0,46.0252729367506,0,64.6038834710976,0
"PHJJKLOP_02162",0,26.2778129973872,0,0,0,0,0,0,0
"PHJJKLOP_02163",0,0,0,0,0,0,0,0,0
"PHJJKLOP_02164",0,0,0,0,0,0,0,0,0
"PHJJKLOP_02165",0,0,0,0,0,0,0,0,0
"PHJJKLOP_02166",0,0,0,0.675708922031414,0,2.42238278614477,0,0,0
"PHJJKLOP_02167",0,0,0,0,0,0,0,0,0
"PHJJKLOP_02168",0,37.9568409962259,0,39.191117477822,6.13971616322397,7.87274405497051,1.76044393955364,54.8154162785071,64.3917914013801
"PHJJKLOP_02169",0,0,0,0,0,0,0,0,0
"PHJJKLOP_02170",0,0,0,0,0,0,0,0,0
"PHJJKLOP_02171",0,0,0,0,0,0,0,0,0
"PHJJKLOP_02172",177.772232761792,31.14407466357,82.3339271129251,9.4599249084398,0,21.1958493787667,115.309078040763,0,0
"PHJJKLOP_02173",0,0,0,0,0,7.87274405497051,0,0,0
"PHJJKLOP_02174",0,0,0,0,0,0,0,0,0
"PHJJKLOP_02175",0,0,0,0,0,0,0,0,0
"PHJJKLOP_02176",0,0,0,0,0,0,0,0,0
"PHJJKLOP_02177",0,1.94650466647312,0,0,0,0,0,0,0
"PHJJKLOP_02178",0,0,0,0,0,0,0,0,0
"PHJJKLOP_02179",0,0,0,0,0,0,0,0,0
"PHJJKLOP_02180",0,0,74.545582656297,29.0554836473508,0,0,0,33.2807884548079,0
"PHJJKLOP_02181",0,0,0,0,0,0,0,0,0
"PHJJKLOP_02182",0,0,0,0,0,0,0,0,0
"PHJJKLOP_02183",0,0,0,0,0,21.8014450753029,0,0,0
"PHJJKLOP_02184",29.7791049804017,49.6358689950646,8.9009650932892,55.408131606576,70.6067358770756,144.131775775614,74.8188674310295,291.696322339198,159.396073796859
"PHJJKLOP_02185",0,0,0,0,0,0,0,0,0
"PHJJKLOP_02186",0,0,0,0,0,0,0,0,0
"PHJJKLOP_02187",0,0.973252333236561,0,0,0,3.02797848268096,0,0,8.44482510182035
"PHJJKLOP_02188",67.6797840463675,150.854111651667,0,56.7595494506388,7.67464520402996,70.2491007981984,0,43.0692556473984,0
"PHJJKLOP_02189",28.8767078597835,81.7531959918712,10.0135857299503,36.4882817896964,13.8143613672539,80.5442276393136,14.0835515164291,100.821212083683,74.9478227786556
"PHJJKLOP_02190",0,0,0,0,213.355136672033,17.5622751995496,0,0,0
"PHJJKLOP_02191",173.260247158701,2.91975699970968,56.7436524697186,73.6522725014241,6.13971616322397,107.796033983442,0,41.1115622088803,80.2258384672933
"PHJJKLOP_02192",0,6.81276633265593,0,54.0567137625131,0,4.84476557228954,5.28133181866091,46.0057958051756,58.0581725750149
"PHJJKLOP_02193",0,0,87.8970302962308,0,0,82.3610147289222,72.1782015216991,51.8788761207299,76.0034259163831
"PHJJKLOP_02194",0,0,0,0,0,0,0,0,0
"PHJJKLOP_02195",0,0,0,0,0,0,0,0,0
"PHJJKLOP_02196",0,0,0,0,0,0,0,0,0
"PHJJKLOP_02197",0,0,0,0,0,0,0,0,0
"PHJJKLOP_02198",0,0,0,69.5980189692357,0,0,0,0.978846719259055,61.2249819881975
"PHJJKLOP_02199",0,0,0,0,0,0,0,0,0
"PHJJKLOP_02200",101.97087462986,114.843775321914,11.1262063666115,154.061634223162,70.6067358770756,207.113728215378,0.880221969776818,150.742394765894,253.34475305461
"PHJJKLOP_02201",48.7294445133846,32.1173269968065,4.4504825466446,36.4882817896964,273.217369263467,101.134481321544,0,51.8788761207299,110.838329461392
"PHJJKLOP_02202",0,0,0,0,0,0,0,0,0
"PHJJKLOP_02203",0,0,0,0,0,0,0,0,0
"PHJJKLOP_02204",0,0,0,0,0,0,0,0,0
"PHJJKLOP_02205",0,0,0,0,0,0,0,0,0
"PHJJKLOP_02206",0,0,0,0,0,0,0,0,0
"PHJJKLOP_02207",0,0,0,0,0,0,0,0,0
"PHJJKLOP_02208",0,0,0,0,0,0,0,0,65.4473945391077
"PHJJKLOP_02209",0,0,0,0,0,0,0,0,0
"PHJJKLOP_02210",0,38.9300933294625,0,13.5141784406283,0,104.162459804225,0,25.4500147007354,0
"PHJJKLOP_02211",0,0,0,0,0,9.08393544804289,0,0,0
"PHJJKLOP_02212",0,0,0,43.2453710100105,138.143613672539,78.1218448531689,1.76044393955364,92.0115916103512,68.6142039522903
"PHJJKLOP_02213",0,0,0,0,0,0,0,0,0
"PHJJKLOP_02214",0,0,0,21.6226855050053,39.9081550609558,11.5063182341877,0,0,71.781013365473
"PHJJKLOP_02215",0,4.86626166618281,0,0,0,0,0,76.3500441022063,0
"PHJJKLOP_02216",0,0,0,0,0,0,0,0,0
"PHJJKLOP_02217",0,29.1975699970968,0,0,0,0,60.7353159146005,0,0
"PHJJKLOP_02218",0,0,0,0,0,0,0,0,0
"PHJJKLOP_02219",0,0,0,0,0,0,0,0,0
"PHJJKLOP_02220",0,0,0,0,0,0,0,0,0
"PHJJKLOP_02221",0,0,0,0,0,0,0,0,0
"PHJJKLOP_02222",0,0,0,0,0,0,0,0,0
"PHJJKLOP_02223",0,0,0,0,0,0,0,0,0
"PHJJKLOP_02224",0,0,0,0,0,0,0,0,0
"PHJJKLOP_02225",0,0,0,0,0,0,0,0,0
"PHJJKLOP_02226",0,0,0,0,0,0,0,0,0
"PHJJKLOP_02227",0,0,0,0,0,0,0,0,0
"PHJJKLOP_02228",0,0,0,0,0,0,0,0,0
"PHJJKLOP_02229",0,21.4115513312044,0,0,0,58.7427825640107,0,0,0
"PHJJKLOP_02230",0,49.6358689950646,0,10.8113427525026,0,42.3916987575335,0,62.6461900325795,0
"PHJJKLOP_02231",103.775668871097,101.218242656602,17.8019301865784,95.2749580064294,0,29.0685934337373,0,0,4.22241255091017
"PHJJKLOP_02232",0,25.3045606641506,0,109.464845369089,6.13971616322397,33.3077633094906,36.0891007608495,39.1538687703622,16.8896502036407
"PHJJKLOP_02233",0,0,0,0,0,0,0,0,0
"PHJJKLOP_02234",0,0,0,0,0,0,0,0,0
"PHJJKLOP_02235",20.7551337742194,4.86626166618281,0,2.02712676609424,0,4.23916987575335,0,49.9211826822118,0
"PHJJKLOP_02236",20.7551337742194,66.1811586600862,0,38.5154085557906,0,42.3916987575335,44.0110984888409,0,0
"PHJJKLOP_02237",0,0,0,0,0,0,0,0,0
"PHJJKLOP_02238",0,0,0,0,0,0,0,0.978846719259055,0
"PHJJKLOP_02239",0,0,0,0,0,0,0,0,0
"PHJJKLOP_02240",0,0,0,0,0,0,0,0,0
"PHJJKLOP_02241",0,0,0,0,0,0,0,0,0
"PHJJKLOP_02242",0,0,0,0,0,0,0,0,0
"PHJJKLOP_02243",0,33.0905793300431,0,0,0,0,0,0,0
"PHJJKLOP_02244",0,0,0,0,0,0,0,0,0
"PHJJKLOP_02245",0,0,0,0,0,0,0,0,0
"PHJJKLOP_02246",0,46.716111995355,0,43.9210799320419,0,30.2797848268096,104.746414403441,0,0
"PHJJKLOP_02247",0,0,0,0,0,1.21119139307239,0,10.7673139118496,7.3892219640928
"PHJJKLOP_02248",0,0,0,0,0,0,46.6517643981714,0,0
"PHJJKLOP_02249",29.7791049804017,32.1173269968065,13.3514476399338,31.082610413445,0,84.783397515067,19.36488333509,25.4500147007354,26.3900784431886
"PHJJKLOP_02250",293.279064200926,116.790279988387,0,29.7311925693822,224.099639957675,177.439539085104,152.27840077139,177.171256185889,245.955531090518
"PHJJKLOP_02251",0,0,0,0,0,0,0,0,0
"PHJJKLOP_02252",0,0,0,0,0,0,0,0,0
"PHJJKLOP_02253",0,0,0,0,0,0,0,0,0
"PHJJKLOP_02254",0,0,0,0,0,0,0,0,0
"PHJJKLOP_02255",54.143827237094,0,0,45.9482066981362,176.516839692689,9.68953114457908,0,2.93654015777717,1.05560313772754
"PHJJKLOP_02256",1324.71897306757,900.258408243819,562.986042150542,856.123204213802,1238.68773593044,658.888117831378,1109.95990388857,808.527390107979,505.633902971493
"PHJJKLOP_02257",0,0,0,0,0,0,0,0,0
"PHJJKLOP_02258",0,0,0,0,0,0,0,0,0
"PHJJKLOP_02259",0,0,0,0,0,0,0,0,0
"PHJJKLOP_02260",0,83.6997006583443,0,78.382234955644,0,0,0,0,0
"PHJJKLOP_02261",91.1421091824416,59.3683923274303,70.0951001096524,128.384695185969,167.307265447853,34.518954702563,72.1782015216991,36.217328612585,60.16937885047
"PHJJKLOP_02262",68.5821811669858,29.1975699970968,14.4640682765949,40.5425353218848,41.4430841017618,67.8267180120536,0,29.3654015777716,230.121484024604
"PHJJKLOP_02263",0,0,0,0,0,0,0,0,0
"PHJJKLOP_02264",0,0,58.9688937430409,0,0,61.7707610466917,2.64066590933045,0,0
"PHJJKLOP_02265",21.6575308948376,28.2243176638603,22.252412733223,12.1627605965655,30.6985808161198,44.8140815436783,20.2451053048668,36.217328612585,9.50042823954789
"PHJJKLOP_02266",0,0.973252333236561,0,0,0,0,0,0,0
"PHJJKLOP_02267",0,0,0,0,0,9.08393544804289,0,0,0
"PHJJKLOP_02268",0,0.973252333236561,0,0,0,35.7301460956354,0,0,0
"PHJJKLOP_02269",0,0.973252333236561,0,0,0,0,0,0,0
"PHJJKLOP_02270",0,0,0,0,0,0,0,0,0
"PHJJKLOP_02271",0,0,0,0,0,0,0,0,0
"PHJJKLOP_02272",125.433199765934,202.436485313205,0,104.059173992838,173.446981611077,0,53.6935401563859,37.1961753318441,0
"PHJJKLOP_02273",0.902397120618234,52.5556259947743,0,23.6498122710995,0,29.0685934337373,0,28.3865548585126,21.1120627545509
"PHJJKLOP_02274",284.255092994744,35.0370839965162,168.005716135834,0,0,89.6281630873565,148.757512892282,56.7731097170252,0
"PHJJKLOP_02275",0,0,0,0,0,0,0,0,0
"PHJJKLOP_02276",0,0,0,0,0,0,0,0,0
"PHJJKLOP_02277",0,0,0,0,0,0,0,0,0
"PHJJKLOP_02278",0,0,0,0,0,0,0,0,0
"PHJJKLOP_02279",0,0,0,0,0,0,0,0,0
"PHJJKLOP_02280",0,0,0,0,0,0,0,0,0
"PHJJKLOP_02281",0,0,221.411506695569,0,0,0,0,0,0
"PHJJKLOP_02282",0,0,0,0,0,0,0,0,0
"PHJJKLOP_02283",111.897242956661,0,0,0,0,1.21119139307239,0,0,0
"PHJJKLOP_02285",0,0,0,0,0,0,0,0,0
"PHJJKLOP_02286",0,0,0,0,0,0,0,47.9634892436937,0
"PHJJKLOP_02287",0,0,0,0,0,0,0,0,0
"PHJJKLOP_02288",0,29.1975699970968,0,20.9469765829738,0,0,0,34.2596351740669,0
"PHJJKLOP_02289",0,0,0,0,0,0,0,0,0
"PHJJKLOP_02290",0,0,0,0,0,0,0,0,0
"PHJJKLOP_02291",0,0,0,0,0,0,0,0,0
"PHJJKLOP_02292",0.902397120618234,0,0,0,0,16.3510838064772,0,0,0
"PHJJKLOP_02293",0,0,0,0,0,0,0,0,0
"PHJJKLOP_02294",0,0,0,0,0,0,0,0,0
"PHJJKLOP_02295",0,0,0,0,0,0,0,0,0
"PHJJKLOP_02296",0,0,0,0,0,0,0,0,0
"PHJJKLOP_02297",0,0,0,0,0,31.490976219882,0,0,0
"PHJJKLOP_02298",10.8287654474188,118.736784654861,0,14.1898873626597,0,72.6714835843431,0,0.978846719259055,16.8896502036407
"PHJJKLOP_02299",0,0,0,0,0,0,0,0,0
"PHJJKLOP_02300",0,0,0,0,0,0,0,0,0
"PHJJKLOP_02301",0,0,0,0,0,0,0,0,0
"PHJJKLOP_02302",0,0,0,0,0,0,0,0,0
"PHJJKLOP_02303",0,0,0,0,0,0,0,0,0
"PHJJKLOP_02304",0,0,0,0,0,0,0,0,0
"PHJJKLOP_02305",0,0,0,0,0,0,0,0,0
"PHJJKLOP_02306",0,0,0,0,0,0,0,0,0
"PHJJKLOP_02307",0,1.94650466647312,528.494802414046,0,0,3.02797848268096,24.6462151537509,7.83077375407244,0
"PHJJKLOP_02308",32.4862963422564,28.2243176638603,75.6582032929582,133.114657640189,13.8143613672539,92.6561415700375,10.5626636373218,158.573168519967,128.78358280276
"PHJJKLOP_02309",0,0,0,0,0,0,0,0,0
"PHJJKLOP_02310",0,25.3045606641506,0,0,0,0,0,0.978846719259055,5.27801568863772
"PHJJKLOP_02311",0,0,0,0,0,0,0,0,0
"PHJJKLOP_02312",0,0,0,0,0,0,0,0,0
"PHJJKLOP_02313",395.249938830786,471.054129286496,384.966740284758,732.468471482053,108.979961897225,386.975650086627,235.01926593041,345.532891898446,394.795573510101
"PHJJKLOP_02314",0,0,0,0,0,0,0,0,0
"PHJJKLOP_02315",0,0,0,0,0,0,0,0,0
"PHJJKLOP_02316",0,0,0,0,0,0,0,0,0
"PHJJKLOP_02317",0,105.111251989549,133.514476399338,93.9235401623665,0,94.4729286596461,73.0584234914759,88.0962047333149,0
"PHJJKLOP_02318",0,0,102.361098572826,126.357568419874,0,79.9386319427774,0,147.805854608117,106.615916910482
"PHJJKLOP_02319",0,0,0,0,0,0,0,0,0
"PHJJKLOP_02320",0,0,0,0,0,0,0,0,0
"PHJJKLOP_02321",0,0,1.11262063666115,0,0,0,0,0,0
"PHJJKLOP_02322",0,0,0,0,0,34.518954702563,91.5430848567891,0,0
"PHJJKLOP_02323",0,0,0,0,0,0,0,0,0
"PHJJKLOP_02324",0,0,0,0,0,0,0,0,0
"PHJJKLOP_02325",0,0,0,0,0,0,0,0,0
"PHJJKLOP_02326",0,0,0,0,0,0,0,0,0
"PHJJKLOP_02327",0,0,0,0,0,0,0,0,0
"PHJJKLOP_02328",0,0,0,0,0,0,0,0,0
"PHJJKLOP_02329",0,0,0,0,0,0,0,0,0
"PHJJKLOP_02330",0,0,0,0,0,0,0,0,0
"PHJJKLOP_02331",0,2.91975699970968,0,0,0,0,0,0,0
"PHJJKLOP_02332",0,0,0,0,0,0,0,0,0
"PHJJKLOP_02333",0,0,0,0,0,0,0,0,0
"PHJJKLOP_02334",0,26.2778129973872,0,0.675708922031414,42.9780131425678,26.6462106475925,0,0,0
"PHJJKLOP_02335",0,40.8765979959356,0,0,0,0,0,0,0
"PHJJKLOP_02336",0,0,0,0,0,0,0,0,0
"PHJJKLOP_02337",0,1.94650466647312,0,50.0024602303246,0,21.1958493787667,0,0,6.33361882636526
"PHJJKLOP_02338",0,4.86626166618281,0,0,0,0,0,0,0
"PHJJKLOP_02339",0,0,0,0,271.682440222661,39.9693159713887,0,0,0
"PHJJKLOP_02340",0,0,0,0,0,0,0,0,0
"PHJJKLOP_02341",0,0,0,0,0,0,0,0,0
"PHJJKLOP_02342",0,0,0,0,0,0,0,0,0
"PHJJKLOP_02343",0,0,0,0,0,0,0,57.7519564362842,0
"PHJJKLOP_02344",49.6318416340029,0,0,0,0,124.14711778992,156.679510620274,58.7308031555433,55.9469662995598
"PHJJKLOP_02345",0,6.81276633265593,0,0,0,9.08393544804289,0,0,0
"PHJJKLOP_02346",0,21.4115513312044,0,0,0,0,0,0,0
"PHJJKLOP_02347",0,0,0,0,0,0,0,0,0
"PHJJKLOP_02348",0,0,0,0,0,9.68953114457908,0,0,5.27801568863772
"PHJJKLOP_02349",0,0,0,0,0,0,0,0,0
"PHJJKLOP_02350",0,0,0,0,0,0,0,0,0
"PHJJKLOP_02351",0,0,0,0,0,0,0,0,0
"PHJJKLOP_02352",0,0,0,0,0,0,0,0,0
"PHJJKLOP_02353",0,0,0,35.8125728676649,0,25.4350192545201,0,0,0
"PHJJKLOP_02354",0,0,0,0,0,0,0,18.598087665922,0
"PHJJKLOP_02355",0,0,0,0,0,0,0,0,0
"PHJJKLOP_02356",0,0,0,0,52.1875873874037,16.3510838064772,51.0528742470555,0,0
"PHJJKLOP_02357",0,0,0,0,0,0,0,0,0
"PHJJKLOP_02358",0,30.1708223303334,0,0,0,0,78.3397553101368,21.5346278236992,0
"PHJJKLOP_02359",0,0,0,0,0,0,0,0,0
"PHJJKLOP_02360",154.309907625718,242.339830975904,100.135857299503,43.9210799320419,121.259394223673,21.8014450753029,135.55418334563,39.1538687703622,47.5021411977395
"PHJJKLOP_02361",2.7071913618547,14.5987849985484,0,0,0,1.81678708960858,15.8439954559827,5.87308031555433,73.892219640928
"PHJJKLOP_02362",0,33.0905793300431,53.4057905597352,99.3292115386179,0,59.3483782605469,0,107.673139118496,0
"PHJJKLOP_02363",0,0,0,0,0,77.5162491566327,0,0,0
"PHJJKLOP_02364",61.3630042020399,21.4115513312044,0,93.9235401623665,0,66.6155266189812,89.7826409172355,85.1596645755378,209.009421270054
"PHJJKLOP_02365",0,0,0,0,0,0,0,0,0
"PHJJKLOP_02366",49.6318416340029,0,0,0,0,0,72.1782015216991,0,0
"PHJJKLOP_02367",0,0,0,0,0,0,0,0,0
"PHJJKLOP_02368",0,0,0,0,0,0,0,0,0
"PHJJKLOP_02369",0,0,0,0,0,0,0,0,0
"PHJJKLOP_02370",0,16.5452896650215,0,0,6.13971616322397,10.9007225376515,0,29.3654015777716,23.223269030006
"PHJJKLOP_02371",7.21917696494587,103.164747323076,113.487304939437,105.410591836901,0,0,26.4066590933045,128.228920222936,89.7262667068412
"PHJJKLOP_02372",0,0,0,0,0,0,0,0,0
"PHJJKLOP_02373",0,0,0,0,0,0,0,0,0
"PHJJKLOP_02374",0,0.973252333236561,0,0,0,15.745488109941,0,0.978846719259055,0
"PHJJKLOP_02375",45.1198560309117,28.2243176638603,0,0,0,0,0,3.91538687703622,92.8930761200238
"PHJJKLOP_02376",0,2.91975699970968,16.6893095499172,0,0,24.2238278614477,39.6099886399568,28.3865548585126,0
"PHJJKLOP_02377",0,5.83951399941937,36.7164810098179,0,0,0,27.2868810630814,53.836569559248,19.0008564790958
"PHJJKLOP_02378",0,3.89300933294625,0,0,0,1.21119139307239,0,0.978846719259055,0
"PHJJKLOP_02379",352.837274161729,134.308821986645,697.613139186541,293.257672161634,79.8163101219116,542.613744096429,352.088787910727,469.846425244346,523.579156312862
"PHJJKLOP_02380",0,0,0,0,0,0,0,0,0
"PHJJKLOP_02381",0,0,0,0,0,0,0,0,0
"PHJJKLOP_02382",0,0,0,0,0,0,0,0,0
"PHJJKLOP_02383",0,0,0,0,0,0,0,0,0
"PHJJKLOP_02384",0,0,0,0,0,0,0,0,0
"PHJJKLOP_02385",354.642068402966,0,0,0,39.9081550609558,26.6462106475925,0,0,0
"PHJJKLOP_02386",0,21.4115513312044,0,0,0,0,0,0,0
"PHJJKLOP_02387",110.092448715425,169.345905983162,352.700741821584,80.4093617217383,0,89.0225673908203,78.3397553101368,0,66.5029976768352
"PHJJKLOP_02388",0,0,0,0,0,0,0,0,0
"PHJJKLOP_02389",0,10.7057756656022,0,0,0,12.71750962726,56.3342060657164,0,0
"PHJJKLOP_02390",0,0,0,0,0,0,0,0,0
"PHJJKLOP_02391",0,14.5987849985484,248.114401975436,0,73.6765939586876,30.8853805233458,1.76044393955364,3.91538687703622,0
"PHJJKLOP_02392",0,0,0,0,0,0,0,0,0
"PHJJKLOP_02393",0,0,0,0,0,0,0,0,0
"PHJJKLOP_02394",0,0,0,0,0,0,0,0,0
"PHJJKLOP_02395",207.551337742194,560.593343944259,51.1805492864129,414.885278127288,326.939885691676,371.230161976686,234.139043960634,575.561870924324,480.299427666032
"PHJJKLOP_02396",0,0,0,0,0,0,0,0,0
"PHJJKLOP_02397",0,0,0,0,0,5.45036126882573,0,0.978846719259055,0
"PHJJKLOP_02398",0,0,0,0,0,0,0,0,0
"PHJJKLOP_02399",0,0,0,0,0,0,0,0,0
"PHJJKLOP_02400",0,0,0,0,0,0,0,0,0
"PHJJKLOP_02401",0,0,0,0,0,13.9287010203324,0,31.3230950162898,1.05560313772754
"PHJJKLOP_02402",0,0,0,0,0,0,0,0,0
"PHJJKLOP_02403",0,0,0,0,0,0,0,0,0
"PHJJKLOP_02404",0,3.89300933294625,0,0,0,0,0,10.7673139118496,0
"PHJJKLOP_02405",0,0,0,0,0,0,0,0,0
"PHJJKLOP_02406",0,0,0,0,0,0,0,1.95769343851811,0
"PHJJKLOP_02407",0,0,0,0,0,0,0,0,0
"PHJJKLOP_02408",0,0,0,0,0,0,0,0,0
"PHJJKLOP_02409",0,0,0,0,0,0,0,0,0
"PHJJKLOP_02410",0,0,0,0,0,0,0,0,0
"PHJJKLOP_02411",0,0,0,0,0,0,0,0,0
"PHJJKLOP_02412",0,0,0,0,0,0,0,0,0
"PHJJKLOP_02413",0,0,0,0,0,0,84.5013090985745,10.7673139118496,0
"PHJJKLOP_02414",0,0,0,0,0,0,0,25.4500147007354,0
"PHJJKLOP_02415",0,0,0,0,0,0,0,0,0
"PHJJKLOP_02416",0,0,0,0,0,0,0,0,0
"PHJJKLOP_02417",1.80479424123647,0,0,0,0,0,0,33.2807884548079,39.0573160959191
"PHJJKLOP_02418",0,0,0,0,0,0,0,0,0
"PHJJKLOP_02419",0,0,0,0,0,0,0,0,0
"PHJJKLOP_02420",0,0,0,0,0,0,0,0,0
"PHJJKLOP_02421",0,0,0,50.0024602303246,0,0,0,0.978846719259055,1.05560313772754
"PHJJKLOP_02422",0,0,0,0,0,0,0,0,0
"PHJJKLOP_02423",0.902397120618234,50.6091213283012,218.073644785585,50.0024602303246,0,0,2.64066590933045,45.0269490859165,0
"PHJJKLOP_02424",0,0,0,0,0,0,0,0,0
"PHJJKLOP_02425",0,2.91975699970968,0,0,0,0,0,0,0
"PHJJKLOP_02426",0,0,0,0,0,0,0,0,0
"PHJJKLOP_02427",0,0,0,0,0,0,0,0,0
"PHJJKLOP_02428",0,0,0,0,0,0,0,0,0
"PHJJKLOP_02429",0,0,0,0,0,32.0965719164182,0,0,0
"PHJJKLOP_02430",0,0,61.1941350163632,0,0,0,0,0,0
"PHJJKLOP_02431",0,0,0,0,0,9.08393544804289,0,24.4711679814764,0
"PHJJKLOP_02432",0,0,0,0,0,0,0,0,0
"PHJJKLOP_02433",0,0,0,0,0,0,0,0,0
"PHJJKLOP_02434",0,65.2079063268496,0,0,0,19.9846579856944,113.54863410121,0,0
"PHJJKLOP_02435",0,33.0905793300431,52.293169923074,0,1.53492904080599,0,0,0,0
"PHJJKLOP_02436",0,0,0,0,0,0,0,21.5346278236992,53.8357600241047
"PHJJKLOP_02437",0,0,0,0,0,0,0,0,0
"PHJJKLOP_02438",0,0,0,0,0,0,0,0,0
"PHJJKLOP_02439",0,0,0,0,0,0,0,0,0
"PHJJKLOP_02440",0,0,0,0,0,0,0,0,0
"PHJJKLOP_02441",0,0,0,0,0,0,0,0,0
"PHJJKLOP_02442",0,0,0,0,0,0,0,0,0
"PHJJKLOP_02443",0,0,0,0,0,0,0,0,0
"PHJJKLOP_02444",0,0,0,0,0,0,0,0,0
"PHJJKLOP_02445",0,0,0,0,0,0,0,0,0
"PHJJKLOP_02446",0,0,0,0,0,0,0,0,0
"PHJJKLOP_02447",0,0,0,0,0,0,0,0,1.05560313772754
"PHJJKLOP_02448",0,0,0,0,0,0,0,0,0
"PHJJKLOP_02449",0,0,0,0,0,0,0,0,0
"PHJJKLOP_02450",0,0,0,0,0,0,0,0,0
"PHJJKLOP_02451",0,0,0,0,0,0,0,0,0
"PHJJKLOP_02452",0,0,0,0,0,0,0,0,47.5021411977395
"PHJJKLOP_02453",0,0,0,0,0,21.1958493787667,0,0,0
"PHJJKLOP_02454",0,0,0,0,0,0,0,0,0
"PHJJKLOP_02455",0,0,0,28.3797747253194,0,15.1398924134048,0,0,0
"PHJJKLOP_02456",0,0,0,0,0,0,0,0,0
"PHJJKLOP_02457",0,8.75927099912905,0,0,0,10.2951268411153,0,0,0
"PHJJKLOP_02458",0,0,0,0,0,0,0,0,0
"PHJJKLOP_02459",18.0479424123647,0,0,0,0,36.9413374887078,0,19.5769343851811,0
"PHJJKLOP_02460",0,0,0,0,0,0,0,0,0
"PHJJKLOP_02461",0,0,0,0,0,0,0,0,0
"PHJJKLOP_02462",0,0,0,0,0,19.9846579856944,42.2506545492873,0,0
"PHJJKLOP_02463",0,0,0,51.3538780743875,0,0,0,0,0
"PHJJKLOP_02464",0,0,0,0,0,0,0,0,0
"PHJJKLOP_02465",0,0,0,0,0,15.745488109941,0,0,0
"PHJJKLOP_02466",0,0,0,0,0,0,0,0,0
"PHJJKLOP_02467",0,0,0,0,0,0,0,0,0
"PHJJKLOP_02468",24.3647222566923,5.83951399941937,0,22.2983944270367,0,0,0,0,0
"PHJJKLOP_02469",0,0,0,0,0,0,0,0,0
"PHJJKLOP_02470",0,0,0,0,0,0,0,0,0
"PHJJKLOP_02471",0,0,0,0,0,0,0,0,0
"PHJJKLOP_02472",0,0,0,0,0,0,0,0,0
"PHJJKLOP_02473",0,0,0,0,0,0,0,0,0
"PHJJKLOP_02474",0,0,0,0,0,0,0,0,0
"PHJJKLOP_02475",0,0,0,0,0,0,0,0,0
"PHJJKLOP_02476",0,0,0,41.8939531659477,0,0,0,0,0
"PHJJKLOP_02477",0,4.86626166618281,3.33786190998345,0,0,0,0,0,0
"PHJJKLOP_02478",0,0,0,0,0,0,0,0,0
"PHJJKLOP_02479",0,0,0,0,0,0,0,0,0
"PHJJKLOP_02480",0,0,0,0,0,0,0,0,0
"PHJJKLOP_02481",0,0,0,0,0,0,0,0,0
"PHJJKLOP_02482",0,0,0,0,0,0,0,0,0
"PHJJKLOP_02483",0,0,0,0,0,0,0,4.89423359629528,0
"PHJJKLOP_02484",12.6335596886553,0,0,0,0,0,0,0,0
"PHJJKLOP_02485",0,0,0,0,0,0,0,0,0
"PHJJKLOP_02486",0,0,0,0,0,0,0,0,0
"PHJJKLOP_02487",0,0,0,0,0,0,0,0,0
"PHJJKLOP_02488",0,0,0,0,0,0,0,0,0
"PHJJKLOP_02489",0,1.94650466647312,0,0,0,22.4070407718391,0,0,0
"PHJJKLOP_02490",0,0,0,0,0,0,0,0,0
"PHJJKLOP_02491",0,0,0,0,0,0,0,0,0
"PHJJKLOP_02492",0,0,0,0,0,0,0,0,0
"PHJJKLOP_02493",0,0,0,0,0,0,0,0,0
"PHJJKLOP_02494",0,0,0,0,0,0,0,0,0
"PHJJKLOP_02495",0,0,0,12.1627605965655,0,2.42238278614477,0,0,0
"PHJJKLOP_02496",0,0,0,0,0,0,0,0,0
"PHJJKLOP_02497",0,0,0,0,0,0,0,0,0
"PHJJKLOP_02498",0,0,0,0,0,0,0,0,0
"PHJJKLOP_02499",0,0,0,0,0,0,0,0,0
"PHJJKLOP_02501",0,0,0,0,0,0,0,0,0
"PHJJKLOP_02502",0,0,0,0,0,0,0,0,0
"PHJJKLOP_02503",115.506831439134,0,0,0,0,0,0,0,104.504710635027
"PHJJKLOP_02504",0,0,0,0,0,0,0,0,0
"PHJJKLOP_02505",0,0,0,0,0,0,0,0,0
"PHJJKLOP_02506",0,0,0,0,0,0,0,0,0
"PHJJKLOP_02507",0,0,0,0,0,0,0,0,0
"PHJJKLOP_02508",0,0,0,0,0,0,0,0,0
"PHJJKLOP_02509",0,0,0,0,0,0,0,0,0
"PHJJKLOP_02511",0,0,0,0,0,0,0,0,0
"PHJJKLOP_02512",0,0,0,0,0,0,0,0,0
"PHJJKLOP_02513",0,5.83951399941937,60.0815143797021,0,0,46.0252729367506,0,71.455810505911,2.11120627545509
"PHJJKLOP_02514",0,0,0,0,0,0,0,0,0
"PHJJKLOP_02515",0,0,0,0,0,0,0,50.9000294014709,0
"PHJJKLOP_02516",0,0,0,0,0,0,0,0,0
"PHJJKLOP_02517",0,0,0,0,0,0,0,0,0
"PHJJKLOP_02518",0,0,0,0,0,0,0,0,0
"PHJJKLOP_02519",0,0,0,0,0,0,0,10.7673139118496,0
"PHJJKLOP_02520",0,0,0,0,0,0,0,0,0
"PHJJKLOP_02521",0,0,0,0,0,10.2951268411153,0,38.1750220511031,21.1120627545509
"PHJJKLOP_02522",0,0,0,0,0,0,0,0,0
"PHJJKLOP_02523",0,0,0,0,0,0,0,0,0
"PHJJKLOP_02524",0,0,0,0,0,0,0,0,0
"PHJJKLOP_02525",0,0,0,0,0,0,0,0,0
"PHJJKLOP_02526",0,0,0,0,0,0,0,0,0
"PHJJKLOP_02527",0,0,0,0,0,0,0,0,0
"PHJJKLOP_02528",92.9469034236781,0,0,0,0,0,0,0,0
"PHJJKLOP_02529",0,38.9300933294625,0,0,0,0,33.4484348515191,0,0
"PHJJKLOP_02530",0,0,0,0,0,0,0,0,0
"PHJJKLOP_02531",0,0,0,0,0,0,0,0,0
"PHJJKLOP_02532",0,0,0,0,0,0,0,0,0
"PHJJKLOP_02533",0,27.2510653306237,153.541647859239,0,0,0,0,0,0
"PHJJKLOP_02534",0,0,0,0,0,0,0,0,0
"PHJJKLOP_02535",0,0.973252333236561,0,0,10.7445032856419,0,0,6.85192703481338,0
"PHJJKLOP_02536",0,0,0,0,0,0,168.122396227372,0,59.1137757127424
"PHJJKLOP_02537",0,0,0,0,0,0,0,0,0
"PHJJKLOP_02538",0,0,0,0,0,0,0,0,0
"PHJJKLOP_02539",0,0,0,0,0,0,0,0,0
"PHJJKLOP_02540",0,0,0,0,0,0,0,0,0
"PHJJKLOP_02541",0,0,0,0,0,0,0,0,0
"PHJJKLOP_02542",0,0,0,0,0,0,0,0,0
"PHJJKLOP_02543",0,0,0,0,0,0,0,0,0
"PHJJKLOP_02544",0,0,0,0,0,0,0,0,27.4456815809161
"PHJJKLOP_02545",0,0,0,0,0,0,0,0,0
"PHJJKLOP_02546",0,0,0,0,0,0,25.5264371235277,0,0
"PHJJKLOP_02547",0,0,0,0,0,0,0,0,0
"PHJJKLOP_02548",26.1695164979288,63.2614016603765,44.504825466446,25.0012301151623,78.2813810811056,84.783397515067,0,46.9846425244346,0
"PHJJKLOP_02549",0,25.3045606641506,12.2388270032726,100.004920460649,0,77.5162491566327,119.710187889647,41.1115622088803,38.0017129581916
"PHJJKLOP_02550",0,0,0,0,0,0,0,0,0
"PHJJKLOP_02551",0,0,0,0,0,0,0,0,0
"PHJJKLOP_02552",0,0,0,0,0,0,0,0,0
"PHJJKLOP_02553",0,0,0,0,0,0,0,0,0
"PHJJKLOP_02554",0,0,0,0,0,0,0,0,0
"PHJJKLOP_02555",11.731162568037,33.0905793300431,27.8155159165287,108.789136447058,0,29.6741891302734,25.5264371235277,103.75775224146,174.174517725045
"PHJJKLOP_02556",0,0,0,0,0,0,0,76.3500441022063,0
"PHJJKLOP_02557",0,0,0,0,0,0,0,0,0
"PHJJKLOP_02558",0,0,0,0,0,0,0,0,0
"PHJJKLOP_02559",0,0,0,0,0,0,0,0.978846719259055,0
"PHJJKLOP_02560",0,0.973252333236561,0,0,3.06985808161198,0,0,76.3500441022063,190.008564790958
"PHJJKLOP_02561",0,0,0,0,0,0,0,0,0
"PHJJKLOP_02562",0,0,0,0,0,0,0,0,0
"PHJJKLOP_02563",0,0,0,0,0,0.605595696536193,1.76044393955364,1.95769343851811,0
"PHJJKLOP_02564",0,0,0,0,0,0,0,0,0
"PHJJKLOP_02565",34.2910905834929,62.2881493271399,0,67.5708922031414,1.53492904080599,56.9259954744021,0,0,80.2258384672933
"PHJJKLOP_02566",0,0,0,0,0,0,0,0,0
"PHJJKLOP_02567",0,0,0,0,0,0,0,0,0
"PHJJKLOP_02568",0,0.973252333236561,245.889160702114,45.2724977761047,0,0,0,0,49.6133474731945
"PHJJKLOP_02569",0,0,0,0,0,0,0,0,0
"PHJJKLOP_02570",0,0,0,0,0,0,0,0,0
"PHJJKLOP_02571",0,0,0,0,0,0,0,0,0
"PHJJKLOP_02572",0,0,0,0,0,0,0,0,0
"PHJJKLOP_02573",0,0,0,0,0,0,0,0,0
"PHJJKLOP_02574",0,0,0,0,0,0,0,33.2807884548079,0
"PHJJKLOP_02575",4.51198560309117,74.9404296592152,0,0,0,40.5749116679249,33.4484348515191,64.6038834710976,0
"PHJJKLOP_02576",0,0,0,0,0,0,0,0,0
"PHJJKLOP_02577",0,0,0,0,0,0,0,0,0
"PHJJKLOP_02578",0,0,0,0,0,0,0,0,0
"PHJJKLOP_02579",37.9006790659658,49.6358689950646,172.456198682478,138.52032901644,78.2813810811056,48.4476557228954,0,0,0
"PHJJKLOP_02580",0,0,0,0,0,0,0,0,0
"PHJJKLOP_02581",0,22.3848036644409,31.1533778265122,14.1898873626597,18.4191484896719,56.3203997778659,0,0,0
"PHJJKLOP_02582",0,0,0,0,0,0,0,0,0
"PHJJKLOP_02583",0,0,0,0,0,0,0,0,0
"PHJJKLOP_02584",0,0,0,0,0,0,0,0,0
"PHJJKLOP_02585",0,0,0,0,0,0,0,0,0
"PHJJKLOP_02586",0,0,0,0,0,0,0,0,0
"PHJJKLOP_02587",0,0,0,0,0,0,0,0,0
"PHJJKLOP_02588",0,4.86626166618281,91.2348922062143,15.5413052067225,0,27.2518063441287,0,16.6403942274039,47.5021411977395
"PHJJKLOP_02589",0,0,0,0,0,0,0,0,0
"PHJJKLOP_02590",16.2431481711282,24.331308330914,0,2.70283568812566,121.259394223673,26.6462106475925,79.2199772799136,51.8788761207299,2.11120627545509
"PHJJKLOP_02591",3.60958848247293,265.697886973581,80.1086858396028,69.5980189692357,0,90.8393544804289,20.2451053048668,134.102000538491,257.567165605521
"PHJJKLOP_02592",0,0,0,0,0,0,0,0,0
"PHJJKLOP_02594",263.499959220524,146.961102318721,339.349294181651,280.419202643037,0,351.245503990992,782.517331131591,233.944365902914,288.179656599619
"PHJJKLOP_02595",0,43.7963549956453,0,22.2983944270367,0,13.3231053237962,0,0,0
"PHJJKLOP_02596",0,0,0,0,0,0,0,0,0
"PHJJKLOP_02597",0,0,0,0,0,0,0,0,0
"PHJJKLOP_02598",0,0,0,0,0,0,0,0,0
"PHJJKLOP_02599",102.873271750479,102.191494989839,0,79.7336527997069,26.0937936937019,67.2211223155174,0,101.800058802942,15.8340470659132
"PHJJKLOP_02600",0,0,0,0,0,0,0,0,0
"PHJJKLOP_02601",0,0,0,0,0,0,0,0,0
"PHJJKLOP_02602",0,0,0,0,0,0,0,0,0
"PHJJKLOP_02603",0,0,0,0,0,0,0,0,0
"PHJJKLOP_02604",0,40.8765979959356,0,0,0,0,0,0,0
"PHJJKLOP_02605",0,0,0,0.675708922031414,0,0,0,0,83.3926478804759
"PHJJKLOP_02606",453.905751670972,283.216428971839,205.834817782313,83.1121974098639,544.899809486127,438.451284292204,288.712806086796,79.2865842599835,338.848607210541
"PHJJKLOP_02607",0,0,0,0,0,0,0,0,0
"PHJJKLOP_02608",0,0,0,0,0,0,0,0,0
"PHJJKLOP_02609",0,0,0,0,0,0,0,0,0
"PHJJKLOP_02610",0,0,0,0,0,0,0,0,0
"PHJJKLOP_02611",0,0,0,0,0,0,0,0,0
"PHJJKLOP_02612",0,0,0,0,0,0,0,0,0
"PHJJKLOP_02613",110.092448715425,0,0,0,0,0,0,0,0
"PHJJKLOP_02614",0,0,0,0,0,0,0,0,0
"PHJJKLOP_02615",0,4.86626166618281,0,0,0,10.2951268411153,0,20.5557811044402,0
"PHJJKLOP_02616",0,0,2.2252412733223,0,0,0,0,0,0
"PHJJKLOP_02617",58.6558128401852,0,0,0,0,0,0,54.8154162785071,0
"PHJJKLOP_02618",0,0,0,0,0,0,0,0,0
"PHJJKLOP_02619",0,0,440.597772117815,0,0,11.5063182341877,0,0.978846719259055,0
"PHJJKLOP_02620",0,8.75927099912905,0,0,0,0.605595696536193,0,0,1.05560313772754
"PHJJKLOP_02621",39.7054733072023,46.716111995355,231.425092425519,0,0,12.71750962726,42.2506545492873,0,9.50042823954789
"PHJJKLOP_02622",0,22.3848036644409,1.11262063666115,0,0,62.3763567432279,0,0,0
"PHJJKLOP_02623",0,0,0,0,0,0,0,0,0
"PHJJKLOP_02624",0,0,0,0,0,0,0,0,0
"PHJJKLOP_02625",0,0,0,0,0,0,0,0,0
"PHJJKLOP_02626",0,0,0,0,0,0,0,0,0
"PHJJKLOP_02627",0,0,0,0,0,0,0,0,0
"PHJJKLOP_02628",0,0,0,0,0,0,0,0,0
"PHJJKLOP_02629",0,0,0,0,0,0,0,0,0
"PHJJKLOP_02630",0,0,0,0,0,0,0,0,0
"PHJJKLOP_02631",35.1934877041111,54.5021306612474,2.2252412733223,0,9.20957424483595,81.1498233358498,0,1.95769343851811,5.27801568863772
"PHJJKLOP_02632",3.60958848247293,12.6522803320753,1.11262063666115,4.05425353218848,0,1.81678708960858,0,0.978846719259055,2.11120627545509
"PHJJKLOP_02633",0,0,0,0,0,0,0,0,0
"PHJJKLOP_02634",0,0,0,0,0,0,0,30.3442482970307,0
"PHJJKLOP_02635",0,0,0,0,0,22.4070407718391,0,0,0
"PHJJKLOP_02636",0,0,0,0,0,0,0,0,0
"PHJJKLOP_02637",0,0,0,0,0,0,0,0,0
"PHJJKLOP_02638",0,0,0,0,0,0,0,0,0
"PHJJKLOP_02639",0,0,0,0,0,0,0,0,0
"PHJJKLOP_02640",102.873271750479,334.798802633377,199.159093962346,347.314385924147,29.1636517753139,138.681414506788,16.7242174257595,238.838599499209,207.953818132326
"PHJJKLOP_02641",129.945185369026,69.1009156597959,439.485151481154,52.0295869964189,440.52463471132,184.101091747003,0,98.8635186451646,0
"PHJJKLOP_02642",0,0,0,0,0,0,0,0,0
"PHJJKLOP_02643",0,0,0,0,0,0,0,0,0
"PHJJKLOP_02644",0,13.6255326653119,0,34.4611550236021,0,0.605595696536193,0,0,0
"PHJJKLOP_02645",0,0,0,0,0,0,0,0,0
"PHJJKLOP_02646",0,0,0,0,9.20957424483595,0,0,0,0
"PHJJKLOP_02647",0,0,0,0,0,0,0,23.4923212622173,0
"PHJJKLOP_02648",21.6575308948376,14.5987849985484,0,81.0850706437697,0,76.9106534600965,0,17.619240946663,0
"PHJJKLOP_02649",0,34.0638316632797,0,0,0,35.1245503990992,0,53.836569559248,52.7801568863772
"PHJJKLOP_02650",0,0,0,0,0,0,0,0,0
"PHJJKLOP_02651",0,0,0,0,0,0,0,0,0
"PHJJKLOP_02652",0,0,0,0,0,0,0,0,0
"PHJJKLOP_02653",175.065041399937,29.1975699970968,0,27.704065803288,0,22.4070407718391,136.434405315407,54.8154162785071,0
"PHJJKLOP_02654",0,0,0,0,0,0,0,0,0
"PHJJKLOP_02655",0,0,0,0,0,0,0,0,0
"PHJJKLOP_02656",0,0,0,0,0,0,0,49.9211826822118,159.396073796859
"PHJJKLOP_02657",0,0,0,0,0,0,0,0,0
"PHJJKLOP_02658",0,0.973252333236561,0,21.6226855050053,0,0,0,0,0
"PHJJKLOP_02659",0,0,0,0,0,0,0,0,0
"PHJJKLOP_02660",0,0,0,72.9765635793927,0,0,0,0,0
"PHJJKLOP_02661",0,0,0,0,0,0,0,0,0
"PHJJKLOP_02662",9.92636832680057,0,0,4.7299624542199,0,19.9846579856944,0,0,0
"PHJJKLOP_02663",0,0,0,0,0,0,0,0,0
"PHJJKLOP_02664",0,0,0,0,0,0,0,0,0
"PHJJKLOP_02665",0,0,0,0,0,0,0,0,0
"PHJJKLOP_02666",212.063323345285,88.5659623245271,66.757238199669,98.6535026165865,0,69.6435051016622,271.988588661037,218.282818394769,0
"PHJJKLOP_02667",194.917778053538,291.002447637732,112.374684302776,308.123268446325,142.748400794957,259.800553814027,137.314627285184,244.711679814764,152.006851832766
"PHJJKLOP_02668",0,0,0,0,0,0,0,0,0
"PHJJKLOP_02669",0,0,0,0,0,0,0,0,0
"PHJJKLOP_02670",0,0,0,0,0,0,0,0,0
"PHJJKLOP_02671",0,0,0,0,0,0,0,0,0
"PHJJKLOP_02672",0,0,0,0,0,0,0,0,0
"PHJJKLOP_02673",48.7294445133846,30.1708223303334,0,70.9494368132985,0,10.2951268411153,0,17.619240946663,21.1120627545509
"PHJJKLOP_02674",0,0,0,0,0,0,0,0,0
"PHJJKLOP_02675",36.9982819453476,0,0,0,0,0,0,0,0
"PHJJKLOP_02676",104.678065991715,5.83951399941937,67.8698588363301,0,1.53492904080599,58.1371868674745,0,0,1.05560313772754
"PHJJKLOP_02677",47.8270473927664,44.7696073288818,0,0,0,22.4070407718391,0,23.4923212622173,0
"PHJJKLOP_02678",0,0,0,0,0,0,0,0,0
"PHJJKLOP_02679",0,0,0,0,0,0,0,0,0
"PHJJKLOP_02680",0,0,0,0,0,0,0,0,0
"PHJJKLOP_02681",0,0,0,0,0,0,0,0,0
"PHJJKLOP_02682",0,6.81276633265593,0,0,0,0,0,1.95769343851811,0
"PHJJKLOP_02683",0,0,0,0,0,0,0,0,0
"PHJJKLOP_02684",0,0,0,0,0,0,0,0,0
"PHJJKLOP_02685",0,23.3580559976775,0,0,39.9081550609558,19.9846579856944,0,46.0057958051756,0
"PHJJKLOP_02686",0,0,0,0,0,0,0,0,0
"PHJJKLOP_02687",0,0,0,0,0,0,0,0,0
"PHJJKLOP_02688",0,0,0,0,0,0,0,0,0
"PHJJKLOP_02689",0,0,0,0,0,0,0,0,0
"PHJJKLOP_02690",0,0,0,0,0,0,0,59.7096498748024,0
"PHJJKLOP_02691",0,0,0,0,0,0,0,0,0
"PHJJKLOP_02692",0,0,0,0,0,24.2238278614477,0,0,0
"PHJJKLOP_02693",0,0,0,0,0,0,0,0,0
"PHJJKLOP_02694",0,0,0,0,0,0,0,0,0
"PHJJKLOP_02695",0,0,0,0,0,0,0,0,0
"PHJJKLOP_02696",0,0,0,56.0838405286074,0,0,0,0,0
"PHJJKLOP_02697",0,0,0,0,0,0,0,0,0
"PHJJKLOP_02698",0,0,0,0,0,0,0,0,0
"PHJJKLOP_02699",0,0,0,0,0,0,0,0,0
"PHJJKLOP_02700",0,266.671139306818,153.541647859239,216.226855050053,188.796272019137,104.162459804225,196.28949926023,96.9058252066464,138.284011042308
"PHJJKLOP_02701",0,2.91975699970968,0,0,0,0,0,0,0
"PHJJKLOP_02702",0,0,0,0,0,0,0,0,0
"PHJJKLOP_02703",0,0,0,0,0,0,0,0,0
"PHJJKLOP_02704",0,0,0,0,0,0,0,0,0
"PHJJKLOP_02705",0,6.81276633265593,0,0,0,0,0,0,0
"PHJJKLOP_02706",0,0,0,0,0,0,0,0,0
"PHJJKLOP_02707",25.2671193773105,37.9568409962259,0,58.786676216733,85.9560262851356,223.464812021855,0,208.494351202179,325.125766420083
"PHJJKLOP_02708",0,0,0,0,0,0,0,0,0
"PHJJKLOP_02709",0,0,0,0,0,0,0,0,0
"PHJJKLOP_02710",0,0,0,0,0,0,0,0,0
"PHJJKLOP_02711",0,0,0,0,0,0,0,0,84.4482510182035
"PHJJKLOP_02712",0.902397120618234,51.5823736615378,1.11262063666115,1.35141784406283,1.53492904080599,0,0,0.978846719259055,1.05560313772754
"PHJJKLOP_02713",0,0,4.4504825466446,2.02712676609424,0,0,0,0,0
"PHJJKLOP_02714",118.214022800989,0,31.1533778265122,0,0,0,0,0,0
"PHJJKLOP_02715",0,0,0,0,0,35.1245503990992,0,0,0
"PHJJKLOP_02716",0,0,0,0,0,0,0,0,0
"PHJJKLOP_02717",0,0,0,0,0,0,0,0,0
"PHJJKLOP_02718",19.8527366536011,6.81276633265593,0,0,0,0,0,0,0
"PHJJKLOP_02719",0,0,0,0,0,0,0,0,0
"PHJJKLOP_02720",0,36.9835886629893,0,52.0295869964189,6.13971616322397,14.5342967168686,0,69.4981170673929,12.6672376527305
"PHJJKLOP_02721",744.477624510043,765.949586257174,38.9417222831402,508.808818289655,2016.89675961907,2161.37104093767,553.659618989619,614.715739694687,1138.99578560802
"PHJJKLOP_02722",0,0,0,0,0,0,0,0,0
"PHJJKLOP_02723",0,13.6255326653119,0,37.8396996337592,164.237407366241,30.2797848268096,0,48.9423359629527,34.8349035450089
"PHJJKLOP_02724",0,0,0,0,0,0,0,0,0
"PHJJKLOP_02725",0,0,0,0,0,0,0,0,2.11120627545509
"PHJJKLOP_02726",0,0,0,0,0,0,0,0,0
"PHJJKLOP_02727",0,0,0,0,0,0,0,0,0
"PHJJKLOP_02728",0,0,0,0,0,0,0,0,0
"PHJJKLOP_02729",0,0,0,0,0,0,0,0,0
"PHJJKLOP_02730",0,0,0,0,0,0,0,0,0
"PHJJKLOP_02731",0,0,0,0,0,0,0,0,0
"PHJJKLOP_02732",0,0,0,0,0,0,0,0,0
"PHJJKLOP_02733",0,0,0,0,0,0,0,0,0
"PHJJKLOP_02734",0,0,0,0,0,0,0,0,0
"PHJJKLOP_02735",0,0,0,0,0,0,0,0,0
"PHJJKLOP_02736",43.3150617896752,180.051681648764,0,0,158.097691203017,255.561383938273,0,0,60.16937885047
"PHJJKLOP_02737",0,0,0,0,0,0,0,0,0
"PHJJKLOP_02738",0,0,0,0,0,0,0,0,0
"PHJJKLOP_02739",0,9.73252333236561,0,47.299624542199,24.5588646528959,19.9846579856944,44.8913204586177,0,0
"PHJJKLOP_02740",0,0,0,0,0,0,0,0,0
"PHJJKLOP_02741",0,0,0,0,0,0,0,0,0
"PHJJKLOP_02742",0,0,0,0,0,0,0,0,0
"PHJJKLOP_02743",0,0,0,0,0,0,0,0,0
"PHJJKLOP_02744",0,0,0,0,0,0,0,0,0
"PHJJKLOP_02745",0,0,0,0,0,0,0,0,0
"PHJJKLOP_02746",0,0,0,0,0,0,0,0,0
"PHJJKLOP_02747",0,0,0,0,0,0,0,0,0
"PHJJKLOP_02748",399.761924433878,31.14407466357,252.564884522081,347.990094846178,0,78.1218448531689,294.874359875234,105.715445679978,145.673233006401
"PHJJKLOP_02749",0,0,0,0,0,0,0,0,0
"PHJJKLOP_02750",0,0,0,0,0,0,0,0,0
"PHJJKLOP_02751",0,0,0,0,0,0,0,0,0
"PHJJKLOP_02752",0,0,0,0,0,0,0,0,0
"PHJJKLOP_02753",0,0,0,0,0,0,0,0,0
"PHJJKLOP_02769",0,0,0,0,0,0,0,0,0
"PHJJKLOP_02770",0,0,0,0,0,0,0,0,0
"PHJJKLOP_02771",0,0,0,0,0,0,0,0,0
"PHJJKLOP_02772",0,0,0,0,0,0,0,0,0
"PHJJKLOP_02773",0,0.973252333236561,0,0.675708922031414,1.53492904080599,0,0,0,0
"PHJJKLOP_02774",0,0,0,0,0,0,0,0,0
"PHJJKLOP_02775",0,0,0,0,0,0,0,0,0
"PHJJKLOP_02776",0,0,0,0,0,0,0,0,0
"PHJJKLOP_02777",0,0,0,0,0,0,0,0,0
"PHJJKLOP_02778",0,0,0,0,0,0,0,0,0
"PHJJKLOP_02779",0,0,0,0,0,0,0,0,0
"PHJJKLOP_02780",0,0,0,0,0,0,0,0.978846719259055,0
"PHJJKLOP_02781",0,0.973252333236561,51.1805492864129,0,0,0,0,14.6827007888858,0
"PHJJKLOP_02782",0,0,0,0,0,0,0,0,0
"PHJJKLOP_02783",0,1.94650466647312,0,4.05425353218848,0,0.605595696536193,0,0,0
"PHJJKLOP_02784",109.190051594806,24.331308330914,0,0,0,0,0,0,0
"PHJJKLOP_02785",0,0.973252333236561,0,0,0,0,0,0,0
"PHJJKLOP_02786",0,0,0,0,0,0,0,0,0
"PHJJKLOP_02787",0,0,0,0,0,0,0,0,0
"PHJJKLOP_02788",0,0,0,0,0,0,0,0,0
"PHJJKLOP_02789",0,64.2346539936131,144.640682765949,31.7583193354765,0,29.0685934337373,0,23.4923212622173,0
"PHJJKLOP_02790",0,0,0,0,0,0,0,0,0
"PHJJKLOP_02791",0,0,0,0,0,0,0,0,0
"PHJJKLOP_02792",0,0,0,0,0,0,0,0,0
"PHJJKLOP_02793",0,0,0,0,0,0,0,0,0
"PHJJKLOP_02794",0,0,0,0,0,0,0,0,0
"PHJJKLOP_02795",0,0,0,0,0,0,0,0,0
"PHJJKLOP_02796",0,0,0,0,0,0,0,0,0
"PHJJKLOP_02797",0,39.903345662699,64.5319969263467,34.4611550236021,0,0,3.52088787910727,113.54621943405,0
"PHJJKLOP_02798",0,0,0,0,0,0,0,0,0
"PHJJKLOP_02799",0,0,0,0,0,0,0,0,0
"PHJJKLOP_02800",0,0,0,0,0,0,0,0,0
"PHJJKLOP_02801",18.9503395329829,8.75927099912905,21.1397920965618,68.9223100472042,104.375174774807,187.73466592622,47.5319863679482,99.8423653644236,291.346466012802
"PHJJKLOP_02802",0,0,0,0,0,0,0,0,0
"PHJJKLOP_02803",0,0,0,0,0,0,0,0,0
"PHJJKLOP_02804",0,0,36.7164810098179,65.5437654370472,0,0,0,0,72.8366165032005
"PHJJKLOP_02805",0,50.6091213283012,0,0,102.840245734001,125.358309182992,70.4177575821455,62.6461900325795,147.784439281856
"PHJJKLOP_02806",0,0,0,0,0,0,0,0,0
"PHJJKLOP_02807",0,0,0,0,0,0,0,0,0
"PHJJKLOP_02808",0,0,0,0,0,0,0,0,0
"PHJJKLOP_02809",9.02397120618234,57.4218876609571,1.11262063666115,16.2170141287539,0,32.0965719164182,0,27.4077081392535,17.9452533413682
"PHJJKLOP_02810",0,0,0,0,0,0,0,0,0
"PHJJKLOP_02811",0,4.86626166618281,0,0,0,0,0,38.1750220511031,23.223269030006
"PHJJKLOP_02812",0,0,0,0,0,0,0,0,0
"PHJJKLOP_02813",0,5.83951399941937,0,0,0,1.21119139307239,0,0,3.16680941318263
"PHJJKLOP_02814",0,0,0,0,0,0,0,0,0
"PHJJKLOP_02815",0,0,0,0,0,0,0,0,0
"PHJJKLOP_02816",0,0,0,0,0,0,0,0,0
"PHJJKLOP_02817",0,0,0,0,0,0,0,0,0
"PHJJKLOP_02818",0,2.91975699970968,0,0,0,0.605595696536193,0,0,2.11120627545509
"PHJJKLOP_02819",0,0,0,0,0,0,0,0,0
"PHJJKLOP_02820",0,0,0,0,0,0,0,0,0
"PHJJKLOP_02821",0,0,0,0,0,0,0,0,0
"PHJJKLOP_02822",0,0,0,0,0,0,0,0,0
"PHJJKLOP_02823",0,0,0,0,0,0,0,0,0
"PHJJKLOP_02824",0,0,0,0,0,0,0,0,0
"PHJJKLOP_02825",0,0,0,0,0,0,0,0,0
"PHJJKLOP_02826",0,57.4218876609571,0,0,0,30.8853805233458,135.55418334563,0,69.6698070900179
"PHJJKLOP_02827",0,0,0,0,0,0,0,0,0
"PHJJKLOP_02828",0,0,0,0,0,0,0,0,0
"PHJJKLOP_02829",48.7294445133846,11.6790279988387,0,0,0,34.518954702563,0,0,0
"PHJJKLOP_02830",0,0,0,0,0,0,0,0,0
"PHJJKLOP_02831",89.3373149412051,127.49605565399,10.0135857299503,42.5696620879791,0,60.5595696536193,0,65.5827301903567,0
"PHJJKLOP_02832",53.2414301164758,17.5185419982581,24.4776540065453,0,95.1656005299715,68.4323137085898,0,191.853956974775,123.505567114123
"PHJJKLOP_02833",0,0,0,0,0,0,0,0,0
"PHJJKLOP_02834",0,0,0,0,0,0,0,0,0
"PHJJKLOP_02835",0,0,0,0,0,0,0,0,0
"PHJJKLOP_02836",0,0,0,0,0,0,0,0,0
"PHJJKLOP_02837",0,0,0,0,0,0,0,0,0
"PHJJKLOP_02838",0,0,0,0,0,0,0,0,0
"PHJJKLOP_02839",0,0,0,0,0,0,0,0,0
"PHJJKLOP_02840",0,0,0,0,0,0,0,0,0
"PHJJKLOP_02841",0,0,0,0,0,0,0,0,0
"PHJJKLOP_02842",0,0,0,0,0,0,0,0,0
"PHJJKLOP_02843",0,11.6790279988387,0,0,0,0,0,0,0
"PHJJKLOP_02844",0,0,0,0,0,0,0,0,0
"PHJJKLOP_02845",0,0,0,30.4069014914136,1.53492904080599,0,0,0,0
"PHJJKLOP_02846",194.01538093292,107.057756656022,40.0543429198014,0.675708922031414,0,0,104.746414403441,3.91538687703622,0
"PHJJKLOP_02847",0,0,0,0,0,0,0,0,0
"PHJJKLOP_02848",0,0,0,0,0,0,0,0,0
"PHJJKLOP_02849",0,0,0,0,0,7.26714835843431,0,0,0
"PHJJKLOP_02850",0,5.83951399941937,0,0,0,1.21119139307239,0,0,0
"PHJJKLOP_02851",0,0,0,0,0,0,0,0,0
"PHJJKLOP_02852",0,0,0,0,0,0,0,0,0
"PHJJKLOP_02853",0,0,0,0,0,0,0,0,0
"PHJJKLOP_02854",0,5.83951399941937,35.6038603731568,0,0,0,0,0,0
"PHJJKLOP_02855",0,0,0,0,0,0,0,0,0
"PHJJKLOP_02856",0,0,56.7436524697186,68.9223100472042,38.3732260201498,55.1092083847935,0,21.5346278236992,50.6689506109221
"PHJJKLOP_02857",0,0,0,0,0,0,0,0,0
"PHJJKLOP_02858",0,0,0,0,0,0,0,0,0
"PHJJKLOP_02859",0,0,0,0,0,0,0,0,0
"PHJJKLOP_02860",0,3.89300933294625,0,0,0,0,75.6990894008064,216.325124956251,0
"PHJJKLOP_02861",0,0,0,0,0,0,0,0,0
"PHJJKLOP_02862",0,0,0,0,0,0,0,0,0
"PHJJKLOP_02863",7.21917696494587,82.7264483251077,0,41.2182442439163,76.7464520402996,35.7301460956354,0,0,0
"PHJJKLOP_02864",0,0,0,0,0,0,0,0,0
"PHJJKLOP_02865",12.6335596886553,23.3580559976775,40.0543429198014,31.082610413445,0,0,0,0,49.6133474731945
"PHJJKLOP_02866",548.657449335886,322.146522301302,1431.9427593829,741.928396390493,151.957975039793,306.431422447314,597.67071747846,433.629096631761,157.284867521404
"PHJJKLOP_02867",0,0,0,0,0,0,0,0,0
"PHJJKLOP_02868",0,0,0,0,0,0,0,0,0
"PHJJKLOP_02869",0,0,0,0,0,0,0,0,0
"PHJJKLOP_02870",0,0,0,0,0,0,0,0,0
"PHJJKLOP_02871",0,0,0,0,0,0,0,0,0
"PHJJKLOP_02872",0.902397120618234,88.5659623245271,0,31.082610413445,47.5828002649858,78.1218448531689,2.64066590933045,193.811650413293,47.5021411977395
"PHJJKLOP_02873",0,0,0,0,0,0,0,0,0
"PHJJKLOP_02874",0,0,0,0,0,4.23916987575335,0,0,36.946109820464
"PHJJKLOP_02875",0,34.0638316632797,0,0,0,0,0,0,0
"PHJJKLOP_02876",0,0,0,0,0,23.6182321649115,0,0,107.671520048209
"PHJJKLOP_02877",0,0,0,0,0,0,0,0,0
"PHJJKLOP_02878",0,0,0,0,0,0,0,0,0
"PHJJKLOP_02879",0,0,0,0,0,0,0,0,0
"PHJJKLOP_02880",0,0,0,0,0,0,0,0,0
"PHJJKLOP_02881",0,0,0,0,0,0,0,0,0
"PHJJKLOP_02882",0,0,0,0,0,0,0,0,0
"PHJJKLOP_02883",0,0,0,0,0,0,0,0,0
"PHJJKLOP_02884",0,0,0,0,0,0,0,0,0
"PHJJKLOP_02885",0,0,0,0,0,0,0,0,0
"PHJJKLOP_02886",0,0,0,0,0,0,0,0,0
"PHJJKLOP_02887",0,0,0,0,0,0,0,0,0
"PHJJKLOP_02888",0,0,0,0,0,12.71750962726,0,47.9634892436937,0
"PHJJKLOP_02889",0,0,0,0,0,0,0,0,0
"PHJJKLOP_02890",0,0,0,0,0,0,0,0,0
"PHJJKLOP_02891",0,0,0,0,0,0,0,0,0
"PHJJKLOP_02892",0,0,0,0,0,0,0,0,0
"PHJJKLOP_02893",0,0,0,20.2712676609424,0,37.546933185244,0,0,160.451676934587
"PHJJKLOP_02894",101.97087462986,41.8498503291721,65.6446175630078,2.02712676609424,10.7445032856419,62.3763567432279,56.3342060657164,198.705884009588,63.3361882636526
"PHJJKLOP_02895",0,0,0,0,0,0,0,0,0
"PHJJKLOP_02896",0,0,0,0,0,0,0,0,0
"PHJJKLOP_02897",0,7.78601866589249,0,0,0,0,0,3.91538687703622,0
"PHJJKLOP_02898",0,0,0,0,0,0,0,0,0
"PHJJKLOP_02899",0,0,0,0,0,0,0,0,0
"PHJJKLOP_02900",0,136.255326653119,0,47.299624542199,0,64.7987395293726,112.668412131433,0,0
"PHJJKLOP_02901",0,0,0,0,0,0,0,0,0
"PHJJKLOP_02902",0,0,0,0,0,0,0,0,0
"PHJJKLOP_02903",0,0,0,0,0,0,0,0,0
"PHJJKLOP_02904",8.1215740855641,0,0,0,0,17.5622751995496,0,17.619240946663,0
"PHJJKLOP_02905",0,0,0,0,0,0,0,0,0
"PHJJKLOP_02906",0,0,0,0,0,0,0,0,0
"PHJJKLOP_02907",0,0,0,0,0,0,0,0,0
"PHJJKLOP_02908",0,0,0,0,0,0,0,0,0
"PHJJKLOP_02909",0,0,0,0,0,0,0,0,0
"PHJJKLOP_02910",0,0,0,0,0,0,0,0,0
"PHJJKLOP_02911",0,0,0,0,0,0,0,0,0
"PHJJKLOP_02912",0,0,0,0,0,0,0,0,0
"PHJJKLOP_02913",0,0,0,0,0,0,0,0,0
"PHJJKLOP_02914",0,0,0,0,0,0,0,0,0
"PHJJKLOP_02915",0,0,0,0,0,0,0,0,0
"PHJJKLOP_02916",0,0,0,0,0,0,0,0,0
"PHJJKLOP_02917",0,0,0,0,0,0,0,0,0
"PHJJKLOP_02918",79.4109466144046,91.4857193242368,0,22.9741033490681,70.6067358770756,107.796033983442,80.9804212194673,91.0327448910921,0
"PHJJKLOP_02919",0,0,0,0,0,0,0,0,0
"PHJJKLOP_02920",0,0,0,0,0,0,0,0,0
"PHJJKLOP_02921",0,0,0,0,0,0,0,0,0
"PHJJKLOP_02922",0,0,0,0,0,0,0,0,0
"PHJJKLOP_02923",0,0,0,0,0,0,5.28133181866091,0,0
"PHJJKLOP_02924",0,0,0,0,0,0,0,0,0
"PHJJKLOP_02925",0,0,0,0,0,0,0,0,0
"PHJJKLOP_02926",0,0,5.56310318330575,0,0,0,0,0,0
"PHJJKLOP_02927",0,0,0,0,0,0,0,0,0
"PHJJKLOP_02928",0,0,0,0,0,0,0,0,0
"PHJJKLOP_02929",0,0,0,0,0,0,0,0,0
"PHJJKLOP_02930",0,0,0,0,0,0,0,0,0
"PHJJKLOP_02931",0,0,0,0,0,0,0,0,0
"PHJJKLOP_02932",0,33.0905793300431,0,91.2207044742409,0,0,16.7242174257595,46.0057958051756,0
"PHJJKLOP_02933",0,0,0,0,0,0,0,0,0
"PHJJKLOP_02934",60.4606070814217,41.8498503291721,42.2795841931237,15.5413052067225,0,69.6435051016622,96.82441667545,85.1596645755378,33.7793004072814
"PHJJKLOP_02935",0,0,0,0,0,0,0,0,0
"PHJJKLOP_02936",0,18.4917943314947,0,19.595558738911,21.4890065712839,62.981952439764,0,16.6403942274039,25.334475305461
"PHJJKLOP_02937",0,0,0,0,0,0,0,0,0
"PHJJKLOP_02938",0,0,0,0,0,0,0,0,0
"PHJJKLOP_02939",0,0,0,0,0,0,0,0,0
"PHJJKLOP_02940",0,135.282074319882,0,0,0,0,0,70.476963786652,83.3926478804759
"PHJJKLOP_02941",0,0,0,0,0,0,0,0,0
"PHJJKLOP_02942",0,0,0,0,0,0,0,0,0
"PHJJKLOP_02943",0,0,0,0,0,0,0,0,0
"PHJJKLOP_02944",0,0,0,0,0,0,0,0,0
"PHJJKLOP_02945",0,0,0,0,0,0,0,0,0
"PHJJKLOP_02946",0,0,282.605641711932,0,9.20957424483595,0,0,0,0
"PHJJKLOP_02947",0,23.3580559976775,0,0,0,27.2518063441287,0,51.8788761207299,0
"PHJJKLOP_02948",0,0,0,0,0,0,0,0,0
"PHJJKLOP_02949",0,28.2243176638603,21.1397920965618,12.8384695185969,0,36.9413374887078,0,0,65.4473945391077
"PHJJKLOP_02950",2732.45848123201,681.276633265593,283.718262348593,707.467241366891,1016.12302501357,872.663398708654,903.107740991015,720.431185374664,851.871732146128
"PHJJKLOP_02951",0,0,0,0,0,0,0,0,0
"PHJJKLOP_02952",93.8493005442963,3.89300933294625,0,26.3526479592251,0,59.3483782605469,176.92461592514,2.93654015777717,7.3892219640928
"PHJJKLOP_02953",0,6.81276633265593,3.33786190998345,16.2170141287539,0,0,0,29.3654015777716,38.0017129581916
"PHJJKLOP_02954",0,0,0,22.2983944270367,0,0,61.6155378843773,0,0
"PHJJKLOP_02955",0,0,0,0,0,0,0,0,0
"PHJJKLOP_02956",0,0,0,0,0,0,0,0,0
"PHJJKLOP_02957",0,3.89300933294625,0,0,0,0,0,0,0
"PHJJKLOP_02958",0,0,0,0,0,0,0,0,0
"PHJJKLOP_02959",266.207150582379,20.4382989979678,0,0,158.097691203017,0,0,0,0
"PHJJKLOP_02960",0,0,0,0,29.1636517753139,0,0,0,0
"PHJJKLOP_02961",0,0,0,0,0,0,0,0,0
"PHJJKLOP_02962",0,0,0,0,0,0,0,0,0
"PHJJKLOP_02963",0,0,0,0,0,0,0,0,0
"PHJJKLOP_02964",0,0,0,0,0,0,0,0,0
"PHJJKLOP_02965",0,0,0,0,0,0,0,0,0
"PHJJKLOP_02966",0,0,0,0,0,0,0,0,0
"PHJJKLOP_02967",0,0,0,0,0,0,0,0,0
"PHJJKLOP_02968",0,0,0,2.70283568812566,0,0,0,0,0
"PHJJKLOP_02969",0,0,0,0,0,0,0,0,0
"PHJJKLOP_02970",0,0,0,0,0,0,0,0,0
"PHJJKLOP_02971",404.273910036969,88.5659623245271,314.871640175105,144.601709314723,346.893963222154,247.688639883303,40.4902106097336,87.1173580140559,234.343896575515
"PHJJKLOP_02972",0,0,0,0,0,0,0,0,0
"PHJJKLOP_02973",39.7054733072023,23.3580559976775,3.33786190998345,105.410591836901,0,30.8853805233458,0,0,133.00599535367
"PHJJKLOP_02974",0,0,0,0,0,0,0,0,0
"PHJJKLOP_02975",0,0,0,0,0,0,0,0,0
"PHJJKLOP_02976",0,0,0,0,0,0,0,0,0
"PHJJKLOP_02977",0,0,0,0,0,0,0,0,0
"PHJJKLOP_02978",0,0,0,0,0,0,0,0,0
"PHJJKLOP_02979",0,0,0,0,0,0,0,0,0
"PHJJKLOP_02980",108.287654474188,48.6626166618281,0,156.764469911288,0,55.7148040813297,0,44.0481023666575,99.2266949463891
"PHJJKLOP_02981",0,0,0,0,0,0,0,0,0
"PHJJKLOP_02982",0,0,0,0,0,0,0,0,0
"PHJJKLOP_02983",0,0,0,0,0,0,0,0,0
"PHJJKLOP_02984",0,0,0,0,0,0,0,0,0
"PHJJKLOP_02985",0,0,0,0,0,0,0,0,0
"PHJJKLOP_02986",0,0,0,0,0,0,0,0,0
"PHJJKLOP_02987",0,0,0,0,0,0,0,0,0
"PHJJKLOP_02988",0,0,0,0,0,0,0,0,0
"PHJJKLOP_02989",0,0,0,0,0,0,0,0,3.16680941318263
"PHJJKLOP_02990",0,13.6255326653119,0,0,0,0,0,38.1750220511031,0
"PHJJKLOP_02991",15.34075105051,76.8869343256884,234.762954335503,2.02712676609424,0,50.8700385090402,53.6935401563859,36.217328612585,153.062454970494
"PHJJKLOP_02992",0,0,0,0,0,0,0,0,0
"PHJJKLOP_02993",0,0,0,0,0,0,0,0,0
"PHJJKLOP_02994",0,0,0,0,0,0,0,0,0
"PHJJKLOP_02995",0,0,0,0,0,0,0,0,0
"PHJJKLOP_02996",0,0,0,0,0,0,0,0,0
"PHJJKLOP_02997",955.638550734709,813.638950585765,1538.75434050237,1437.90858608285,1522.64960847954,423.916987575335,1278.96252208572,885.856280929445,545.74682220514
"PHJJKLOP_02998",0,0,0,0,0,0,0,0,0
"PHJJKLOP_02999",0,0,0,0,0,0,0,0,0
"PHJJKLOP_03000",0,0,0,0,0,0,0,0,0
"PHJJKLOP_03001",0,0,0,0,0,0,0,0,0
"PHJJKLOP_03002",0,0,0,0,0,0,0,0,0
"PHJJKLOP_03003",0,0,0,0,0,0,0,0,0
"PHJJKLOP_03004",0,0,0,0,0,0,0,0,0
"PHJJKLOP_03005",7.21917696494587,96.3519809904196,115.71254621276,0,0,110.824012466123,175.164171985587,206.536657763661,81.2814416050208
"PHJJKLOP_03006",412.395484122533,193.677214314076,0,205.41551229755,256.333149814601,135.653436024107,0,92.9904383296102,144.617629868673
"PHJJKLOP_03007",0,0,0,0,0,0,0,0,0
"PHJJKLOP_03008",0,0,0,0,0,0,0,0,0
"PHJJKLOP_03009",0,0,0,0,0,0,0,39.1538687703622,0
"PHJJKLOP_03010",0,0,0,0,0,0,0,0,0
"PHJJKLOP_03011",0,0,0,0,0,0,0,0,0
"PHJJKLOP_03012",0,0,0,0,0,0,0,0,0
"PHJJKLOP_03013",0,0,0,0,0,0,0,0,0
"PHJJKLOP_03014",0,0,0,0,0,0,0,0,0
"PHJJKLOP_03015",0,0,0,0,0,0,0,0,0
"PHJJKLOP_03016",0,0,0,0,0,7.26714835843431,0,0,0
"PHJJKLOP_03017",0,0,0,0,0,0,0,0,0
"PHJJKLOP_03018",193.112983812302,292.948952304205,109.036822392793,249.336592229592,310.05566624281,159.271668189019,168.122396227372,318.125183759193,302.958100527805
"PHJJKLOP_03019",0,0,0,0,0,0,0,0,0
"PHJJKLOP_03020",0,0,0,0,0,0,0,0,0
"PHJJKLOP_03021",0,0,0,0,0,0,0,0,0
"PHJJKLOP_03022",216.575308948376,171.292410649635,265.916332162015,164.197268053634,256.333149814601,53.292421295185,0,96.9058252066464,3.16680941318263
"PHJJKLOP_03023",0,0,0,0,0,0,0,0,0
"PHJJKLOP_03024",14.4383539298917,90.5124669910002,32.2659984631733,22.9741033490681,30.6985808161198,20.5902536822306,58.09465000527,216.325124956251,53.8357600241047
"PHJJKLOP_03025",0,0,0,0,0,0,0,0,0
"PHJJKLOP_03026",0,0,0,0,0,0,0,0,0
"PHJJKLOP_03027",0,0,0,0,0,0,0,0,0
"PHJJKLOP_03028",0,0,0,0,0,0,0,0,0
"PHJJKLOP_03029",0,0,0,0,0,0,0,0,0
"PHJJKLOP_03030",0,0,0,0,0,0,0,0,0
"PHJJKLOP_03031",0,20.4382989979678,0,0,0,0,61.6155378843773,0,0
"PHJJKLOP_03032",0,0,0,0,0,0,0,0,0
"PHJJKLOP_03033",0,0,0,0,0,0,0,0,0
"PHJJKLOP_03034",0,0,0,0,0,0,0,0,0
"PHJJKLOP_03035",0,0,0,0,0,0,0,0,0
"PHJJKLOP_03036",0,0,0,54.7324226845445,0,0,0,0,0
"PHJJKLOP_03037",0,0,0,0,0,0,0,0,0
"PHJJKLOP_03038",0,0,0,0,0,0,0,46.9846425244346,0
"PHJJKLOP_03039",0,0,0,0,0,0,0,0,0
"PHJJKLOP_03040",0,0,0,0,0,0,0,0,0
"PHJJKLOP_03041",0,0,0,0,0,0,0,0,0
"PHJJKLOP_03042",0,0,0,0,0,0,0,0,0
"PHJJKLOP_03043",0,0,0,0,0,0,0,0,0
"PHJJKLOP_03044",0,0,0,0,0,0,0,0,0
"PHJJKLOP_03045",0,0,0,0,0,0,0,0,0
"PHJJKLOP_03046",0,0,0,0,0,0,0,0,0
"PHJJKLOP_03047",0,0,0,0,0,0,0,0,0
"PHJJKLOP_03048",0,0,0,0,0,0,0,0,0
"PHJJKLOP_03049",0,0,0,0,0,0,0,0,0
"PHJJKLOP_03050",0,0,0,0,0,0,0,0,0
"PHJJKLOP_03051",0,0,0,0,0,0,0,0,0
"PHJJKLOP_03052",0,0,0,0,0,0,0,0,0
"PHJJKLOP_03053",0,0,0,0,0,0,0,0,0
"PHJJKLOP_03054",0,0,0,0,0,0,0,0,0
"PHJJKLOP_03055",0,0,0,0,0,0,0,0,0
"PHJJKLOP_03056",0,0,0,0,0,0,0,0,0
"PHJJKLOP_03057",0,0,0,0,0,0,0,0,0
"PHJJKLOP_03058",0,0,0,0,0,0,0,0,0
"PHJJKLOP_03059",0,0,0,0,0,0,0,0,0
"PHJJKLOP_03060",0,0,0,0,0,0,0,0,0
"PHJJKLOP_03061",0,0,0,0,0,0,0,0,0
"PHJJKLOP_03062",0,0,0,0,0,0,0,0,0
"PHJJKLOP_03063",0,0,0,0,0,0,0,0,0
"PHJJKLOP_03064",0,0,0,0,0,0,0,0,0
"PHJJKLOP_03065",0,0,0,0,0,0,0,0,0
"PHJJKLOP_03066",0,29.1975699970968,0,70.2737278912671,283.961872549109,51.4756342055764,0,89.075051452574,157.284867521404
"PHJJKLOP_03067",44.2174589102935,5.83951399941937,0,26.3526479592251,0,0,7.92199772799136,0,0
"PHJJKLOP_03068",0,0,0,0,0,0,0,0,0
"PHJJKLOP_03069",0,0,0,0,0,0,0,0,0
"PHJJKLOP_03070",0,0,0,0,0,0,0,0,0
"PHJJKLOP_03071",0,0,0,0,0,0,0,0,0
"PHJJKLOP_03072",0,0,0,0,0,0,0,0,0
"PHJJKLOP_03073",0,0,0,0,0,0,0,0,0
"PHJJKLOP_03074",0,63.2614016603765,0,12.8384695185969,21.4890065712839,19.9846579856944,0,19.5769343851811,0
"PHJJKLOP_03075",2.7071913618547,89.5392146577637,0,82.4364884878325,0,92.0505458735013,101.225526524334,0,0
"PHJJKLOP_03076",59.5582099608034,12.6522803320753,166.893095499172,86.490742020021,0,61.7707610466917,0,104.736598960719,126.672376527305
"PHJJKLOP_03077",0,0,0,0,0,0,0,0,0
"PHJJKLOP_03078",0,0,0,0,0,0,0,0,0
"PHJJKLOP_03079",0,0,0,0,0,0,0,0,0
"PHJJKLOP_03080",0,0,0,0,0,0,0,0,0
"PHJJKLOP_03081",0,0,0,0,0,0,0,0,0
"PHJJKLOP_03082",885.251575326487,624.827997937873,1407.46510537635,371.639907117278,336.149459936512,248.294235579839,237.659931839741,412.094468808062,294.513275425985
"PHJJKLOP_03083",0,0,0,0,0,0,0,0,0
"PHJJKLOP_03084",0,0,0,0,0,0,0,0,0
"PHJJKLOP_03085",467.441708480245,425.311269624377,284.830882985254,357.450019754618,970.075153789387,345.18954702563,348.56790003162,305.400176408825,53.8357600241047
"PHJJKLOP_03086",0,0,0,0,0,0,0,0,0
"PHJJKLOP_03087",38.8030761865841,151.827363984904,0,104.734882914869,73.6765939586876,147.159754258295,76.5793113705832,162.488555397003,199.508993030506
"PHJJKLOP_03088",0,42.8231026624087,0,50.6781691523561,0,8.4783397515067,0,64.6038834710976,0
"PHJJKLOP_03089",0,0,0,0,0,0,0,0,0
"PHJJKLOP_03090",0,0,0,0,0,0,0,0,0
"PHJJKLOP_03091",0,0,0,0,0,0,0,0,0
"PHJJKLOP_03092",0,0,0,0,0,0,0,0,0
"PHJJKLOP_03093",0,0,0,0,0,0,0,0,0
"PHJJKLOP_03094",0,0,0,0,0,0,0,0,0
"PHJJKLOP_03095",0,0,0,0,0,16.9566795030134,0,0,0
"PHJJKLOP_03096",0,0,0,0,0,0,0,0,0
"PHJJKLOP_03097",0,0,0,0,0,0,0,0,0
"PHJJKLOP_03098",0,0,0,0,0,0,0,0,0
"PHJJKLOP_03099",0,0,0,0,0,0,0,0,0
"PHJJKLOP_03100",0,0,0,0,0,0,0,0,0
"PHJJKLOP_03101",0,0,0,0,0,0,0,0,0
"PHJJKLOP_03102",0,0,0,0,0,0,0,0,0
"PHJJKLOP_03103",0,0,0,0,0,0,0,0,0
"PHJJKLOP_03104",0,0,0,0,0,0,0,0,0
"PHJJKLOP_03105",0,0,0,0,0,0,0,0,0
"PHJJKLOP_03106",0,0,0,0,0,0,0,0,0
"PHJJKLOP_03107",0,0,0,0,0,0,0,0,0
"PHJJKLOP_03108",0,0,0,0,0,0,0,0,0
"PHJJKLOP_03109",0,0,0,0,0,0,0,0,0
"PHJJKLOP_03110",0,0,0,0,0,0,0,0,0
"PHJJKLOP_03111",0,0,0,0,0,0,0,0,0
"PHJJKLOP_03112",0,33.0905793300431,0,0,0,40.5749116679249,0,144.86931445034,0
"PHJJKLOP_03113",0,0,0,0,0,0,0,0,0
"PHJJKLOP_03114",0,0,0,0,0,0,0,0,0
"PHJJKLOP_03115",54.143827237094,12.6522803320753,0,2.70283568812566,130.468968468509,27.8574020406649,150.517956831836,117.461606311087,173.118914587317
"PHJJKLOP_03116",0,0,0,0,0,0,0,0,0
"PHJJKLOP_03117",0,0,0,0,0,0,0,0,0
"PHJJKLOP_03118",0,0,0,0,0,0,0,0,0
"PHJJKLOP_03119",0,0,0,0,0,0,0,0,0
"PHJJKLOP_03120",0,0,0,0,0,0,0,0,0
"PHJJKLOP_03121",0,0,0,0,0,0,0,0,0
"PHJJKLOP_03122",0,0,0,0,0,0,0,0,0
"PHJJKLOP_03123",0,0,0,0,0,0,0,0,0
"PHJJKLOP_03124",0,0,0,0,0,0,0,0,0
"PHJJKLOP_03125",0,0,0,0,0,0,0,0,0
"PHJJKLOP_03126",0,0,0,0,0,0,0,0,0
"PHJJKLOP_03127",0,0,0,0,0,0,0,0,0
"PHJJKLOP_03128",0,0,0,0,0,0,0,0,0
"PHJJKLOP_03129",0,0,0,0,0,0,0,0,0
"PHJJKLOP_03130",0,0,0,0,0,0,0,0,0
"PHJJKLOP_03131",0,0,0,0,0,0,0,0,0
"PHJJKLOP_03132",180.479424123647,534.315530946872,195.821232052362,176.360028650199,1183.43029046142,346.400738418702,89.7826409172355,202.621270886624,277.623625222344
"PHJJKLOP_03133",0,51.5823736615378,28.9281365531899,46.6239156201676,0,0,0,44.0481023666575,29.5568878563712
"PHJJKLOP_03134",0,0,0,0,0,0,0,0,0
"PHJJKLOP_03135",0,0,0,0,0,0,0,0,0
"PHJJKLOP_03136",0,0,0,0,0,0,0,0,0
"PHJJKLOP_03137",0,0,0,0,0,0,0,0,0
"PHJJKLOP_03138",0,0,0,0,0,0,0,0,0
"PHJJKLOP_03139",0,0,0,0,0,0,0,0,0
"PHJJKLOP_03140",0,0,0,0,0,0,0,0,0
"PHJJKLOP_03141",0,0,0,0,0,0,0,0,0
"PHJJKLOP_03142",0,0,0,0,0,0,0,0,0
"PHJJKLOP_03143",0,0,0,0,0,0,0,0,0
"PHJJKLOP_03144",0,0,0,0,0,0,0,0,0
"PHJJKLOP_03145",0,0,0,0,0,0,0,0,0
"PHJJKLOP_03146",0,0,0,0,0,0,0,0,0
"PHJJKLOP_03147",0,0,0,0,0,0,0,0,0
"PHJJKLOP_03148",0,0,0,0,0,0,0,0,0
"PHJJKLOP_03149",0,0,142.415441492627,0,0,1.81678708960858,0,11.7461606311087,0
"PHJJKLOP_03150",0,0,0,1.35141784406283,0,1.81678708960858,0,127.250073503677,0
"PHJJKLOP_03151",0,0,0,0,0,0,0,0,0
"PHJJKLOP_03152",0,0,0,0,0,0,0,0,0
"PHJJKLOP_03153",0,61.3148969939034,0,0,0,0,35.2088787910727,103.75775224146,24.2788721677335
"PHJJKLOP_03154",0,0,0,0,0,0,0,0,0
"PHJJKLOP_03155",0,29.1975699970968,0,17.5684319728168,0,16.9566795030134,0,0,44.3353317845568
"PHJJKLOP_03156",64.9725926845128,181.024933982,0,112.167681057215,0,49.6588471159678,191.00816744157,98.8635186451646,0
"PHJJKLOP_03157",0,0,0,0,0,0,0,0,0
"PHJJKLOP_03158",0,0,0,0,0,0,0,0,0
"PHJJKLOP_03159",0,0,0,0,0,0,0,0,0
"PHJJKLOP_03160",0,0,0,0,0,0,0,0,0
"PHJJKLOP_03161",0,17.5185419982581,0,0,0,0,143.476181073621,0,0
"PHJJKLOP_03162",0,0,0,110.14055429112,0,33.9133590060268,229.73793411175,36.217328612585,1.05560313772754
"PHJJKLOP_03163",56.8510185989487,25.3045606641506,0,0,0,0,0,47.9634892436937,0
"PHJJKLOP_03164",0,0,0,0,0,0,0,0,0
"PHJJKLOP_03165",0,0,0,0,0,0,0,0,0
"PHJJKLOP_03166",0,31.14407466357,68.9824794729913,0,0,78.7274405497051,1.76044393955364,5.87308031555433,1.05560313772754
"PHJJKLOP_03167",0,0,0,0,0,0,0,0,0
"PHJJKLOP_03168",0,0,0,0,0,0,0,0,0
"PHJJKLOP_03169",0,0,0,0,0,0,0,0,0
"PHJJKLOP_03170",0,0,0,0,0,0,0,0,0
"PHJJKLOP_03171",0,0,0,0,0,0,0,0,0
"PHJJKLOP_03172",0,0,0,0,0,0.605595696536193,0,0,0
"PHJJKLOP_03173",0,0,0,0,0,0,0,0,0
"PHJJKLOP_03174",84.825329338114,135.282074319882,1.11262063666115,108.113427525026,38.3732260201498,76.9106534600965,0,126.271226784418,158.340470659132
"PHJJKLOP_03175",72.1917696494587,292.948952304205,232.53771306218,202.036967687393,29.1636517753139,201.663366946552,182.205947743801,221.219358552546,123.505567114123
"PHJJKLOP_03176",0,0,0,0,0,0,0,0,0
"PHJJKLOP_03177",0,0,0,0,0,0,0,0,0
"PHJJKLOP_03178",0,0,0,0,0,0,0,0,0
"PHJJKLOP_03179",0,0,0,0,0,0,0,0,0
"PHJJKLOP_03180",0,0,0,0,0,0,0,0,0
"PHJJKLOP_03181",0,0,0,0,0,0,0,0,0
"PHJJKLOP_03182",0,0,0,0,0,0,0,0,0
"PHJJKLOP_03183",0,0,0,0,0,0,0,0,0
"PHJJKLOP_03184",0,0,0,0,0,0,0,0,0
"PHJJKLOP_03185",0,0,0,0,0,0,0,0,0
"PHJJKLOP_03186",0,0,0,0,0,0,0,0,0
"PHJJKLOP_03187",0,0,0,0,0,0,0,0,0
"PHJJKLOP_03188",0,0,0,0,0,0,0,0,0
"PHJJKLOP_03189",0,0,0,0,0,0,0,0,0
"PHJJKLOP_03190",0,0,0,0,0,0,0,0,0
"PHJJKLOP_03191",0,0,0,0,0,0,0,0,0
"PHJJKLOP_03192",0,0,0,0,0,0,0,0,0
"PHJJKLOP_03193",0,0,0,0,0,0,0,0,0
"PHJJKLOP_03194",0,0,0,0,0,0,0,0,0
"PHJJKLOP_03195",0,0,0,0,0,0,0,0,0
"PHJJKLOP_03196",0,0,0,0,0,0,0,0,0
"PHJJKLOP_03197",0,0,0,0,0,0,0,0,0
"PHJJKLOP_03198",0,0,0,0,0,0,0,0,0
"PHJJKLOP_03199",0,0,0,0,0,0,0,0,0
"PHJJKLOP_03200",0,0,0,0,0,0,0,0,0
"PHJJKLOP_03201",0,0,0,0,0,0,0,0,0
"PHJJKLOP_03202",0,0,0,0,0,0,0,0,0
"PHJJKLOP_03203",0,0,0,0,0,0,0,0,0
"PHJJKLOP_03204",0,0,0,0,0,0,0,0,0
"PHJJKLOP_03205",0,0,0,0,0,0,0,0,0
"PHJJKLOP_03206",0,0,0,0,0,0,0,0,0
"PHJJKLOP_03207",0,0,0,0,0,0,0,0,0
"PHJJKLOP_03208",0,0,0,0,0,0,0,0,0
