"","baseMean","log2FoldChange","lfcSE","stat","pvalue","padj"
"PHJJKLOP_00266",24.6656449058216,20.7065877517826,3.14329828094636,6.58753509881613,4.4718829257344e-11,1.35498052649752e-08
"PHJJKLOP_01405",50.1130295945149,21.95463586625,3.30769487277401,6.63744290531781,3.19171525085115e-11,1.35498052649752e-08
"PHJJKLOP_01718",37.5075356587519,-22.5678167200668,3.5519039652796,-6.3537237888948,2.10164065470196e-10,3.18398559187347e-08
"PHJJKLOP_02940",32.4081698382025,-22.5320430542176,3.53668978030753,-6.370941319105,1.8787151932517e-10,3.18398559187347e-08
"PHJJKLOP_01048",13.6339908038162,-21.7908883596746,3.53113344093674,-6.17107473397943,6.7827350610967e-10,8.2206748940492e-08
"PHJJKLOP_02959",50.1724937468286,20.8933661586964,3.61901692432763,5.77321593006314,7.77726713981149e-09,7.85503981120961e-07
"PHJJKLOP_02579",58.7304695494737,8.92592543517764,2.43513447803268,3.6654753631466,0.000246879578744967,0.0213727178170643
"PHJJKLOP_00928",86.7968927249038,-9.88952489334632,2.85736338374887,-3.46106657262865,0.000538039741257854,0.0407565104002824
"PHJJKLOP_01164",50.4925900100756,9.67510525614124,2.94708000079293,3.28294625647695,0.00102728248362763,0.0691703538975937
"PHJJKLOP_01893",37.0068673081388,9.00902493897033,2.86017038060354,3.14982107362054,0.00163370484057781,0.0990025133390151
"PHJJKLOP_01709",53.1560510723978,-8.34013641402979,2.70357626410795,-3.08485339391068,0.0020365251096108,0.102844518035346
"PHJJKLOP_01902",22.7808930476475,-7.54435033780851,2.43442029827632,-3.09903361516918,0.00194152990139672,0.102844518035346
"PHJJKLOP_00069",35.105183058154,8.15789790759598,2.81483744494301,2.89817727210218,0.00375338373502226,0.133992216916325
"PHJJKLOP_00670",34.331743095814,8.88730626168858,3.12233841129179,2.8463622743608,0.00442218537677639,0.133992216916325
"PHJJKLOP_01322",22.3935301213136,-8.74307518162622,2.98307920434141,-2.93088938734916,0.00337993106298394,0.133992216916325
"PHJJKLOP_01796",60.2348480663383,8.05331502698164,2.82612244449352,2.8495987647927,0.00437744125618348,0.133992216916325
"PHJJKLOP_01809",42.4029209934925,-9.02803121400809,3.16872431902913,-2.8491059193102,0.00438422819523028,0.133992216916325
"PHJJKLOP_01985",57.7205564641586,-9.38226670805226,3.2204269786132,-2.91336110719471,0.00357560859070013,0.133992216916325
"PHJJKLOP_02036",38.5870606441332,-9.2234608256214,3.10807796010672,-2.96757705051411,0.00300157041476767,0.133992216916325
"PHJJKLOP_02863",26.9446185759296,8.13254503221264,2.81695526962877,2.8869982849548,0.00388936350533316,0.133992216916325
"PHJJKLOP_02860",33.2497576051056,-9.29454308226508,3.30496476168131,-2.8122971809045,0.00491890336754142,0.141945497177624
"PHJJKLOP_02377",16.0803148238661,-7.75317399989343,2.80384616286895,-2.76519236417744,0.00568892367857467,0.156703988600739
"PHJJKLOP_03153",25.180214301052,-8.45779000956929,3.12800546982821,-2.70389233367734,0.00685324908458197,0.18056821501116
"PHJJKLOP_00966",18.2816824356612,-8.44249196768356,3.23114345607352,-2.61284962504972,0.00897907997385826,0.194332945148504
"PHJJKLOP_00980",11.9764370576635,7.21487871808888,2.7575591331242,2.61640036343109,0.00888622947703397,0.194332945148504
"PHJJKLOP_00989",22.6795745033165,-8.31750473530034,3.12602981703173,-2.66072469622125,0.00779726819788653,0.194332945148504
"PHJJKLOP_02339",34.0591295394818,9.14099381563745,3.49647929832781,2.61434232429437,0.00893994139849243,0.194332945148504
"PHJJKLOP_02581",15.891511629588,7.35755470395835,2.79415219827153,2.63319754325114,0.0084585134897772,0.194332945148504
"PHJJKLOP_01109",28.6435282518333,8.10258701103975,3.11772118392158,2.59888121260671,0.00935281319762488,0.195441544750368
"PHJJKLOP_01406",40.4552608084015,8.13664560854549,3.19271683052929,2.54850211917998,0.0108186629552772,0.214618725162325
"PHJJKLOP_02656",23.7132365515457,-8.82550630934752,3.4700029438871,-2.54337141842916,0.0109788456766206,0.214618725162325
"PHJJKLOP_02846",51.0637724036349,-6.90585499164343,2.72976774222231,-2.52983244135684,0.0114117009679545,0.216109087080638
"PHJJKLOP_02126",19.992111604314,-8.57957155410461,3.46429470577029,-2.47657092793349,0.0132651265131361,0.237489602190115
"PHJJKLOP_02190",25.2010870125119,8.70605149559613,3.51763014777842,2.47497637041077,0.0133244991327787,0.237489602190115
"PHJJKLOP_00536",20.8530889903579,-8.01982789421488,3.28948152887753,-2.43802186569854,0.0147678806964662,0.248592658390514
"PHJJKLOP_01314",19.5635858689148,-8.54791996015209,3.49610516693639,-2.44498364665688,0.0144858710107698,0.248592658390514
"PHJJKLOP_02375",19.323352558641,-7.71562884492027,3.20467479669331,-2.40761678934834,0.0160570255001948,0.262988039273461
"PHJJKLOP_00077",26.8046193516357,8.28508857926725,3.48649317154482,2.37633867947495,0.0174854053686092,0.271696298804543
"PHJJKLOP_00216",129.273135590169,7.31785249209865,3.0683533235447,2.38494453554154,0.0170816964954624,0.271696298804543
"PHJJKLOP_00174",20.8318931801317,7.98041761332052,3.47252035294653,2.29816294857679,0.021552516617481,0.289875484242945
"PHJJKLOP_00268",13.7531636846332,-8.03953090801044,3.47791124687349,-2.31159748979726,0.0207998751031642,0.289875484242945
"PHJJKLOP_00387",43.327004668753,-6.01587324096874,2.59276650643864,-2.32025260509555,0.0203272163653986,0.289875484242945
"PHJJKLOP_00572",12.3396740005375,7.19695095078373,3.09859374112615,2.32265070934019,0.0201979242109499,0.289875484242945
"PHJJKLOP_00810",29.9818292664798,7.4250431051117,3.21144991252475,2.31205321812862,0.0207747507576027,0.289875484242945
"PHJJKLOP_01046",26.6732628432095,6.8166087760307,2.97629106019378,2.29030314514565,0.0220037496290024,0.289875484242945
"PHJJKLOP_01073",14.9679070725636,7.95678838904736,3.46727251056953,2.29482636994702,0.021743076781906,0.289875484242945
"PHJJKLOP_00348",17.7445894008149,-5.79567768409441,2.56871469947646,-2.25625589532214,0.0240546098098737,0.298299413433128
"PHJJKLOP_00491",38.0110139479142,7.19398106153839,3.21539229879482,2.23735718476244,0.0252630044921559,0.298299413433128
"PHJJKLOP_00589",12.1517338403089,-7.86162064350983,3.53309976975188,-2.22513406239358,0.0260722396972712,0.298299413433128
"PHJJKLOP_00597",16.9379588089532,6.91644455650712,3.11546866569723,2.22003341990257,0.0264164991046695,0.298299413433128
"PHJJKLOP_01136",10.8987301396214,6.9537247188515,3.14322552385848,2.2122894670044,0.0269466704224956,0.298299413433128
"PHJJKLOP_01491",14.8742481519246,7.69677837507468,3.43857110321002,2.2383653395707,0.0251972403775258,0.298299413433128
"PHJJKLOP_01707",6.50015393603467,-6.95907998519949,3.13309921664924,-2.22114893400728,0.0263408756167518,0.298299413433128
"PHJJKLOP_02358",14.5690798477051,-7.7465707789542,3.470120345811,-2.23236372430298,0.0255909333208475,0.298299413433128
"PHJJKLOP_02417",8.3843654566485,-7.28914041149073,3.29756990781297,-2.21045819050583,0.0270733791069671,0.298299413433128
"PHJJKLOP_02560",30.6027498475271,-6.62313071913682,3.01150956422061,-2.19927268298446,0.0278585388790178,0.301469188583657
"PHJJKLOP_01031",20.1116139174084,7.64383286493681,3.5079763460407,2.1789864328943,0.0293326760979822,0.304475348189056
"PHJJKLOP_02334",10.6520727792502,7.00118872493073,3.21920438905222,2.17481957614751,0.0296436395101556,0.304475348189056
"PHJJKLOP_02413",10.7020737384421,-7.67839257562119,3.52637909546055,-2.17741552106677,0.0294495786613313,0.304475348189056
"PHJJKLOP_01274",9.75606611726571,-7.54409516860697,3.50393625291337,-2.15303436594612,0.0313159777772533,0.314523728509904
"PHJJKLOP_01336",12.9869621050891,7.38571260220898,3.44157533209165,2.14602671437683,0.0318708474133012,0.314523728509904
"PHJJKLOP_02255",32.1008705884655,5.82331764564843,2.72166478895693,2.13961604282657,0.0323858090354364,0.314523728509904
"PHJJKLOP_02361",12.9672083847657,-5.59246082961367,2.61847290654878,-2.13577189041253,0.0326980113797425,0.314523728509904
"PHJJKLOP_01006",11.1636863980907,-7.30163934297446,3.46768521732762,-2.10562345927162,0.0352370732276105,0.333651037123937
"PHJJKLOP_00938",16.1087568571321,7.27133052196692,3.48710106770002,2.08520785053209,0.0370504376020825,0.337793867131391
"PHJJKLOP_02436",8.53443600323368,-7.35092248260933,3.52761142899632,-2.08382431868377,0.0371761504196283,0.337793867131391
"PHJJKLOP_02676",27.187638036136,5.83178818032021,2.80929737410448,2.07588852432513,0.0379042623183739,0.337793867131391
"PHJJKLOP_02811",7.46834876500062,-7.05026029022878,3.38658405643067,-2.08182055214052,0.0373588637670326,0.337793867131391
"PHJJKLOP_01324",753.108673103543,-4.96497126461715,2.42628258773874,-2.04632852319335,0.0407240592129228,0.35766347656567
"PHJJKLOP_00371",17.5430075907184,-7.10394089436428,3.50131608363985,-2.02893447054322,0.0424649652148515,0.367625270288571
"PHJJKLOP_01624",59.4404617360037,-6.43152344270088,3.18627287528473,-2.01850993133353,0.0435381809015543,0.371607572201999
"PHJJKLOP_01320",229.131297414178,-5.25069481497044,2.62197925890248,-2.00256916493241,0.0452235523319637,0.379527325072865
"PHJJKLOP_01920",8.7074207034747,-6.94463045909426,3.47582276030596,-1.99798175511197,0.0457186381688435,0.379527325072865
"PHJJKLOP_01953",6.85372469227971,6.76201761224055,3.40818882551281,1.98405016811916,0.0472502475198746,0.386941216176271
"PHJJKLOP_01471",11.8492937568279,6.83182836853343,3.47640088174302,1.96520154059679,0.0493909157351656,0.399078599140138
"PHJJKLOP_01162",23.4699611587184,-6.90685457572382,3.54280296779884,-1.94954521561076,0.0512303485680304,0.403435393404773
"PHJJKLOP_02385",7.32592235850766,6.92317976696628,3.5516538317689,1.94928337470271,0.0512615928913656,0.403435393404773
"PHJJKLOP_00330",13.5749062479663,6.82110573862271,3.53175604244637,1.9313637908857,0.0534380796952056,0.409917421459425
"PHJJKLOP_02353",6.81997821113771,6.82412102911699,3.52807225307244,1.93423505518465,0.0530842341459882,0.409917421459425
"PHJJKLOP_00977",32.1269800606474,-4.6553164235681,2.42902306528772,-1.91653858297829,0.0552965770203787,0.415712845985013
"PHJJKLOP_03163",14.752777488097,-6.6886697147283,3.49382275795768,-1.91442731303238,0.0555655784237394,0.415712845985013
"PHJJKLOP_00599",7.78148478465832,-6.1167158087049,3.23671941698117,-1.88978870909046,0.0587862242308589,0.429210263661452
"PHJJKLOP_02231",39.520423056012,4.87029531637578,2.576817005676,1.89004314456475,0.0587521900678771,0.429210263661452
"PHJJKLOP_02065",5.0743757603315,6.36631766192204,3.38316404102002,1.88176440300619,0.0598680110017305,0.431904936512484
"PHJJKLOP_01200",4.78696413842908,-6.51644414232359,3.62672892817327,-1.79678279556609,0.0723701086867335,0.515956304284241
"PHJJKLOP_01621",5.78718597626358,5.62547507443711,3.15070383248228,1.78546616043092,0.0741857355026309,0.52275064784412
"PHJJKLOP_00244",9.5173586920957,-5.61666052053983,3.188554519672,-1.76150681629794,0.0781526603388079,0.540084342999021
"PHJJKLOP_02455",4.84364631608655,6.33124989076501,3.59754557035812,1.75988038704254,0.0784280894123991,0.540084342999021
"PHJJKLOP_00869",5.51881815907794,-6.00483401299375,3.5245019199214,-1.70373974803443,0.088429718797447,0.566116331930565
"PHJJKLOP_01007",4.67865013535395,6.27682758349844,3.63597743409766,1.72631092939007,0.0842914901644445,0.566116331930565
"PHJJKLOP_01350",141.769559888527,4.57587409984274,2.66956643433444,1.71408886513947,0.0865124064699464,0.566116331930565
"PHJJKLOP_02452",5.39469286908318,-6.68880356216324,3.91216278905712,-1.70974571428182,0.0873129053465851,0.566116331930565
"PHJJKLOP_02595",8.82662909407835,6.04357863614508,3.4927529561421,1.73031952503749,0.0835732029840264,0.566116331930565
"PHJJKLOP_02829",10.7728413602584,6.0053338500597,3.50032420096628,1.71565075269368,0.0862259834085952,0.566116331930565
"PHJJKLOP_03038",5.28098345804962,-6.65885599917447,3.91227618923403,-1.70204138897417,0.0887476097910952,0.566116331930565
"PHJJKLOP_00807",4.42885771724772,6.20148391947421,3.69077252210517,1.68026717505119,0.0929053446020799,0.581921371629287
"PHJJKLOP_01510",7.32556529550527,-6.53336374638699,3.89114930504785,-1.67903188343647,0.0931458301122786,0.581921371629287
"PHJJKLOP_02644",5.40612618864906,6.0167486536086,3.59619732823512,1.6730863477287,0.094310298739889,0.583184092207885
"PHJJKLOP_01265",4.51084003708405,-6.43144600943076,3.91321846557797,-1.64351826150367,0.100275750188401,0.610553370203805
"PHJJKLOP_01673",13.7796300473932,4.61404309276664,2.82543643187682,1.63303730379866,0.102461151257027,0.610553370203805
"PHJJKLOP_02990",5.80320310714808,-6.35932910720021,3.89763284265999,-1.63158752091698,0.102766408846185,0.610553370203805
"PHJJKLOP_03009",4.40081954837468,-6.39582207339437,3.91337997524064,-1.63434731967245,0.102185943025826,0.610553370203805
"PHJJKLOP_01351",6.53764691224855,4.73951536940701,2.91577518973552,1.62547352281879,0.104061701040871,0.612246512920073
"PHJJKLOP_00849",7.61433362898628,5.80056004779665,3.59534089490368,1.6133546768872,0.106667473911477,0.621543165291875
"PHJJKLOP_02529",8.07834439825732,-6.1690347989545,3.8928013981923,-1.58472887977774,0.113027947297117,0.652332724400501
"PHJJKLOP_00577",10.3204636291869,5.55338047366966,3.52499823783244,1.57542787229434,0.115157715035286,0.658354484069653
"PHJJKLOP_01309",5.44061033369525,5.53177902124917,3.53750296089576,1.56375247806109,0.117875708392026,0.667595133509979
"PHJJKLOP_00433",6200.31907869634,2.57139314561337,1.68092532768901,1.52974858743345,0.126078971938884,0.700679945590596
"PHJJKLOP_00950",17.886738475593,5.26339936696633,3.47171139549558,1.5160820607944,0.129498603805523,0.700679945590596
"PHJJKLOP_01117",4.55817445465388,5.45009335895187,3.58368866113613,1.52080548125072,0.128308658519016,0.700679945590596
"PHJJKLOP_02130",7.14921556914345,-5.9808243951754,3.9020816517396,-1.53272661337291,0.125343229012157,0.700679945590596
"PHJJKLOP_02468",5.93226489795204,5.36570087251938,3.53852263970636,1.5163675405973,0.129426441984428,0.700679945590596
"PHJJKLOP_02391",41.8344538146874,4.16354543806201,2.7695916830059,1.50330659339041,0.132760000666292,0.711969561095337
"PHJJKLOP_01235",5.95113383997738,5.2630787507374,3.5344252346387,1.48909041819792,0.13646356062216,0.725411559096743
"PHJJKLOP_00839",66.9407779911189,-2.99799734835029,2.02613522305858,-1.47966301273053,0.138963201092544,0.725962929845531
"PHJJKLOP_01921",71.5595814956355,3.4027339678137,2.29946376104137,1.4797945614384,0.138928080515767,0.725962929845531
"PHJJKLOP_01563",103.096770735423,3.31377734174252,2.25405891776059,1.47013785470824,0.141524421731505,0.733023927942664
"PHJJKLOP_01468",25.5549399657107,-4.25007600731798,2.91108302833881,-1.45996385741813,0.144300007370911,0.741066139548915
"PHJJKLOP_02631",21.2542467906689,3.63142652105206,2.49614011552512,1.45481677829937,0.14571999194913,0.742069874967838
"PHJJKLOP_00741",4.48018678121909,5.6767091602017,3.91563647684025,1.44975387622872,0.147127165820848,0.742992187395283
"PHJJKLOP_00102",5.93644976911921,5.59886069026801,3.91331196340795,1.43072178825022,0.15250996616855,0.763810243786292
"PHJJKLOP_00800",76.2709098733178,-4.04341988825873,2.88300426673949,-1.40250222134829,0.160765327638855,0.795124832608947
"PHJJKLOP_00883",103.873466751801,3.90820951328099,2.79883849808303,1.39636835635846,0.162603598979628,0.795124832608947
"PHJJKLOP_02131",15.7765826370959,-3.20013838779708,2.29227721391773,-1.3960520867054,0.162698810632854,0.795124832608947
"PHJJKLOP_02781",7.55442205817884,-4.98078782581797,3.58751862797461,-1.38836570407718,0.16502571416181,0.800044662256454
"PHJJKLOP_01236",4.65340350384775,5.42119228500269,3.91735377793015,1.38389142066897,0.166391704143171,0.800264862783824
"PHJJKLOP_02099",6.18061669314204,5.36718278010692,3.91775703779999,1.36996315195718,0.170698404396879,0.814513646177232
"PHJJKLOP_01266",4.39509291410993,5.21853011631765,3.91894772855769,1.33161513696389,0.18298668828407,0.866327602344894
"PHJJKLOP_00751",5.98399506081572,5.08172582853198,3.90881081503783,1.30006952727969,0.193577140664071,0.909362381724241
"PHJJKLOP_00856",55.0207827992466,-3.37460274610584,2.66827214864061,-1.26471460110434,0.205973653940267,0.960154109906169
"PHJJKLOP_00025",5.54408213365586,0,4.08045587177789,0,1,1
"PHJJKLOP_00051",44.1283476169843,-1.49331821822553,2.39141205608681,-0.62445040135372,0.532331833686902,1
"PHJJKLOP_00070",4.96341141442955,4.34949684169252,3.92130195229504,1.10919712243707,0.267345153706346,1
"PHJJKLOP_00073",6.53154263183333,-0.304725758727235,3.60791714457568,-0.0844602984260253,0.932690467278327,1
"PHJJKLOP_00078",198.546524301877,1.46178029274337,1.733077331177,0.843459357783313,0.398971586696594,1
"PHJJKLOP_00084",15.8424114741078,0.0348263083430919,3.2506800797397,0.0107135453163021,0.991451991124459,1
"PHJJKLOP_00136",35.8805064520008,-2.03411401939827,2.41727939746839,-0.841488998552917,0.400074045660332,1
"PHJJKLOP_00137",27.4954911015048,0.218652924417283,2.85414093004052,0.0766090146831605,0.938934587351682,1
"PHJJKLOP_00155",273.28780768527,0.694939352863365,1.70501858350781,0.407584620827789,0.683578657014849,1
"PHJJKLOP_00156",37.8474088164716,1.85471389473803,2.22052878707944,0.835257757309893,0.403572596215499,1
"PHJJKLOP_00161",37.8454412808439,-1.85862288710836,2.33095817991707,-0.797364321300044,0.425239474182375,1
"PHJJKLOP_00165",78.9106767042435,0.769402811127042,2.14670257297745,0.35841146361505,0.720035414007461,1
"PHJJKLOP_00169",110.319944293567,-0.870251270244309,2.08230470184544,-0.417926958275151,0.676000521605395,1
"PHJJKLOP_00172",473.105164847812,-0.123340602964737,1.73588322427564,-0.0710535139921091,0.94335516506986,1
"PHJJKLOP_00173",313.718369080352,1.18708674270964,1.6908608104249,0.702060592681984,0.482641376660098,1
"PHJJKLOP_00191",2035.36527823691,0.407927977168126,1.71367143125017,0.238043285153287,0.811847522242477,1
"PHJJKLOP_00203",27.6739655523951,-2.17980589613789,2.94929186228649,-0.739094670151757,0.459849513055829,1
"PHJJKLOP_00211",37.7892679416285,1.76560265240726,2.79800068361763,0.631022952476357,0.528025516986904,1
"PHJJKLOP_00213",20.3062704402819,-0.233669470006192,3.2463507763741,-0.0719791193566523,0.942618525080482,1
"PHJJKLOP_00214",217.160826340155,1.62015767857936,1.90081039031935,0.852351021875019,0.394019295512614,1
"PHJJKLOP_00221",8.14902129464952,-1.16810184043333,3.12724017287294,-0.373524825680472,0.708757871935745,1
"PHJJKLOP_00245",39.2879681191933,-1.08341312095981,2.69339030215588,-0.402248838607836,0.6875009027093,1
"PHJJKLOP_00258",37.2199542035406,0.578378433846075,2.69581397573747,0.21454686378642,0.830120625641161,1
"PHJJKLOP_00274",16.4173533178706,-2.05067395419505,2.72598393810032,-0.752269272585708,0.451889142479629,1
"PHJJKLOP_00278",34.7725754946397,-2.17597729058135,2.98375673652341,-0.729274362063691,0.465833851747403,1
"PHJJKLOP_00295",314.757624980381,0.387668497235918,1.65846550499947,0.233751317749621,0.815178045360577,1
"PHJJKLOP_00299",48.3028038705285,-0.589420378542546,3.02957562912404,-0.194555426468416,0.845741000677094,1
"PHJJKLOP_00306",15.2817780568264,-1.74281904346594,2.50239936754941,-0.696459192751743,0.486141304441962,1
"PHJJKLOP_00307",6.29159803019156,-2.01563101513816,2.61573576916347,-0.770578985423581,0.440956521171203,1
"PHJJKLOP_00314",155.566688049723,0.131130254847454,1.82085693851059,0.0720156823274182,0.942589427563747,1
"PHJJKLOP_00315",18.6420326321585,1.09452320338676,3.25273891780345,0.336492793010846,0.736499285408424,1
"PHJJKLOP_00327",219.332709964119,-0.463959203877505,1.88937392676799,-0.245562404193417,0.806020995285056,1
"PHJJKLOP_00329",100.453034380175,-0.361190860267307,2.18079398072318,-0.165623558878098,0.868453206046435,1
"PHJJKLOP_00333",254.553714446031,-0.583423856462346,1.75708564564879,-0.332040648051006,0.739858565817266,1
"PHJJKLOP_00334",65.6868370269846,-2.70947324294933,3.04348929630455,-0.890252266120736,0.373330445775352,1
"PHJJKLOP_00335",263.957680795633,-0.476266150050157,1.68292091691078,-0.282999721059029,0.777177050829382,1
"PHJJKLOP_00339",46.0564686684589,0.290909596482653,2.76794647186329,0.105099430006977,0.916296911588795,1
"PHJJKLOP_00341",139.324296112142,-1.70280223686383,2.76454502207795,-0.615943029780693,0.537932120652059,1
"PHJJKLOP_00345",23.3132828885536,-2.56318933070946,2.33564458973241,-1.09742267379949,0.272456666217507,1
"PHJJKLOP_00351",44.3234453097038,-0.766326344963001,2.38213214920504,-0.321697662834843,0.747681748597225,1
"PHJJKLOP_00353",185.653405262115,0.455952607533123,1.71805144793618,0.265389379393056,0.790709516941754,1
"PHJJKLOP_00356",51.4225863520135,-2.14625245024927,3.04222503623046,-0.705487735025886,0.480506762003784,1
"PHJJKLOP_00358",119.176199378118,-0.0987211595784294,2.08025188547091,-0.0474563490450012,0.962149519527671,1
"PHJJKLOP_00359",13.2899145672666,1.49930664276803,3.2335938885419,0.463665721314221,0.642887259953714,1
"PHJJKLOP_00364",174.594750763417,-0.263710173343843,2.1851162922125,-0.120684731647316,0.903940752973442,1
"PHJJKLOP_00365",632.379537947341,-0.15172282021003,1.68001271317954,-0.0903105190929681,0.928040461283791,1
"PHJJKLOP_00370",129.31894962679,-1.31212282474105,1.80972480722058,-0.725039972655425,0.468427508263809,1
"PHJJKLOP_00374",23.2375788088061,0.289866470017035,3.04996925068914,0.0950391450509016,0.924283734370183,1
"PHJJKLOP_00384",17.1240847984738,2.45558583663656,3.12619198577222,0.785487854812598,0.432167588423876,1
"PHJJKLOP_00430",31.3575922931868,-0.974793242843994,2.92408669783335,-0.333366737575286,0.738857468102605,1
"PHJJKLOP_00434",18.2801487832496,1.84114049911139,2.7821158485514,0.661777078790605,0.508114097932204,1
"PHJJKLOP_00435",31.8835264279933,-2.44241226503974,2.95817480429784,-0.825648390180063,0.409003576586965,1
"PHJJKLOP_00452",131.594459066434,-0.812845938795816,1.75908373323452,-0.462084847604834,0.644020475803784,1
"PHJJKLOP_00454",52.0463133991338,-0.455444496258668,2.1637668483433,-0.210486863040434,0.833287703780684,1
"PHJJKLOP_00463",118.112313663724,-0.0786567610159026,1.92769605557339,-0.0408035077876975,0.967452542879377,1
"PHJJKLOP_00464",298.896374402518,-0.0327504223207813,1.68147618276076,-0.019477184783557,0.984460437496129,1
"PHJJKLOP_00472",67.8679834381166,-1.36400819446564,2.33452242284791,-0.584277187109506,0.559033837919064,1
"PHJJKLOP_00484",375.752540203671,0.114378363145211,1.72138531022609,0.0664455322499461,0.947023120779508,1
"PHJJKLOP_00487",7.00571828818802,0.911073179509214,3.60126257439094,0.252987156778841,0.800278137850628,1
"PHJJKLOP_00490",11.308324086822,0.800509403323271,2.84071707968223,0.281798356143519,0.778098131481423,1
"PHJJKLOP_00501",134.539580320617,0.451334347568195,1.81505300298039,0.24866180041414,0.803622399681252,1
"PHJJKLOP_00505",35.4028625034939,0.192371342552697,2.25374958603763,0.0853561299553733,0.931978269051054,1
"PHJJKLOP_00509",43.4154693042413,1.89924341392838,3.0983909406061,0.612977332536626,0.53989132789814,1
"PHJJKLOP_00511",69.2008484534205,1.88761650635941,2.04854634584025,0.921441933785086,0.356819743976639,1
"PHJJKLOP_00513",32.3779198097855,1.40909410967749,3.09187677090053,0.455740708342356,0.648576445028035,1
"PHJJKLOP_00520",50.7176631830765,-0.643627110498158,2.369414491608,-0.27163972904604,0.785899048297158,1
"PHJJKLOP_00522",125.855748238095,0.215134063009645,1.77366326367672,0.121293634149969,0.903458462004619,1
"PHJJKLOP_00524",135.04892946892,-2.07249958044913,2.43945965065856,-0.849573215892148,0.395562408345078,1
"PHJJKLOP_00528",36.7092361371932,0.768129467094857,3.05281618535837,0.251613402332864,0.801339898288843,1
"PHJJKLOP_00531",6.25918631919447,1.44225241277629,3.60293807913621,0.40029897297654,0.688936324309179,1
"PHJJKLOP_00541",189.6598799447,-0.474393087558901,1.73069848818582,-0.274104987551111,0.784003941066131,1
"PHJJKLOP_00542",295.386631462186,-0.291407832487737,1.68285576095868,-0.173162691211117,0.862523548678891,1
"PHJJKLOP_00546",55.5231938685221,-1.8550784106575,2.22073159769575,-0.835345618796234,0.403523139109533,1
"PHJJKLOP_00550",333.733927376561,-1.23294291428434,1.70627066943961,-0.722595152320866,0.469928647385459,1
"PHJJKLOP_00557",208.443720006966,0.00218410147303917,2.22591755920564,0.000981214000494524,0.999217104623788,1
"PHJJKLOP_00561",71.7665525179821,-1.55575345635241,2.69340731148224,-0.577615368355205,0.563523828782945,1
"PHJJKLOP_00585",55.4136687435486,-1.52607573634858,2.38155512117347,-0.640789592808854,0.521659395468756,1
"PHJJKLOP_00587",571.336117717674,-0.797586684969561,1.65913135941454,-0.480725459406063,0.630711634047898,1
"PHJJKLOP_00591",124.705536597183,-0.232359928011403,1.78558070543758,-0.130131294151983,0.896462551472931,1
"PHJJKLOP_00593",44.2801012003214,2.04504195135353,3.31611707587962,0.616697753595167,0.537434103213443,1
"PHJJKLOP_00594",74.6375097067187,-0.0205185977429654,3.42819294148012,-0.00598525173268297,0.995224488562371,1
"PHJJKLOP_00601",4.46039301430464,-0.794293481902251,3.62802718677706,-0.218932615719414,0.826702539058578,1
"PHJJKLOP_00603",8.97218915512322,-3.34383587632417,2.86901204599908,-1.16550081446582,0.243816330730201,1
"PHJJKLOP_00608",15.4466836391807,-0.85300013891146,3.27695747973263,-0.260302473921956,0.794630464451623,1
"PHJJKLOP_00610",273.95832557822,-0.259285136465891,1.76521507174262,-0.146885861454789,0.883222111796407,1
"PHJJKLOP_00615",41.1852373097884,0.604929591389874,2.72051050912875,0.222358851164153,0.824034541981082,1
"PHJJKLOP_00617",8.32187767362613,-0.785745087941049,3.71999433006891,-0.211222119773095,0.832713951032103,1
"PHJJKLOP_00660",40.141861779869,0.256725175535838,2.96033834405959,0.0867215654761217,0.9308928342238,1
"PHJJKLOP_00661",22.2111521336356,1.12448750669718,3.06588658543901,0.366774006591689,0.713787598177355,1
"PHJJKLOP_00668",24.0567334861013,0.313415156102089,3.33153464574453,0.0940753104586272,0.925049332784861,1
"PHJJKLOP_00674",28.3736442795702,-1.92947427306901,2.96117564010083,-0.651590620610166,0.514665300021607,1
"PHJJKLOP_00678",28.582188821551,-0.165824261507202,2.08433186068867,-0.0795575141534385,0.936589186852129,1
"PHJJKLOP_00680",83.0570142389688,0.115471653837488,1.77755885208825,0.0649608049274056,0.948205207444496,1
"PHJJKLOP_00686",847.122066457625,-0.164866565173477,1.67630959124081,-0.0983509048894971,0.921653657820514,1
"PHJJKLOP_00687",120.095715662972,-0.837528206343791,2.16698600571655,-0.386494515485738,0.699130463677927,1
"PHJJKLOP_00733",102.870686182468,2.79649241097725,2.74035418477563,1.02048575564192,0.307498141450333,1
"PHJJKLOP_00753",258.790202465671,0.250935329021623,1.79294666206026,0.139956940343822,0.88869401207499,1
"PHJJKLOP_00756",136.455463926069,-0.108901736981871,2.12689769871545,-0.0512021509297989,0.959164437900701,1
"PHJJKLOP_00758",10.5342666277193,-2.56951872601357,2.92026383697949,-0.879892663627029,0.378917459412174,1
"PHJJKLOP_00760",40.0341346518477,-1.73804620897758,2.98099756394945,-0.583041807882218,0.559865156148791,1
"PHJJKLOP_00763",22.5816752989211,-2.43802764451643,2.5166503499267,-0.968758987352946,0.332665453778469,1
"PHJJKLOP_00768",29.3556074790637,-1.42238559144299,2.7344266637868,-0.5201769022663,0.602940282534861,1
"PHJJKLOP_00769",478.640939547153,-0.0391173703194901,1.79878152579783,-0.0217465933235777,0.982650096450812,1
"PHJJKLOP_00771",11.4862252929862,-1.92187141521526,2.91227767676357,-0.659920388275285,0.50930491972648,1
"PHJJKLOP_00772",39.1622309211923,-0.730507111953171,2.73865020917524,-0.266739837568803,0.789669478877096,1
"PHJJKLOP_00781",11.449128843823,-2.22343831640056,2.53625792895448,-0.876660962206287,0.38067081638748,1
"PHJJKLOP_00783",23.942525742769,-1.2315920964135,2.92704185671955,-0.420763404385953,0.673927856893918,1
"PHJJKLOP_00788",189.310996916918,-0.158765343425132,2.20290596707988,-0.0720708672080031,0.942545510517415,1
"PHJJKLOP_00791",7.86340224375541,0.989727621756027,3.60770589463663,0.274337113573309,0.783825565637939,1
"PHJJKLOP_00802",5.97002117269666,0.470987136622203,3.2808700511691,0.14355555973769,0.885851435255503,1
"PHJJKLOP_00814",90.3181145801902,-0.813408167977489,2.24671606323487,-0.362043153243995,0.717319783073055,1
"PHJJKLOP_00818",34.8318930459713,-2.57568286520086,2.74247899159829,-0.939180527213366,0.347638065060263,1
"PHJJKLOP_00819",44.6463249415026,-0.288755216197859,2.73296993075718,-0.105656199487661,0.915855133502767,1
"PHJJKLOP_00827",11.4534494288698,-0.934129964930297,2.13949124616241,-0.436613127819914,0.662391940418112,1
"PHJJKLOP_00829",102.405424433018,-0.486780187494758,2.16908217448987,-0.224417586949761,0.822432387251134,1
"PHJJKLOP_00846",83.7050547060614,-0.838074488652216,2.14503811207658,-0.390703775347325,0.696016207925,1
"PHJJKLOP_00848",146.146058956547,-1.23812615923616,2.0659393700797,-0.599304208616925,0.548970041884378,1
"PHJJKLOP_00851",11.2375559513038,-1.10481550804794,3.1441105890842,-0.351392063588241,0.725294235601811,1
"PHJJKLOP_00859",92.0614124253118,0.799678712013402,2.47282786329578,0.323386323764401,0.746402685649602,1
"PHJJKLOP_00860",96.0084439233919,0.900509887976158,2.46593453497257,0.365179965325468,0.714977072480006,1
"PHJJKLOP_00863",329.928908008592,-0.0719875381212068,1.70420737150615,-0.0422410672109613,0.966306524859896,1
"PHJJKLOP_00865",74.165674899289,-0.111364619255771,2.43759849191932,-0.0456862028857282,0.963560360829254,1
"PHJJKLOP_00875",112.200631047531,-0.043801160405485,1.69821308877857,-0.0257924995955535,0.979422844316032,1
"PHJJKLOP_00880",21.7303609858851,-0.154926589531865,2.66061540093468,-0.0582296071342892,0.953565737643608,1
"PHJJKLOP_00881",14.1314307681112,1.3417496497642,2.90682209735813,0.461586435228923,0.6443779239685,1
"PHJJKLOP_00885",25.4219493435419,-1.3753028731661,2.41822327212232,-0.568724521437215,0.569543103988048,1
"PHJJKLOP_00897",41.6754618207287,0.841525572338364,2.75268731795929,0.305710556679656,0.759825034831412,1
"PHJJKLOP_00902",74.6528478185817,-1.11212843048939,2.70743494608029,-0.41076829273386,0.681242444984078,1
"PHJJKLOP_00910",10.8727317699996,-0.935582253684349,3.24077309818632,-0.288691070105445,0.772817796908321,1
"PHJJKLOP_00913",69.16096362246,-0.853857916286286,2.75318095486607,-0.310135051158605,0.756458258486573,1
"PHJJKLOP_00925",27.7263425651356,-3.4142310747391,3.24120500391222,-1.05338325425822,0.292165375871254,1
"PHJJKLOP_00926",1746.58938064192,0.563640818782791,1.64811038609894,0.341992152671838,0.732356797858968,1
"PHJJKLOP_00929",55.375860720547,-0.931205445307512,2.22585673031249,-0.418358213548084,0.675685233378889,1
"PHJJKLOP_00932",139.833101870526,-0.204080263085373,2.11127350593197,-0.0966621626766858,0.922994688881599,1
"PHJJKLOP_00944",75.2513310102993,0.0866857799275615,1.71227275675837,0.050626151461799,0.959623423688076,1
"PHJJKLOP_00956",53.5606158918063,-0.258648676411075,2.7535220892059,-0.093933757577252,0.925161777714508,1
"PHJJKLOP_00957",40.0130736923399,-0.920477475292797,2.42329902762203,-0.379844775572769,0.704060642846224,1
"PHJJKLOP_00958",16.3565904777122,-0.491142114634605,2.97838769637013,-0.164902008973908,0.869021111117005,1
"PHJJKLOP_00965",385.131116561722,-0.0361893797491917,2.33220180998941,-0.0155172590957538,0.987619515383359,1
"PHJJKLOP_00970",85.4934052446525,-1.07458406456883,2.39567672862265,-0.448551364101052,0.65375532534712,1
"PHJJKLOP_00973",72.1832995411121,-1.79686913662137,2.18259287142493,-0.823272704747843,0.410352931955699,1
"PHJJKLOP_00975",34.4622828127543,-0.170993482312729,2.77645053111674,-0.0615870804814782,0.950891665693502,1
"PHJJKLOP_00985",28.8189207476797,-2.49029348321505,2.74157002543072,-0.908345750834434,0.363695577811732,1
"PHJJKLOP_00987",864.730014684101,-0.235724028217393,1.71638186304794,-0.137337752916357,0.890763830634711,1
"PHJJKLOP_00990",39.0012186229338,0.403725866984646,2.77361583223424,0.145559403826821,0.884269217617782,1
"PHJJKLOP_00991",25.9156130284281,-0.931628743594627,2.75216723249849,-0.338507316195633,0.734980914652898,1
"PHJJKLOP_01000",34.038463620018,1.77189080353247,2.35290321502585,0.753065741173295,0.451410409906788,1
"PHJJKLOP_01008",901.748228836309,-0.0807444709346093,1.6616627404273,-0.0485925747566836,0.961243987462172,1
"PHJJKLOP_01009",42.8548843396485,-0.877908096364934,3.39493531194065,-0.258593468122105,0.795948923552445,1
"PHJJKLOP_01017",24.7141537374004,-0.290084443061353,2.62842152969717,-0.110364505762808,0.91212030142753,1
"PHJJKLOP_01021",8.21669529694934,-0.463054627244728,2.45984195907321,-0.188245682019016,0.850684063479697,1
"PHJJKLOP_01022",39.9661912497539,0.678788265733362,2.84281684495954,0.238773126357714,0.811281509623801,1
"PHJJKLOP_01027",16.5986553998851,-2.4695460300821,2.90470003230257,-0.850189693468789,0.395219630913383,1
"PHJJKLOP_01034",5.56786729686119,3.45350494073438,3.09907054651424,1.11436796578213,0.265121360263404,1
"PHJJKLOP_01036",51.152275014248,0.982243250052187,2.75477662444372,0.356560035153679,0.721421200682351,1
"PHJJKLOP_01040",16.9914563713462,1.82713829184311,2.9063996868428,0.628660366333824,0.529571430631433,1
"PHJJKLOP_01049",37.7165072155787,-0.40331595247517,2.2532626716399,-0.178991982404626,0.85794399714514,1
"PHJJKLOP_01056",4.86437680998038,-0.773674254721444,3.28970411833296,-0.235180498577331,0.814068641433716,1
"PHJJKLOP_01059",7.76682401119255,-2.60456447408176,2.59830464457827,-1.00240919767301,0.316146001703228,1
"PHJJKLOP_01062",58.2119984294936,-2.57791619889137,2.67955531213253,-0.96206866386338,0.336015113685537,1
"PHJJKLOP_01070",41.0369609594417,-1.29098462153148,2.51401737606086,-0.513514597720992,0.607591402204776,1
"PHJJKLOP_01075",26.2405429821397,-0.228483460384131,2.9013148729819,-0.0787516937619737,0.937230127444556,1
"PHJJKLOP_01078",11.7303435178018,0.850229845156806,2.76723996523883,0.307248325348403,0.758654364891058,1
"PHJJKLOP_01081",7.8291830609678,-1.6510387158307,3.24256977004793,-0.509176003268017,0.610628861770406,1
"PHJJKLOP_01085",52.3479284686176,2.14248808813828,3.03073398582244,0.706920534154659,0.479615862431788,1
"PHJJKLOP_01087",32.5035754330872,-1.34201491145566,2.92962450872997,-0.458084272389378,0.646891897797116,1
"PHJJKLOP_01095",37.6430465535229,-0.347664710683093,2.21751599350251,-0.15678115138821,0.875417328145076,1
"PHJJKLOP_01102",203.060922584723,-1.29705955469233,1.80228637263087,-0.719674505888295,0.471725426585257,1
"PHJJKLOP_01103",108.089685516525,0.291237377974894,2.15698339433068,0.135020686176987,0.8925955188931,1
"PHJJKLOP_01105",24.5184346329728,-1.38688855284162,3.31045295672982,-0.418942232670068,0.675258351068134,1
"PHJJKLOP_01111",139.473096494118,-1.04688575852987,2.05435339286829,-0.509593803171421,0.61033606616589,1
"PHJJKLOP_01116",72.2083658284118,-0.157473459481335,2.47908240183192,-0.0635208653673513,0.94935174463306,1
"PHJJKLOP_01123",42.6596687237574,-0.592825665211245,3.06963793474151,-0.1931255991144,0.846860604842058,1
"PHJJKLOP_01132",7.17494205779816,1.26199260962627,2.58079901561697,0.488992983176791,0.624846664571504,1
"PHJJKLOP_01137",23.1014114741572,0.284502866338429,2.48212575320197,0.11462064964735,0.908745811531339,1
"PHJJKLOP_01154",516.416842230175,0.450882119481037,1.67839107615536,0.268639488070836,0.788207121825378,1
"PHJJKLOP_01157",10.2965537007561,-0.0384518152463659,3.19217688788985,-0.0120456405132937,0.990389201827083,1
"PHJJKLOP_01158",12.8102914585745,-1.19916636859937,1.78402248902713,-0.672169984389211,0.501475487147807,1
"PHJJKLOP_01159",20.3764566040208,-1.32927434220072,3.27791906105311,-0.405523845293991,0.685092494355035,1
"PHJJKLOP_01163",21.01701471466,-0.229045867268881,2.88198617373729,-0.07947500559028,0.936654811365992,1
"PHJJKLOP_01170",215.755433780402,-0.725111871542538,1.77812923857417,-0.407794808055676,0.683424325668753,1
"PHJJKLOP_01171",26.2554962106655,0,3.24018622530925,0,1,1
"PHJJKLOP_01177",27.6844074971324,-2.64290700095453,2.95252482723239,-0.895134556220451,0.370715163399044,1
"PHJJKLOP_01179",193.38383527118,0.87291216322414,2.53733238792163,0.34402751778972,0.730825591578418,1
"PHJJKLOP_01184",26.3884467385392,-2.57172978893314,2.94587349964845,-0.87299396570832,0.382666366791636,1
"PHJJKLOP_01185",22.9284886895705,1.80564568282847,3.28193244067857,0.550177590631675,0.582197572294207,1
"PHJJKLOP_01188",33.0666070103265,0.680141500611456,2.69783629706581,0.252106290270905,0.800958908037115,1
"PHJJKLOP_01189",5.49248148131714,-2.09842291931242,2.43429111778002,-0.862026281074428,0.388673055834227,1
"PHJJKLOP_01190",4.64524100298279,0,4.08045587177809,0,1,1
"PHJJKLOP_01194",74.6792920502585,0.24171514761616,2.9246939892109,0.0826463036843647,0.934132782170835,1
"PHJJKLOP_01195",125.922430355609,-0.703491931680954,2.09406717838228,-0.335945254738398,0.73691214988017,1
"PHJJKLOP_01199",46.0802370044814,-0.928158542831325,2.96747882850182,-0.312776803634323,0.75445023981393,1
"PHJJKLOP_01202",120.056917530445,-1.02466088630375,1.67407062253508,-0.612077455102868,0.540486512904052,1
"PHJJKLOP_01205",12.1292524574295,2.08925079336558,3.25343639772654,0.642167400237337,0.520764497272368,1
"PHJJKLOP_01207",37.8942211822886,-1.47636372951149,3.02150027548564,-0.488619425750076,0.62511115753181,1
"PHJJKLOP_01214",75.3590236686424,1.83454262087832,2.07943062715918,0.882233144456755,0.377650741711952,1
"PHJJKLOP_01216",122.012891259126,-1.26408886284144,2.26252236496017,-0.558707786680239,0.576361164261735,1
"PHJJKLOP_01220",42.5743245226629,2.14996033150338,3.33186026204355,0.645273259504808,0.518750118403457,1
"PHJJKLOP_01221",116.442782975511,-0.935963571913051,1.69569793726881,-0.551963620018651,0.580973278620058,1
"PHJJKLOP_01228",127.985380198189,-0.849735696036677,2.47665666956929,-0.343097897450781,0.731524812826952,1
"PHJJKLOP_01232",27.7904282276482,-2.66325387845085,2.67763241200571,-0.994630131645258,0.319916187045559,1
"PHJJKLOP_01238",116.53755076899,-1.57537541131835,1.9462767378006,-0.80943032443506,0.41826766535511,1
"PHJJKLOP_01241",72.700155936516,-2.33625714430876,2.19805752041708,-1.06287352474082,0.287839310814171,1
"PHJJKLOP_01248",15.0898182897929,-1.16048504167312,2.64331129231809,-0.439027005652223,0.660641968468358,1
"PHJJKLOP_01253",88.1931277669781,-0.529503606882512,1.7505748220097,-0.302474136052425,0.762290647067176,1
"PHJJKLOP_01256",64.8603946887216,1.57471819161778,2.16899351078056,0.726013325439172,0.467830601600015,1
"PHJJKLOP_01261",16.9659202450405,-1.12759852973745,3.20410525084021,-0.351923061654033,0.724895963479902,1
"PHJJKLOP_01271",251.921103476649,-0.113397117219339,1.71209403545586,-0.0662329958933277,0.947192327516007,1
"PHJJKLOP_01277",61.3492708278051,1.31952838724542,2.49607965820074,0.528640335219343,0.597054974030022,1
"PHJJKLOP_01281",117.335463618114,0.850977937707898,2.12461758181279,0.400532286371187,0.688764508178315,1
"PHJJKLOP_01282",4.91407280028587,0,4.08045587177803,0,1,1
"PHJJKLOP_01284",12.8785745015986,0,3.66443517958695,0,1,1
"PHJJKLOP_01286",368.844587240219,0.859815356262833,2.11298404550333,0.406919947215227,0.684066784949455,1
"PHJJKLOP_01293",18.4145042335809,-0.342368496469461,2.79563676473119,-0.122465300495639,0.902530525294333,1
"PHJJKLOP_01298",53.9804203010068,-0.239384087144049,2.05426441675184,-0.116530318683394,0.907232258937557,1
"PHJJKLOP_01299",8.35494785821565,2.14835085132887,2.83850394607757,0.756860265879708,0.449133582508484,1
"PHJJKLOP_01308",13.3411771761959,3.67600917427668,3.22372822328158,1.14029748157079,0.254162386682918,1
"PHJJKLOP_01310",83.0810722666621,-1.10644020708917,2.42760323279304,-0.455774729635769,0.648551977723843,1
"PHJJKLOP_01333",7.61280494991558,2.13153172007265,3.59662730549932,0.592647371834578,0.553417169017472,1
"PHJJKLOP_01361",49.6255273804121,-0.14463407906463,2.42702762004589,-0.0595930915124465,0.95247972076575,1
"PHJJKLOP_01371",46.7304644476981,3.43161548703928,2.96939193123344,1.15566269677773,0.247819152047038,1
"PHJJKLOP_01374",111.129475332373,0.341524994976376,2.79271169510966,0.122291533198512,0.9026681371991,1
"PHJJKLOP_01388",172.637361297857,-0.350144988638042,2.15271357363789,-0.162652845657646,0.870791776160846,1
"PHJJKLOP_01404",168.612093126219,0.997135340153944,2.09141304030988,0.476775902672099,0.63352170685339,1
"PHJJKLOP_01408",527.382235016653,0.551926532775497,1.6780358663497,0.328912238315934,0.742222023692224,1
"PHJJKLOP_01416",61.945103908848,1.01091860688838,2.51619136362105,0.40176539094132,0.687856694908108,1
"PHJJKLOP_01418",12.8998578294146,-1.13424612663594,3.22985318009477,-0.351175754249813,0.725456498517954,1
"PHJJKLOP_01420",153.228070396625,1.67204513114635,1.75319393020234,0.953713734882357,0.340228565813053,1
"PHJJKLOP_01439",42.0538064411611,1.61273561258787,2.88603812583373,0.558806066403566,0.576294081860822,1
"PHJJKLOP_01446",137.438000632313,0.0230432156342132,2.19264876226443,0.0105093054714407,0.991614941768521,1
"PHJJKLOP_01447",25.1272108538871,-1.161402226817,2.13554245140115,-0.543844130120192,0.586548738082357,1
"PHJJKLOP_01456",35.9052423616662,-0.312517293129454,2.17549583801475,-0.143653362910886,0.885774200114439,1
"PHJJKLOP_01462",27.8787196521802,1.08285573682749,3.02571156248694,0.357884654390999,0.720429635178847,1
"PHJJKLOP_01466",76.4646982291957,1.21736000860691,1.80239899634314,0.675410944567101,0.499414713951318,1
"PHJJKLOP_01474",126.028645160553,1.64933433794852,1.74921658186004,0.942898869729837,0.345732633100739,1
"PHJJKLOP_01482",18.5043720968164,-2.2898088840714,2.98443284248284,-0.767250933402288,0.442932335250629,1
"PHJJKLOP_01483",38.7277338749811,-0.364266903007042,3.04437657296796,-0.119652380142946,0.904758524390036,1
"PHJJKLOP_01486",11.8056600644985,2.98705717335663,3.26824174275856,0.913964574369399,0.360735460602097,1
"PHJJKLOP_01494",51.2410295110774,-0.899445113717366,1.72859262271952,-0.520333768578918,0.602830963583329,1
"PHJJKLOP_01505",93.8479252308681,0.697458493119274,2.23294313094127,0.312349420571795,0.754774985218239,1
"PHJJKLOP_01520",26.3330225699736,-2.8756520854935,3.31022212221985,-0.868718768505201,0.385000973136536,1
"PHJJKLOP_01527",77.1623955552222,0.0675459289089559,2.45849980705044,0.0274744495465279,0.978081318460861,1
"PHJJKLOP_01534",19.7459316198467,1.56719313409247,2.65735505471105,0.589756770106462,0.555353728948099,1
"PHJJKLOP_01537",25.6665142595886,-0.823518346193869,2.74676816732096,-0.299813561257732,0.764319370527651,1
"PHJJKLOP_01541",4.83347531328528,0.457608442785879,2.97803242901611,0.153661336366665,0.877876771747281,1
"PHJJKLOP_01542",26.8044838860132,-0.51475234238696,3.33964488806125,-0.154133855436884,0.877504194456014,1
"PHJJKLOP_01544",16.6653008240233,-0.606173419308306,2.9651343177436,-0.204433713400744,0.838014586964463,1
"PHJJKLOP_01557",6.41509180894651,-1.99340768487809,3.5927311025319,-0.554844664960669,0.579000913501595,1
"PHJJKLOP_01572",71.8487374839712,2.70014138934826,2.73291930713818,0.988006262129913,0.323149581338422,1
"PHJJKLOP_01574",122.1956328421,-1.47636073317923,2.05090994884056,-0.71985643933994,0.471613390786855,1
"PHJJKLOP_01577",79.3344285227723,-0.623143249262215,2.75455813113606,-0.226222580753891,0.82102830890299,1
"PHJJKLOP_01605",13.3727242506192,-0.0151360630936903,2.9424941029381,-0.00514395698485066,0.995895734240374,1
"PHJJKLOP_01608",64.1618588863855,-0.175605095372055,2.54418604034005,-0.0690221126080008,0.944972018155747,1
"PHJJKLOP_01620",39.9753022103631,-1.02616926414133,3.01309014725154,-0.340570382561362,0.733427029137316,1
"PHJJKLOP_01622",52.8743278402496,0.344974120021677,2.43261244026968,0.141812199227031,0.887228347870265,1
"PHJJKLOP_01623",37.4783683665373,-2.43126684354068,3.34202193676143,-0.727483807570899,0.466929631139227,1
"PHJJKLOP_01635",88.1606589143154,2.24160944923854,2.2887768178778,0.979391888160161,0.327386383646192,1
"PHJJKLOP_01639",15.9362123070539,-0.926996045194319,3.29515663715736,-0.281320782976196,0.778464371212226,1
"PHJJKLOP_01652",41.5539397550549,-0.284946072557076,2.2542285423903,-0.126405139141273,0.899411234338567,1
"PHJJKLOP_01654",72.98954999539,-1.38628901745341,2.22992084556998,-0.621676334479517,0.534154715932878,1
"PHJJKLOP_01655",48.9537068155984,-0.944548100755896,2.92063846302069,-0.32340466398535,0.74638879782069,1
"PHJJKLOP_01659",921.59006516099,0.672945756684787,1.7011315100289,0.395587144625495,0.692409622213822,1
"PHJJKLOP_01662",10.313186064485,-1.69350483548411,2.63859494610154,-0.641820692481133,0.520989612566782,1
"PHJJKLOP_01668",168.669819217731,-0.687406506172199,1.91730003354403,-0.358528396258129,0.719947921219177,1
"PHJJKLOP_01669",77.3816617760124,0.0835474375429991,2.49058184727899,0.0335453491055821,0.973239702807144,1
"PHJJKLOP_01674",29.005445743431,-2.17810713429393,2.97960365331683,-0.731005659718973,0.464775695940197,1
"PHJJKLOP_01679",21.5727110927268,1.28991610125178,2.71540274887492,0.475036751651753,0.634760778229183,1
"PHJJKLOP_01684",35.2742756051411,1.17196841517206,2.69693293458821,0.434556009955437,0.663884731316972,1
"PHJJKLOP_01686",101.043659784424,-0.735148144330196,2.0943252888692,-0.351019083920402,0.725574031351925,1
"PHJJKLOP_01691",5.78434822497455,-1.10421337098252,3.74287496587164,-0.295017434739599,0.767980561150146,1
"PHJJKLOP_01701",55.8946159946035,-0.0976248281939293,2.95080137567097,-0.0330841746919447,0.973607462608325,1
"PHJJKLOP_01710",9.02706350797245,-0.845161329907007,2.89305867270255,-0.292134182372976,0.770184032281806,1
"PHJJKLOP_01721",10.0444512737824,-0.519105307387196,2.36964403875386,-0.219064677604566,0.82659966566098,1
"PHJJKLOP_01736",9.26054070171748,-1.13918725061564,2.86964039401771,-0.396979096401935,0.691382875430012,1
"PHJJKLOP_01746",340.262522073559,-1.15307344111806,2.15826601559018,-0.534259184358585,0.593162226776232,1
"PHJJKLOP_01756",46.1544797194559,1.69484509953917,2.046179822756,0.828297239905524,0.407502185579915,1
"PHJJKLOP_01766",78.1858874778876,0.234828105922812,1.77276607691219,0.132464237093163,0.894617108378344,1
"PHJJKLOP_01781",33.639288108402,-0.314560283618048,2.5050189260688,-0.125572018775801,0.900070713375912,1
"PHJJKLOP_01783",53.4686686434165,-0.491448361796928,2.76424034536289,-0.177787855032704,0.858889585676564,1
"PHJJKLOP_01784",99.004156598388,-0.875018657751039,2.13633882745713,-0.409587957914226,0.682108232031357,1
"PHJJKLOP_01786",23.6372543063603,1.32192006284301,2.47121190878534,0.534927845784286,0.592699752302843,1
"PHJJKLOP_01797",60.1415585300738,-0.168382604103694,2.23062700217419,-0.0754866698643798,0.939827503182472,1
"PHJJKLOP_01810",5.64614175847306,1.51247470066894,3.20710777188063,0.471600834225171,0.637211731153833,1
"PHJJKLOP_01829",27.6135028069956,3.35208943010641,2.73550297367061,1.22540149375471,0.220423984405377,1
"PHJJKLOP_01835",95.9715551095383,-0.502095829478412,1.79932418088693,-0.27904689705827,0.780208834928978,1
"PHJJKLOP_01838",36.4232439274783,-0.0358564708159951,2.07397514299934,-0.0172887659415919,0.986206247745333,1
"PHJJKLOP_01842",171.963817259524,0.906205548706379,1.73321969922335,0.522845170241515,0.601082002933095,1
"PHJJKLOP_01845",44.5183373477637,1.64223841679303,2.53067379213811,0.648933269034861,0.516381509654887,1
"PHJJKLOP_01849",18.485887364522,0.554924127045403,2.9067302718757,0.190910086296832,0.848596037792561,1
"PHJJKLOP_01850",28.8869065773369,1.54165759050835,3.05903684577369,0.503968297288828,0.614283655232587,1
"PHJJKLOP_01858",772.723192788722,-0.235396676068206,1.69297219287886,-0.139043439141147,0.889415822946793,1
"PHJJKLOP_01866",16.3404425871142,1.34518223825744,2.95395215550148,0.45538389501406,0.648833079527841,1
"PHJJKLOP_01868",589.877903127889,0.74986263195467,1.81106149787138,0.414045924357629,0.678840474201164,1
"PHJJKLOP_01886",48.5431788562091,0.618447558995969,2.67372143838944,0.231305905737323,0.817077158968056,1
"PHJJKLOP_01906",4.53721214244831,0,4.08045587177813,0,1,1
"PHJJKLOP_01909",19.9074007265492,-3.02607206066905,3.30572088563903,-0.915404586580538,0.359979271435797,1
"PHJJKLOP_01911",32.5276617213473,1.40219730844292,3.33067130303318,0.420995403288811,0.673758438467346,1
"PHJJKLOP_01924",4.64524100298279,0,4.08045587177809,0,1,1
"PHJJKLOP_01929",55.086455411213,-0.128370833056059,2.34642431771944,-0.0547091300097107,0.956370195562445,1
"PHJJKLOP_01930",5.65532566052095,-0.322938572947574,3.16067417528714,-0.102173952466402,0.91861860245485,1
"PHJJKLOP_01932",300.566165650174,-0.419402240407895,1.69287782024786,-0.247745132809696,0.80433160924481,1
"PHJJKLOP_01935",74.9725100905276,-0.891058318907178,2.45892379596079,-0.362377362149611,0.71707005396283,1
"PHJJKLOP_01938",733.506921826812,-0.310209249350292,1.71088695346866,-0.181314872219565,0.856120433156835,1
"PHJJKLOP_01941",7.44864014230104,1.68157271316312,3.25613400465631,0.51643228158253,0.60555252418067,1
"PHJJKLOP_01952",103.70653182417,0.195190432137989,2.18301039306782,0.0894134232057799,0.92875335602477,1
"PHJJKLOP_01954",76.1897698903279,2.19137383568442,2.56283714356194,0.855057778910898,0.392519161845523,1
"PHJJKLOP_01971",75.609474300988,-1.28919843969027,3.10546279806495,-0.415138909567224,0.678040217041028,1
"PHJJKLOP_01973",52.1933362011871,-1.92936625273704,2.78720504987659,-0.692222573585845,0.488797564695036,1
"PHJJKLOP_01974",4.42918328191382,0,4.08045587177816,0,1,1
"PHJJKLOP_01987",9.80215708522138,-2.2587068914083,3.06221195816494,-0.737606319309737,0.460753714206431,1
"PHJJKLOP_02008",64.9788240134227,0.882528025181934,2.80498769648724,0.314628126992195,0.753044020715649,1
"PHJJKLOP_02009",10.3429396633845,-2.70969516920955,3.10882947241736,-0.871612673918248,0.383419714215399,1
"PHJJKLOP_02011",80.186299736159,0.506122623349314,1.79851978496457,0.281410650903284,0.778395449832587,1
"PHJJKLOP_02026",4.7423682352539,-0.133119352263327,2.38847862810028,-0.055733951602994,0.95555375205974,1
"PHJJKLOP_02035",63.7679999063844,-2.21392652508375,2.67845961680368,-0.82656707280348,0.40848248680301,1
"PHJJKLOP_02038",37.0348149341516,0.720895505965791,3.28659272670307,0.219344338015667,0.826381825979597,1
"PHJJKLOP_02042",18.9787544795805,0.491285143318499,2.87749888436874,0.170733391414077,0.864433405756415,1
"PHJJKLOP_02047",42.0029920729389,-0.365903807584666,2.53582152881306,-0.144293990498588,0.88526832353647,1
"PHJJKLOP_02050",5.90842376585925,-1.43607097633093,3.24773225931413,-0.442176528626224,0.65836146928238,1
"PHJJKLOP_02052",92.4987374119537,-0.890833348584753,2.13069046285723,-0.418096088621974,0.675876864614502,1
"PHJJKLOP_02054",42.5265748891209,-1.42958876868885,2.40542512641579,-0.59431854809757,0.552299075198863,1
"PHJJKLOP_02062",90.543703658677,-0.215673374171615,2.07735185244227,-0.103821302066887,0.917311161217023,1
"PHJJKLOP_02073",4.41006533358989,0,4.08045587177817,0,1,1
"PHJJKLOP_02075",710.365731383847,0.212519333443427,1.70211330193027,0.124856161574215,0.900637424702611,1
"PHJJKLOP_02077",4.36868211162764,0,4.08045587177818,0,1,1
"PHJJKLOP_02090",40.4032073156745,1.06388093606681,3.34782174605432,0.317783029314713,0.750649524581805,1
"PHJJKLOP_02092",18.1722649422254,0.965584337100816,3.2561437878024,0.296542290521052,0.766815975298777,1
"PHJJKLOP_02097",43.8456642452452,1.32144603500559,2.64732827421792,0.499162135604803,0.617665166982219,1
"PHJJKLOP_02098",6.87284043687593,2.90407364479235,2.76636257805492,1.0497805558208,0.293819016970879,1
"PHJJKLOP_02100",6.47524427075001,1.37107940402857,3.23663934427961,0.423612042673768,0.671848771216493,1
"PHJJKLOP_02120",29.8823311942069,0.950445096728165,2.21946272812353,0.428232060257091,0.668482176938456,1
"PHJJKLOP_02121",96.936098304917,0.570230947247055,1.76962397198329,0.322232833796874,0.747276312173185,1
"PHJJKLOP_02122",12.3534379661468,-0.0329275759265097,2.97368707391298,-0.0110729794723092,0.991165221177319,1
"PHJJKLOP_02136",5.85718690671949,3.65180103954879,3.49291082544947,1.0454893417094,0.295796864074635,1
"PHJJKLOP_02138",47.456110564143,-2.79550146493798,2.39162453267273,-1.16887137874184,0.242455456515567,1
"PHJJKLOP_02139",22.1485248096752,0.754831704402466,3.4537302272171,0.218555490655877,0.826996327824917,1
"PHJJKLOP_02146",1038.01711782237,0.824139227170709,1.70071441514815,0.484584137013337,0.627971368364725,1
"PHJJKLOP_02153",4.78474707463979,0,4.08045587177806,0,1,1
"PHJJKLOP_02154",44.4304431989517,-1.6021051174288,2.33697225615226,-0.68554734152754,0.492998597489139,1
"PHJJKLOP_02168",23.7849403122398,-1.20884543358108,2.47689340784359,-0.488049033419455,0.625515110275693,1
"PHJJKLOP_02172",49.6448972048305,-1.91377854877057,2.6884385861693,-0.711855036829192,0.476554547558298,1
"PHJJKLOP_02184",99.1998640585839,-0.984312751921568,1.76278274991121,-0.558385740937814,0.576581007555917,1
"PHJJKLOP_02188",44.3787954598718,1.63239818231099,2.716517902177,0.600915672597922,0.547896153915613,1
"PHJJKLOP_02189",49.5240979807826,-0.55412665200337,1.85769107981838,-0.298287835918093,0.765483487491195,1
"PHJJKLOP_02191",61.3519000926916,0.608113162494415,2.27714871582223,0.267050262580166,0.789430461914491,1
"PHJJKLOP_02192",19.6572033975677,-0.912945314690134,2.57292704713662,-0.354827516662838,0.722718812656103,1
"PHJJKLOP_02200",119.527286853967,0.066565949409564,2.02582285797785,0.0328587216534863,0.973787250354849,1
"PHJJKLOP_02201",73.2208859297154,1.29211859492118,2.17797733493,0.593265400056474,0.553003550488216,1
"PHJJKLOP_02210",20.3286497240819,2.20193472421051,3.27493274097233,0.672360289010625,0.501354357129712,1
"PHJJKLOP_02212",46.9140114349404,0.640326227024013,2.26866978007026,0.282247435324934,0.777753788084768,1
"PHJJKLOP_02214",16.1857212066085,-0.0219139695050274,2.94333394583365,-0.00744528820321155,0.994059574373906,1
"PHJJKLOP_02230",18.4909816795075,-0.242137754163365,3.30919692482507,-0.0731711529002356,0.941669921487515,1
"PHJJKLOP_02232",29.7275955894113,0.67519873426271,2.35730473140378,0.286428277713857,0.774550119056637,1
"PHJJKLOP_02235",9.24261032863007,-2.97475996664044,2.9691457024751,-1.0018908685285,0.316396303344981,1
"PHJJKLOP_02236",23.6980171849928,0.867867327611408,2.9629074180468,0.292910714092957,0.769590399197856,1
"PHJJKLOP_02246",25.2132388660209,-0.508457673425736,3.31255758087943,-0.153493987956807,0.878008731044783,1
"PHJJKLOP_02249",29.472984452176,0.690683690203614,2.06194014359926,0.334967866233973,0.737649326332634,1
"PHJJKLOP_02250",159.268386046329,-0.450346328199491,2.14844258383958,-0.209615249477441,0.833967976692091,1
"PHJJKLOP_02256",892.991469610343,0.153446768594705,1.67966034033387,0.09135583243229,0.927209855549482,1
"PHJJKLOP_02261",80.3807045092087,0.933459683345695,1.72099816531399,0.542394351231275,0.587546870214216,1
"PHJJKLOP_02262",58.8177712945149,-0.825533417120739,2.17193884149301,-0.380090544609101,0.703878204342187,1
"PHJJKLOP_02265",25.2776517997316,0.386182238586398,1.76300236390762,0.219048054893382,0.826612614235488,1
"PHJJKLOP_02272",77.5842197112599,1.57465875562623,2.7637424245091,0.569755973516933,0.568843220229345,1
"PHJJKLOP_02273",17.4017076412328,0.0774593973256055,2.74255937754943,0.0282434713937965,0.977467965881419,1
"PHJJKLOP_02274",88.7926974512826,-1.2016526582425,2.74810605928229,-0.437265750418794,0.661918630870653,1
"PHJJKLOP_02288",9.41719656531101,-0.721912692623458,3.61229357236534,-0.199848843445675,0.841598800240725,1
"PHJJKLOP_02298",26.1567767264987,2.26446015549008,2.7744146698316,0.816193837249114,0.414389281001072,1
"PHJJKLOP_02308",64.3356727188377,0.261938885172285,1.88860886523891,0.138694088539688,0.889691889613401,1
"PHJJKLOP_02313",328.834321516072,0.0779778672323922,1.78215849447116,0.0437547319580751,0.965099911164117,1
"PHJJKLOP_02317",65.886595465281,0.21414785043162,2.73005134728279,0.0784409606964942,0.937477291963943,1
"PHJJKLOP_02318",63.2801184439751,-0.321557915569517,3.05969963074864,-0.105094602208008,0.916300742400138,1
"PHJJKLOP_02335",4.53721214244831,0,4.08045587177813,0,1,1
"PHJJKLOP_02337",8.85675582986422,3.4728580687968,3.02392524734139,1.14846029075954,0.250778596752867,1
"PHJJKLOP_02356",13.2468721593391,0.385683244325606,3.31913332010217,0.116199985697994,0.907494048088124,1
"PHJJKLOP_02360",101.568970734365,-0.289262674007065,1.76430465315645,-0.163952792103992,0.869768307258524,1
"PHJJKLOP_02362",39.4870689921277,0.546707675797903,3.02851535868843,0.18052002748788,0.856744333001152,1
"PHJJKLOP_02364",70.7193965105456,-1.27746271653207,2.36726967915051,-0.539635482929215,0.589448441264254,1
"PHJJKLOP_02370",9.66204022300882,-1.65271775462251,2.92138045799879,-0.565731775913452,0.571576130772436,1
"PHJJKLOP_02371",64.4073296142839,-1.23373953649115,2.47808698483323,-0.497859657083095,0.618582964062545,1
"PHJJKLOP_02376",12.5625165572058,-1.48762711539041,2.9426689394986,-0.50553668998317,0.613181935486544,1
"PHJJKLOP_02379",388.324423849181,-0.574397163561904,1.76261985217115,-0.325876939859934,0.744517463480141,1
"PHJJKLOP_02387",106.663006649439,0.20918118771609,2.38700774623993,0.087633225340637,0.930168193753523,1
"PHJJKLOP_02395",360.661560418544,-0.240545444775805,1.75752980923191,-0.136865641488567,0.891136997333744,1
"PHJJKLOP_02401",5.197927435144,-1.21341724415785,3.425520037389,-0.354228622490481,0.723167554815195,1
"PHJJKLOP_02423",41.3269104272968,0.0549941444890987,2.85650769191709,0.0192522304927492,0.984639891401237,1
"PHJJKLOP_02435",9.76224468751493,0.756489716245558,3.49269062120692,0.216592248867479,0.828526126865214,1
"PHJJKLOP_02462",6.98043988473981,-1.08079906944034,3.71782609280886,-0.290707268834026,0.771275211864813,1
"PHJJKLOP_02513",20.8696911444753,-0.680225064258783,3.09485231911602,-0.21979241466781,0.826032827411345,1
"PHJJKLOP_02521",7.8395544850602,-2.52142891750911,3.26086843159323,-0.77323847018175,0.439381262664082,1
"PHJJKLOP_02533",20.4130656959771,0,3.67847774126531,0,1,1
"PHJJKLOP_02548",41.1408615250954,1.97617864642506,2.35052092807059,0.840740715313347,0.400493205827776,1
"PHJJKLOP_02549",46.3483129915313,-0.177569893056324,2.35132211661801,-0.0755191693223764,0.939801646173249,1
"PHJJKLOP_02555",57.8813848195873,-1.15322521982438,2.10503601317599,-0.547841088041266,0.583801023088015,1
"PHJJKLOP_02565",34.0116403871653,0.625796535540075,2.79774483440868,0.223678917334983,0.823007151851573,1
"PHJJKLOP_02575",24.3935897005305,-1.27525982267401,3.02025120274862,-0.42223634296162,0.672852516843298,1
"PHJJKLOP_02588",22.9098606999739,-0.599822313481054,2.72712385150952,-0.219946854686867,0.825912544914914,1
"PHJJKLOP_02590",36.0287851246647,0.135588093702678,2.24708814708221,0.0603394637093947,0.951885271694279,1
"PHJJKLOP_02591",103.462125913829,-1.37927542222162,2.24399422361377,-0.614651948613492,0.53878459947228,1
"PHJJKLOP_02594",302.443361778486,-1.06066022196434,2.12311786552462,-0.499576702352443,0.617373165836199,1
"PHJJKLOP_02599",55.6516644934435,0.538006428856655,2.44403674873017,0.220130253416272,0.825769713817502,1
"PHJJKLOP_02604",4.53721214244831,0,4.08045587177813,0,1,1
"PHJJKLOP_02606",304.130277639858,0.565263528024715,1.76341322343988,0.320550804831813,0.748550823679502,1
"PHJJKLOP_02621",42.8393098606346,-2.01418279900812,2.60069254323425,-0.774479399438452,0.438647345934583,1
"PHJJKLOP_02640",181.157171966369,0.130079096903964,1.87062457262331,0.0695377890399168,0.944561554134289,1
"PHJJKLOP_02641",157.871772841939,2.74166212052243,2.45120696821763,1.11849474812647,0.26335574831237,1
"PHJJKLOP_02648",23.6990667090389,3.15333924377463,2.89344188629193,1.08982290562461,0.275791161937338,1
"PHJJKLOP_02653",50.4877217446774,-1.9405014501067,2.71942196699737,-0.713571293332342,0.475492313782588,1
"PHJJKLOP_02666",115.660849516313,-1.55397899576143,2.4363902709933,-0.637820227022938,0.523590711083042,1
"PHJJKLOP_02667",206.491789137402,0.389072589541442,1.68815719986962,0.23047177690057,0.817725191994854,1
"PHJJKLOP_02673",22.3719743725291,1.04799566276396,2.67255216306329,0.392132912220784,0.694960010532624,1
"PHJJKLOP_02677",15.6280461652357,-0.0676233096784899,3.23403003520963,-0.0209099201127569,0.983317513249309,1
"PHJJKLOP_02685",14.3447394128688,0.345399120531782,3.27643427894649,0.105419212206155,0.916043171868775,1
"PHJJKLOP_02700",151.849028538628,0.208548349186755,2.11465371031613,0.0986205675990219,0.92143953904682,1
"PHJJKLOP_02707",108.358129475041,-0.56191031177176,2.42555955759655,-0.231662137510467,0.816800441287303,1
"PHJJKLOP_02712",6.5026655538505,0.430286553389864,2.7630334182298,0.155729768069739,0.876246031901136,1
"PHJJKLOP_02714",17.15417980552,0,3.67219656282153,0,1,1
"PHJJKLOP_02720",21.4254654898136,-0.194412489881676,2.71389089281813,-0.0716360743890466,0.942891530600945,1
"PHJJKLOP_02721",953.596172177747,0.990429229610926,1.82913165578861,0.541475090913516,0.588180162046114,1
"PHJJKLOP_02723",36.444074395733,1.42876768761414,2.574830267045,0.554897814392192,0.578964556928702,1
"PHJJKLOP_02736",77.6052090076053,2.74541557178742,3.07695139053231,0.892251850398088,0.372257956046394,1
"PHJJKLOP_02739",16.2835455308064,1.00964411669503,2.85599611489052,0.353517328483386,0.723700640112561,1
"PHJJKLOP_02748",187.057194791925,-0.376999769736936,2.18088534529489,-0.17286546977368,0.862757174118942,1
"PHJJKLOP_02784",15.2866866444798,0,3.67548694494976,0,1,1
"PHJJKLOP_02789",32.9267742156048,1.36301667723668,2.94164539138776,0.46335179666019,0.643112224194808,1
"PHJJKLOP_02797",28.7211714651618,-1.77726068763835,3.04950764492227,-0.582802502757344,0.560026259958336,1
"PHJJKLOP_02801",94.9027351783426,-0.306295390684302,1.76041897163186,-0.173990053288493,0.861873279329532,1
"PHJJKLOP_02805",62.5694537904743,-0.331819528649434,2.69015230133388,-0.123346001073956,0.901833115332423,1
"PHJJKLOP_02809",18.0476785379373,0.0811919182396223,2.46976986268849,0.0328742849551335,0.973774839341792,1
"PHJJKLOP_02826",32.9657681786638,-2.73861886787928,3.29175843331915,-0.831962285008223,0.405430233071075,1
"PHJJKLOP_02831",44.4522848993754,0.643681958604412,2.70973664802986,0.237544101960022,0.812234709662925,1
"PHJJKLOP_02832",64.4601526080254,-0.983202740459401,2.46455178651927,-0.398937748371681,0.689939073987354,1
"PHJJKLOP_02854",4.6802328967748,0,3.83334155724837,0,1,1
"PHJJKLOP_02856",32.5941428258113,1.13940921602579,2.67122703417159,0.42654899843777,0.669707852124889,1
"PHJJKLOP_02865",17.6703547894139,-0.700526320391659,2.96937261839234,-0.235917283015472,0.8134968568321,1
"PHJJKLOP_02866",528.085088984263,-0.005739688667439,1.77082579210415,-0.00324124975648729,0.997413861389793,1
"PHJJKLOP_02872",54.7782946015081,-0.661287976256079,2.34052918733604,-0.282537803772807,0.777531163589414,1
"PHJJKLOP_02874",4.66986041102253,-3.11496656004169,3.74721597689453,-0.83127489294684,0.40581835468098,1
"PHJJKLOP_02893",24.670848559139,-1.49536144398999,3.32171708516489,-0.450177244374128,0.65258264292151,1
"PHJJKLOP_02894",68.0578550368671,-2.09463999165166,1.89363947815869,-1.10614507978489,0.268663729473471,1
"PHJJKLOP_02900",40.2764718272824,-0.0172388748478618,3.3769705255216,-0.00510483426419576,0.995926949245313,1
"PHJJKLOP_02904",4.88018027867285,-0.00378516433620094,3.59761668926941,-0.00105213108097117,0.999160521009433,1
"PHJJKLOP_02918",60.929999516366,0.205698424925402,2.41803746977084,0.0850683364079118,0.932207062918396,1
"PHJJKLOP_02932",20.8502115385507,0.524052426853797,3.30892135184723,0.158375606770237,0.87416083415373,1
"PHJJKLOP_02934",50.1988888218826,-1.34719517882732,2.04980547462359,-0.657230744822122,0.511032559575191,1
"PHJJKLOP_02936",18.1804769920261,1.3113780338036,2.58646520332324,0.507015533059817,0.612143919790399,1
"PHJJKLOP_02949",18.5154049014009,-0.4148400463548,2.97973766196861,-0.139220325215049,0.889276047710026,1
"PHJJKLOP_02950",988.590758358307,0.0384831323217267,1.74891414444938,0.0220040145731926,0.982444753147922,1
"PHJJKLOP_02952",41.7791846246711,-1.14662962767435,2.59567255818345,-0.44174663867341,0.658672556362288,1
"PHJJKLOP_02953",10.5510516598841,-2.06924271814208,2.89739420143542,-0.714173693423193,0.475119781574465,1
"PHJJKLOP_02971",214.572644973848,0.993326410767227,1.76659048719987,0.562284478471123,0.573922211827483,1
"PHJJKLOP_02973",37.8089833473821,0.00702277897171604,2.78790451289666,0.00251901703922395,0.997990117321605,1
"PHJJKLOP_02980",57.7373792688275,0.544511648943323,2.73843430551245,0.198840500883014,0.842387513389976,1
"PHJJKLOP_02991",70.2868034565102,-2.20914338292815,2.19239184754054,-1.00764075792674,0.313626954799687,1
"PHJJKLOP_02997",1052.81578889716,0.288831582345555,1.70233684983051,0.169667702590302,0.86527147534664,1
"PHJJKLOP_03005",89.1436392128392,-2.0696900597772,2.45874307079371,-0.841767521121709,0.39991809515622,1
"PHJJKLOP_03006",161.800935027672,1.29390351072826,2.47092426267873,0.523651627154911,0.600520866172265,1
"PHJJKLOP_03018",235.432187812818,-0.16817253871438,1.68543394275683,-0.0997799643451491,0.920519014793877,1
"PHJJKLOP_03022",137.44995784251,2.21091636846164,2.17144722758725,1.01817642186877,0.308594122386998,1
"PHJJKLOP_03024",60.5155722641953,-2.17430384932295,1.78326869254044,-1.21927999881243,0.222737937381609,1
"PHJJKLOP_03066",75.6002909157828,0.673958767843251,2.66455397680426,0.252934927837928,0.800318498317683,1
"PHJJKLOP_03067",9.5606017484096,1.71596895931747,3.24988464006884,0.528009190898887,0.597492956839218,1
"PHJJKLOP_03075",41.0658769854878,0.774540475931016,3.08770696308393,0.2508464971551,0.801932791053229,1
"PHJJKLOP_03076",69.8369856797434,-0.66185558750672,2.45662201114215,-0.269416941029118,0.787608850918868,1
"PHJJKLOP_03082",542.882896430202,-0.0112621620448848,1.67008039620255,-0.00674348496664761,0.994619518238336,1
"PHJJKLOP_03085",396.876446394472,1.20812517854849,1.74415607108452,0.692670339872325,0.488516456674659,1
"PHJJKLOP_03087",106.954962053274,-0.455309380620394,2.0898964992231,-0.217862167236345,0.827536505258846,1
"PHJJKLOP_03088",18.5890831010284,-0.140873785890869,3.31258064230321,-0.0425269000524378,0.966078668002693,1
"PHJJKLOP_03115",75.0406144062168,-1.50086784643317,2.17281633661548,-0.690747681311628,0.489724119309435,1
"PHJJKLOP_03132",353.76994682004,1.54197527777544,1.76938436611366,0.871475586258453,0.383494530430098,1
"PHJJKLOP_03133",22.4855637727532,-0.678467322387521,2.98693586976712,-0.22714492442063,0.820311052238538,1
"PHJJKLOP_03155",12.1223798814366,-0.382651313038223,3.26199692804946,-0.117305847147757,0.906617691670062,1
"PHJJKLOP_03156",78.1558579167226,-0.853779753682209,2.75438791374673,-0.309970774058775,0.75658318140283,1
"PHJJKLOP_03162",46.0167349001371,-0.903580047546846,2.71853152834157,-0.332377990884686,0.739603855509592,1
"PHJJKLOP_03166",21.0494287273276,3.17306973899973,2.80110139765918,1.13279360099259,0.257300939304996,1
"PHJJKLOP_03174",81.8765521359565,-0.375693719184753,2.27428115285246,-0.165192293271897,0.8687926310109,1
"PHJJKLOP_03175",174.685558098595,-0.300731296438895,1.76561899730845,-0.17032626908599,0.864753553353338,1
"PHJJKLOP_00001",0,NA,NA,NA,NA,NA
"PHJJKLOP_00002",0,NA,NA,NA,NA,NA
"PHJJKLOP_00003",0,NA,NA,NA,NA,NA
"PHJJKLOP_00004",0,NA,NA,NA,NA,NA
"PHJJKLOP_00005",0,NA,NA,NA,NA,NA
"PHJJKLOP_00006",0,NA,NA,NA,NA,NA
"PHJJKLOP_00023",0,NA,NA,NA,NA,NA
"PHJJKLOP_00024",0,NA,NA,NA,NA,NA
"PHJJKLOP_00026",0,NA,NA,NA,NA,NA
"PHJJKLOP_00027",0,NA,NA,NA,NA,NA
"PHJJKLOP_00028",0,NA,NA,NA,NA,NA
"PHJJKLOP_00029",0,NA,NA,NA,NA,NA
"PHJJKLOP_00030",0,NA,NA,NA,NA,NA
"PHJJKLOP_00031",0,NA,NA,NA,NA,NA
"PHJJKLOP_00032",0,NA,NA,NA,NA,NA
"PHJJKLOP_00033",0,NA,NA,NA,NA,NA
"PHJJKLOP_00034",0,NA,NA,NA,NA,NA
"PHJJKLOP_00035",0,NA,NA,NA,NA,NA
"PHJJKLOP_00036",13.8065041173855,-1.63244066568344,3.22117185345501,-0.50678471685157,NA,NA
"PHJJKLOP_00037",0,NA,NA,NA,NA,NA
"PHJJKLOP_00038",0,NA,NA,NA,NA,NA
"PHJJKLOP_00039",0,NA,NA,NA,NA,NA
"PHJJKLOP_00040",0.914070134350857,0.136792881683694,3.85134500437999,0.0355182102689126,0.97166652584153,NA
"PHJJKLOP_00041",0,NA,NA,NA,NA,NA
"PHJJKLOP_00042",0,NA,NA,NA,NA,NA
"PHJJKLOP_00043",6.47363144289981,-6.95196648493445,3.91126119183357,-1.77742322590208,NA,NA
"PHJJKLOP_00044",0,NA,NA,NA,NA,NA
"PHJJKLOP_00045",0,NA,NA,NA,NA,NA
"PHJJKLOP_00046",0,NA,NA,NA,NA,NA
"PHJJKLOP_00047",0,NA,NA,NA,NA,NA
"PHJJKLOP_00048",0,NA,NA,NA,NA,NA
"PHJJKLOP_00049",2.59468428100249,-1.16810583470926,4.08045587177921,-0.286268463969427,0.774672509953034,NA
"PHJJKLOP_00050",0,NA,NA,NA,NA,NA
"PHJJKLOP_00052",0,NA,NA,NA,NA,NA
"PHJJKLOP_00053",0,NA,NA,NA,NA,NA
"PHJJKLOP_00054",0,NA,NA,NA,NA,NA
"PHJJKLOP_00055",0,NA,NA,NA,NA,NA
"PHJJKLOP_00056",0,NA,NA,NA,NA,NA
"PHJJKLOP_00057",0,NA,NA,NA,NA,NA
"PHJJKLOP_00058",0,NA,NA,NA,NA,NA
"PHJJKLOP_00059",0,NA,NA,NA,NA,NA
"PHJJKLOP_00060",6.09413373660072,6.66178381638603,3.91124208643233,1.70323996039392,NA,NA
"PHJJKLOP_00061",0.416064963012156,0,4.08045587179108,0,1,NA
"PHJJKLOP_00062",0,NA,NA,NA,NA,NA
"PHJJKLOP_00063",0,NA,NA,NA,NA,NA
"PHJJKLOP_00064",0,NA,NA,NA,NA,NA
"PHJJKLOP_00065",0,NA,NA,NA,NA,NA
"PHJJKLOP_00066",0,NA,NA,NA,NA,NA
"PHJJKLOP_00067",0,NA,NA,NA,NA,NA
"PHJJKLOP_00068",0,NA,NA,NA,NA,NA
"PHJJKLOP_00071",0,NA,NA,NA,NA,NA
"PHJJKLOP_00072",0,NA,NA,NA,NA,NA
"PHJJKLOP_00074",0,NA,NA,NA,NA,NA
"PHJJKLOP_00075",0,NA,NA,NA,NA,NA
"PHJJKLOP_00076",4.34795426662059,-5.35888227207675,3.83576482452863,-1.39708311568223,0.162388578526877,NA
"PHJJKLOP_00079",0,NA,NA,NA,NA,NA
"PHJJKLOP_00080",0,NA,NA,NA,NA,NA
"PHJJKLOP_00081",0,NA,NA,NA,NA,NA
"PHJJKLOP_00082",0,NA,NA,NA,NA,NA
"PHJJKLOP_00083",0,NA,NA,NA,NA,NA
"PHJJKLOP_00085",0,NA,NA,NA,NA,NA
"PHJJKLOP_00086",0,NA,NA,NA,NA,NA
"PHJJKLOP_00087",0,NA,NA,NA,NA,NA
"PHJJKLOP_00088",0,NA,NA,NA,NA,NA
"PHJJKLOP_00089",0,NA,NA,NA,NA,NA
"PHJJKLOP_00090",0,NA,NA,NA,NA,NA
"PHJJKLOP_00091",0,NA,NA,NA,NA,NA
"PHJJKLOP_00092",0,NA,NA,NA,NA,NA
"PHJJKLOP_00093",0,NA,NA,NA,NA,NA
"PHJJKLOP_00094",0,NA,NA,NA,NA,NA
"PHJJKLOP_00095",0,NA,NA,NA,NA,NA
"PHJJKLOP_00096",0,NA,NA,NA,NA,NA
"PHJJKLOP_00097",0,NA,NA,NA,NA,NA
"PHJJKLOP_00098",0,NA,NA,NA,NA,NA
"PHJJKLOP_00099",0.300079179928859,2.3497202582611,3.99377797859174,0.588345238732986,0.556300586370508,NA
"PHJJKLOP_00100",0,NA,NA,NA,NA,NA
"PHJJKLOP_00101",0,NA,NA,NA,NA,NA
"PHJJKLOP_00103",0,NA,NA,NA,NA,NA
"PHJJKLOP_00104",0,NA,NA,NA,NA,NA
"PHJJKLOP_00105",0,NA,NA,NA,NA,NA
"PHJJKLOP_00106",0,NA,NA,NA,NA,NA
"PHJJKLOP_00107",0,NA,NA,NA,NA,NA
"PHJJKLOP_00108",0,NA,NA,NA,NA,NA
"PHJJKLOP_00109",0,NA,NA,NA,NA,NA
"PHJJKLOP_00110",0,NA,NA,NA,NA,NA
"PHJJKLOP_00111",0.104016240753039,0,4.08045587181216,0,1,NA
"PHJJKLOP_00112",0,NA,NA,NA,NA,NA
"PHJJKLOP_00113",0,NA,NA,NA,NA,NA
"PHJJKLOP_00114",0,NA,NA,NA,NA,NA
"PHJJKLOP_00115",0,NA,NA,NA,NA,NA
"PHJJKLOP_00116",0.216057721068967,0,4.08045587180429,0,1,NA
"PHJJKLOP_00117",0,NA,NA,NA,NA,NA
"PHJJKLOP_00118",0,NA,NA,NA,NA,NA
"PHJJKLOP_00119",2.69463287900691,2.78598849797352,3.97151212321377,0.701493137006739,0.482995316125755,NA
"PHJJKLOP_00120",0,NA,NA,NA,NA,NA
"PHJJKLOP_00121",0,NA,NA,NA,NA,NA
"PHJJKLOP_00122",0.326078209778334,-1.16807655933563,4.08045587180429,-0.286261289432626,0.774678004592969,NA
"PHJJKLOP_00123",2.77621648000699,5.53043797872377,3.91658271314005,1.41205698533297,0.157933182816142,NA
"PHJJKLOP_00124",0,NA,NA,NA,NA,NA
"PHJJKLOP_00125",0,NA,NA,NA,NA,NA
"PHJJKLOP_00126",0,NA,NA,NA,NA,NA
"PHJJKLOP_00127",0.440081954837468,-3.07359576176994,3.97252057209089,-0.773714246658309,0.439099793201136,NA
"PHJJKLOP_00128",0,NA,NA,NA,NA,NA
"PHJJKLOP_00129",0.208032481506078,0,4.0804558718052,0,1,NA
"PHJJKLOP_00130",0,NA,NA,NA,NA,NA
"PHJJKLOP_00131",0,NA,NA,NA,NA,NA
"PHJJKLOP_00132",3.79190543610711,5.97879615172367,3.91396032229891,1.52755665857439,NA,NA
"PHJJKLOP_00133",0,NA,NA,NA,NA,NA
"PHJJKLOP_00134",0,NA,NA,NA,NA,NA
"PHJJKLOP_00135",0,NA,NA,NA,NA,NA
"PHJJKLOP_00138",0,NA,NA,NA,NA,NA
"PHJJKLOP_00139",0,NA,NA,NA,NA,NA
"PHJJKLOP_00140",0,NA,NA,NA,NA,NA
"PHJJKLOP_00141",0,NA,NA,NA,NA,NA
"PHJJKLOP_00142",0,NA,NA,NA,NA,NA
"PHJJKLOP_00143",0,NA,NA,NA,NA,NA
"PHJJKLOP_00144",0,NA,NA,NA,NA,NA
"PHJJKLOP_00146",0,NA,NA,NA,NA,NA
"PHJJKLOP_00147",0,NA,NA,NA,NA,NA
"PHJJKLOP_00148",0,NA,NA,NA,NA,NA
"PHJJKLOP_00149",0,NA,NA,NA,NA,NA
"PHJJKLOP_00150",0,NA,NA,NA,NA,NA
"PHJJKLOP_00151",0,NA,NA,NA,NA,NA
"PHJJKLOP_00152",0,NA,NA,NA,NA,NA
"PHJJKLOP_00153",0,NA,NA,NA,NA,NA
"PHJJKLOP_00154",0,NA,NA,NA,NA,NA
"PHJJKLOP_00157",0,NA,NA,NA,NA,NA
"PHJJKLOP_00158",1.35221112978951,0,4.08045587178122,0,1,NA
"PHJJKLOP_00159",0,NA,NA,NA,NA,NA
"PHJJKLOP_00160",0,NA,NA,NA,NA,NA
"PHJJKLOP_00162",0,NA,NA,NA,NA,NA
"PHJJKLOP_00163",0,NA,NA,NA,NA,NA
"PHJJKLOP_00164",0,NA,NA,NA,NA,NA
"PHJJKLOP_00166",0,NA,NA,NA,NA,NA
"PHJJKLOP_00167",0,NA,NA,NA,NA,NA
"PHJJKLOP_00168",0,NA,NA,NA,NA,NA
"PHJJKLOP_00170",0,NA,NA,NA,NA,NA
"PHJJKLOP_00171",0,NA,NA,NA,NA,NA
"PHJJKLOP_00175",0,NA,NA,NA,NA,NA
"PHJJKLOP_00176",0,NA,NA,NA,NA,NA
"PHJJKLOP_00177",0,NA,NA,NA,NA,NA
"PHJJKLOP_00178",0,NA,NA,NA,NA,NA
"PHJJKLOP_00179",0,NA,NA,NA,NA,NA
"PHJJKLOP_00180",0,NA,NA,NA,NA,NA
"PHJJKLOP_00181",0,NA,NA,NA,NA,NA
"PHJJKLOP_00182",0,NA,NA,NA,NA,NA
"PHJJKLOP_00183",0,NA,NA,NA,NA,NA
"PHJJKLOP_00184",0,NA,NA,NA,NA,NA
"PHJJKLOP_00185",0,NA,NA,NA,NA,NA
"PHJJKLOP_00186",0,NA,NA,NA,NA,NA
"PHJJKLOP_00187",0,NA,NA,NA,NA,NA
"PHJJKLOP_00188",0,NA,NA,NA,NA,NA
"PHJJKLOP_00189",0,NA,NA,NA,NA,NA
"PHJJKLOP_00190",0,NA,NA,NA,NA,NA
"PHJJKLOP_00192",2.28835729656686,0,4.08045587177942,0,1,NA
"PHJJKLOP_00193",0,NA,NA,NA,NA,NA
"PHJJKLOP_00194",0,NA,NA,NA,NA,NA
"PHJJKLOP_00195",0,NA,NA,NA,NA,NA
"PHJJKLOP_00196",0,NA,NA,NA,NA,NA
"PHJJKLOP_00197",0,NA,NA,NA,NA,NA
"PHJJKLOP_00198",0,NA,NA,NA,NA,NA
"PHJJKLOP_00199",0,NA,NA,NA,NA,NA
"PHJJKLOP_00200",0,NA,NA,NA,NA,NA
"PHJJKLOP_00201",0,NA,NA,NA,NA,NA
"PHJJKLOP_00202",0,NA,NA,NA,NA,NA
"PHJJKLOP_00204",0,NA,NA,NA,NA,NA
"PHJJKLOP_00205",0,NA,NA,NA,NA,NA
"PHJJKLOP_00206",0,NA,NA,NA,NA,NA
"PHJJKLOP_00207",0,NA,NA,NA,NA,NA
"PHJJKLOP_00208",0.550102443546835,-3.39560331645071,3.95945559811813,-0.85759348281733,0.391116974991516,NA
"PHJJKLOP_00209",0,NA,NA,NA,NA,NA
"PHJJKLOP_00210",0,NA,NA,NA,NA,NA
"PHJJKLOP_00212",0.750197949822146,3.6524201032385,3.94260204474678,0.926398368839959,0.35423899148996,NA
"PHJJKLOP_00215",0,NA,NA,NA,NA,NA
"PHJJKLOP_00217",2.50536609171363,5.38291758056394,3.91763835773777,1.37402105274268,0.169435146671962,NA
"PHJJKLOP_00218",0,NA,NA,NA,NA,NA
"PHJJKLOP_00219",0,NA,NA,NA,NA,NA
"PHJJKLOP_00220",0,NA,NA,NA,NA,NA
"PHJJKLOP_00222",0,NA,NA,NA,NA,NA
"PHJJKLOP_00223",0,NA,NA,NA,NA,NA
"PHJJKLOP_00225",0,NA,NA,NA,NA,NA
"PHJJKLOP_00226",0,NA,NA,NA,NA,NA
"PHJJKLOP_00227",0,NA,NA,NA,NA,NA
"PHJJKLOP_00228",0,NA,NA,NA,NA,NA
"PHJJKLOP_00229",0,NA,NA,NA,NA,NA
"PHJJKLOP_00230",2.77621648000699,5.53043797872377,3.91658271314005,1.41205698533297,0.157933182816142,NA
"PHJJKLOP_00231",0,NA,NA,NA,NA,NA
"PHJJKLOP_00232",0,NA,NA,NA,NA,NA
"PHJJKLOP_00233",0,NA,NA,NA,NA,NA
"PHJJKLOP_00234",65.1047643786625,22.630017972374,3.90721058413071,5.79186032723364,NA,NA
"PHJJKLOP_00235",0,NA,NA,NA,NA,NA
"PHJJKLOP_00236",0,NA,NA,NA,NA,NA
"PHJJKLOP_00237",0,NA,NA,NA,NA,NA
"PHJJKLOP_00238",3.15050846237281,-3.39564297058205,3.95945415960505,-0.857603809440433,0.391111270828533,NA
"PHJJKLOP_00239",1.98036879676861,-5.24379975105199,3.92146465590889,-1.33720438947488,0.18115592950431,NA
"PHJJKLOP_00240",0,NA,NA,NA,NA,NA
"PHJJKLOP_00241",1.49332249403338,-4.48092960931011,3.87073601205361,-1.157642783015,0.247009842398016,NA
"PHJJKLOP_00242",0,NA,NA,NA,NA,NA
"PHJJKLOP_00243",0,NA,NA,NA,NA,NA
"PHJJKLOP_00246",0,NA,NA,NA,NA,NA
"PHJJKLOP_00247",0,NA,NA,NA,NA,NA
"PHJJKLOP_00248",0,NA,NA,NA,NA,NA
"PHJJKLOP_00249",0,NA,NA,NA,NA,NA
"PHJJKLOP_00250",0,NA,NA,NA,NA,NA
"PHJJKLOP_00251",7.00462958735344,4.96054975622452,3.1189548535182,1.59045256799052,NA,NA
"PHJJKLOP_00252",3.9060578668939,0,4.08045587177834,0,1,NA
"PHJJKLOP_00253",0,NA,NA,NA,NA,NA
"PHJJKLOP_00254",0,NA,NA,NA,NA,NA
"PHJJKLOP_00255",0,NA,NA,NA,NA,NA
"PHJJKLOP_00256",0,NA,NA,NA,NA,NA
"PHJJKLOP_00257",0,NA,NA,NA,NA,NA
"PHJJKLOP_00259",11.2908337593503,0.282080292988477,3.35148031145991,0.0841658809762193,NA,NA
"PHJJKLOP_00260",0,NA,NA,NA,NA,NA
"PHJJKLOP_00261",0,NA,NA,NA,NA,NA
"PHJJKLOP_00262",0,NA,NA,NA,NA,NA
"PHJJKLOP_00263",0,NA,NA,NA,NA,NA
"PHJJKLOP_00264",0,NA,NA,NA,NA,NA
"PHJJKLOP_00265",0,NA,NA,NA,NA,NA
"PHJJKLOP_00267",0,NA,NA,NA,NA,NA
"PHJJKLOP_00269",51.058528936694,-0.32337547926964,3.11190977786494,-0.103915441755354,NA,NA
"PHJJKLOP_00270",0,NA,NA,NA,NA,NA
"PHJJKLOP_00271",0,NA,NA,NA,NA,NA
"PHJJKLOP_00272",0,NA,NA,NA,NA,NA
"PHJJKLOP_00273",0,NA,NA,NA,NA,NA
"PHJJKLOP_00275",0,NA,NA,NA,NA,NA
"PHJJKLOP_00276",0,NA,NA,NA,NA,NA
"PHJJKLOP_00277",0,NA,NA,NA,NA,NA
"PHJJKLOP_00279",0,NA,NA,NA,NA,NA
"PHJJKLOP_00280",0.440081954837468,-3.07359576176994,3.97252057209089,-0.773714246658309,0.439099793201136,NA
"PHJJKLOP_00281",0,NA,NA,NA,NA,NA
"PHJJKLOP_00282",0,NA,NA,NA,NA,NA
"PHJJKLOP_00283",0,NA,NA,NA,NA,NA
"PHJJKLOP_00284",0.108028860534484,0,4.08045587181216,0,1,NA
"PHJJKLOP_00285",0,NA,NA,NA,NA,NA
"PHJJKLOP_00286",5.29341416618969,0,4.08045587177794,0,NA,NA
"PHJJKLOP_00287",0,NA,NA,NA,NA,NA
"PHJJKLOP_00288",0,NA,NA,NA,NA,NA
"PHJJKLOP_00289",0,NA,NA,NA,NA,NA
"PHJJKLOP_00290",2.6955660528636,-1.16640887429127,3.775373000317,-0.30895195632149,0.757358073347117,NA
"PHJJKLOP_00291",0,NA,NA,NA,NA,NA
"PHJJKLOP_00292",0,NA,NA,NA,NA,NA
"PHJJKLOP_00293",0,NA,NA,NA,NA,NA
"PHJJKLOP_00294",0,NA,NA,NA,NA,NA
"PHJJKLOP_00296",0,NA,NA,NA,NA,NA
"PHJJKLOP_00297",0,NA,NA,NA,NA,NA
"PHJJKLOP_00298",0,NA,NA,NA,NA,NA
"PHJJKLOP_00300",0,NA,NA,NA,NA,NA
"PHJJKLOP_00301",0,NA,NA,NA,NA,NA
"PHJJKLOP_00302",0,NA,NA,NA,NA,NA
"PHJJKLOP_00303",0,NA,NA,NA,NA,NA
"PHJJKLOP_00304",0,NA,NA,NA,NA,NA
"PHJJKLOP_00305",0,NA,NA,NA,NA,NA
"PHJJKLOP_00308",0,NA,NA,NA,NA,NA
"PHJJKLOP_00309",0,NA,NA,NA,NA,NA
"PHJJKLOP_00310",0,NA,NA,NA,NA,NA
"PHJJKLOP_00311",0,NA,NA,NA,NA,NA
"PHJJKLOP_00312",21.2502115458391,-6.22337820391403,3.63967951075111,-1.70986983483876,NA,NA
"PHJJKLOP_00313",0,NA,NA,NA,NA,NA
"PHJJKLOP_00316",0,NA,NA,NA,NA,NA
"PHJJKLOP_00317",0,NA,NA,NA,NA,NA
"PHJJKLOP_00318",0,NA,NA,NA,NA,NA
"PHJJKLOP_00319",2.32775290635431,0.75659558912629,4.08029282961334,0.185426786929405,0.852894299783349,NA
"PHJJKLOP_00320",0.206902280978641,-1.16806949972902,4.08045587181216,-0.286259559329648,0.77467932959907,NA
"PHJJKLOP_00321",0,NA,NA,NA,NA,NA
"PHJJKLOP_00322",0,NA,NA,NA,NA,NA
"PHJJKLOP_00323",0,NA,NA,NA,NA,NA
"PHJJKLOP_00324",0,NA,NA,NA,NA,NA
"PHJJKLOP_00325",3.84504100028672,5.98769839563949,3.91391602340413,1.529848458637,0.126054243640318,NA
"PHJJKLOP_00326",0,NA,NA,NA,NA,NA
"PHJJKLOP_00328",1.35221112978951,0,4.08045587178122,0,1,NA
"PHJJKLOP_00331",0.119882063757404,-1.16806149264712,4.08045587181216,-0.286257597028828,0.774680832435586,NA
"PHJJKLOP_00332",0,NA,NA,NA,NA,NA
"PHJJKLOP_00336",0,NA,NA,NA,NA,NA
"PHJJKLOP_00337",0,NA,NA,NA,NA,NA
"PHJJKLOP_00338",0,NA,NA,NA,NA,NA
"PHJJKLOP_00340",2.56457716954836,2.76644886921982,3.82905192025614,0.722489254999384,0.469993729188599,NA
"PHJJKLOP_00342",0,NA,NA,NA,NA,NA
"PHJJKLOP_00343",0,NA,NA,NA,NA,NA
"PHJJKLOP_00344",0,NA,NA,NA,NA,NA
"PHJJKLOP_00346",0,NA,NA,NA,NA,NA
"PHJJKLOP_00347",0,NA,NA,NA,NA,NA
"PHJJKLOP_00349",0,NA,NA,NA,NA,NA
"PHJJKLOP_00350",0,NA,NA,NA,NA,NA
"PHJJKLOP_00352",0,NA,NA,NA,NA,NA
"PHJJKLOP_00354",0,NA,NA,NA,NA,NA
"PHJJKLOP_00355",0,NA,NA,NA,NA,NA
"PHJJKLOP_00357",1.89283977022493,3.77019451271514,3.93982033584147,0.956945797354462,0.338594613849339,NA
"PHJJKLOP_00360",10.1218849612618,-21.7290794459021,3.909636453642,-5.55782608013606,NA,NA
"PHJJKLOP_00361",0,NA,NA,NA,NA,NA
"PHJJKLOP_00362",21.0850567602675,0.584231053213362,3.66705200136114,0.159318998747906,NA,NA
"PHJJKLOP_00363",58.2128624033865,0,4.08045587177691,0,NA,NA
"PHJJKLOP_00366",0,NA,NA,NA,NA,NA
"PHJJKLOP_00367",9.287121627635,6.05387023956712,3.89488463794288,1.55431310611667,NA,NA
"PHJJKLOP_00368",0,NA,NA,NA,NA,NA
"PHJJKLOP_00369",0,NA,NA,NA,NA,NA
"PHJJKLOP_00372",0,NA,NA,NA,NA,NA
"PHJJKLOP_00373",0,NA,NA,NA,NA,NA
"PHJJKLOP_00375",6.89389368181483,-6.9249800846289,3.81884768957257,-1.81336901797306,NA,NA
"PHJJKLOP_00376",0,NA,NA,NA,NA,NA
"PHJJKLOP_00377",0,NA,NA,NA,NA,NA
"PHJJKLOP_00378",21.3449065197052,19.2283948075218,3.90147605086736,4.92849233388142,NA,NA
"PHJJKLOP_00379",0,NA,NA,NA,NA,NA
"PHJJKLOP_00380",0,NA,NA,NA,NA,NA
"PHJJKLOP_00381",0,NA,NA,NA,NA,NA
"PHJJKLOP_00382",10.2297892530057,-6.93191576773628,3.88502189393057,-1.7842668476504,NA,NA
"PHJJKLOP_00383",0,NA,NA,NA,NA,NA
"PHJJKLOP_00385",0,NA,NA,NA,NA,NA
"PHJJKLOP_00386",3.58876764488709,5.89958486164775,3.91436670063323,1.50716202973354,NA,NA
"PHJJKLOP_00388",1.26406071204083,-1.1680965408178,4.08045587178202,-0.286266186309147,0.77467425430458,NA
"PHJJKLOP_00389",0,NA,NA,NA,NA,NA
"PHJJKLOP_00390",0,NA,NA,NA,NA,NA
"PHJJKLOP_00391",0,NA,NA,NA,NA,NA
"PHJJKLOP_00392",0.175741457607825,0.754824055430826,4.08036365907754,0.184989407439599,0.853237343823549,NA
"PHJJKLOP_00419",0,NA,NA,NA,NA,NA
"PHJJKLOP_00420",0,NA,NA,NA,NA,NA
"PHJJKLOP_00421",0,NA,NA,NA,NA,NA
"PHJJKLOP_00422",7.07304176168683,-7.07977619538369,3.91087914277829,-1.81027741766375,NA,NA
"PHJJKLOP_00423",0,NA,NA,NA,NA,NA
"PHJJKLOP_00424",0,NA,NA,NA,NA,NA
"PHJJKLOP_00425",0,NA,NA,NA,NA,NA
"PHJJKLOP_00426",0,NA,NA,NA,NA,NA
"PHJJKLOP_00427",0,NA,NA,NA,NA,NA
"PHJJKLOP_00428",0,NA,NA,NA,NA,NA
"PHJJKLOP_00429",0,NA,NA,NA,NA,NA
"PHJJKLOP_00431",0,NA,NA,NA,NA,NA
"PHJJKLOP_00432",0,NA,NA,NA,NA,NA
"PHJJKLOP_00436",6.30166277850603,6.70951376701826,3.91109584329007,1.71550737590059,NA,NA
"PHJJKLOP_00437",0,NA,NA,NA,NA,NA
"PHJJKLOP_00438",0,NA,NA,NA,NA,NA
"PHJJKLOP_00439",0,NA,NA,NA,NA,NA
"PHJJKLOP_00440",0,NA,NA,NA,NA,NA
"PHJJKLOP_00441",3.52105504781375,5.87218575595438,3.91451251395295,1.50010652284888,NA,NA
"PHJJKLOP_00442",0.413804561957282,-1.93980356224477,4.04961013277836,-0.479009953709767,0.631931547540915,NA
"PHJJKLOP_00443",0,NA,NA,NA,NA,NA
"PHJJKLOP_00444",0,NA,NA,NA,NA,NA
"PHJJKLOP_00445",0,NA,NA,NA,NA,NA
"PHJJKLOP_00446",0,NA,NA,NA,NA,NA
"PHJJKLOP_00447",0,NA,NA,NA,NA,NA
"PHJJKLOP_00448",0,NA,NA,NA,NA,NA
"PHJJKLOP_00449",0,NA,NA,NA,NA,NA
"PHJJKLOP_00450",0,NA,NA,NA,NA,NA
"PHJJKLOP_00451",0,NA,NA,NA,NA,NA
"PHJJKLOP_00453",0,NA,NA,NA,NA,NA
"PHJJKLOP_00455",0,NA,NA,NA,NA,NA
"PHJJKLOP_00456",7.19292382544424,-7.10403374419681,3.91081037213665,-1.81651194208007,NA,NA
"PHJJKLOP_00457",0,NA,NA,NA,NA,NA
"PHJJKLOP_00458",4.33360621269384,6.17094197019355,3.91306208883392,1.57701100317385,NA,NA
"PHJJKLOP_00459",7.91221620798866,-7.24158883316796,3.91044151144411,-1.85185964602081,NA,NA
"PHJJKLOP_00460",0,NA,NA,NA,NA,NA
"PHJJKLOP_00461",0,NA,NA,NA,NA,NA
"PHJJKLOP_00462",0,NA,NA,NA,NA,NA
"PHJJKLOP_00465",0,NA,NA,NA,NA,NA
"PHJJKLOP_00466",0,NA,NA,NA,NA,NA
"PHJJKLOP_00467",0,NA,NA,NA,NA,NA
"PHJJKLOP_00468",0,NA,NA,NA,NA,NA
"PHJJKLOP_00469",0,NA,NA,NA,NA,NA
"PHJJKLOP_00470",0,NA,NA,NA,NA,NA
"PHJJKLOP_00471",0,NA,NA,NA,NA,NA
"PHJJKLOP_00473",0,NA,NA,NA,NA,NA
"PHJJKLOP_00474",0,NA,NA,NA,NA,NA
"PHJJKLOP_00475",0,NA,NA,NA,NA,NA
"PHJJKLOP_00476",0,NA,NA,NA,NA,NA
"PHJJKLOP_00477",1.51240404748277,0,4.08045587178076,0,1,NA
"PHJJKLOP_00478",0,NA,NA,NA,NA,NA
"PHJJKLOP_00479",0,NA,NA,NA,NA,NA
"PHJJKLOP_00480",0,NA,NA,NA,NA,NA
"PHJJKLOP_00481",0,NA,NA,NA,NA,NA
"PHJJKLOP_00482",0.59941031878702,-3.51270640046031,3.95537316196242,-0.88808470316806,0.374495190313585,NA
"PHJJKLOP_00483",0,NA,NA,NA,NA,NA
"PHJJKLOP_00485",0.270850388293365,2.21523175360693,4.00204012438557,0.553525623121291,0.579903540034397,NA
"PHJJKLOP_00486",0,NA,NA,NA,NA,NA
"PHJJKLOP_00488",0,NA,NA,NA,NA,NA
"PHJJKLOP_00489",0,NA,NA,NA,NA,NA
"PHJJKLOP_00492",0,NA,NA,NA,NA,NA
"PHJJKLOP_00493",0,NA,NA,NA,NA,NA
"PHJJKLOP_00494",1.11220300870853,-3.88113475629455,3.9444701503726,-0.983943244171318,0.325143419605181,NA
"PHJJKLOP_00495",0,NA,NA,NA,NA,NA
"PHJJKLOP_00496",0,NA,NA,NA,NA,NA
"PHJJKLOP_00497",0,NA,NA,NA,NA,NA
"PHJJKLOP_00498",0,NA,NA,NA,NA,NA
"PHJJKLOP_00499",0,NA,NA,NA,NA,NA
"PHJJKLOP_00500",0,NA,NA,NA,NA,NA
"PHJJKLOP_00502",0,NA,NA,NA,NA,NA
"PHJJKLOP_00503",0,NA,NA,NA,NA,NA
"PHJJKLOP_00504",0,NA,NA,NA,NA,NA
"PHJJKLOP_00506",0,NA,NA,NA,NA,NA
"PHJJKLOP_00507",0,NA,NA,NA,NA,NA
"PHJJKLOP_00508",0,NA,NA,NA,NA,NA
"PHJJKLOP_00510",0,NA,NA,NA,NA,NA
"PHJJKLOP_00512",0,NA,NA,NA,NA,NA
"PHJJKLOP_00514",7.62615174812412,5.87218097629025,3.89637649333801,1.50708767141226,NA,NA
"PHJJKLOP_00515",0,NA,NA,NA,NA,NA
"PHJJKLOP_00516",0.135425194146683,1.42247216756133,4.04124978208354,0.351988182929874,0.724847124753066,NA
"PHJJKLOP_00517",0,NA,NA,NA,NA,NA
"PHJJKLOP_00518",0,NA,NA,NA,NA,NA
"PHJJKLOP_00519",0,NA,NA,NA,NA,NA
"PHJJKLOP_00521",0,NA,NA,NA,NA,NA
"PHJJKLOP_00523",0,NA,NA,NA,NA,NA
"PHJJKLOP_00525",0,NA,NA,NA,NA,NA
"PHJJKLOP_00526",0,NA,NA,NA,NA,NA
"PHJJKLOP_00527",0,NA,NA,NA,NA,NA
"PHJJKLOP_00529",0,NA,NA,NA,NA,NA
"PHJJKLOP_00530",0,NA,NA,NA,NA,NA
"PHJJKLOP_00532",0,NA,NA,NA,NA,NA
"PHJJKLOP_00533",0,NA,NA,NA,NA,NA
"PHJJKLOP_00534",0.744838567806754,3.64621268484772,3.94275486603591,0.924788075529957,0.3550761545337,NA
"PHJJKLOP_00535",0,NA,NA,NA,NA,NA
"PHJJKLOP_00537",0,NA,NA,NA,NA,NA
"PHJJKLOP_00538",0,NA,NA,NA,NA,NA
"PHJJKLOP_00539",0,NA,NA,NA,NA,NA
"PHJJKLOP_00540",0,NA,NA,NA,NA,NA
"PHJJKLOP_00543",0,NA,NA,NA,NA,NA
"PHJJKLOP_00544",0,NA,NA,NA,NA,NA
"PHJJKLOP_00545",0,NA,NA,NA,NA,NA
"PHJJKLOP_00547",28.8544274683453,0,4.08045587177702,0,NA,NA
"PHJJKLOP_00548",0,NA,NA,NA,NA,NA
"PHJJKLOP_00549",0,NA,NA,NA,NA,NA
"PHJJKLOP_00551",0,NA,NA,NA,NA,NA
"PHJJKLOP_00552",0,NA,NA,NA,NA,NA
"PHJJKLOP_00553",0,NA,NA,NA,NA,NA
"PHJJKLOP_00554",0,NA,NA,NA,NA,NA
"PHJJKLOP_00555",0,NA,NA,NA,NA,NA
"PHJJKLOP_00556",0,NA,NA,NA,NA,NA
"PHJJKLOP_00558",0,NA,NA,NA,NA,NA
"PHJJKLOP_00559",0.229902552466771,-2.12802064592564,4.03242024892053,-0.52772789405948,0.597688209911882,NA
"PHJJKLOP_00560",0,NA,NA,NA,NA,NA
"PHJJKLOP_00562",3.88903897924141,0,4.08045587177834,0,1,NA
"PHJJKLOP_00563",0,NA,NA,NA,NA,NA
"PHJJKLOP_00564",0,NA,NA,NA,NA,NA
"PHJJKLOP_00565",0,NA,NA,NA,NA,NA
"PHJJKLOP_00566",0,NA,NA,NA,NA,NA
"PHJJKLOP_00567",0,NA,NA,NA,NA,NA
"PHJJKLOP_00568",0.793704509934724,3.19338016526719,3.95582405851107,0.807260413515241,0.419516465963656,NA
"PHJJKLOP_00569",0,NA,NA,NA,NA,NA
"PHJJKLOP_00570",14.1926430435083,-22.1639908808003,3.90880896963543,-5.67026709490678,NA,NA
"PHJJKLOP_00571",0,NA,NA,NA,NA,NA
"PHJJKLOP_00573",0.0677125970733413,0.754832062527196,4.08036365907959,0.184991369788217,0.853235804658712,NA
"PHJJKLOP_00574",0,NA,NA,NA,NA,NA
"PHJJKLOP_00575",0,NA,NA,NA,NA,NA
"PHJJKLOP_00576",1.08340155317346,4.18101583189761,3.93169090488326,1.06341417294647,0.287594168227468,NA
"PHJJKLOP_00578",0,NA,NA,NA,NA,NA
"PHJJKLOP_00579",0,NA,NA,NA,NA,NA
"PHJJKLOP_00580",0,NA,NA,NA,NA,NA
"PHJJKLOP_00581",3.08057368386228,-5.88124555167692,3.91621681076098,-1.50176709714244,0.133157268547166,NA
"PHJJKLOP_00582",0,NA,NA,NA,NA,NA
"PHJJKLOP_00583",0,NA,NA,NA,NA,NA
"PHJJKLOP_00584",0.197746840888315,-1.93978912160345,4.04961153646076,-0.479006221742139,0.631934202475145,NA
"PHJJKLOP_00586",2.1275681451374,0.756596204161187,4.08029282963875,0.185426937661278,0.852894181566615,NA
"PHJJKLOP_00588",0,NA,NA,NA,NA,NA
"PHJJKLOP_00590",0,NA,NA,NA,NA,NA
"PHJJKLOP_00592",1.44432614522636,3.33407958433689,3.93669390778688,0.846923754407728,0.397037621107298,NA
"PHJJKLOP_00595",0,NA,NA,NA,NA,NA
"PHJJKLOP_00596",4.10509670031037,0,4.08045587177826,0,1,NA
"PHJJKLOP_00598",3.24086581603451,0,4.08045587177865,0,1,NA
"PHJJKLOP_00600",0.108028860534484,0,4.08045587181216,0,1,NA
"PHJJKLOP_00602",0,NA,NA,NA,NA,NA
"PHJJKLOP_00604",0,NA,NA,NA,NA,NA
"PHJJKLOP_00605",0,NA,NA,NA,NA,NA
"PHJJKLOP_00606",0,NA,NA,NA,NA,NA
"PHJJKLOP_00607",0.135425194146683,1.42247216756133,4.04124978208354,0.351988182929874,0.724847124753066,NA
"PHJJKLOP_00609",0,NA,NA,NA,NA,NA
"PHJJKLOP_00611",12.7350280778624,-1.27520912755584,3.62288597838512,-0.351987099556542,NA,NA
"PHJJKLOP_00612",2.50536609171363,5.38291758056394,3.91763835773777,1.37402105274268,0.169435146671962,NA
"PHJJKLOP_00613",0,NA,NA,NA,NA,NA
"PHJJKLOP_00614",4.35114810896845,6.17603673057375,3.91303985526929,1.57832195914312,NA,NA
"PHJJKLOP_00616",2.80875037389657,0,4.08045587177893,0,1,NA
"PHJJKLOP_00618",0,NA,NA,NA,NA,NA
"PHJJKLOP_00628",0,NA,NA,NA,NA,NA
"PHJJKLOP_00629",0,NA,NA,NA,NA,NA
"PHJJKLOP_00630",0,NA,NA,NA,NA,NA
"PHJJKLOP_00631",2.28044797669747,-2.68778548849673,3.8311885408649,-0.701553958994133,0.482957372847713,NA
"PHJJKLOP_00632",0,NA,NA,NA,NA,NA
"PHJJKLOP_00633",0,NA,NA,NA,NA,NA
"PHJJKLOP_00634",0,NA,NA,NA,NA,NA
"PHJJKLOP_00635",0,NA,NA,NA,NA,NA
"PHJJKLOP_00636",0,NA,NA,NA,NA,NA
"PHJJKLOP_00637",0,NA,NA,NA,NA,NA
"PHJJKLOP_00638",6.30166277850603,6.70951376701826,3.91109584329007,1.71550737590059,NA,NA
"PHJJKLOP_00639",0,NA,NA,NA,NA,NA
"PHJJKLOP_00640",0,NA,NA,NA,NA,NA
"PHJJKLOP_00641",0,NA,NA,NA,NA,NA
"PHJJKLOP_00642",14.0286728760123,2.18522321228224,3.6055172785001,0.606077587067147,NA,NA
"PHJJKLOP_00643",3.72419283903377,5.95287317673003,3.91409087907607,1.52088271852676,NA,NA
"PHJJKLOP_00644",0,NA,NA,NA,NA,NA
"PHJJKLOP_00645",0,NA,NA,NA,NA,NA
"PHJJKLOP_00646",0,NA,NA,NA,NA,NA
"PHJJKLOP_00647",0,NA,NA,NA,NA,NA
"PHJJKLOP_00648",0,NA,NA,NA,NA,NA
"PHJJKLOP_00649",0,NA,NA,NA,NA,NA
"PHJJKLOP_00650",0.104016240753039,0,4.08045587181216,0,1,NA
"PHJJKLOP_00651",0,NA,NA,NA,NA,NA
"PHJJKLOP_00652",3.1147794653737,5.69586362991729,3.91551973616129,1.45468903586767,0.145755369293371,NA
"PHJJKLOP_00653",0,NA,NA,NA,NA,NA
"PHJJKLOP_00654",0,NA,NA,NA,NA,NA
"PHJJKLOP_00655",0,NA,NA,NA,NA,NA
"PHJJKLOP_00656",0,NA,NA,NA,NA,NA
"PHJJKLOP_00657",2.45637852463736,-2.07276980026065,3.41568294951051,-0.606839051194049,0.543957729379763,NA
"PHJJKLOP_00658",0,NA,NA,NA,NA,NA
"PHJJKLOP_00659",0.0750197949822146,0.756638105558836,4.08029283546036,0.185437206610066,0.852886127792773,NA
"PHJJKLOP_00662",1.31870270133144,-4.65395746164944,3.92887360813734,-1.18455260357837,0.236194386123135,NA
"PHJJKLOP_00663",0,NA,NA,NA,NA,NA
"PHJJKLOP_00664",1.35221112978951,0,4.08045587178122,0,1,NA
"PHJJKLOP_00665",0,NA,NA,NA,NA,NA
"PHJJKLOP_00666",0,NA,NA,NA,NA,NA
"PHJJKLOP_00667",0,NA,NA,NA,NA,NA
"PHJJKLOP_00669",0,NA,NA,NA,NA,NA
"PHJJKLOP_00671",0,NA,NA,NA,NA,NA
"PHJJKLOP_00672",0,NA,NA,NA,NA,NA
"PHJJKLOP_00673",0,NA,NA,NA,NA,NA
"PHJJKLOP_00675",0,NA,NA,NA,NA,NA
"PHJJKLOP_00676",0,NA,NA,NA,NA,NA
"PHJJKLOP_00677",0,NA,NA,NA,NA,NA
"PHJJKLOP_00679",0,NA,NA,NA,NA,NA
"PHJJKLOP_00681",0,NA,NA,NA,NA,NA
"PHJJKLOP_00682",0,NA,NA,NA,NA,NA
"PHJJKLOP_00683",0,NA,NA,NA,NA,NA
"PHJJKLOP_00684",0,NA,NA,NA,NA,NA
"PHJJKLOP_00685",0,NA,NA,NA,NA,NA
"PHJJKLOP_00688",0,NA,NA,NA,NA,NA
"PHJJKLOP_00689",0,NA,NA,NA,NA,NA
"PHJJKLOP_00690",0.660122932256202,-3.65868927678903,3.95072134446215,-0.926081329911443,0.354403715776686,NA
"PHJJKLOP_00691",0,NA,NA,NA,NA,NA
"PHJJKLOP_00692",0,NA,NA,NA,NA,NA
"PHJJKLOP_00693",0,NA,NA,NA,NA,NA
"PHJJKLOP_00694",1.20969365571609,-0.0171556899852877,3.64030171811457,-0.00471271100961742,0.996239814564636,NA
"PHJJKLOP_00695",0,NA,NA,NA,NA,NA
"PHJJKLOP_00696",0,NA,NA,NA,NA,NA
"PHJJKLOP_00697",0,NA,NA,NA,NA,NA
"PHJJKLOP_00698",0,NA,NA,NA,NA,NA
"PHJJKLOP_00699",0,NA,NA,NA,NA,NA
"PHJJKLOP_00700",0,NA,NA,NA,NA,NA
"PHJJKLOP_00701",0,NA,NA,NA,NA,NA
"PHJJKLOP_00702",0,NA,NA,NA,NA,NA
"PHJJKLOP_00703",0,NA,NA,NA,NA,NA
"PHJJKLOP_00704",0,NA,NA,NA,NA,NA
"PHJJKLOP_00705",0.54170077658673,3.193396844904,3.95582405852678,0.807264629987938,0.419514037227109,NA
"PHJJKLOP_00706",0,NA,NA,NA,NA,NA
"PHJJKLOP_00707",0.32408658160345,0,4.08045587179516,0,1,NA
"PHJJKLOP_00708",0,NA,NA,NA,NA,NA
"PHJJKLOP_00709",0,NA,NA,NA,NA,NA
"PHJJKLOP_00710",0,NA,NA,NA,NA,NA
"PHJJKLOP_00711",0,NA,NA,NA,NA,NA
"PHJJKLOP_00712",0,NA,NA,NA,NA,NA
"PHJJKLOP_00713",0,NA,NA,NA,NA,NA
"PHJJKLOP_00714",0,NA,NA,NA,NA,NA
"PHJJKLOP_00715",0,NA,NA,NA,NA,NA
"PHJJKLOP_00716",0,NA,NA,NA,NA,NA
"PHJJKLOP_00717",0,NA,NA,NA,NA,NA
"PHJJKLOP_00718",0,NA,NA,NA,NA,NA
"PHJJKLOP_00719",0,NA,NA,NA,NA,NA
"PHJJKLOP_00720",0,NA,NA,NA,NA,NA
"PHJJKLOP_00721",0.150039589964429,1.52009404785856,4.03608505806813,0.376625870364128,0.706451659376642,NA
"PHJJKLOP_00722",0,NA,NA,NA,NA,NA
"PHJJKLOP_00723",0,NA,NA,NA,NA,NA
"PHJJKLOP_00724",0,NA,NA,NA,NA,NA
"PHJJKLOP_00725",0,NA,NA,NA,NA,NA
"PHJJKLOP_00726",0,NA,NA,NA,NA,NA
"PHJJKLOP_00727",0.0750197949822146,0.756638105558836,4.08029283546036,0.185437206610066,0.852886127792773,NA
"PHJJKLOP_00728",0,NA,NA,NA,NA,NA
"PHJJKLOP_00729",0.864230884275868,0,4.08045587178371,0,1,NA
"PHJJKLOP_00730",0,NA,NA,NA,NA,NA
"PHJJKLOP_00731",0,NA,NA,NA,NA,NA
"PHJJKLOP_00732",0,NA,NA,NA,NA,NA
"PHJJKLOP_00734",0,NA,NA,NA,NA,NA
"PHJJKLOP_00735",0,NA,NA,NA,NA,NA
"PHJJKLOP_00736",0,NA,NA,NA,NA,NA
"PHJJKLOP_00737",0,NA,NA,NA,NA,NA
"PHJJKLOP_00738",0,NA,NA,NA,NA,NA
"PHJJKLOP_00739",0,NA,NA,NA,NA,NA
"PHJJKLOP_00740",0,NA,NA,NA,NA,NA
"PHJJKLOP_00742",0,NA,NA,NA,NA,NA
"PHJJKLOP_00743",0,NA,NA,NA,NA,NA
"PHJJKLOP_00744",0,NA,NA,NA,NA,NA
"PHJJKLOP_00745",0,NA,NA,NA,NA,NA
"PHJJKLOP_00746",2.70072151336209,0,4.08045587177902,0,1,NA
"PHJJKLOP_00747",0,NA,NA,NA,NA,NA
"PHJJKLOP_00748",0,NA,NA,NA,NA,NA
"PHJJKLOP_00749",1.53980038109497,1.42243458235938,4.04124978698654,0.351978882112125,0.724854099979356,NA
"PHJJKLOP_00750",0,NA,NA,NA,NA,NA
"PHJJKLOP_00752",35.7625598079309,-2.16881331391228,2.58258534466629,-0.839783792001855,NA,NA
"PHJJKLOP_00754",0,NA,NA,NA,NA,NA
"PHJJKLOP_00755",0.220040977418734,-2.07317639769283,4.03720744207045,-0.513517431898326,0.607589420195707,NA
"PHJJKLOP_00757",0,NA,NA,NA,NA,NA
"PHJJKLOP_00759",16.8082293284883,-1.55199725282876,3.70870386273957,-0.418474299989625,NA,NA
"PHJJKLOP_00761",0,NA,NA,NA,NA,NA
"PHJJKLOP_00762",0,NA,NA,NA,NA,NA
"PHJJKLOP_00764",0,NA,NA,NA,NA,NA
"PHJJKLOP_00765",0,NA,NA,NA,NA,NA
"PHJJKLOP_00766",0,NA,NA,NA,NA,NA
"PHJJKLOP_00767",0,NA,NA,NA,NA,NA
"PHJJKLOP_00770",0,NA,NA,NA,NA,NA
"PHJJKLOP_00773",0,NA,NA,NA,NA,NA
"PHJJKLOP_00774",0,NA,NA,NA,NA,NA
"PHJJKLOP_00775",0,NA,NA,NA,NA,NA
"PHJJKLOP_00776",0,NA,NA,NA,NA,NA
"PHJJKLOP_00777",0.6583538783803,-1.73006930038135,3.99216229505702,-0.433366474735627,0.664748552132444,NA
"PHJJKLOP_00778",0,NA,NA,NA,NA,NA
"PHJJKLOP_00779",0.203137791220024,1.86271777448782,4.02029258608905,0.463328908182744,0.643128627783307,NA
"PHJJKLOP_00780",0,NA,NA,NA,NA,NA
"PHJJKLOP_00782",0.177733085782708,-0.206934340350961,4.08036341310638,-0.0507146838162195,0.959552875713185,NA
"PHJJKLOP_00784",6.35374937914241,-6.92498827436719,3.91134624754971,-1.77048715099191,NA,NA
"PHJJKLOP_00785",0,NA,NA,NA,NA,NA
"PHJJKLOP_00786",0,NA,NA,NA,NA,NA
"PHJJKLOP_00787",25.2003733347994,0,4.08045587177705,0,NA,NA
"PHJJKLOP_00789",0,NA,NA,NA,NA,NA
"PHJJKLOP_00790",0,NA,NA,NA,NA,NA
"PHJJKLOP_00792",0,NA,NA,NA,NA,NA
"PHJJKLOP_00793",0,NA,NA,NA,NA,NA
"PHJJKLOP_00794",0,NA,NA,NA,NA,NA
"PHJJKLOP_00795",0,NA,NA,NA,NA,NA
"PHJJKLOP_00796",7.48916933421881,0,4.08045587177761,0,NA,NA
"PHJJKLOP_00797",0.108028860534484,0,4.08045587181216,0,1,NA
"PHJJKLOP_00798",7.48139323223696,-7.16135226360388,3.91065238951485,-1.83124234790203,NA,NA
"PHJJKLOP_00799",0,NA,NA,NA,NA,NA
"PHJJKLOP_00801",0,NA,NA,NA,NA,NA
"PHJJKLOP_00803",0,NA,NA,NA,NA,NA
"PHJJKLOP_00804",0,NA,NA,NA,NA,NA
"PHJJKLOP_00805",0,NA,NA,NA,NA,NA
"PHJJKLOP_00806",0,NA,NA,NA,NA,NA
"PHJJKLOP_00808",0,NA,NA,NA,NA,NA
"PHJJKLOP_00809",0,NA,NA,NA,NA,NA
"PHJJKLOP_00811",0,NA,NA,NA,NA,NA
"PHJJKLOP_00812",0,NA,NA,NA,NA,NA
"PHJJKLOP_00813",0,NA,NA,NA,NA,NA
"PHJJKLOP_00815",0,NA,NA,NA,NA,NA
"PHJJKLOP_00816",0.16717569566464,0.756638105558835,4.08029283546036,0.185437206610066,0.852886127792773,NA
"PHJJKLOP_00817",0,NA,NA,NA,NA,NA
"PHJJKLOP_00820",1.74972197603039,3.00249740705594,3.96264392293272,0.757700531627333,0.448630280682568,NA
"PHJJKLOP_00821",0,NA,NA,NA,NA,NA
"PHJJKLOP_00822",0,NA,NA,NA,NA,NA
"PHJJKLOP_00823",0,NA,NA,NA,NA,NA
"PHJJKLOP_00824",0,NA,NA,NA,NA,NA
"PHJJKLOP_00825",0,NA,NA,NA,NA,NA
"PHJJKLOP_00826",0,NA,NA,NA,NA,NA
"PHJJKLOP_00828",0,NA,NA,NA,NA,NA
"PHJJKLOP_00830",0,NA,NA,NA,NA,NA
"PHJJKLOP_00831",0,NA,NA,NA,NA,NA
"PHJJKLOP_00832",15.9496846432758,-0.521436913602839,3.27142344253311,-0.159391446189272,NA,NA
"PHJJKLOP_00833",0,NA,NA,NA,NA,NA
"PHJJKLOP_00834",0,NA,NA,NA,NA,NA
"PHJJKLOP_00835",0,NA,NA,NA,NA,NA
"PHJJKLOP_00836",0.126001866673997,0,4.08045587181216,0,1,NA
"PHJJKLOP_00837",0.239764127514808,-2.18136548899981,4.02792994487529,-0.541559937450041,0.588121696816609,NA
"PHJJKLOP_00838",0,NA,NA,NA,NA,NA
"PHJJKLOP_00840",0,NA,NA,NA,NA,NA
"PHJJKLOP_00841",0,NA,NA,NA,NA,NA
"PHJJKLOP_00842",0,NA,NA,NA,NA,NA
"PHJJKLOP_00843",0,NA,NA,NA,NA,NA
"PHJJKLOP_00844",0,NA,NA,NA,NA,NA
"PHJJKLOP_00845",6.42677232887022,-6.94288857300305,3.91128963511806,-1.77508934921755,NA,NA
"PHJJKLOP_00847",0,NA,NA,NA,NA,NA
"PHJJKLOP_00850",0,NA,NA,NA,NA,NA
"PHJJKLOP_00852",0,NA,NA,NA,NA,NA
"PHJJKLOP_00853",0,NA,NA,NA,NA,NA
"PHJJKLOP_00854",0,NA,NA,NA,NA,NA
"PHJJKLOP_00855",0,NA,NA,NA,NA,NA
"PHJJKLOP_00857",0,NA,NA,NA,NA,NA
"PHJJKLOP_00858",0,NA,NA,NA,NA,NA
"PHJJKLOP_00861",0,NA,NA,NA,NA,NA
"PHJJKLOP_00862",2.43765349464029,5.34355378761579,3.91793863182832,1.3638686793627,0.172608899948437,NA
"PHJJKLOP_00864",0,NA,NA,NA,NA,NA
"PHJJKLOP_00866",0,NA,NA,NA,NA,NA
"PHJJKLOP_00867",0,NA,NA,NA,NA,NA
"PHJJKLOP_00868",2.01602986678395,0,4.08045587177978,0,1,NA
"PHJJKLOP_00870",0,NA,NA,NA,NA,NA
"PHJJKLOP_00871",0,NA,NA,NA,NA,NA
"PHJJKLOP_00872",0,NA,NA,NA,NA,NA
"PHJJKLOP_00873",0,NA,NA,NA,NA,NA
"PHJJKLOP_00874",0,NA,NA,NA,NA,NA
"PHJJKLOP_00876",0,NA,NA,NA,NA,NA
"PHJJKLOP_00877",0,NA,NA,NA,NA,NA
"PHJJKLOP_00878",0,NA,NA,NA,NA,NA
"PHJJKLOP_00879",0,NA,NA,NA,NA,NA
"PHJJKLOP_00882",0,NA,NA,NA,NA,NA
"PHJJKLOP_00884",0.825217744804361,3.78862982740076,3.9394055727126,0.961726269984428,0.336187122727635,NA
"PHJJKLOP_00886",0,NA,NA,NA,NA,NA
"PHJJKLOP_00887",0,NA,NA,NA,NA,NA
"PHJJKLOP_00888",0,NA,NA,NA,NA,NA
"PHJJKLOP_00889",0,NA,NA,NA,NA,NA
"PHJJKLOP_00890",0,NA,NA,NA,NA,NA
"PHJJKLOP_00891",0,NA,NA,NA,NA,NA
"PHJJKLOP_00892",0,NA,NA,NA,NA,NA
"PHJJKLOP_00893",0,NA,NA,NA,NA,NA
"PHJJKLOP_00894",0,NA,NA,NA,NA,NA
"PHJJKLOP_00895",0,NA,NA,NA,NA,NA
"PHJJKLOP_00896",0,NA,NA,NA,NA,NA
"PHJJKLOP_00898",0,NA,NA,NA,NA,NA
"PHJJKLOP_00899",0,NA,NA,NA,NA,NA
"PHJJKLOP_00900",0,NA,NA,NA,NA,NA
"PHJJKLOP_00901",0,NA,NA,NA,NA,NA
"PHJJKLOP_00903",0,NA,NA,NA,NA,NA
"PHJJKLOP_00904",0,NA,NA,NA,NA,NA
"PHJJKLOP_00905",0,NA,NA,NA,NA,NA
"PHJJKLOP_00906",0,NA,NA,NA,NA,NA
"PHJJKLOP_00907",0,NA,NA,NA,NA,NA
"PHJJKLOP_00908",2.16057721068967,0,4.08045587177957,0,1,NA
"PHJJKLOP_00909",0,NA,NA,NA,NA,NA
"PHJJKLOP_00911",0,NA,NA,NA,NA,NA
"PHJJKLOP_00912",0,NA,NA,NA,NA,NA
"PHJJKLOP_00914",0,NA,NA,NA,NA,NA
"PHJJKLOP_00915",14.1681943683343,0,3.80450322964907,0,NA,NA
"PHJJKLOP_00916",0,NA,NA,NA,NA,NA
"PHJJKLOP_00917",5.56426455448306,2.21783935926236,3.89183924021226,0.569869211540558,NA,NA
"PHJJKLOP_00918",0,NA,NA,NA,NA,NA
"PHJJKLOP_00919",0,NA,NA,NA,NA,NA
"PHJJKLOP_00920",1.9636653151269,5.03306512892669,3.92061481451201,1.28374384300569,0.199231598464703,NA
"PHJJKLOP_00921",7.56950581102261,-6.93190609835321,3.85338003600407,-1.79891576579131,NA,NA
"PHJJKLOP_00922",0,NA,NA,NA,NA,NA
"PHJJKLOP_00923",0,NA,NA,NA,NA,NA
"PHJJKLOP_00924",0,NA,NA,NA,NA,NA
"PHJJKLOP_00927",1.62510232976019,4.76159347933138,3.92347101650091,1.213617600157,0.224893782990574,NA
"PHJJKLOP_00930",0,NA,NA,NA,NA,NA
"PHJJKLOP_00931",0,NA,NA,NA,NA,NA
"PHJJKLOP_00933",0,NA,NA,NA,NA,NA
"PHJJKLOP_00934",0.0677125970733413,0.754832062527196,4.08036365907959,0.184991369788217,0.853235804658712,NA
"PHJJKLOP_00935",6.55302316744146,0,4.08045587177772,0,NA,NA
"PHJJKLOP_00936",0,NA,NA,NA,NA,NA
"PHJJKLOP_00937",3.24086581603451,0,4.08045587177865,0,1,NA
"PHJJKLOP_00939",0,NA,NA,NA,NA,NA
"PHJJKLOP_00940",35.7856780614316,-21.7959218875361,3.1320050939786,-6.95909528673488,NA,NA
"PHJJKLOP_00941",0,NA,NA,NA,NA,NA
"PHJJKLOP_00942",0,NA,NA,NA,NA,NA
"PHJJKLOP_00943",0,NA,NA,NA,NA,NA
"PHJJKLOP_00945",0.0677125970733413,0.754832062527196,4.08036365907959,0.184991369788217,0.853235804658712,NA
"PHJJKLOP_00946",0,NA,NA,NA,NA,NA
"PHJJKLOP_00947",0,NA,NA,NA,NA,NA
"PHJJKLOP_00948",0,NA,NA,NA,NA,NA
"PHJJKLOP_00949",0,NA,NA,NA,NA,NA
"PHJJKLOP_00951",6.00394551790544,0.756563907816925,3.91966629405531,0.193017428285758,NA,NA
"PHJJKLOP_00952",0,NA,NA,NA,NA,NA
"PHJJKLOP_00953",19.9310137319919,7.08935039290249,3.13572093552548,2.26083587751231,NA,NA
"PHJJKLOP_00954",0,NA,NA,NA,NA,NA
"PHJJKLOP_00955",0,NA,NA,NA,NA,NA
"PHJJKLOP_00959",16.3171639057581,-22.2562225826315,3.80634342050111,-5.84713992509414,NA,NA
"PHJJKLOP_00960",13.8295035734145,-7.49953495834381,3.59727544898569,-2.08478195920705,NA,NA
"PHJJKLOP_00961",0,NA,NA,NA,NA,NA
"PHJJKLOP_00962",0,NA,NA,NA,NA,NA
"PHJJKLOP_00963",0,NA,NA,NA,NA,NA
"PHJJKLOP_00964",0,NA,NA,NA,NA,NA
"PHJJKLOP_00967",0,NA,NA,NA,NA,NA
"PHJJKLOP_00968",0,NA,NA,NA,NA,NA
"PHJJKLOP_00969",0,NA,NA,NA,NA,NA
"PHJJKLOP_00971",0,NA,NA,NA,NA,NA
"PHJJKLOP_00972",0.283770318142308,0.754816995809188,4.08036365906786,0.184987677294828,0.853238700860153,NA
"PHJJKLOP_00974",0,NA,NA,NA,NA,NA
"PHJJKLOP_00976",3.16801565868378,5.56505530069013,3.91635001067106,1.42098006703353,0.155322554339283,NA
"PHJJKLOP_00978",0,NA,NA,NA,NA,NA
"PHJJKLOP_00979",0,NA,NA,NA,NA,NA
"PHJJKLOP_00981",0,NA,NA,NA,NA,NA
"PHJJKLOP_00982",0,NA,NA,NA,NA,NA
"PHJJKLOP_00983",0,NA,NA,NA,NA,NA
"PHJJKLOP_00984",0,NA,NA,NA,NA,NA
"PHJJKLOP_00986",21.8012802131471,-0.787450930875701,2.53175585605177,-0.311029568271136,NA,NA
"PHJJKLOP_00988",0,NA,NA,NA,NA,NA
"PHJJKLOP_00992",39.7311326087435,1.02578712926982,2.31408630827867,0.443279546488846,NA,NA
"PHJJKLOP_00993",0,NA,NA,NA,NA,NA
"PHJJKLOP_00994",0,NA,NA,NA,NA,NA
"PHJJKLOP_00995",0,NA,NA,NA,NA,NA
"PHJJKLOP_00996",0,NA,NA,NA,NA,NA
"PHJJKLOP_00997",0,NA,NA,NA,NA,NA
"PHJJKLOP_00998",0,NA,NA,NA,NA,NA
"PHJJKLOP_00999",0,NA,NA,NA,NA,NA
"PHJJKLOP_01001",0,NA,NA,NA,NA,NA
"PHJJKLOP_01002",0,NA,NA,NA,NA,NA
"PHJJKLOP_01003",0,NA,NA,NA,NA,NA
"PHJJKLOP_01004",15.1132402226021,-7.36720801340458,3.90064458380329,-1.88871553281105,NA,NA
"PHJJKLOP_01005",0,NA,NA,NA,NA,NA
"PHJJKLOP_01010",2.50536609171363,5.38291758056394,3.91763835773777,1.37402105274268,0.169435146671962,NA
"PHJJKLOP_01011",0.0677125970733413,0.754832062527196,4.08036365907959,0.184991369788217,0.853235804658712,NA
"PHJJKLOP_01012",0,NA,NA,NA,NA,NA
"PHJJKLOP_01013",20.5898603963735,-1.45588144592603,3.72476661719394,-0.390865145538387,NA,NA
"PHJJKLOP_01014",0,NA,NA,NA,NA,NA
"PHJJKLOP_01015",0.135425194146683,1.42247216756133,4.04124978208354,0.351988182929874,0.724847124753066,NA
"PHJJKLOP_01016",0,NA,NA,NA,NA,NA
"PHJJKLOP_01018",0,NA,NA,NA,NA,NA
"PHJJKLOP_01019",0,NA,NA,NA,NA,NA
"PHJJKLOP_01020",0,NA,NA,NA,NA,NA
"PHJJKLOP_01023",0.16717569566464,0.756638105558835,4.08029283546036,0.185437206610066,0.852886127792773,NA
"PHJJKLOP_01024",0,NA,NA,NA,NA,NA
"PHJJKLOP_01025",8.75438281857328,-1.39833521621221,3.71349947539148,-0.376554574863592,NA,NA
"PHJJKLOP_01026",0,NA,NA,NA,NA,NA
"PHJJKLOP_01028",0,NA,NA,NA,NA,NA
"PHJJKLOP_01029",5.66046182054847,6.52798644802333,3.7550475673983,1.73845639259006,NA,NA
"PHJJKLOP_01030",5.61104492417772,-6.74631840310339,3.91195148511226,-1.72454040618292,NA,NA
"PHJJKLOP_01032",0,NA,NA,NA,NA,NA
"PHJJKLOP_01033",0,NA,NA,NA,NA,NA
"PHJJKLOP_01035",0,NA,NA,NA,NA,NA
"PHJJKLOP_01037",0,NA,NA,NA,NA,NA
"PHJJKLOP_01038",0,NA,NA,NA,NA,NA
"PHJJKLOP_01039",0,NA,NA,NA,NA,NA
"PHJJKLOP_01041",0,NA,NA,NA,NA,NA
"PHJJKLOP_01042",0,NA,NA,NA,NA,NA
"PHJJKLOP_01043",0,NA,NA,NA,NA,NA
"PHJJKLOP_01044",0,NA,NA,NA,NA,NA
"PHJJKLOP_01045",0,NA,NA,NA,NA,NA
"PHJJKLOP_01047",3.34063376253607,-4.20540355354308,3.85172603131175,-1.09182312536151,0.274910852415136,NA
"PHJJKLOP_01050",3.76139615466629,5.4211990118921,3.91735377793273,1.38389313787048,0.166391178259021,NA
"PHJJKLOP_01051",0,NA,NA,NA,NA,NA
"PHJJKLOP_01052",0,NA,NA,NA,NA,NA
"PHJJKLOP_01053",4.27549063766448,1.92725399661506,3.76746312805755,0.511552185411494,NA,NA
"PHJJKLOP_01054",0,NA,NA,NA,NA,NA
"PHJJKLOP_01055",13.132708651795,-3.54540431663169,3.59909012830065,-0.985083504509429,NA,NA
"PHJJKLOP_01057",3.96073759353721,-6.24381861945972,3.91411565435758,-1.59520544890095,0.110666300679795,NA
"PHJJKLOP_01058",0,NA,NA,NA,NA,NA
"PHJJKLOP_01060",0,NA,NA,NA,NA,NA
"PHJJKLOP_01061",0.208032481506078,0,4.0804558718052,0,1,NA
"PHJJKLOP_01063",0,NA,NA,NA,NA,NA
"PHJJKLOP_01064",0,NA,NA,NA,NA,NA
"PHJJKLOP_01065",15.1587724893259,-22.0629042514361,3.85930786494679,-5.71680338120429,NA,NA
"PHJJKLOP_01066",0,NA,NA,NA,NA,NA
"PHJJKLOP_01067",0,NA,NA,NA,NA,NA
"PHJJKLOP_01068",0,NA,NA,NA,NA,NA
"PHJJKLOP_01069",1.72846176855174,0,4.08045587178026,0,1,NA
"PHJJKLOP_01071",0,NA,NA,NA,NA,NA
"PHJJKLOP_01072",10.1393056189346,6.20776475244215,3.59247421502174,1.7279914568307,NA,NA
"PHJJKLOP_01074",0,NA,NA,NA,NA,NA
"PHJJKLOP_01076",0,NA,NA,NA,NA,NA
"PHJJKLOP_01077",0,NA,NA,NA,NA,NA
"PHJJKLOP_01079",0,NA,NA,NA,NA,NA
"PHJJKLOP_01080",29.730650663474,-8.81841506842161,3.56749567932336,-2.47187827571362,NA,NA
"PHJJKLOP_01082",16.5132674284598,0.852772972416046,3.35668918831786,0.254051812537161,NA,NA
"PHJJKLOP_01083",0,NA,NA,NA,NA,NA
"PHJJKLOP_01084",0,NA,NA,NA,NA,NA
"PHJJKLOP_01086",0,NA,NA,NA,NA,NA
"PHJJKLOP_01088",0,NA,NA,NA,NA,NA
"PHJJKLOP_01089",0,NA,NA,NA,NA,NA
"PHJJKLOP_01090",0,NA,NA,NA,NA,NA
"PHJJKLOP_01091",0,NA,NA,NA,NA,NA
"PHJJKLOP_01092",0,NA,NA,NA,NA,NA
"PHJJKLOP_01093",0,NA,NA,NA,NA,NA
"PHJJKLOP_01094",0,NA,NA,NA,NA,NA
"PHJJKLOP_01096",0,NA,NA,NA,NA,NA
"PHJJKLOP_01097",0,NA,NA,NA,NA,NA
"PHJJKLOP_01098",0.312048722259117,0,4.0804558717958,0,1,NA
"PHJJKLOP_01099",0,NA,NA,NA,NA,NA
"PHJJKLOP_01100",0,NA,NA,NA,NA,NA
"PHJJKLOP_01101",5.13435512434286,6.38396974491378,3.77502807128304,1.69110523799205,NA,NA
"PHJJKLOP_01104",0,NA,NA,NA,NA,NA
"PHJJKLOP_01106",8.16080163823032,-7.15135831249628,3.81924054787657,-1.87245558975653,NA,NA
"PHJJKLOP_01107",0,NA,NA,NA,NA,NA
"PHJJKLOP_01108",0,NA,NA,NA,NA,NA
"PHJJKLOP_01110",0.239764127514808,-2.18136548899981,4.02792994487529,-0.541559937450041,0.588121696816609,NA
"PHJJKLOP_01112",0,NA,NA,NA,NA,NA
"PHJJKLOP_01113",0,NA,NA,NA,NA,NA
"PHJJKLOP_01114",0,NA,NA,NA,NA,NA
"PHJJKLOP_01115",0.639017723116575,-1.1680875280381,4.08045587178784,-0.286263977540898,0.774675945896086,NA
"PHJJKLOP_01118",0,NA,NA,NA,NA,NA
"PHJJKLOP_01119",14.3626221217049,0.0495935904837882,3.61028756713708,0.0137367424509941,NA,NA
"PHJJKLOP_01120",0,NA,NA,NA,NA,NA
"PHJJKLOP_01121",0,NA,NA,NA,NA,NA
"PHJJKLOP_01122",0,NA,NA,NA,NA,NA
"PHJJKLOP_01124",0,NA,NA,NA,NA,NA
"PHJJKLOP_01125",0,NA,NA,NA,NA,NA
"PHJJKLOP_01126",0,NA,NA,NA,NA,NA
"PHJJKLOP_01127",0,NA,NA,NA,NA,NA
"PHJJKLOP_01128",0,NA,NA,NA,NA,NA
"PHJJKLOP_01129",0,NA,NA,NA,NA,NA
"PHJJKLOP_01130",0,NA,NA,NA,NA,NA
"PHJJKLOP_01131",3.74069661611848,-6.16135605395988,3.91454834026124,-1.57396346101801,0.115495897010835,NA
"PHJJKLOP_01133",0,NA,NA,NA,NA,NA
"PHJJKLOP_01134",11.1297377605752,0,4.08045587177735,0,NA,NA
"PHJJKLOP_01135",7.71212679464427,-7.20579636641526,3.9105341353784,-1.84266295011334,NA,NA
"PHJJKLOP_01138",0,NA,NA,NA,NA,NA
"PHJJKLOP_01139",0,NA,NA,NA,NA,NA
"PHJJKLOP_01140",2.86053270644354,-5.77432857589529,3.9169438658004,-1.47419232282394,0.140429816330409,NA
"PHJJKLOP_01141",0,NA,NA,NA,NA,NA
"PHJJKLOP_01142",0,NA,NA,NA,NA,NA
"PHJJKLOP_01143",0,NA,NA,NA,NA,NA
"PHJJKLOP_01144",0,NA,NA,NA,NA,NA
"PHJJKLOP_01145",0,NA,NA,NA,NA,NA
"PHJJKLOP_01146",0,NA,NA,NA,NA,NA
"PHJJKLOP_01147",0,NA,NA,NA,NA,NA
"PHJJKLOP_01148",0,NA,NA,NA,NA,NA
"PHJJKLOP_01149",0,NA,NA,NA,NA,NA
"PHJJKLOP_01150",0,NA,NA,NA,NA,NA
"PHJJKLOP_01151",0.283770318142308,0.754816995809188,4.08036365906786,0.184987677294828,0.853238700860153,NA
"PHJJKLOP_01152",0,NA,NA,NA,NA,NA
"PHJJKLOP_01153",0,NA,NA,NA,NA,NA
"PHJJKLOP_01155",0,NA,NA,NA,NA,NA
"PHJJKLOP_01156",0,NA,NA,NA,NA,NA
"PHJJKLOP_01160",0,NA,NA,NA,NA,NA
"PHJJKLOP_01161",0,NA,NA,NA,NA,NA
"PHJJKLOP_01165",0,NA,NA,NA,NA,NA
"PHJJKLOP_01166",0,NA,NA,NA,NA,NA
"PHJJKLOP_01167",0,NA,NA,NA,NA,NA
"PHJJKLOP_01168",9.85630280757981,0.475468155545236,3.26812318053907,0.145486607841632,NA,NA
"PHJJKLOP_01169",0,NA,NA,NA,NA,NA
"PHJJKLOP_01172",0,NA,NA,NA,NA,NA
"PHJJKLOP_01173",3.55875848026793,-0.0195891267048564,3.75809265033115,-0.00521251829784726,0.995841030960692,NA
"PHJJKLOP_01174",0,NA,NA,NA,NA,NA
"PHJJKLOP_01175",15.0712962640992,-7.43148548089621,3.89443640731484,-1.90823130837053,NA,NA
"PHJJKLOP_01176",0,NA,NA,NA,NA,NA
"PHJJKLOP_01178",0,NA,NA,NA,NA,NA
"PHJJKLOP_01180",0,NA,NA,NA,NA,NA
"PHJJKLOP_01181",0,NA,NA,NA,NA,NA
"PHJJKLOP_01182",0,NA,NA,NA,NA,NA
"PHJJKLOP_01183",0,NA,NA,NA,NA,NA
"PHJJKLOP_01186",0,NA,NA,NA,NA,NA
"PHJJKLOP_01187",0,NA,NA,NA,NA,NA
"PHJJKLOP_01191",0,NA,NA,NA,NA,NA
"PHJJKLOP_01192",24.3492467724507,1.54979476014368,3.33871105264171,0.464189543721499,NA,NA
"PHJJKLOP_01193",0,NA,NA,NA,NA,NA
"PHJJKLOP_01196",0.104016240753039,0,4.08045587181216,0,1,NA
"PHJJKLOP_01197",0,NA,NA,NA,NA,NA
"PHJJKLOP_01198",12.0658839273525,0,4.0804558717773,0,NA,NA
"PHJJKLOP_01201",0,NA,NA,NA,NA,NA
"PHJJKLOP_01203",0.0988734204441573,-1.16806149264712,4.08045587181216,-0.286257597028828,0.774680832435586,NA
"PHJJKLOP_01204",0,NA,NA,NA,NA,NA
"PHJJKLOP_01206",0,NA,NA,NA,NA,NA
"PHJJKLOP_01208",4.29965694578843,0.838916654428105,3.38400270073102,0.247906614922878,0.804206661676386,NA
"PHJJKLOP_01209",0,NA,NA,NA,NA,NA
"PHJJKLOP_01210",3.65648024196043,5.92647578649398,3.91422624573875,1.51408616018195,NA,NA
"PHJJKLOP_01211",3.58876764488709,5.89958486164775,3.91436670063323,1.50716202973354,NA,NA
"PHJJKLOP_01212",0,NA,NA,NA,NA,NA
"PHJJKLOP_01213",0,NA,NA,NA,NA,NA
"PHJJKLOP_01215",0,NA,NA,NA,NA,NA
"PHJJKLOP_01217",0,NA,NA,NA,NA,NA
"PHJJKLOP_01218",0,NA,NA,NA,NA,NA
"PHJJKLOP_01219",3.58876764488709,5.89958486164775,3.91436670063323,1.50716202973354,NA,NA
"PHJJKLOP_01222",0,NA,NA,NA,NA,NA
"PHJJKLOP_01223",0,NA,NA,NA,NA,NA
"PHJJKLOP_01224",0,NA,NA,NA,NA,NA
"PHJJKLOP_01225",0,NA,NA,NA,NA,NA
"PHJJKLOP_01226",0,NA,NA,NA,NA,NA
"PHJJKLOP_01227",0,NA,NA,NA,NA,NA
"PHJJKLOP_01229",0,NA,NA,NA,NA,NA
"PHJJKLOP_01230",0,NA,NA,NA,NA,NA
"PHJJKLOP_01231",3.54859395529428,5.88197947358652,3.74651890723301,1.56998526344837,0.116418539702642,NA
"PHJJKLOP_01233",0,NA,NA,NA,NA,NA
"PHJJKLOP_01234",0,NA,NA,NA,NA,NA
"PHJJKLOP_01237",0,NA,NA,NA,NA,NA
"PHJJKLOP_01239",0,NA,NA,NA,NA,NA
"PHJJKLOP_01240",0,NA,NA,NA,NA,NA
"PHJJKLOP_01242",0,NA,NA,NA,NA,NA
"PHJJKLOP_01243",0,NA,NA,NA,NA,NA
"PHJJKLOP_01244",0,NA,NA,NA,NA,NA
"PHJJKLOP_01245",0,NA,NA,NA,NA,NA
"PHJJKLOP_01246",0,NA,NA,NA,NA,NA
"PHJJKLOP_01247",0,NA,NA,NA,NA,NA
"PHJJKLOP_01249",0,NA,NA,NA,NA,NA
"PHJJKLOP_01250",0,NA,NA,NA,NA,NA
"PHJJKLOP_01251",0,NA,NA,NA,NA,NA
"PHJJKLOP_01252",0,NA,NA,NA,NA,NA
"PHJJKLOP_01254",0,NA,NA,NA,NA,NA
"PHJJKLOP_01255",0,NA,NA,NA,NA,NA
"PHJJKLOP_01257",0,NA,NA,NA,NA,NA
"PHJJKLOP_01258",6.15491083171068,6.37996790076308,3.8684887306365,1.64921454991892,NA,NA
"PHJJKLOP_01259",13.0697474110306,-1.64798784220232,3.51605875409314,-0.468703158126653,NA,NA
"PHJJKLOP_01260",0,NA,NA,NA,NA,NA
"PHJJKLOP_01262",0,NA,NA,NA,NA,NA
"PHJJKLOP_01263",0,NA,NA,NA,NA,NA
"PHJJKLOP_01264",0,NA,NA,NA,NA,NA
"PHJJKLOP_01267",0,NA,NA,NA,NA,NA
"PHJJKLOP_01268",0,NA,NA,NA,NA,NA
"PHJJKLOP_01269",1.71814808668206,4.8397047291636,3.92259399908907,1.23380210398719,0.217276655235351,NA
"PHJJKLOP_01270",0,NA,NA,NA,NA,NA
"PHJJKLOP_01272",0,NA,NA,NA,NA,NA
"PHJJKLOP_01273",0,NA,NA,NA,NA,NA
"PHJJKLOP_01275",0,NA,NA,NA,NA,NA
"PHJJKLOP_01276",0,NA,NA,NA,NA,NA
"PHJJKLOP_01278",0.119882063757404,-1.16806149264712,4.08045587181216,-0.286257597028828,0.774680832435586,NA
"PHJJKLOP_01279",0,NA,NA,NA,NA,NA
"PHJJKLOP_01280",0,NA,NA,NA,NA,NA
"PHJJKLOP_01283",0,NA,NA,NA,NA,NA
"PHJJKLOP_01285",0,NA,NA,NA,NA,NA
"PHJJKLOP_01287",0,NA,NA,NA,NA,NA
"PHJJKLOP_01288",0,NA,NA,NA,NA,NA
"PHJJKLOP_01289",0,NA,NA,NA,NA,NA
"PHJJKLOP_01290",0,NA,NA,NA,NA,NA
"PHJJKLOP_01291",0,NA,NA,NA,NA,NA
"PHJJKLOP_01292",0,NA,NA,NA,NA,NA
"PHJJKLOP_01294",0,NA,NA,NA,NA,NA
"PHJJKLOP_01295",0,NA,NA,NA,NA,NA
"PHJJKLOP_01296",0,NA,NA,NA,NA,NA
"PHJJKLOP_01297",0,NA,NA,NA,NA,NA
"PHJJKLOP_01300",0.203137791220024,1.86271777448782,4.02029258608905,0.463328908182744,0.643128627783307,NA
"PHJJKLOP_01301",7.7298308131795,-3.93258722580481,3.53941307557031,-1.11108456171682,NA,NA
"PHJJKLOP_01302",14.9261217271471,-0.366038482172775,3.62757618408916,-0.100904423118183,NA,NA
"PHJJKLOP_01303",0,NA,NA,NA,NA,NA
"PHJJKLOP_01304",0,NA,NA,NA,NA,NA
"PHJJKLOP_01305",0,NA,NA,NA,NA,NA
"PHJJKLOP_01306",0,NA,NA,NA,NA,NA
"PHJJKLOP_01307",0,NA,NA,NA,NA,NA
"PHJJKLOP_01311",7.99624825945036,6.62545876197041,3.57755940620735,1.85194933464269,NA,NA
"PHJJKLOP_01312",0,NA,NA,NA,NA,NA
"PHJJKLOP_01315",0,NA,NA,NA,NA,NA
"PHJJKLOP_01316",0,NA,NA,NA,NA,NA
"PHJJKLOP_01317",3.42608812348835,1.52015719329882,4.01391028684471,0.378722264491316,0.704894118173003,NA
"PHJJKLOP_01318",0,NA,NA,NA,NA,NA
"PHJJKLOP_01319",0,NA,NA,NA,NA,NA
"PHJJKLOP_01321",0,NA,NA,NA,NA,NA
"PHJJKLOP_01323",0,NA,NA,NA,NA,NA
"PHJJKLOP_01325",0,NA,NA,NA,NA,NA
"PHJJKLOP_01326",1.61631785087156,-3.92519136584046,3.81996736329167,-1.02754578574674,0.304163537507233,NA
"PHJJKLOP_01327",0,NA,NA,NA,NA,NA
"PHJJKLOP_01328",0,NA,NA,NA,NA,NA
"PHJJKLOP_01329",0,NA,NA,NA,NA,NA
"PHJJKLOP_01330",0,NA,NA,NA,NA,NA
"PHJJKLOP_01331",0,NA,NA,NA,NA,NA
"PHJJKLOP_01332",0,NA,NA,NA,NA,NA
"PHJJKLOP_01334",0,NA,NA,NA,NA,NA
"PHJJKLOP_01335",0,NA,NA,NA,NA,NA
"PHJJKLOP_01337",0,NA,NA,NA,NA,NA
"PHJJKLOP_01338",0,NA,NA,NA,NA,NA
"PHJJKLOP_01339",0,NA,NA,NA,NA,NA
"PHJJKLOP_01340",0,NA,NA,NA,NA,NA
"PHJJKLOP_01341",0.50152708699392,3.00255030837373,3.96264328305824,0.757714003985859,0.448622213626911,NA
"PHJJKLOP_01342",0,NA,NA,NA,NA,NA
"PHJJKLOP_01343",0,NA,NA,NA,NA,NA
"PHJJKLOP_01344",0.203137791220024,1.86271777448782,4.02029258608905,0.463328908182744,0.643128627783307,NA
"PHJJKLOP_01345",3.30087097921744,5.7783611954371,3.9150332234725,1.47594180319928,0.139959516009376,NA
"PHJJKLOP_01346",0,NA,NA,NA,NA,NA
"PHJJKLOP_01347",0,NA,NA,NA,NA,NA
"PHJJKLOP_01348",0,NA,NA,NA,NA,NA
"PHJJKLOP_01349",0.540144302672418,0,4.08045587178784,0,1,NA
"PHJJKLOP_01352",0,NA,NA,NA,NA,NA
"PHJJKLOP_01353",0,NA,NA,NA,NA,NA
"PHJJKLOP_01354",0,NA,NA,NA,NA,NA
"PHJJKLOP_01355",0,NA,NA,NA,NA,NA
"PHJJKLOP_01356",0,NA,NA,NA,NA,NA
"PHJJKLOP_01357",0,NA,NA,NA,NA,NA
"PHJJKLOP_01358",4.10509670031037,0,4.08045587177826,0,1,NA
"PHJJKLOP_01359",0,NA,NA,NA,NA,NA
"PHJJKLOP_01360",0.110020488709367,-1.16806149264712,4.08045587181216,-0.286257597028828,0.774680832435586,NA
"PHJJKLOP_01362",0,NA,NA,NA,NA,NA
"PHJJKLOP_01363",0,NA,NA,NA,NA,NA
"PHJJKLOP_01364",0,NA,NA,NA,NA,NA
"PHJJKLOP_01365",0,NA,NA,NA,NA,NA
"PHJJKLOP_01366",0,NA,NA,NA,NA,NA
"PHJJKLOP_01367",0,NA,NA,NA,NA,NA
"PHJJKLOP_01368",2.91677923443105,0,4.08045587177886,0,1,NA
"PHJJKLOP_01369",0,NA,NA,NA,NA,NA
"PHJJKLOP_01372",0,NA,NA,NA,NA,NA
"PHJJKLOP_01373",0,NA,NA,NA,NA,NA
"PHJJKLOP_01375",0,NA,NA,NA,NA,NA
"PHJJKLOP_01376",0,NA,NA,NA,NA,NA
"PHJJKLOP_01377",0,NA,NA,NA,NA,NA
"PHJJKLOP_01378",0,NA,NA,NA,NA,NA
"PHJJKLOP_01379",0,NA,NA,NA,NA,NA
"PHJJKLOP_01380",0,NA,NA,NA,NA,NA
"PHJJKLOP_01381",0,NA,NA,NA,NA,NA
"PHJJKLOP_01382",0,NA,NA,NA,NA,NA
"PHJJKLOP_01383",0,NA,NA,NA,NA,NA
"PHJJKLOP_01384",0,NA,NA,NA,NA,NA
"PHJJKLOP_01385",0,NA,NA,NA,NA,NA
"PHJJKLOP_01386",0,NA,NA,NA,NA,NA
"PHJJKLOP_01387",0,NA,NA,NA,NA,NA
"PHJJKLOP_01389",0,NA,NA,NA,NA,NA
"PHJJKLOP_01390",0,NA,NA,NA,NA,NA
"PHJJKLOP_01391",0,NA,NA,NA,NA,NA
"PHJJKLOP_01392",16.0174941119535,-22.3973052804465,3.90857436703696,-5.73030040552244,NA,NA
"PHJJKLOP_01393",0,NA,NA,NA,NA,NA
"PHJJKLOP_01394",0,NA,NA,NA,NA,NA
"PHJJKLOP_01395",0,NA,NA,NA,NA,NA
"PHJJKLOP_01396",0,NA,NA,NA,NA,NA
"PHJJKLOP_01397",0,NA,NA,NA,NA,NA
"PHJJKLOP_01398",0,NA,NA,NA,NA,NA
"PHJJKLOP_01399",0,NA,NA,NA,NA,NA
"PHJJKLOP_01400",0,NA,NA,NA,NA,NA
"PHJJKLOP_01401",0,NA,NA,NA,NA,NA
"PHJJKLOP_01402",0,NA,NA,NA,NA,NA
"PHJJKLOP_01403",0,NA,NA,NA,NA,NA
"PHJJKLOP_01407",0.406275582440048,2.78603768575095,3.97151186689447,0.70150556743256,0.482987561379008,NA
"PHJJKLOP_01409",0,NA,NA,NA,NA,NA
"PHJJKLOP_01410",0,NA,NA,NA,NA,NA
"PHJJKLOP_01411",0,NA,NA,NA,NA,NA
"PHJJKLOP_01412",0,NA,NA,NA,NA,NA
"PHJJKLOP_01413",0,NA,NA,NA,NA,NA
"PHJJKLOP_01414",0,NA,NA,NA,NA,NA
"PHJJKLOP_01415",0,NA,NA,NA,NA,NA
"PHJJKLOP_01417",0,NA,NA,NA,NA,NA
"PHJJKLOP_01419",6.50040931904076,6.75473648919365,3.91096166265504,1.7271293026708,NA,NA
"PHJJKLOP_01421",0,NA,NA,NA,NA,NA
"PHJJKLOP_01422",0,NA,NA,NA,NA,NA
"PHJJKLOP_01423",0,NA,NA,NA,NA,NA
"PHJJKLOP_01424",0,NA,NA,NA,NA,NA
"PHJJKLOP_01425",0,NA,NA,NA,NA,NA
"PHJJKLOP_01426",0,NA,NA,NA,NA,NA
"PHJJKLOP_01428",0,NA,NA,NA,NA,NA
"PHJJKLOP_01429",0,NA,NA,NA,NA,NA
"PHJJKLOP_01430",0,NA,NA,NA,NA,NA
"PHJJKLOP_01431",0,NA,NA,NA,NA,NA
"PHJJKLOP_01432",0,NA,NA,NA,NA,NA
"PHJJKLOP_01433",0,NA,NA,NA,NA,NA
"PHJJKLOP_01434",0,NA,NA,NA,NA,NA
"PHJJKLOP_01435",0,NA,NA,NA,NA,NA
"PHJJKLOP_01436",0,NA,NA,NA,NA,NA
"PHJJKLOP_01437",0,NA,NA,NA,NA,NA
"PHJJKLOP_01438",0,NA,NA,NA,NA,NA
"PHJJKLOP_01440",0,NA,NA,NA,NA,NA
"PHJJKLOP_01441",0,NA,NA,NA,NA,NA
"PHJJKLOP_01442",0.690045900582356,3.00407700252567,3.96258462315884,0.758110498125063,0.448384835482876,NA
"PHJJKLOP_01443",0,NA,NA,NA,NA,NA
"PHJJKLOP_01444",0,NA,NA,NA,NA,NA
"PHJJKLOP_01445",0,NA,NA,NA,NA,NA
"PHJJKLOP_01448",17.7394527380504,-6.9125285353039,3.51616677937698,-1.96592737746322,NA,NA
"PHJJKLOP_01449",0,NA,NA,NA,NA,NA
"PHJJKLOP_01450",0,NA,NA,NA,NA,NA
"PHJJKLOP_01451",0,NA,NA,NA,NA,NA
"PHJJKLOP_01452",0,NA,NA,NA,NA,NA
"PHJJKLOP_01453",0.795285759964318,0.756609859222122,4.08029285049774,0.185430283301804,0.852891557632071,NA
"PHJJKLOP_01454",0,NA,NA,NA,NA,NA
"PHJJKLOP_01455",7.67004909794833,0,4.08045587177759,0,NA,NA
"PHJJKLOP_01457",0,NA,NA,NA,NA,NA
"PHJJKLOP_01458",7.07310437120665,0,4.08045587177765,0,NA,NA
"PHJJKLOP_01459",0,NA,NA,NA,NA,NA
"PHJJKLOP_01460",0,NA,NA,NA,NA,NA
"PHJJKLOP_01461",0,NA,NA,NA,NA,NA
"PHJJKLOP_01463",0,NA,NA,NA,NA,NA
"PHJJKLOP_01464",0,NA,NA,NA,NA,NA
"PHJJKLOP_01465",9.56949414927959,0,4.08045587177743,0,NA,NA
"PHJJKLOP_01467",0,NA,NA,NA,NA,NA
"PHJJKLOP_01469",0,NA,NA,NA,NA,NA
"PHJJKLOP_01470",0,NA,NA,NA,NA,NA
"PHJJKLOP_01472",0,NA,NA,NA,NA,NA
"PHJJKLOP_01473",0,NA,NA,NA,NA,NA
"PHJJKLOP_01475",0,NA,NA,NA,NA,NA
"PHJJKLOP_01476",0,NA,NA,NA,NA,NA
"PHJJKLOP_01477",37.4864697613844,21.5764704641359,3.90766167182948,5.52158100576662,NA,NA
"PHJJKLOP_01478",1.01568895610012,4.08876792470219,3.93332387349695,1.03951976908198,0.29856306878599,NA
"PHJJKLOP_01479",2.72172785675153,-5.51791509831751,3.91892294319369,-1.40801826887179,0.159125660461909,NA
"PHJJKLOP_01480",0,NA,NA,NA,NA,NA
"PHJJKLOP_01481",0,NA,NA,NA,NA,NA
"PHJJKLOP_01484",0,NA,NA,NA,NA,NA
"PHJJKLOP_01485",0,NA,NA,NA,NA,NA
"PHJJKLOP_01487",0,NA,NA,NA,NA,NA
"PHJJKLOP_01488",0,NA,NA,NA,NA,NA
"PHJJKLOP_01489",0,NA,NA,NA,NA,NA
"PHJJKLOP_01490",0,NA,NA,NA,NA,NA
"PHJJKLOP_01492",0,NA,NA,NA,NA,NA
"PHJJKLOP_01493",0,NA,NA,NA,NA,NA
"PHJJKLOP_01495",1.65030733064051,-4.98075374009233,3.92440031461938,-1.26917575700363,0.204378385523416,NA
"PHJJKLOP_01496",0,NA,NA,NA,NA,NA
"PHJJKLOP_01497",0,NA,NA,NA,NA,NA
"PHJJKLOP_01498",0,NA,NA,NA,NA,NA
"PHJJKLOP_01499",0,NA,NA,NA,NA,NA
"PHJJKLOP_01500",0,NA,NA,NA,NA,NA
"PHJJKLOP_01502",0,NA,NA,NA,NA,NA
"PHJJKLOP_01503",14.8743224276846,0,4.08045587177721,0,NA,NA
"PHJJKLOP_01504",0,NA,NA,NA,NA,NA
"PHJJKLOP_01506",3.01894074954083,-1.99589683062534,2.72883722728382,-0.731409264968136,0.464529207828983,NA
"PHJJKLOP_01507",0,NA,NA,NA,NA,NA
"PHJJKLOP_01508",0,NA,NA,NA,NA,NA
"PHJJKLOP_01509",0,NA,NA,NA,NA,NA
"PHJJKLOP_01511",0.0988734204441573,-1.16806149264712,4.08045587181216,-0.286257597028828,0.774680832435586,NA
"PHJJKLOP_01512",0,NA,NA,NA,NA,NA
"PHJJKLOP_01513",0,NA,NA,NA,NA,NA
"PHJJKLOP_01514",0,NA,NA,NA,NA,NA
"PHJJKLOP_01515",0.999264736443382,3.50194690863401,3.94649308316245,0.887356656869596,0.374886911090727,NA
"PHJJKLOP_01516",0,NA,NA,NA,NA,NA
"PHJJKLOP_01517",0,NA,NA,NA,NA,NA
"PHJJKLOP_01518",0,NA,NA,NA,NA,NA
"PHJJKLOP_01519",20.4652170694516,-1.36149358905245,3.65694893678165,-0.372303144667548,NA,NA
"PHJJKLOP_01521",0,NA,NA,NA,NA,NA
"PHJJKLOP_01522",0,NA,NA,NA,NA,NA
"PHJJKLOP_01523",0,NA,NA,NA,NA,NA
"PHJJKLOP_01524",4.22854328301517,-6.33769602272755,3.65090935873888,-1.73592258804167,0.0825775232414232,NA
"PHJJKLOP_01525",0,NA,NA,NA,NA,NA
"PHJJKLOP_01526",0,NA,NA,NA,NA,NA
"PHJJKLOP_01528",0,NA,NA,NA,NA,NA
"PHJJKLOP_01529",0.790987363553258,-3.925496128732,3.94333357304846,-0.995476557083993,0.319504540458075,NA
"PHJJKLOP_01530",0,NA,NA,NA,NA,NA
"PHJJKLOP_01531",0.203137791220024,1.86271777448782,4.02029258608905,0.463328908182744,0.643128627783307,NA
"PHJJKLOP_01532",0,NA,NA,NA,NA,NA
"PHJJKLOP_01533",0,NA,NA,NA,NA,NA
"PHJJKLOP_01535",0,NA,NA,NA,NA,NA
"PHJJKLOP_01536",0,NA,NA,NA,NA,NA
"PHJJKLOP_01538",0,NA,NA,NA,NA,NA
"PHJJKLOP_01539",0,NA,NA,NA,NA,NA
"PHJJKLOP_01540",0,NA,NA,NA,NA,NA
"PHJJKLOP_01543",0,NA,NA,NA,NA,NA
"PHJJKLOP_01545",0,NA,NA,NA,NA,NA
"PHJJKLOP_01546",0,NA,NA,NA,NA,NA
"PHJJKLOP_01547",0,NA,NA,NA,NA,NA
"PHJJKLOP_01548",0,NA,NA,NA,NA,NA
"PHJJKLOP_01549",0,NA,NA,NA,NA,NA
"PHJJKLOP_01550",0,NA,NA,NA,NA,NA
"PHJJKLOP_01551",0,NA,NA,NA,NA,NA
"PHJJKLOP_01552",0,NA,NA,NA,NA,NA
"PHJJKLOP_01553",130.164725294299,0.198845159915476,2.17041814102709,0.0916160605906926,NA,NA
"PHJJKLOP_01554",0,NA,NA,NA,NA,NA
"PHJJKLOP_01555",0,NA,NA,NA,NA,NA
"PHJJKLOP_01556",0,NA,NA,NA,NA,NA
"PHJJKLOP_01558",0.216057721068967,0,4.08045587180429,0,1,NA
"PHJJKLOP_01559",0,NA,NA,NA,NA,NA
"PHJJKLOP_01560",0,NA,NA,NA,NA,NA
"PHJJKLOP_01561",2.53047124031544,-5.59744729861832,3.91827117297478,-1.42855025890633,0.153133539416925,NA
"PHJJKLOP_01562",0,NA,NA,NA,NA,NA
"PHJJKLOP_01564",0,NA,NA,NA,NA,NA
"PHJJKLOP_01565",0,NA,NA,NA,NA,NA
"PHJJKLOP_01566",0,NA,NA,NA,NA,NA
"PHJJKLOP_01567",0,NA,NA,NA,NA,NA
"PHJJKLOP_01568",0,NA,NA,NA,NA,NA
"PHJJKLOP_01569",0,NA,NA,NA,NA,NA
"PHJJKLOP_01570",13.9028950799687,-21.7943941263639,3.87915195964521,-5.61833987250069,NA,NA
"PHJJKLOP_01571",0,NA,NA,NA,NA,NA
"PHJJKLOP_01573",0,NA,NA,NA,NA,NA
"PHJJKLOP_01575",0,NA,NA,NA,NA,NA
"PHJJKLOP_01576",0.32408658160345,0,4.08045587179516,0,1,NA
"PHJJKLOP_01579",0,NA,NA,NA,NA,NA
"PHJJKLOP_01580",0,NA,NA,NA,NA,NA
"PHJJKLOP_01581",0,NA,NA,NA,NA,NA
"PHJJKLOP_01582",0,NA,NA,NA,NA,NA
"PHJJKLOP_01585",0,NA,NA,NA,NA,NA
"PHJJKLOP_01586",0,NA,NA,NA,NA,NA
"PHJJKLOP_01587",0,NA,NA,NA,NA,NA
"PHJJKLOP_01588",0,NA,NA,NA,NA,NA
"PHJJKLOP_01589",0,NA,NA,NA,NA,NA
"PHJJKLOP_01590",0,NA,NA,NA,NA,NA
"PHJJKLOP_01591",8.31327436575122,-6.28271379698835,3.51662494116145,-1.78657488418806,NA,NA
"PHJJKLOP_01592",0,NA,NA,NA,NA,NA
"PHJJKLOP_01593",0,NA,NA,NA,NA,NA
"PHJJKLOP_01594",0,NA,NA,NA,NA,NA
"PHJJKLOP_01595",0,NA,NA,NA,NA,NA
"PHJJKLOP_01596",4.85621192377943,3.59450894071754,3.18195646516225,1.12965371464762,NA,NA
"PHJJKLOP_01597",0,NA,NA,NA,NA,NA
"PHJJKLOP_01598",0,NA,NA,NA,NA,NA
"PHJJKLOP_01599",0.239764127514808,-2.18136548899981,4.02792994487529,-0.541559937450041,0.588121696816609,NA
"PHJJKLOP_01600",25.6702747311,20.5645580506857,3.90875040008671,5.26115918024071,NA,NA
"PHJJKLOP_01601",0,NA,NA,NA,NA,NA
"PHJJKLOP_01602",0,NA,NA,NA,NA,NA
"PHJJKLOP_01603",0,NA,NA,NA,NA,NA
"PHJJKLOP_01604",0,NA,NA,NA,NA,NA
"PHJJKLOP_01606",18.4275763928328,-0.347238943262936,3.64598691822219,-0.0952386695430745,NA,NA
"PHJJKLOP_01607",0,NA,NA,NA,NA,NA
"PHJJKLOP_01609",0,NA,NA,NA,NA,NA
"PHJJKLOP_01610",0,NA,NA,NA,NA,NA
"PHJJKLOP_01611",0,NA,NA,NA,NA,NA
"PHJJKLOP_01612",3.24086581603451,0,4.08045587177865,0,1,NA
"PHJJKLOP_01613",0,NA,NA,NA,NA,NA
"PHJJKLOP_01614",0,NA,NA,NA,NA,NA
"PHJJKLOP_01615",0,NA,NA,NA,NA,NA
"PHJJKLOP_01616",0,NA,NA,NA,NA,NA
"PHJJKLOP_01617",0,NA,NA,NA,NA,NA
"PHJJKLOP_01618",0,NA,NA,NA,NA,NA
"PHJJKLOP_01619",0,NA,NA,NA,NA,NA
"PHJJKLOP_01625",0,NA,NA,NA,NA,NA
"PHJJKLOP_01626",0,NA,NA,NA,NA,NA
"PHJJKLOP_01627",0,NA,NA,NA,NA,NA
"PHJJKLOP_01628",0,NA,NA,NA,NA,NA
"PHJJKLOP_01629",0,NA,NA,NA,NA,NA
"PHJJKLOP_01630",0,NA,NA,NA,NA,NA
"PHJJKLOP_01631",0,NA,NA,NA,NA,NA
"PHJJKLOP_01632",0,NA,NA,NA,NA,NA
"PHJJKLOP_01633",0,NA,NA,NA,NA,NA
"PHJJKLOP_01636",0,NA,NA,NA,NA,NA
"PHJJKLOP_01637",4.22158113434739,-1.07278885381025,3.75653555969134,-0.285579315505907,0.775200347794675,NA
"PHJJKLOP_01638",0,NA,NA,NA,NA,NA
"PHJJKLOP_01640",0,NA,NA,NA,NA,NA
"PHJJKLOP_01641",0,NA,NA,NA,NA,NA
"PHJJKLOP_01642",0,NA,NA,NA,NA,NA
"PHJJKLOP_01643",0,NA,NA,NA,NA,NA
"PHJJKLOP_01644",0,NA,NA,NA,NA,NA
"PHJJKLOP_01645",0,NA,NA,NA,NA,NA
"PHJJKLOP_01646",0,NA,NA,NA,NA,NA
"PHJJKLOP_01647",0,NA,NA,NA,NA,NA
"PHJJKLOP_01648",0,NA,NA,NA,NA,NA
"PHJJKLOP_01649",0,NA,NA,NA,NA,NA
"PHJJKLOP_01650",0,NA,NA,NA,NA,NA
"PHJJKLOP_01651",0,NA,NA,NA,NA,NA
"PHJJKLOP_01653",0,NA,NA,NA,NA,NA
"PHJJKLOP_01656",0,NA,NA,NA,NA,NA
"PHJJKLOP_01657",0,NA,NA,NA,NA,NA
"PHJJKLOP_01658",0,NA,NA,NA,NA,NA
"PHJJKLOP_01660",2.26860607122415,0,4.08045587177944,0,1,NA
"PHJJKLOP_01661",9.8237120564315,-1.93133860365706,3.69716478038395,-0.522383696259405,NA,NA
"PHJJKLOP_01663",0,NA,NA,NA,NA,NA
"PHJJKLOP_01664",0,NA,NA,NA,NA,NA
"PHJJKLOP_01665",0,NA,NA,NA,NA,NA
"PHJJKLOP_01666",0,NA,NA,NA,NA,NA
"PHJJKLOP_01667",0,NA,NA,NA,NA,NA
"PHJJKLOP_01670",0,NA,NA,NA,NA,NA
"PHJJKLOP_01671",0,NA,NA,NA,NA,NA
"PHJJKLOP_01672",0,NA,NA,NA,NA,NA
"PHJJKLOP_01675",0.318914397862891,-2.61311278412091,3.99695677893014,-0.653775591944319,0.513256393870946,NA
"PHJJKLOP_01676",0,NA,NA,NA,NA,NA
"PHJJKLOP_01677",0,NA,NA,NA,NA,NA
"PHJJKLOP_01678",2.31201768106571,4.98268451300027,3.92110523987375,1.2707347056976,0.203823044421209,NA
"PHJJKLOP_01680",0,NA,NA,NA,NA,NA
"PHJJKLOP_01681",0,NA,NA,NA,NA,NA
"PHJJKLOP_01682",6.6422763510771,-6.84088077008534,3.83472254870027,-1.78393108841837,NA,NA
"PHJJKLOP_01683",0.135425194146683,1.42247216756133,4.04124978208354,0.351988182929874,0.724847124753066,NA
"PHJJKLOP_01685",0,NA,NA,NA,NA,NA
"PHJJKLOP_01687",0.234888292737981,1.83910541079027,4.02127342288697,0.457344034435222,0.647423783807596,NA
"PHJJKLOP_01688",0,NA,NA,NA,NA,NA
"PHJJKLOP_01689",0,NA,NA,NA,NA,NA
"PHJJKLOP_01690",0,NA,NA,NA,NA,NA
"PHJJKLOP_01692",2.39403546680594,0,4.08045587177931,0,1,NA
"PHJJKLOP_01693",0,NA,NA,NA,NA,NA
"PHJJKLOP_01694",0,NA,NA,NA,NA,NA
"PHJJKLOP_01695",0,NA,NA,NA,NA,NA
"PHJJKLOP_01696",0,NA,NA,NA,NA,NA
"PHJJKLOP_01697",0,NA,NA,NA,NA,NA
"PHJJKLOP_01698",0,NA,NA,NA,NA,NA
"PHJJKLOP_01699",0,NA,NA,NA,NA,NA
"PHJJKLOP_01700",0,NA,NA,NA,NA,NA
"PHJJKLOP_01702",0.880163909674936,-4.07378776856331,3.93977596084576,-1.03401508335737,0.30112911191347,NA
"PHJJKLOP_01703",0,NA,NA,NA,NA,NA
"PHJJKLOP_01704",0,NA,NA,NA,NA,NA
"PHJJKLOP_01705",0,NA,NA,NA,NA,NA
"PHJJKLOP_01706",0,NA,NA,NA,NA,NA
"PHJJKLOP_01711",3.30586998767089,-3.18710975320388,3.59703054816665,-0.886039112130502,0.375596451393962,NA
"PHJJKLOP_01712",0,NA,NA,NA,NA,NA
"PHJJKLOP_01713",0,NA,NA,NA,NA,NA
"PHJJKLOP_01714",0.89979049394463,-2.77142210218204,3.9876815857427,-0.694995837202952,0.48705791034524,NA
"PHJJKLOP_01715",0,NA,NA,NA,NA,NA
"PHJJKLOP_01716",0,NA,NA,NA,NA,NA
"PHJJKLOP_01717",0,NA,NA,NA,NA,NA
"PHJJKLOP_01719",0,NA,NA,NA,NA,NA
"PHJJKLOP_01720",0.660122932256202,-3.65868927678903,3.95072134446215,-0.926081329911443,0.354403715776686,NA
"PHJJKLOP_01722",0,NA,NA,NA,NA,NA
"PHJJKLOP_01723",2.09909050927358,5.1288011429802,3.91972796343618,1.30845844171393,0.190717861488422,NA
"PHJJKLOP_01724",0,NA,NA,NA,NA,NA
"PHJJKLOP_01725",0,NA,NA,NA,NA,NA
"PHJJKLOP_01726",0,NA,NA,NA,NA,NA
"PHJJKLOP_01727",0,NA,NA,NA,NA,NA
"PHJJKLOP_01728",0,NA,NA,NA,NA,NA
"PHJJKLOP_01729",0,NA,NA,NA,NA,NA
"PHJJKLOP_01730",0,NA,NA,NA,NA,NA
"PHJJKLOP_01731",0,NA,NA,NA,NA,NA
"PHJJKLOP_01732",0,NA,NA,NA,NA,NA
"PHJJKLOP_01733",0.239764127514808,-2.18136548899981,4.02792994487529,-0.541559937450041,0.588121696816609,NA
"PHJJKLOP_01734",0,NA,NA,NA,NA,NA
"PHJJKLOP_01735",0,NA,NA,NA,NA,NA
"PHJJKLOP_01737",0,NA,NA,NA,NA,NA
"PHJJKLOP_01738",16.5041749571606,-8.24436393521115,2.98689197702614,-2.76018148584654,NA,NA
"PHJJKLOP_01739",0,NA,NA,NA,NA,NA
"PHJJKLOP_01740",0,NA,NA,NA,NA,NA
"PHJJKLOP_01741",0,NA,NA,NA,NA,NA
"PHJJKLOP_01744",0,NA,NA,NA,NA,NA
"PHJJKLOP_01745",0,NA,NA,NA,NA,NA
"PHJJKLOP_01747",0,NA,NA,NA,NA,NA
"PHJJKLOP_01748",0,NA,NA,NA,NA,NA
"PHJJKLOP_01749",0,NA,NA,NA,NA,NA
"PHJJKLOP_01750",1.43026635322177,-4.77429108324977,3.92710816543926,-1.21572691204846,0.224088968788332,NA
"PHJJKLOP_01751",0,NA,NA,NA,NA,NA
"PHJJKLOP_01752",2.62655033180062,-5.1613598261737,3.92232804315384,-1.31589193188023,0.18821031711504,NA
"PHJJKLOP_01753",0,NA,NA,NA,NA,NA
"PHJJKLOP_01754",0,NA,NA,NA,NA,NA
"PHJJKLOP_01755",0,NA,NA,NA,NA,NA
"PHJJKLOP_01757",0,NA,NA,NA,NA,NA
"PHJJKLOP_01758",0,NA,NA,NA,NA,NA
"PHJJKLOP_01759",0,NA,NA,NA,NA,NA
"PHJJKLOP_01760",0,NA,NA,NA,NA,NA
"PHJJKLOP_01761",0,NA,NA,NA,NA,NA
"PHJJKLOP_01762",0,NA,NA,NA,NA,NA
"PHJJKLOP_01763",0,NA,NA,NA,NA,NA
"PHJJKLOP_01764",0,NA,NA,NA,NA,NA
"PHJJKLOP_01765",0,NA,NA,NA,NA,NA
"PHJJKLOP_01767",0,NA,NA,NA,NA,NA
"PHJJKLOP_01768",0,NA,NA,NA,NA,NA
"PHJJKLOP_01769",0,NA,NA,NA,NA,NA
"PHJJKLOP_01770",0,NA,NA,NA,NA,NA
"PHJJKLOP_01771",12.230595548555,-0.72264603215134,3.61503928942786,-0.199899910981524,NA,NA
"PHJJKLOP_01772",0,NA,NA,NA,NA,NA
"PHJJKLOP_01773",0,NA,NA,NA,NA,NA
"PHJJKLOP_01774",0,NA,NA,NA,NA,NA
"PHJJKLOP_01775",3.6780505992064,-1.05180777067125,3.15346795785926,-0.33354002156574,0.738726684393911,NA
"PHJJKLOP_01776",0,NA,NA,NA,NA,NA
"PHJJKLOP_01777",0,NA,NA,NA,NA,NA
"PHJJKLOP_01778",0,NA,NA,NA,NA,NA
"PHJJKLOP_01779",0,NA,NA,NA,NA,NA
"PHJJKLOP_01780",0,NA,NA,NA,NA,NA
"PHJJKLOP_01782",0,NA,NA,NA,NA,NA
"PHJJKLOP_01785",0,NA,NA,NA,NA,NA
"PHJJKLOP_01787",0,NA,NA,NA,NA,NA
"PHJJKLOP_01788",0,NA,NA,NA,NA,NA
"PHJJKLOP_01789",0,NA,NA,NA,NA,NA
"PHJJKLOP_01790",0,NA,NA,NA,NA,NA
"PHJJKLOP_01791",0.270850388293365,2.21523175360693,4.00204012438557,0.553525623121291,0.579903540034397,NA
"PHJJKLOP_01792",0,NA,NA,NA,NA,NA
"PHJJKLOP_01793",0,NA,NA,NA,NA,NA
"PHJJKLOP_01794",0,NA,NA,NA,NA,NA
"PHJJKLOP_01795",0,NA,NA,NA,NA,NA
"PHJJKLOP_01798",0,NA,NA,NA,NA,NA
"PHJJKLOP_01799",2.79533643307948,-1.27386983300104,2.28075445769262,-0.558530020057387,0.576482511077206,NA
"PHJJKLOP_01800",0,NA,NA,NA,NA,NA
"PHJJKLOP_01801",0,NA,NA,NA,NA,NA
"PHJJKLOP_01802",0,NA,NA,NA,NA,NA
"PHJJKLOP_01803",0,NA,NA,NA,NA,NA
"PHJJKLOP_01804",1.3202458645124,-4.65880604824115,3.92879960669164,-1.18580902938041,0.235697724878171,NA
"PHJJKLOP_01805",1.62043290801725,0,4.08045587178049,0,1,NA
"PHJJKLOP_01806",0,NA,NA,NA,NA,NA
"PHJJKLOP_01807",0,NA,NA,NA,NA,NA
"PHJJKLOP_01808",0,NA,NA,NA,NA,NA
"PHJJKLOP_01811",2.5926926528276,0,4.08045587177911,0,1,NA
"PHJJKLOP_01812",0.32408658160345,0,4.08045587179516,0,1,NA
"PHJJKLOP_01813",0,NA,NA,NA,NA,NA
"PHJJKLOP_01814",0,NA,NA,NA,NA,NA
"PHJJKLOP_01815",0,NA,NA,NA,NA,NA
"PHJJKLOP_01816",3.9060578668939,0,4.08045587177834,0,1,NA
"PHJJKLOP_01817",0,NA,NA,NA,NA,NA
"PHJJKLOP_01818",0,NA,NA,NA,NA,NA
"PHJJKLOP_01819",0,NA,NA,NA,NA,NA
"PHJJKLOP_01820",0,NA,NA,NA,NA,NA
"PHJJKLOP_01821",0,NA,NA,NA,NA,NA
"PHJJKLOP_01822",0,NA,NA,NA,NA,NA
"PHJJKLOP_01823",0,NA,NA,NA,NA,NA
"PHJJKLOP_01824",0,NA,NA,NA,NA,NA
"PHJJKLOP_01825",0,NA,NA,NA,NA,NA
"PHJJKLOP_01826",0,NA,NA,NA,NA,NA
"PHJJKLOP_01827",0,NA,NA,NA,NA,NA
"PHJJKLOP_01828",2.13473735099178,2.78599187213448,3.97151212321572,0.701493986597396,0.482994786104721,NA
"PHJJKLOP_01830",0,NA,NA,NA,NA,NA
"PHJJKLOP_01831",3.49293019261418,3.91302474309715,3.93673267751255,0.993977763704702,0.320233693201119,NA
"PHJJKLOP_01832",0,NA,NA,NA,NA,NA
"PHJJKLOP_01833",0,NA,NA,NA,NA,NA
"PHJJKLOP_01834",0,NA,NA,NA,NA,NA
"PHJJKLOP_01836",9.84967548482859,-1.53910040669159,3.57796374249609,-0.430160984699601,NA,NA
"PHJJKLOP_01837",6.09413373660072,6.66178381638603,3.91124208643233,1.70323996039392,NA,NA
"PHJJKLOP_01839",3.53655218560333,0,4.0804558717785,0,1,NA
"PHJJKLOP_01840",0,NA,NA,NA,NA,NA
"PHJJKLOP_01841",0,NA,NA,NA,NA,NA
"PHJJKLOP_01843",0,NA,NA,NA,NA,NA
"PHJJKLOP_01844",0,NA,NA,NA,NA,NA
"PHJJKLOP_01846",0,NA,NA,NA,NA,NA
"PHJJKLOP_01847",4.26367332911829,0.0435974932251813,3.75284584012347,0.0116171820219897,0.99073103831326,NA
"PHJJKLOP_01848",2.64049172902481,-5.65884918799371,3.91779192073591,-1.44439758478311,0.148627169725781,NA
"PHJJKLOP_01851",0,NA,NA,NA,NA,NA
"PHJJKLOP_01852",0,NA,NA,NA,NA,NA
"PHJJKLOP_01853",2.81862153956674,4.49526014710744,3.67074948179199,1.22461643580017,0.220719772328267,NA
"PHJJKLOP_01854",0,NA,NA,NA,NA,NA
"PHJJKLOP_01855",0,NA,NA,NA,NA,NA
"PHJJKLOP_01856",0,NA,NA,NA,NA,NA
"PHJJKLOP_01857",0,NA,NA,NA,NA,NA
"PHJJKLOP_01859",0,NA,NA,NA,NA,NA
"PHJJKLOP_01860",0,NA,NA,NA,NA,NA
"PHJJKLOP_01861",0,NA,NA,NA,NA,NA
"PHJJKLOP_01862",0.0750197949822146,0.756638105558836,4.08029283546036,0.185437206610066,0.852886127792773,NA
"PHJJKLOP_01863",0,NA,NA,NA,NA,NA
"PHJJKLOP_01864",1.75110419643419,4.76158547223905,3.92347101650026,1.21361555933868,0.224894562669491,NA
"PHJJKLOP_01865",0,NA,NA,NA,NA,NA
"PHJJKLOP_01867",0,NA,NA,NA,NA,NA
"PHJJKLOP_01869",0,NA,NA,NA,NA,NA
"PHJJKLOP_01870",0,NA,NA,NA,NA,NA
"PHJJKLOP_01871",0,NA,NA,NA,NA,NA
"PHJJKLOP_01872",0,NA,NA,NA,NA,NA
"PHJJKLOP_01873",0,NA,NA,NA,NA,NA
"PHJJKLOP_01874",0,NA,NA,NA,NA,NA
"PHJJKLOP_01875",0,NA,NA,NA,NA,NA
"PHJJKLOP_01876",0,NA,NA,NA,NA,NA
"PHJJKLOP_01877",0,NA,NA,NA,NA,NA
"PHJJKLOP_01878",0,NA,NA,NA,NA,NA
"PHJJKLOP_01879",0,NA,NA,NA,NA,NA
"PHJJKLOP_01880",0,NA,NA,NA,NA,NA
"PHJJKLOP_01881",0,NA,NA,NA,NA,NA
"PHJJKLOP_01882",0,NA,NA,NA,NA,NA
"PHJJKLOP_01883",0,NA,NA,NA,NA,NA
"PHJJKLOP_01884",0,NA,NA,NA,NA,NA
"PHJJKLOP_01885",5.51286075991107,0,4.08045587177789,0,NA,NA
"PHJJKLOP_01887",0,NA,NA,NA,NA,NA
"PHJJKLOP_01888",0,NA,NA,NA,NA,NA
"PHJJKLOP_01889",0,NA,NA,NA,NA,NA
"PHJJKLOP_01890",0,NA,NA,NA,NA,NA
"PHJJKLOP_01891",0,NA,NA,NA,NA,NA
"PHJJKLOP_01892",0,NA,NA,NA,NA,NA
"PHJJKLOP_01894",0,NA,NA,NA,NA,NA
"PHJJKLOP_01895",0,NA,NA,NA,NA,NA
"PHJJKLOP_01896",0,NA,NA,NA,NA,NA
"PHJJKLOP_01897",0,NA,NA,NA,NA,NA
"PHJJKLOP_01898",0,NA,NA,NA,NA,NA
"PHJJKLOP_01899",0,NA,NA,NA,NA,NA
"PHJJKLOP_01900",0,NA,NA,NA,NA,NA
"PHJJKLOP_01901",0,NA,NA,NA,NA,NA
"PHJJKLOP_01903",0,NA,NA,NA,NA,NA
"PHJJKLOP_01904",0,NA,NA,NA,NA,NA
"PHJJKLOP_01905",0,NA,NA,NA,NA,NA
"PHJJKLOP_01907",0,NA,NA,NA,NA,NA
"PHJJKLOP_01908",0,NA,NA,NA,NA,NA
"PHJJKLOP_01910",0,NA,NA,NA,NA,NA
"PHJJKLOP_01912",0,NA,NA,NA,NA,NA
"PHJJKLOP_01913",0,NA,NA,NA,NA,NA
"PHJJKLOP_01914",0,NA,NA,NA,NA,NA
"PHJJKLOP_01915",0,NA,NA,NA,NA,NA
"PHJJKLOP_01916",0,NA,NA,NA,NA,NA
"PHJJKLOP_01917",0,NA,NA,NA,NA,NA
"PHJJKLOP_01918",0,NA,NA,NA,NA,NA
"PHJJKLOP_01919",0,NA,NA,NA,NA,NA
"PHJJKLOP_01922",0,NA,NA,NA,NA,NA
"PHJJKLOP_01923",0,NA,NA,NA,NA,NA
"PHJJKLOP_01925",0,NA,NA,NA,NA,NA
"PHJJKLOP_01926",0,NA,NA,NA,NA,NA
"PHJJKLOP_01927",0,NA,NA,NA,NA,NA
"PHJJKLOP_01928",0,NA,NA,NA,NA,NA
"PHJJKLOP_01931",1.0782382503066,-2.65844870543039,3.99419814740444,-0.665577572098654,0.505681145796448,NA
"PHJJKLOP_01933",0,NA,NA,NA,NA,NA
"PHJJKLOP_01934",0.54170077658673,3.193396844904,3.95582405852678,0.807264629987938,0.419514037227109,NA
"PHJJKLOP_01936",0,NA,NA,NA,NA,NA
"PHJJKLOP_01937",0.692113943109101,-3.73361754587331,3.94850837882637,-0.945576705850391,0.344364530022846,NA
"PHJJKLOP_01939",7.0583143158767,-3.21414862805888,3.68642423035849,-0.871887885715834,NA,NA
"PHJJKLOP_01940",0,NA,NA,NA,NA,NA
"PHJJKLOP_01942",0,NA,NA,NA,NA,NA
"PHJJKLOP_01943",0,NA,NA,NA,NA,NA
"PHJJKLOP_01944",0,NA,NA,NA,NA,NA
"PHJJKLOP_01945",0,NA,NA,NA,NA,NA
"PHJJKLOP_01946",0,NA,NA,NA,NA,NA
"PHJJKLOP_01947",0,NA,NA,NA,NA,NA
"PHJJKLOP_01948",0,NA,NA,NA,NA,NA
"PHJJKLOP_01949",0,NA,NA,NA,NA,NA
"PHJJKLOP_01950",0,NA,NA,NA,NA,NA
"PHJJKLOP_01951",0,NA,NA,NA,NA,NA
"PHJJKLOP_01955",0,NA,NA,NA,NA,NA
"PHJJKLOP_01956",3.64056842635636,0,4.08045587177845,0,1,NA
"PHJJKLOP_01957",2.50536609171363,5.38291758056394,3.91763835773777,1.37402105274268,0.169435146671962,NA
"PHJJKLOP_01958",0,NA,NA,NA,NA,NA
"PHJJKLOP_01959",0,NA,NA,NA,NA,NA
"PHJJKLOP_01960",0,NA,NA,NA,NA,NA
"PHJJKLOP_01961",20.7400233278568,0.657426573625895,3.21192185909609,0.204683240273756,NA,NA
"PHJJKLOP_01962",0,NA,NA,NA,NA,NA
"PHJJKLOP_01963",0,NA,NA,NA,NA,NA
"PHJJKLOP_01964",0,NA,NA,NA,NA,NA
"PHJJKLOP_01965",0,NA,NA,NA,NA,NA
"PHJJKLOP_01966",0,NA,NA,NA,NA,NA
"PHJJKLOP_01967",0,NA,NA,NA,NA,NA
"PHJJKLOP_01968",0,NA,NA,NA,NA,NA
"PHJJKLOP_01969",0,NA,NA,NA,NA,NA
"PHJJKLOP_01970",0,NA,NA,NA,NA,NA
"PHJJKLOP_01972",0,NA,NA,NA,NA,NA
"PHJJKLOP_01975",0,NA,NA,NA,NA,NA
"PHJJKLOP_01977",0,NA,NA,NA,NA,NA
"PHJJKLOP_01979",0.409772184816305,0.754811937837983,4.08036364431309,0.184986438375409,0.853239672605114,NA
"PHJJKLOP_01980",0,NA,NA,NA,NA,NA
"PHJJKLOP_01981",0,NA,NA,NA,NA,NA
"PHJJKLOP_01982",0,NA,NA,NA,NA,NA
"PHJJKLOP_01983",10.2446842606496,5.69590056561386,3.88219744918919,1.46718466542795,NA,NA
"PHJJKLOP_01984",0,NA,NA,NA,NA,NA
"PHJJKLOP_01986",0,NA,NA,NA,NA,NA
"PHJJKLOP_01988",0,NA,NA,NA,NA,NA
"PHJJKLOP_01989",0,NA,NA,NA,NA,NA
"PHJJKLOP_01990",0,NA,NA,NA,NA,NA
"PHJJKLOP_01991",7.79233414423126,-7.21955455734956,3.91049825998851,-1.84619812549687,NA,NA
"PHJJKLOP_01992",0.59941031878702,-3.51270640046031,3.95537316196242,-0.88808470316806,0.374495190313585,NA
"PHJJKLOP_01993",0,NA,NA,NA,NA,NA
"PHJJKLOP_01994",0,NA,NA,NA,NA,NA
"PHJJKLOP_01995",0,NA,NA,NA,NA,NA
"PHJJKLOP_01996",0,NA,NA,NA,NA,NA
"PHJJKLOP_01997",0,NA,NA,NA,NA,NA
"PHJJKLOP_01998",0,NA,NA,NA,NA,NA
"PHJJKLOP_01999",0,NA,NA,NA,NA,NA
"PHJJKLOP_02000",0,NA,NA,NA,NA,NA
"PHJJKLOP_02001",0,NA,NA,NA,NA,NA
"PHJJKLOP_02002",2.50536609171363,5.38291758056394,3.91763835773777,1.37402105274268,0.169435146671962,NA
"PHJJKLOP_02003",0,NA,NA,NA,NA,NA
"PHJJKLOP_02004",0,NA,NA,NA,NA,NA
"PHJJKLOP_02005",0,NA,NA,NA,NA,NA
"PHJJKLOP_02006",0,NA,NA,NA,NA,NA
"PHJJKLOP_02007",0,NA,NA,NA,NA,NA
"PHJJKLOP_02012",0,NA,NA,NA,NA,NA
"PHJJKLOP_02013",2.32171053599489,-0.414853582037677,3.1418496326171,-0.132041195648218,0.89495170757993,NA
"PHJJKLOP_02014",0,NA,NA,NA,NA,NA
"PHJJKLOP_02015",0,NA,NA,NA,NA,NA
"PHJJKLOP_02016",0,NA,NA,NA,NA,NA
"PHJJKLOP_02017",0,NA,NA,NA,NA,NA
"PHJJKLOP_02018",0,NA,NA,NA,NA,NA
"PHJJKLOP_02019",0,NA,NA,NA,NA,NA
"PHJJKLOP_02020",0,NA,NA,NA,NA,NA
"PHJJKLOP_02021",0,NA,NA,NA,NA,NA
"PHJJKLOP_02022",0,NA,NA,NA,NA,NA
"PHJJKLOP_02023",0,NA,NA,NA,NA,NA
"PHJJKLOP_02024",0,NA,NA,NA,NA,NA
"PHJJKLOP_02025",0,NA,NA,NA,NA,NA
"PHJJKLOP_02027",0,NA,NA,NA,NA,NA
"PHJJKLOP_02028",0,NA,NA,NA,NA,NA
"PHJJKLOP_02029",0,NA,NA,NA,NA,NA
"PHJJKLOP_02030",4.35019105858937,6.02693776836361,3.46260780067094,1.74057765571826,0.0817576371173337,NA
"PHJJKLOP_02031",0,NA,NA,NA,NA,NA
"PHJJKLOP_02032",0,NA,NA,NA,NA,NA
"PHJJKLOP_02033",0,NA,NA,NA,NA,NA
"PHJJKLOP_02034",0,NA,NA,NA,NA,NA
"PHJJKLOP_02037",0,NA,NA,NA,NA,NA
"PHJJKLOP_02039",0,NA,NA,NA,NA,NA
"PHJJKLOP_02040",0,NA,NA,NA,NA,NA
"PHJJKLOP_02041",0,NA,NA,NA,NA,NA
"PHJJKLOP_02043",0,NA,NA,NA,NA,NA
"PHJJKLOP_02044",0,NA,NA,NA,NA,NA
"PHJJKLOP_02045",0,NA,NA,NA,NA,NA
"PHJJKLOP_02046",0,NA,NA,NA,NA,NA
"PHJJKLOP_02048",0,NA,NA,NA,NA,NA
"PHJJKLOP_02049",0,NA,NA,NA,NA,NA
"PHJJKLOP_02051",0,NA,NA,NA,NA,NA
"PHJJKLOP_02053",0,NA,NA,NA,NA,NA
"PHJJKLOP_02055",0,NA,NA,NA,NA,NA
"PHJJKLOP_02056",0,NA,NA,NA,NA,NA
"PHJJKLOP_02057",0,NA,NA,NA,NA,NA
"PHJJKLOP_02058",0,NA,NA,NA,NA,NA
"PHJJKLOP_02059",0,NA,NA,NA,NA,NA
"PHJJKLOP_02060",0,NA,NA,NA,NA,NA
"PHJJKLOP_02061",0,NA,NA,NA,NA,NA
"PHJJKLOP_02063",0,NA,NA,NA,NA,NA
"PHJJKLOP_02064",0,NA,NA,NA,NA,NA
"PHJJKLOP_02066",0,NA,NA,NA,NA,NA
"PHJJKLOP_02067",0,NA,NA,NA,NA,NA
"PHJJKLOP_02068",0,NA,NA,NA,NA,NA
"PHJJKLOP_02069",0,NA,NA,NA,NA,NA
"PHJJKLOP_02070",0,NA,NA,NA,NA,NA
"PHJJKLOP_02071",0,NA,NA,NA,NA,NA
"PHJJKLOP_02072",0.378879248827849,2.21522374651813,4.00204012438174,0.553523622370066,0.579904909658899,NA
"PHJJKLOP_02074",1.82961736209011,-5.04576449482676,3.36476027008314,-1.49959108222057,0.133720359122323,NA
"PHJJKLOP_02076",0,NA,NA,NA,NA,NA
"PHJJKLOP_02078",0.270850388293365,2.21523175360693,4.00204012438557,0.553525623121291,0.579903540034397,NA
"PHJJKLOP_02079",0,NA,NA,NA,NA,NA
"PHJJKLOP_02080",0,NA,NA,NA,NA,NA
"PHJJKLOP_02081",0,NA,NA,NA,NA,NA
"PHJJKLOP_02082",0,NA,NA,NA,NA,NA
"PHJJKLOP_02083",0,NA,NA,NA,NA,NA
"PHJJKLOP_02084",0,NA,NA,NA,NA,NA
"PHJJKLOP_02085",0,NA,NA,NA,NA,NA
"PHJJKLOP_02086",0,NA,NA,NA,NA,NA
"PHJJKLOP_02087",0,NA,NA,NA,NA,NA
"PHJJKLOP_02088",0,NA,NA,NA,NA,NA
"PHJJKLOP_02089",0,NA,NA,NA,NA,NA
"PHJJKLOP_02091",14.96417476377,-5.38944809364308,3.63711296858222,-1.48179287808702,NA,NA
"PHJJKLOP_02093",0,NA,NA,NA,NA,NA
"PHJJKLOP_02094",1.55738973268685,4.70058063976247,3.92418948123293,1.19784752042238,0.230976383398033,NA
"PHJJKLOP_02095",0,NA,NA,NA,NA,NA
"PHJJKLOP_02096",0,NA,NA,NA,NA,NA
"PHJJKLOP_02101",0,NA,NA,NA,NA,NA
"PHJJKLOP_02102",0,NA,NA,NA,NA,NA
"PHJJKLOP_02103",0,NA,NA,NA,NA,NA
"PHJJKLOP_02104",1.08028860534484,0,4.08045587178233,0,1,NA
"PHJJKLOP_02105",0,NA,NA,NA,NA,NA
"PHJJKLOP_02106",0,NA,NA,NA,NA,NA
"PHJJKLOP_02107",0,NA,NA,NA,NA,NA
"PHJJKLOP_02108",0.0677125970733413,0.754832062527196,4.08036365907959,0.184991369788217,0.853235804658712,NA
"PHJJKLOP_02109",2.20040977418734,-5.39580803208961,3.91999598429226,-1.3764830509294,0.16867213117651,NA
"PHJJKLOP_02110",0,NA,NA,NA,NA,NA
"PHJJKLOP_02111",0,NA,NA,NA,NA,NA
"PHJJKLOP_02112",0,NA,NA,NA,NA,NA
"PHJJKLOP_02113",0,NA,NA,NA,NA,NA
"PHJJKLOP_02114",0,NA,NA,NA,NA,NA
"PHJJKLOP_02115",0,NA,NA,NA,NA,NA
"PHJJKLOP_02116",2.47315357971845,4.92192202792411,3.68945861112411,1.33404993705146,0.182187491274234,NA
"PHJJKLOP_02117",0,NA,NA,NA,NA,NA
"PHJJKLOP_02118",0,NA,NA,NA,NA,NA
"PHJJKLOP_02119",0,NA,NA,NA,NA,NA
"PHJJKLOP_02123",0.880163909674936,-4.07378776856331,3.93977596084576,-1.03401508335737,0.30112911191347,NA
"PHJJKLOP_02124",0,NA,NA,NA,NA,NA
"PHJJKLOP_02125",0,NA,NA,NA,NA,NA
"PHJJKLOP_02127",0,NA,NA,NA,NA,NA
"PHJJKLOP_02128",0,NA,NA,NA,NA,NA
"PHJJKLOP_02129",0,NA,NA,NA,NA,NA
"PHJJKLOP_02132",0,NA,NA,NA,NA,NA
"PHJJKLOP_02133",0,NA,NA,NA,NA,NA
"PHJJKLOP_02134",0.0677125970733413,0.754832062527196,4.08036365907959,0.184991369788217,0.853235804658712,NA
"PHJJKLOP_02135",0,NA,NA,NA,NA,NA
"PHJJKLOP_02137",0,NA,NA,NA,NA,NA
"PHJJKLOP_02140",0,NA,NA,NA,NA,NA
"PHJJKLOP_02141",0,NA,NA,NA,NA,NA
"PHJJKLOP_02142",0,NA,NA,NA,NA,NA
"PHJJKLOP_02143",0,NA,NA,NA,NA,NA
"PHJJKLOP_02144",0,NA,NA,NA,NA,NA
"PHJJKLOP_02145",0,NA,NA,NA,NA,NA
"PHJJKLOP_02147",0,NA,NA,NA,NA,NA
"PHJJKLOP_02148",0,NA,NA,NA,NA,NA
"PHJJKLOP_02149",0,NA,NA,NA,NA,NA
"PHJJKLOP_02150",0,NA,NA,NA,NA,NA
"PHJJKLOP_02151",16.5437247985218,-22.3960788156451,3.90851710790868,-5.73007056060413,NA,NA
"PHJJKLOP_02152",0,NA,NA,NA,NA,NA
"PHJJKLOP_02155",0,NA,NA,NA,NA,NA
"PHJJKLOP_02156",0,NA,NA,NA,NA,NA
"PHJJKLOP_02157",0,NA,NA,NA,NA,NA
"PHJJKLOP_02158",0,NA,NA,NA,NA,NA
"PHJJKLOP_02159",0,NA,NA,NA,NA,NA
"PHJJKLOP_02160",2.80875037389657,0,4.08045587177893,0,1,NA
"PHJJKLOP_02161",20.685846706434,0.466764036916616,3.27870305910851,0.142362400163048,NA,NA
"PHJJKLOP_02162",2.91677923443105,0,4.08045587177886,0,1,NA
"PHJJKLOP_02163",0,NA,NA,NA,NA,NA
"PHJJKLOP_02164",0,NA,NA,NA,NA,NA
"PHJJKLOP_02165",0,NA,NA,NA,NA,NA
"PHJJKLOP_02166",0.34587018327558,2.55714616865913,3.9823889192119,0.642113620877887,0.520799412608724,NA
"PHJJKLOP_02167",0,NA,NA,NA,NA,NA
"PHJJKLOP_02169",0,NA,NA,NA,NA,NA
"PHJJKLOP_02170",0,NA,NA,NA,NA,NA
"PHJJKLOP_02171",0,NA,NA,NA,NA,NA
"PHJJKLOP_02173",0.880263761953437,3.88440733353819,3.93732845003371,0.986559130850495,0.323858813932094,NA
"PHJJKLOP_02174",0,NA,NA,NA,NA,NA
"PHJJKLOP_02175",0,NA,NA,NA,NA,NA
"PHJJKLOP_02176",0,NA,NA,NA,NA,NA
"PHJJKLOP_02177",0.216057721068967,0,4.08045587180429,0,1,NA
"PHJJKLOP_02178",0,NA,NA,NA,NA,NA
"PHJJKLOP_02179",0,NA,NA,NA,NA,NA
"PHJJKLOP_02180",15.4086728675115,-0.209619057291678,3.64083084045034,-0.057574511554552,NA,NA
"PHJJKLOP_02181",0,NA,NA,NA,NA,NA
"PHJJKLOP_02182",0,NA,NA,NA,NA,NA
"PHJJKLOP_02183",2.43765349464029,5.34355378761579,3.91793863182832,1.3638686793627,0.172608899948437,NA
"PHJJKLOP_02185",0,NA,NA,NA,NA,NA
"PHJJKLOP_02186",0,NA,NA,NA,NA,NA
"PHJJKLOP_02187",1.40564835596042,-1.45821017830961,3.83694833981369,-0.380044256311362,0.703912563624628,NA
"PHJJKLOP_02193",41.7332756377706,-1.29073267655661,3.01832779272734,-0.427631710401577,NA,NA
"PHJJKLOP_02194",0,NA,NA,NA,NA,NA
"PHJJKLOP_02195",0,NA,NA,NA,NA,NA
"PHJJKLOP_02196",0,NA,NA,NA,NA,NA
"PHJJKLOP_02197",0,NA,NA,NA,NA,NA
"PHJJKLOP_02198",14.7902190698069,0.132264463794823,3.42401720253779,0.0386284460535981,NA,NA
"PHJJKLOP_02199",0,NA,NA,NA,NA,NA
"PHJJKLOP_02202",0,NA,NA,NA,NA,NA
"PHJJKLOP_02203",0,NA,NA,NA,NA,NA
"PHJJKLOP_02204",0,NA,NA,NA,NA,NA
"PHJJKLOP_02205",0,NA,NA,NA,NA,NA
"PHJJKLOP_02206",0,NA,NA,NA,NA,NA
"PHJJKLOP_02207",0,NA,NA,NA,NA,NA
"PHJJKLOP_02208",7.43268795295905,-7.15135758253843,3.91067948770273,-1.82867391843952,NA,NA
"PHJJKLOP_02209",0,NA,NA,NA,NA,NA
"PHJJKLOP_02211",1.01568895610012,4.08876792470219,3.93332387349695,1.03951976908198,0.29856306878599,NA
"PHJJKLOP_02213",0,NA,NA,NA,NA,NA
"PHJJKLOP_02215",9.12174242200305,-7.35932019465074,3.78965393542286,-1.94195045776114,NA,NA
"PHJJKLOP_02216",0,NA,NA,NA,NA,NA
"PHJJKLOP_02217",10.0631318266814,-7.02905642413092,3.87788182495658,-1.81260201868313,NA,NA
"PHJJKLOP_02218",0,NA,NA,NA,NA,NA
"PHJJKLOP_02219",0,NA,NA,NA,NA,NA
"PHJJKLOP_02220",0,NA,NA,NA,NA,NA
"PHJJKLOP_02221",0,NA,NA,NA,NA,NA
"PHJJKLOP_02222",0,NA,NA,NA,NA,NA
"PHJJKLOP_02223",0,NA,NA,NA,NA,NA
"PHJJKLOP_02224",0,NA,NA,NA,NA,NA
"PHJJKLOP_02225",0,NA,NA,NA,NA,NA
"PHJJKLOP_02226",0,NA,NA,NA,NA,NA
"PHJJKLOP_02227",0,NA,NA,NA,NA,NA
"PHJJKLOP_02228",0,NA,NA,NA,NA,NA
"PHJJKLOP_02229",8.94475684787274,6.76967207934653,3.87294703805044,1.74793820128102,NA,NA
"PHJJKLOP_02233",0,NA,NA,NA,NA,NA
"PHJJKLOP_02234",0,NA,NA,NA,NA,NA
"PHJJKLOP_02237",0,NA,NA,NA,NA,NA
"PHJJKLOP_02238",0.110020488709367,-1.16806149264712,4.08045587181216,-0.286257597028828,0.774680832435586,NA
"PHJJKLOP_02239",0,NA,NA,NA,NA,NA
"PHJJKLOP_02240",0,NA,NA,NA,NA,NA
"PHJJKLOP_02241",0,NA,NA,NA,NA,NA
"PHJJKLOP_02242",0,NA,NA,NA,NA,NA
"PHJJKLOP_02243",3.67298125817244,0,4.08045587177843,0,1,NA
"PHJJKLOP_02244",0,NA,NA,NA,NA,NA
"PHJJKLOP_02245",0,NA,NA,NA,NA,NA
"PHJJKLOP_02247",2.18482501625155,-3.6602963550364,3.57660344095257,-1.02340011003891,0.306118707404717,NA
"PHJJKLOP_02248",5.24029128354034,-6.64861094063048,3.91231552616885,-1.69940560677149,NA,NA
"PHJJKLOP_02251",0,NA,NA,NA,NA,NA
"PHJJKLOP_02252",0,NA,NA,NA,NA,NA
"PHJJKLOP_02253",0,NA,NA,NA,NA,NA
"PHJJKLOP_02254",0,NA,NA,NA,NA,NA
"PHJJKLOP_02257",0,NA,NA,NA,NA,NA
"PHJJKLOP_02258",0,NA,NA,NA,NA,NA
"PHJJKLOP_02259",0,NA,NA,NA,NA,NA
"PHJJKLOP_02260",17.9927782239025,19.9404072040868,3.90517075006151,5.10615501352218,NA,NA
"PHJJKLOP_02263",0,NA,NA,NA,NA,NA
"PHJJKLOP_02264",13.8814040965351,4.52816403348434,3.61296577051361,1.25330941976808,NA,NA
"PHJJKLOP_02266",0.108028860534484,0,4.08045587181216,0,1,NA
"PHJJKLOP_02267",1.01568895610012,4.08876792470219,3.93332387349695,1.03951976908198,0.29856306878599,NA
"PHJJKLOP_02268",4.10307208786162,6.05409270315206,3.81728888728339,1.58596660664593,NA,NA
"PHJJKLOP_02269",0.108028860534484,0,4.08045587181216,0,1,NA
"PHJJKLOP_02270",0,NA,NA,NA,NA,NA
"PHJJKLOP_02271",0,NA,NA,NA,NA,NA
"PHJJKLOP_02275",0,NA,NA,NA,NA,NA
"PHJJKLOP_02276",0,NA,NA,NA,NA,NA
"PHJJKLOP_02277",0,NA,NA,NA,NA,NA
"PHJJKLOP_02278",0,NA,NA,NA,NA,NA
"PHJJKLOP_02279",0,NA,NA,NA,NA,NA
"PHJJKLOP_02280",0,NA,NA,NA,NA,NA
"PHJJKLOP_02281",25.0743714681254,0,4.08045587177705,0,NA,NA
"PHJJKLOP_02282",0,NA,NA,NA,NA,NA
"PHJJKLOP_02283",13.0334390475235,14.1505714773385,3.8466554219593,3.67866884997225,NA,NA
"PHJJKLOP_02285",0,NA,NA,NA,NA,NA
"PHJJKLOP_02286",5.39100394675899,-6.68860339910898,3.91216353922331,-1.70969422214821,NA,NA
"PHJJKLOP_02287",0,NA,NA,NA,NA,NA
"PHJJKLOP_02289",0,NA,NA,NA,NA,NA
"PHJJKLOP_02290",0,NA,NA,NA,NA,NA
"PHJJKLOP_02291",0,NA,NA,NA,NA,NA
"PHJJKLOP_02292",1.93225636173325,4.93051768107527,3.92163163774765,1.25726180746213,0.208658848897197,NA
"PHJJKLOP_02293",0,NA,NA,NA,NA,NA
"PHJJKLOP_02294",0,NA,NA,NA,NA,NA
"PHJJKLOP_02295",0,NA,NA,NA,NA,NA
"PHJJKLOP_02296",0,NA,NA,NA,NA,NA
"PHJJKLOP_02297",3.52105504781375,5.87218575595438,3.91451251395295,1.50010652284888,NA,NA
"PHJJKLOP_02299",0,NA,NA,NA,NA,NA
"PHJJKLOP_02300",0,NA,NA,NA,NA,NA
"PHJJKLOP_02301",0,NA,NA,NA,NA,NA
"PHJJKLOP_02302",0,NA,NA,NA,NA,NA
"PHJJKLOP_02303",0,NA,NA,NA,NA,NA
"PHJJKLOP_02304",0,NA,NA,NA,NA,NA
"PHJJKLOP_02305",0,NA,NA,NA,NA,NA
"PHJJKLOP_02306",0,NA,NA,NA,NA,NA
"PHJJKLOP_02307",64.0541270586955,-3.37300210355221,3.061849047589,-1.1016225983473,NA,NA
"PHJJKLOP_02309",0,NA,NA,NA,NA,NA
"PHJJKLOP_02310",3.51818118139296,-3.7569342683412,3.66920006107599,-1.02391099035343,0.305877318667911,NA
"PHJJKLOP_02311",0,NA,NA,NA,NA,NA
"PHJJKLOP_02312",0,NA,NA,NA,NA,NA
"PHJJKLOP_02314",0,NA,NA,NA,NA,NA
"PHJJKLOP_02315",0,NA,NA,NA,NA,NA
"PHJJKLOP_02316",0,NA,NA,NA,NA,NA
"PHJJKLOP_02319",0,NA,NA,NA,NA,NA
"PHJJKLOP_02320",0,NA,NA,NA,NA,NA
"PHJJKLOP_02321",0.126001866673997,0,4.08045587181216,0,1,NA
"PHJJKLOP_02322",14.1424537593728,-1.40940216076038,3.70226847091931,-0.380686104163163,NA,NA
"PHJJKLOP_02323",0,NA,NA,NA,NA,NA
"PHJJKLOP_02324",0,NA,NA,NA,NA,NA
"PHJJKLOP_02325",0,NA,NA,NA,NA,NA
"PHJJKLOP_02326",0,NA,NA,NA,NA,NA
"PHJJKLOP_02327",0,NA,NA,NA,NA,NA
"PHJJKLOP_02328",0,NA,NA,NA,NA,NA
"PHJJKLOP_02329",0,NA,NA,NA,NA,NA
"PHJJKLOP_02330",0,NA,NA,NA,NA,NA
"PHJJKLOP_02331",0.32408658160345,0,4.08045587179516,0,1,NA
"PHJJKLOP_02332",0,NA,NA,NA,NA,NA
"PHJJKLOP_02333",0,NA,NA,NA,NA,NA
"PHJJKLOP_02336",0,NA,NA,NA,NA,NA
"PHJJKLOP_02338",0.540144302672418,0,4.08045587178784,0,1,NA
"PHJJKLOP_02340",0,NA,NA,NA,NA,NA
"PHJJKLOP_02341",0,NA,NA,NA,NA,NA
"PHJJKLOP_02342",0,NA,NA,NA,NA,NA
"PHJJKLOP_02343",6.49120883385266,-6.9565345667526,3.91124694639999,-1.77859763448472,NA,NA
"PHJJKLOP_02344",50.1564231822165,-1.13661731798241,3.00724564196316,-0.377959586048452,NA,NA
"PHJJKLOP_02345",1.7718909798415,4.08873785585294,3.93332387346457,1.03951212444946,0.298566622224453,NA
"PHJJKLOP_02346",2.37663493175864,0,4.08045587177932,0,1,NA
"PHJJKLOP_02347",0,NA,NA,NA,NA,NA
"PHJJKLOP_02348",1.68281187196048,0.874606467747833,3.80171456549993,0.230055795267949,0.818048413881155,NA
"PHJJKLOP_02349",0,NA,NA,NA,NA,NA
"PHJJKLOP_02350",0,NA,NA,NA,NA,NA
"PHJJKLOP_02351",0,NA,NA,NA,NA,NA
"PHJJKLOP_02352",0,NA,NA,NA,NA,NA
"PHJJKLOP_02354",2.09038928547797,-5.32180528031837,3.92069173876649,-1.35736386201908,0.174665624846493,NA
"PHJJKLOP_02355",0,NA,NA,NA,NA,NA
"PHJJKLOP_02357",0,NA,NA,NA,NA,NA
"PHJJKLOP_02359",0,NA,NA,NA,NA,NA
"PHJJKLOP_02363",8.66721242538769,7.1691837233215,3.90990905849225,1.83359347137503,NA,NA
"PHJJKLOP_02365",0,NA,NA,NA,NA,NA
"PHJJKLOP_02366",13.828513717838,-7.2779694181081,3.88795258008074,-1.87192854547546,NA,NA
"PHJJKLOP_02367",0,NA,NA,NA,NA,NA
"PHJJKLOP_02368",0,NA,NA,NA,NA,NA
"PHJJKLOP_02369",13.314078816389,0,4.08045587177726,0,NA,NA
"PHJJKLOP_02372",0,NA,NA,NA,NA,NA
"PHJJKLOP_02373",0,NA,NA,NA,NA,NA
"PHJJKLOP_02374",1.97857687315072,3.91536940324187,3.77078785326595,1.03834253095164,0.299110614575085,NA
"PHJJKLOP_02378",0.677561124993984,0.460682197765503,4.04124945126255,0.113994991727516,0.909241763587023,NA
"PHJJKLOP_02380",0,NA,NA,NA,NA,NA
"PHJJKLOP_02381",0,NA,NA,NA,NA,NA
"PHJJKLOP_02382",0,NA,NA,NA,NA,NA
"PHJJKLOP_02383",0,NA,NA,NA,NA,NA
"PHJJKLOP_02384",0,NA,NA,NA,NA,NA
"PHJJKLOP_02386",2.37663493175864,0,4.08045587177932,0,1,NA
"PHJJKLOP_02388",0,NA,NA,NA,NA,NA
"PHJJKLOP_02389",8.93818091284555,-2.14299086047332,3.55401872691557,-0.602976806015077,NA,NA
"PHJJKLOP_02390",0,NA,NA,NA,NA,NA
"PHJJKLOP_02392",0,NA,NA,NA,NA,NA
"PHJJKLOP_02393",0,NA,NA,NA,NA,NA
"PHJJKLOP_02394",0,NA,NA,NA,NA,NA
"PHJJKLOP_02396",0,NA,NA,NA,NA,NA
"PHJJKLOP_02397",0.110020488709367,-1.16806149264712,4.08045587181216,-0.286257597028828,0.774680832435586,NA
"PHJJKLOP_02398",0,NA,NA,NA,NA,NA
"PHJJKLOP_02399",0,NA,NA,NA,NA,NA
"PHJJKLOP_02400",0,NA,NA,NA,NA,NA
"PHJJKLOP_02402",0,NA,NA,NA,NA,NA
"PHJJKLOP_02403",0,NA,NA,NA,NA,NA
"PHJJKLOP_02404",1.64234081794097,-4.53328565788032,3.9307972936171,-1.15327383206495,0.248798007277033,NA
"PHJJKLOP_02405",0,NA,NA,NA,NA,NA
"PHJJKLOP_02406",0.220040977418734,-2.07317639769283,4.03720744207045,-0.513517431898326,0.607589420195707,NA
"PHJJKLOP_02407",0,NA,NA,NA,NA,NA
"PHJJKLOP_02408",0,NA,NA,NA,NA,NA
"PHJJKLOP_02409",0,NA,NA,NA,NA,NA
"PHJJKLOP_02410",0,NA,NA,NA,NA,NA
"PHJJKLOP_02411",0,NA,NA,NA,NA,NA
"PHJJKLOP_02412",0,NA,NA,NA,NA,NA
"PHJJKLOP_02414",2.86053270644354,-5.77432857589529,3.9169438658004,-1.47419232282394,0.140429816330409,NA
"PHJJKLOP_02415",0,NA,NA,NA,NA,NA
"PHJJKLOP_02416",0,NA,NA,NA,NA,NA
"PHJJKLOP_02418",0,NA,NA,NA,NA,NA
"PHJJKLOP_02419",0,NA,NA,NA,NA,NA
"PHJJKLOP_02420",0,NA,NA,NA,NA,NA
"PHJJKLOP_02421",5.78136738115066,4.6079912076653,3.4521889635184,1.33480271687357,NA,NA
"PHJJKLOP_02422",0,NA,NA,NA,NA,NA
"PHJJKLOP_02424",0,NA,NA,NA,NA,NA
"PHJJKLOP_02425",0.32408658160345,0,4.08045587179516,0,1,NA
"PHJJKLOP_02426",0,NA,NA,NA,NA,NA
"PHJJKLOP_02427",0,NA,NA,NA,NA,NA
"PHJJKLOP_02428",0,NA,NA,NA,NA,NA
"PHJJKLOP_02429",3.58876764488709,5.89958486164775,3.91436670063323,1.50716202973354,NA,NA
"PHJJKLOP_02430",6.93010266706982,0,4.08045587177767,0,NA,NA
"PHJJKLOP_02431",3.7662011738343,-1.42268143340828,3.76384665767503,-0.377986024087146,0.705440976298416,NA
"PHJJKLOP_02432",0,NA,NA,NA,NA,NA
"PHJJKLOP_02433",0,NA,NA,NA,NA,NA
"PHJJKLOP_02434",22.227120596527,-2.50614779208904,3.64599416182611,-0.687370215325255,NA,NA
"PHJJKLOP_02437",0,NA,NA,NA,NA,NA
"PHJJKLOP_02438",0,NA,NA,NA,NA,NA
"PHJJKLOP_02439",0,NA,NA,NA,NA,NA
"PHJJKLOP_02440",0,NA,NA,NA,NA,NA
"PHJJKLOP_02441",0,NA,NA,NA,NA,NA
"PHJJKLOP_02442",0,NA,NA,NA,NA,NA
"PHJJKLOP_02443",0,NA,NA,NA,NA,NA
"PHJJKLOP_02444",0,NA,NA,NA,NA,NA
"PHJJKLOP_02445",0,NA,NA,NA,NA,NA
"PHJJKLOP_02446",0,NA,NA,NA,NA,NA
"PHJJKLOP_02447",0.119882063757404,-1.16806149264712,4.08045587181216,-0.286257597028828,0.774680832435586,NA
"PHJJKLOP_02448",0,NA,NA,NA,NA,NA
"PHJJKLOP_02449",0,NA,NA,NA,NA,NA
"PHJJKLOP_02450",0,NA,NA,NA,NA,NA
"PHJJKLOP_02451",0,NA,NA,NA,NA,NA
"PHJJKLOP_02453",2.36994089756695,5.30308522814201,3.91825592839016,1.3534300273032,0.17591829006108,NA
"PHJJKLOP_02454",0,NA,NA,NA,NA,NA
"PHJJKLOP_02456",0,NA,NA,NA,NA,NA
"PHJJKLOP_02457",2.12337389505715,4.26767467457971,3.93024714781051,1.08585402242635,0.277543581167791,NA
"PHJJKLOP_02458",0,NA,NA,NA,NA,NA
"PHJJKLOP_02459",8.41120301072194,0.912624981810582,3.59645637450554,0.253756722389286,NA,NA
"PHJJKLOP_02460",0,NA,NA,NA,NA,NA
"PHJJKLOP_02461",0,NA,NA,NA,NA,NA
"PHJJKLOP_02463",5.70150441864831,6.56532690328386,3.91155276678421,1.67844518397776,NA,NA
"PHJJKLOP_02464",0,NA,NA,NA,NA,NA
"PHJJKLOP_02465",1.76052752390687,4.87638436705244,3.92219810016251,1.24327844808511,0.213765243235057,NA
"PHJJKLOP_02466",0,NA,NA,NA,NA,NA
"PHJJKLOP_02467",0,NA,NA,NA,NA,NA
"PHJJKLOP_02469",0,NA,NA,NA,NA,NA
"PHJJKLOP_02470",0,NA,NA,NA,NA,NA
"PHJJKLOP_02471",0,NA,NA,NA,NA,NA
"PHJJKLOP_02472",0,NA,NA,NA,NA,NA
"PHJJKLOP_02473",0,NA,NA,NA,NA,NA
"PHJJKLOP_02474",0,NA,NA,NA,NA,NA
"PHJJKLOP_02475",0,NA,NA,NA,NA,NA
"PHJJKLOP_02476",4.65122728889731,6.27207419032553,3.91263504929435,1.6030307225962,NA,NA
"PHJJKLOP_02477",0.918149902694408,0,4.08045587178332,0,1,NA
"PHJJKLOP_02478",0,NA,NA,NA,NA,NA
"PHJJKLOP_02479",0,NA,NA,NA,NA,NA
"PHJJKLOP_02480",0,NA,NA,NA,NA,NA
"PHJJKLOP_02481",0,NA,NA,NA,NA,NA
"PHJJKLOP_02482",0,NA,NA,NA,NA,NA
"PHJJKLOP_02483",0.550102443546835,-3.39560331645071,3.95945559811813,-0.85759348281733,0.391116974991516,NA
"PHJJKLOP_02484",1.45622737054255,0,4.0804558717809,0,1,NA
"PHJJKLOP_02485",0,NA,NA,NA,NA,NA
"PHJJKLOP_02486",0,NA,NA,NA,NA,NA
"PHJJKLOP_02487",0,NA,NA,NA,NA,NA
"PHJJKLOP_02488",0,NA,NA,NA,NA,NA
"PHJJKLOP_02489",2.72142381278259,5.38290251385309,3.91763835772878,1.37401720688017,0.169436340592261,NA
"PHJJKLOP_02490",0,NA,NA,NA,NA,NA
"PHJJKLOP_02491",0,NA,NA,NA,NA,NA
"PHJJKLOP_02492",0,NA,NA,NA,NA,NA
"PHJJKLOP_02493",0,NA,NA,NA,NA,NA
"PHJJKLOP_02494",0,NA,NA,NA,NA,NA
"PHJJKLOP_02495",1.62120669797323,4.75656780716394,3.9235290681369,1.2123187376875,0.225390393943174,NA
"PHJJKLOP_02496",0,NA,NA,NA,NA,NA
"PHJJKLOP_02497",0,NA,NA,NA,NA,NA
"PHJJKLOP_02498",0,NA,NA,NA,NA,NA
"PHJJKLOP_02499",0,NA,NA,NA,NA,NA
"PHJJKLOP_02501",0,NA,NA,NA,NA,NA
"PHJJKLOP_02502",0,NA,NA,NA,NA,NA
"PHJJKLOP_02503",25.182403128372,-22.0077688114462,3.90921068893181,-5.62972184481053,NA,NA
"PHJJKLOP_02504",0,NA,NA,NA,NA,NA
"PHJJKLOP_02505",0,NA,NA,NA,NA,NA
"PHJJKLOP_02506",0,NA,NA,NA,NA,NA
"PHJJKLOP_02507",0,NA,NA,NA,NA,NA
"PHJJKLOP_02508",0,NA,NA,NA,NA,NA
"PHJJKLOP_02509",0,NA,NA,NA,NA,NA
"PHJJKLOP_02511",0,NA,NA,NA,NA,NA
"PHJJKLOP_02512",0,NA,NA,NA,NA,NA
"PHJJKLOP_02514",0,NA,NA,NA,NA,NA
"PHJJKLOP_02515",5.72106541288709,-6.7743326192165,3.91185157052303,-1.73174582345177,NA,NA
"PHJJKLOP_02516",0,NA,NA,NA,NA,NA
"PHJJKLOP_02517",0,NA,NA,NA,NA,NA
"PHJJKLOP_02518",0,NA,NA,NA,NA,NA
"PHJJKLOP_02519",1.21022537580304,-4.53326565608646,3.93079762592941,-1.15326864608416,0.248800135208474,NA
"PHJJKLOP_02520",0,NA,NA,NA,NA,NA
"PHJJKLOP_02522",0,NA,NA,NA,NA,NA
"PHJJKLOP_02523",0,NA,NA,NA,NA,NA
"PHJJKLOP_02524",0,NA,NA,NA,NA,NA
"PHJJKLOP_02525",0,NA,NA,NA,NA,NA
"PHJJKLOP_02526",0,NA,NA,NA,NA,NA
"PHJJKLOP_02527",0,NA,NA,NA,NA,NA
"PHJJKLOP_02528",10.713672797563,0,4.08045587177737,0,NA,NA
"PHJJKLOP_02530",0,NA,NA,NA,NA,NA
"PHJJKLOP_02531",0,NA,NA,NA,NA,NA
"PHJJKLOP_02532",0,NA,NA,NA,NA,NA
"PHJJKLOP_02534",0,NA,NA,NA,NA,NA
"PHJJKLOP_02535",2.04840215115253,0.579830785097852,3.73845885432137,0.155098881034256,0.876743364316821,NA
"PHJJKLOP_02536",18.884823304834,-22.6922436195688,3.90829782965846,-5.80617051427523,NA,NA
"PHJJKLOP_02537",0,NA,NA,NA,NA,NA
"PHJJKLOP_02538",0,NA,NA,NA,NA,NA
"PHJJKLOP_02539",0,NA,NA,NA,NA,NA
"PHJJKLOP_02540",0,NA,NA,NA,NA,NA
"PHJJKLOP_02541",0,NA,NA,NA,NA,NA
"PHJJKLOP_02542",0,NA,NA,NA,NA,NA
"PHJJKLOP_02543",0,NA,NA,NA,NA,NA
"PHJJKLOP_02544",3.1169336576925,-5.89681880384802,3.91611532286108,-1.50578272540244,0.132122959293338,NA
"PHJJKLOP_02545",0,NA,NA,NA,NA,NA
"PHJJKLOP_02546",2.86732919288056,-5.77941503776596,3.91690804592596,-1.47550439530416,0.140076987477794,NA
"PHJJKLOP_02547",0,NA,NA,NA,NA,NA
"PHJJKLOP_02550",0,NA,NA,NA,NA,NA
"PHJJKLOP_02551",0,NA,NA,NA,NA,NA
"PHJJKLOP_02552",0,NA,NA,NA,NA,NA
"PHJJKLOP_02553",0,NA,NA,NA,NA,NA
"PHJJKLOP_02554",0,NA,NA,NA,NA,NA
"PHJJKLOP_02556",8.58159811933063,-7.35928911951854,3.91015261806777,-1.88209766685659,NA,NA
"PHJJKLOP_02557",0,NA,NA,NA,NA,NA
"PHJJKLOP_02558",0,NA,NA,NA,NA,NA
"PHJJKLOP_02559",0.110020488709367,-1.16806149264712,4.08045587181216,-0.286257597028828,0.774680832435586,NA
"PHJJKLOP_02561",0,NA,NA,NA,NA,NA
"PHJJKLOP_02562",0,NA,NA,NA,NA,NA
"PHJJKLOP_02563",0,NA,NA,NA,NA,NA
"PHJJKLOP_02564",0,NA,NA,NA,NA,NA
"PHJJKLOP_02566",0,NA,NA,NA,NA,NA
"PHJJKLOP_02567",0,NA,NA,NA,NA,NA
"PHJJKLOP_02568",38.6152246558941,-0.161021299921218,3.4524730371389,-0.0466394083861282,NA,NA
"PHJJKLOP_02569",0,NA,NA,NA,NA,NA
"PHJJKLOP_02570",0,NA,NA,NA,NA,NA
"PHJJKLOP_02571",0,NA,NA,NA,NA,NA
"PHJJKLOP_02572",0,NA,NA,NA,NA,NA
"PHJJKLOP_02573",0,NA,NA,NA,NA,NA
"PHJJKLOP_02574",3.74069661611848,-6.16135605395988,3.91454834026124,-1.57396346101801,0.115495897010835,NA
"PHJJKLOP_02576",0,NA,NA,NA,NA,NA
"PHJJKLOP_02577",0,NA,NA,NA,NA,NA
"PHJJKLOP_02578",0,NA,NA,NA,NA,NA
"PHJJKLOP_02580",0,NA,NA,NA,NA,NA
"PHJJKLOP_02582",0,NA,NA,NA,NA,NA
"PHJJKLOP_02583",0,NA,NA,NA,NA,NA
"PHJJKLOP_02584",0,NA,NA,NA,NA,NA
"PHJJKLOP_02585",0,NA,NA,NA,NA,NA
"PHJJKLOP_02586",0,NA,NA,NA,NA,NA
"PHJJKLOP_02587",0,NA,NA,NA,NA,NA
"PHJJKLOP_02589",0,NA,NA,NA,NA,NA
"PHJJKLOP_02592",0,NA,NA,NA,NA,NA
"PHJJKLOP_02596",0,NA,NA,NA,NA,NA
"PHJJKLOP_02597",0,NA,NA,NA,NA,NA
"PHJJKLOP_02598",0,NA,NA,NA,NA,NA
"PHJJKLOP_02600",0,NA,NA,NA,NA,NA
"PHJJKLOP_02601",0,NA,NA,NA,NA,NA
"PHJJKLOP_02602",0,NA,NA,NA,NA,NA
"PHJJKLOP_02603",0,NA,NA,NA,NA,NA
"PHJJKLOP_02605",9.54570283181713,-6.87783157294013,3.70419566083436,-1.85676789313848,NA,NA
"PHJJKLOP_02607",0,NA,NA,NA,NA,NA
"PHJJKLOP_02608",0,NA,NA,NA,NA,NA
"PHJJKLOP_02609",0,NA,NA,NA,NA,NA
"PHJJKLOP_02610",0,NA,NA,NA,NA,NA
"PHJJKLOP_02611",0,NA,NA,NA,NA,NA
"PHJJKLOP_02612",0,NA,NA,NA,NA,NA
"PHJJKLOP_02613",12.6899813718708,0,4.08045587177728,0,NA,NA
"PHJJKLOP_02614",0,NA,NA,NA,NA,NA
"PHJJKLOP_02615",4.00168871581593,-0.99101448380385,3.59459908069415,-0.275695414580831,0.78278201782826,NA
"PHJJKLOP_02616",0.252003733347994,0,4.08045587180084,0,1,NA
"PHJJKLOP_02617",12.9222030166721,-6.88129529528129,3.89227032225282,-1.76793869016231,NA,NA
"PHJJKLOP_02618",0,NA,NA,NA,NA,NA
"PHJJKLOP_02619",51.2932990360056,3.56317544929894,3.63698005953987,0.97970717215033,NA,NA
"PHJJKLOP_02620",1.1598544056411,-0.206967423168987,4.08036341306871,-0.0507227916283402,0.959546414930246,NA
"PHJJKLOP_02622",9.58506315752127,6.85657183053673,3.57786124947899,1.91638840984546,NA,NA
"PHJJKLOP_02623",0,NA,NA,NA,NA,NA
"PHJJKLOP_02624",0,NA,NA,NA,NA,NA
"PHJJKLOP_02625",0,NA,NA,NA,NA,NA
"PHJJKLOP_02626",0,NA,NA,NA,NA,NA
"PHJJKLOP_02627",0,NA,NA,NA,NA,NA
"PHJJKLOP_02628",0,NA,NA,NA,NA,NA
"PHJJKLOP_02629",0,NA,NA,NA,NA,NA
"PHJJKLOP_02630",0,NA,NA,NA,NA,NA
"PHJJKLOP_02632",2.94948319397193,0.959120338551049,2.60522712998939,0.368152291794595,0.71275968149466,NA
"PHJJKLOP_02633",0,NA,NA,NA,NA,NA
"PHJJKLOP_02634",3.41063514999038,-6.02808853756895,3.91530193363539,-1.53962290514127,0.12365229890165,NA
"PHJJKLOP_02635",2.50536609171363,5.38291758056394,3.91763835773777,1.37402105274268,0.169435146671962,NA
"PHJJKLOP_02636",0,NA,NA,NA,NA,NA
"PHJJKLOP_02637",0,NA,NA,NA,NA,NA
"PHJJKLOP_02638",0,NA,NA,NA,NA,NA
"PHJJKLOP_02639",0,NA,NA,NA,NA,NA
"PHJJKLOP_02642",0,NA,NA,NA,NA,NA
"PHJJKLOP_02643",0,NA,NA,NA,NA,NA
"PHJJKLOP_02645",0,NA,NA,NA,NA,NA
"PHJJKLOP_02646",1.00305417398784,4.02906876561154,3.9344367038175,1.02405225167359,0.305810595584122,NA
"PHJJKLOP_02647",2.64049172902481,-5.65884918799371,3.91779192073591,-1.44439758478311,0.148627169725781,NA
"PHJJKLOP_02649",19.7535708158461,-1.61149827042339,3.26775681071999,-0.493151223841631,NA,NA
"PHJJKLOP_02650",0,NA,NA,NA,NA,NA
"PHJJKLOP_02651",0,NA,NA,NA,NA,NA
"PHJJKLOP_02652",0,NA,NA,NA,NA,NA
"PHJJKLOP_02654",0,NA,NA,NA,NA,NA
"PHJJKLOP_02655",0,NA,NA,NA,NA,NA
"PHJJKLOP_02657",0,NA,NA,NA,NA,NA
"PHJJKLOP_02658",2.50866229996535,5.32026568383691,3.91812008123414,1.35786182493955,0.174507532717647,NA
"PHJJKLOP_02659",0,NA,NA,NA,NA,NA
"PHJJKLOP_02660",8.10213785807918,7.07165348277375,3.91013034128901,1.8085467402712,NA,NA
"PHJJKLOP_02661",0,NA,NA,NA,NA,NA
"PHJJKLOP_02662",3.90383291657919,5.52287819349031,3.54916482667346,1.55610642593535,0.119682787237422,NA
"PHJJKLOP_02663",0,NA,NA,NA,NA,NA
"PHJJKLOP_02664",0,NA,NA,NA,NA,NA
"PHJJKLOP_02665",0,NA,NA,NA,NA,NA
"PHJJKLOP_02668",0,NA,NA,NA,NA,NA
"PHJJKLOP_02669",0,NA,NA,NA,NA,NA
"PHJJKLOP_02670",0,NA,NA,NA,NA,NA
"PHJJKLOP_02671",0,NA,NA,NA,NA,NA
"PHJJKLOP_02672",0,NA,NA,NA,NA,NA
"PHJJKLOP_02674",0,NA,NA,NA,NA,NA
"PHJJKLOP_02675",4.2646658708746,0,4.08045587177821,0,1,NA
"PHJJKLOP_02678",0,NA,NA,NA,NA,NA
"PHJJKLOP_02679",0,NA,NA,NA,NA,NA
"PHJJKLOP_02680",0,NA,NA,NA,NA,NA
"PHJJKLOP_02681",0,NA,NA,NA,NA,NA
"PHJJKLOP_02682",0.976243001160119,-2.07320521540472,4.03720488011986,-0.513524895804438,0.60758420051862,NA
"PHJJKLOP_02683",0,NA,NA,NA,NA,NA
"PHJJKLOP_02684",0,NA,NA,NA,NA,NA
"PHJJKLOP_02686",0,NA,NA,NA,NA,NA
"PHJJKLOP_02687",0,NA,NA,NA,NA,NA
"PHJJKLOP_02688",0,NA,NA,NA,NA,NA
"PHJJKLOP_02689",0,NA,NA,NA,NA,NA
"PHJJKLOP_02690",6.71124981127139,-7.00462841395469,3.91109966964098,-1.79096136780316,NA,NA
"PHJJKLOP_02691",0,NA,NA,NA,NA,NA
"PHJJKLOP_02692",2.70850388293365,5.4949481312711,3.91682697057549,1.4029080611809,0.160644256732351,NA
"PHJJKLOP_02693",0,NA,NA,NA,NA,NA
"PHJJKLOP_02694",0,NA,NA,NA,NA,NA
"PHJJKLOP_02695",0,NA,NA,NA,NA,NA
"PHJJKLOP_02696",6.22664298352382,6.69225918331004,3.91114815496964,1.71107278940754,NA,NA
"PHJJKLOP_02697",0,NA,NA,NA,NA,NA
"PHJJKLOP_02698",0,NA,NA,NA,NA,NA
"PHJJKLOP_02699",0,NA,NA,NA,NA,NA
"PHJJKLOP_02701",0.32408658160345,0,4.08045587179516,0,1,NA
"PHJJKLOP_02702",0,NA,NA,NA,NA,NA
"PHJJKLOP_02703",0,NA,NA,NA,NA,NA
"PHJJKLOP_02704",0,NA,NA,NA,NA,NA
"PHJJKLOP_02705",0.756202023741384,0,4.0804558717847,0,1,NA
"PHJJKLOP_02706",0,NA,NA,NA,NA,NA
"PHJJKLOP_02708",0,NA,NA,NA,NA,NA
"PHJJKLOP_02709",0,NA,NA,NA,NA,NA
"PHJJKLOP_02710",0,NA,NA,NA,NA,NA
"PHJJKLOP_02711",9.59056510059232,-21.5539506148633,3.9097964067806,-5.51280638999084,NA,NA
"PHJJKLOP_02713",0.729066851642631,1.96679378551854,4.01614201407404,0.489722170836135,0.624330511005095,NA
"PHJJKLOP_02715",3.92733063025379,6.02928420786442,3.91371265188786,1.54055362366884,NA,NA
"PHJJKLOP_02716",0,NA,NA,NA,NA,NA
"PHJJKLOP_02717",0,NA,NA,NA,NA,NA
"PHJJKLOP_02718",3.04455932030824,0,3.92901705719644,0,1,NA
"PHJJKLOP_02719",0,NA,NA,NA,NA,NA
"PHJJKLOP_02722",0,NA,NA,NA,NA,NA
"PHJJKLOP_02724",0,NA,NA,NA,NA,NA
"PHJJKLOP_02725",0.239764127514808,-2.18136548899981,4.02792994487529,-0.541559937450041,0.588121696816609,NA
"PHJJKLOP_02726",0,NA,NA,NA,NA,NA
"PHJJKLOP_02727",0,NA,NA,NA,NA,NA
"PHJJKLOP_02728",0,NA,NA,NA,NA,NA
"PHJJKLOP_02729",0,NA,NA,NA,NA,NA
"PHJJKLOP_02730",0,NA,NA,NA,NA,NA
"PHJJKLOP_02731",0,NA,NA,NA,NA,NA
"PHJJKLOP_02732",0,NA,NA,NA,NA,NA
"PHJJKLOP_02733",0,NA,NA,NA,NA,NA
"PHJJKLOP_02734",0,NA,NA,NA,NA,NA
"PHJJKLOP_02735",0,NA,NA,NA,NA,NA
"PHJJKLOP_02737",0,NA,NA,NA,NA,NA
"PHJJKLOP_02738",0,NA,NA,NA,NA,NA
"PHJJKLOP_02740",0,NA,NA,NA,NA,NA
"PHJJKLOP_02741",0,NA,NA,NA,NA,NA
"PHJJKLOP_02742",0,NA,NA,NA,NA,NA
"PHJJKLOP_02743",0,NA,NA,NA,NA,NA
"PHJJKLOP_02744",0,NA,NA,NA,NA,NA
"PHJJKLOP_02745",0,NA,NA,NA,NA,NA
"PHJJKLOP_02746",0,NA,NA,NA,NA,NA
"PHJJKLOP_02747",0,NA,NA,NA,NA,NA
"PHJJKLOP_02749",0,NA,NA,NA,NA,NA
"PHJJKLOP_02750",0,NA,NA,NA,NA,NA
"PHJJKLOP_02751",0,NA,NA,NA,NA,NA
"PHJJKLOP_02752",0,NA,NA,NA,NA,NA
"PHJJKLOP_02753",0,NA,NA,NA,NA,NA
"PHJJKLOP_02769",0,NA,NA,NA,NA,NA
"PHJJKLOP_02770",0,NA,NA,NA,NA,NA
"PHJJKLOP_02771",0,NA,NA,NA,NA,NA
"PHJJKLOP_02772",0,NA,NA,NA,NA,NA
"PHJJKLOP_02773",0.350224351181338,1.90524698212784,4.01856283713327,0.474111531745262,0.635420375700978,NA
"PHJJKLOP_02774",0,NA,NA,NA,NA,NA
"PHJJKLOP_02775",0,NA,NA,NA,NA,NA
"PHJJKLOP_02776",0,NA,NA,NA,NA,NA
"PHJJKLOP_02777",0,NA,NA,NA,NA,NA
"PHJJKLOP_02778",0,NA,NA,NA,NA,NA
"PHJJKLOP_02779",0,NA,NA,NA,NA,NA
"PHJJKLOP_02780",0.110020488709367,-1.16806149264712,4.08045587181216,-0.286257597028828,0.774680832435586,NA
"PHJJKLOP_02782",0,NA,NA,NA,NA,NA
"PHJJKLOP_02783",0.733889088035596,3.12451768701849,3.95818456843704,0.789381503817106,0.429889063009569,NA
"PHJJKLOP_02785",0.108028860534484,0,4.08045587181216,0,1,NA
"PHJJKLOP_02786",0,NA,NA,NA,NA,NA
"PHJJKLOP_02787",0,NA,NA,NA,NA,NA
"PHJJKLOP_02788",0,NA,NA,NA,NA,NA
"PHJJKLOP_02790",0,NA,NA,NA,NA,NA
"PHJJKLOP_02791",0,NA,NA,NA,NA,NA
"PHJJKLOP_02792",0,NA,NA,NA,NA,NA
"PHJJKLOP_02793",0,NA,NA,NA,NA,NA
"PHJJKLOP_02794",0,NA,NA,NA,NA,NA
"PHJJKLOP_02795",0,NA,NA,NA,NA,NA
"PHJJKLOP_02796",0,NA,NA,NA,NA,NA
"PHJJKLOP_02798",0,NA,NA,NA,NA,NA
"PHJJKLOP_02799",0,NA,NA,NA,NA,NA
"PHJJKLOP_02800",0,NA,NA,NA,NA,NA
"PHJJKLOP_02802",0,NA,NA,NA,NA,NA
"PHJJKLOP_02803",0,NA,NA,NA,NA,NA
"PHJJKLOP_02804",19.7068441127776,-0.182561393216186,3.66905445767776,-0.0497570682915766,NA,NA
"PHJJKLOP_02806",0,NA,NA,NA,NA,NA
"PHJJKLOP_02807",0,NA,NA,NA,NA,NA
"PHJJKLOP_02808",0,NA,NA,NA,NA,NA
"PHJJKLOP_02810",0,NA,NA,NA,NA,NA
"PHJJKLOP_02812",0,NA,NA,NA,NA,NA
"PHJJKLOP_02813",1.1432445486258,-1.14265823597396,3.94755230831391,-0.28945993535473,0.772229435130386,NA
"PHJJKLOP_02814",0,NA,NA,NA,NA,NA
"PHJJKLOP_02815",0,NA,NA,NA,NA,NA
"PHJJKLOP_02816",0,NA,NA,NA,NA,NA
"PHJJKLOP_02817",0,NA,NA,NA,NA,NA
"PHJJKLOP_02818",0.6315633061916,-1.22025460763703,4.02783411606561,-0.30295552708337,0.761923754013781,NA
"PHJJKLOP_02819",0,NA,NA,NA,NA,NA
"PHJJKLOP_02820",0,NA,NA,NA,NA,NA
"PHJJKLOP_02821",0,NA,NA,NA,NA,NA
"PHJJKLOP_02822",0,NA,NA,NA,NA,NA
"PHJJKLOP_02823",0,NA,NA,NA,NA,NA
"PHJJKLOP_02824",0,NA,NA,NA,NA,NA
"PHJJKLOP_02825",0,NA,NA,NA,NA,NA
"PHJJKLOP_02827",0,NA,NA,NA,NA,NA
"PHJJKLOP_02828",0,NA,NA,NA,NA,NA
"PHJJKLOP_02830",0,NA,NA,NA,NA,NA
"PHJJKLOP_02833",0,NA,NA,NA,NA,NA
"PHJJKLOP_02834",0,NA,NA,NA,NA,NA
"PHJJKLOP_02835",0,NA,NA,NA,NA,NA
"PHJJKLOP_02836",0,NA,NA,NA,NA,NA
"PHJJKLOP_02837",0,NA,NA,NA,NA,NA
"PHJJKLOP_02838",0,NA,NA,NA,NA,NA
"PHJJKLOP_02839",0,NA,NA,NA,NA,NA
"PHJJKLOP_02840",0,NA,NA,NA,NA,NA
"PHJJKLOP_02841",0,NA,NA,NA,NA,NA
"PHJJKLOP_02842",0,NA,NA,NA,NA,NA
"PHJJKLOP_02843",1.2963463264138,0,4.08045587178141,0,1,NA
"PHJJKLOP_02844",0,NA,NA,NA,NA,NA
"PHJJKLOP_02845",3.5430664698643,5.87994277842828,3.80059848913422,1.54710969739077,0.121836795946296,NA
"PHJJKLOP_02847",0,NA,NA,NA,NA,NA
"PHJJKLOP_02848",0,NA,NA,NA,NA,NA
"PHJJKLOP_02849",0.812551164880096,3.77022987356334,3.93982031287482,0.956954778176742,0.338590080671665,NA
"PHJJKLOP_02850",0.783598357353584,1.42244394685499,4.04124978204653,0.351981199770001,0.724852361830254,NA
"PHJJKLOP_02851",0,NA,NA,NA,NA,NA
"PHJJKLOP_02852",0,NA,NA,NA,NA,NA
"PHJJKLOP_02853",0,NA,NA,NA,NA,NA
"PHJJKLOP_02855",0,NA,NA,NA,NA,NA
"PHJJKLOP_02857",0,NA,NA,NA,NA,NA
"PHJJKLOP_02858",0,NA,NA,NA,NA,NA
"PHJJKLOP_02859",0,NA,NA,NA,NA,NA
"PHJJKLOP_02861",0,NA,NA,NA,NA,NA
"PHJJKLOP_02862",0,NA,NA,NA,NA,NA
"PHJJKLOP_02864",0,NA,NA,NA,NA,NA
"PHJJKLOP_02867",0,NA,NA,NA,NA,NA
"PHJJKLOP_02868",0,NA,NA,NA,NA,NA
"PHJJKLOP_02869",0,NA,NA,NA,NA,NA
"PHJJKLOP_02870",0,NA,NA,NA,NA,NA
"PHJJKLOP_02871",0,NA,NA,NA,NA,NA
"PHJJKLOP_02873",0,NA,NA,NA,NA,NA
"PHJJKLOP_02875",3.78101011870692,0,4.08045587177839,0,1,NA
"PHJJKLOP_02876",14.8687617891155,-2.20469776464213,3.69325140552189,-0.596953069955061,NA,NA
"PHJJKLOP_02877",0,NA,NA,NA,NA,NA
"PHJJKLOP_02878",0,NA,NA,NA,NA,NA
"PHJJKLOP_02879",0,NA,NA,NA,NA,NA
"PHJJKLOP_02880",0,NA,NA,NA,NA,NA
"PHJJKLOP_02881",0,NA,NA,NA,NA,NA
"PHJJKLOP_02882",0,NA,NA,NA,NA,NA
"PHJJKLOP_02883",0,NA,NA,NA,NA,NA
"PHJJKLOP_02884",0,NA,NA,NA,NA,NA
"PHJJKLOP_02885",0,NA,NA,NA,NA,NA
"PHJJKLOP_02886",0,NA,NA,NA,NA,NA
"PHJJKLOP_02887",0,NA,NA,NA,NA,NA
"PHJJKLOP_02888",6.81296848529915,-1.91186599196957,3.70940602340029,-0.51541027860224,NA,NA
"PHJJKLOP_02889",0,NA,NA,NA,NA,NA
"PHJJKLOP_02890",0,NA,NA,NA,NA,NA
"PHJJKLOP_02891",0,NA,NA,NA,NA,NA
"PHJJKLOP_02892",0,NA,NA,NA,NA,NA
"PHJJKLOP_02895",0,NA,NA,NA,NA,NA
"PHJJKLOP_02896",0,NA,NA,NA,NA,NA
"PHJJKLOP_02897",1.30431283911334,-3.07362406450279,3.97251929302397,-0.773721620408564,0.439095431704089,NA
"PHJJKLOP_02898",0,NA,NA,NA,NA,NA
"PHJJKLOP_02899",0,NA,NA,NA,NA,NA
"PHJJKLOP_02901",0,NA,NA,NA,NA,NA
"PHJJKLOP_02902",0,NA,NA,NA,NA,NA
"PHJJKLOP_02903",0,NA,NA,NA,NA,NA
"PHJJKLOP_02905",0,NA,NA,NA,NA,NA
"PHJJKLOP_02906",0,NA,NA,NA,NA,NA
"PHJJKLOP_02907",0,NA,NA,NA,NA,NA
"PHJJKLOP_02908",0,NA,NA,NA,NA,NA
"PHJJKLOP_02909",0,NA,NA,NA,NA,NA
"PHJJKLOP_02910",0,NA,NA,NA,NA,NA
"PHJJKLOP_02911",0,NA,NA,NA,NA,NA
"PHJJKLOP_02912",0,NA,NA,NA,NA,NA
"PHJJKLOP_02913",0,NA,NA,NA,NA,NA
"PHJJKLOP_02914",0,NA,NA,NA,NA,NA
"PHJJKLOP_02915",0,NA,NA,NA,NA,NA
"PHJJKLOP_02916",0,NA,NA,NA,NA,NA
"PHJJKLOP_02917",0,NA,NA,NA,NA,NA
"PHJJKLOP_02919",0,NA,NA,NA,NA,NA
"PHJJKLOP_02920",0,NA,NA,NA,NA,NA
"PHJJKLOP_02921",0,NA,NA,NA,NA,NA
"PHJJKLOP_02922",0,NA,NA,NA,NA,NA
"PHJJKLOP_02923",0.593240522664944,-3.51222781734154,3.95538918958514,-0.887960109359029,0.374562209280564,NA
"PHJJKLOP_02924",0,NA,NA,NA,NA,NA
"PHJJKLOP_02925",0,NA,NA,NA,NA,NA
"PHJJKLOP_02926",0.630009333369984,0,4.08045587178635,0,1,NA
"PHJJKLOP_02927",0,NA,NA,NA,NA,NA
"PHJJKLOP_02928",0,NA,NA,NA,NA,NA
"PHJJKLOP_02929",0,NA,NA,NA,NA,NA
"PHJJKLOP_02930",0,NA,NA,NA,NA,NA
"PHJJKLOP_02931",0,NA,NA,NA,NA,NA
"PHJJKLOP_02933",0,NA,NA,NA,NA,NA
"PHJJKLOP_02935",0,NA,NA,NA,NA,NA
"PHJJKLOP_02937",0,NA,NA,NA,NA,NA
"PHJJKLOP_02938",0,NA,NA,NA,NA,NA
"PHJJKLOP_02939",0,NA,NA,NA,NA,NA
"PHJJKLOP_02941",0,NA,NA,NA,NA,NA
"PHJJKLOP_02942",0,NA,NA,NA,NA,NA
"PHJJKLOP_02943",0,NA,NA,NA,NA,NA
"PHJJKLOP_02944",0,NA,NA,NA,NA,NA
"PHJJKLOP_02945",0,NA,NA,NA,NA,NA
"PHJJKLOP_02946",33.007528309183,16.7381351081849,3.86881941007226,4.32641933728106,NA,NA
"PHJJKLOP_02947",11.4708454227244,-0.930933803280887,3.60943325488807,-0.257916890974552,NA,NA
"PHJJKLOP_02948",0,NA,NA,NA,NA,NA
"PHJJKLOP_02951",0,NA,NA,NA,NA,NA
"PHJJKLOP_02954",9.3967926655041,-1.47885388541081,3.70366027897115,-0.399295230668841,NA,NA
"PHJJKLOP_02955",0,NA,NA,NA,NA,NA
"PHJJKLOP_02956",0,NA,NA,NA,NA,NA
"PHJJKLOP_02957",0.432115442137934,0,4.08045587179059,0,1,NA
"PHJJKLOP_02958",0,NA,NA,NA,NA,NA
"PHJJKLOP_02960",3.17633821762816,5.71056711330024,3.91543098751889,1.45847727402262,0.144709034778256,NA
"PHJJKLOP_02961",0,NA,NA,NA,NA,NA
"PHJJKLOP_02962",0,NA,NA,NA,NA,NA
"PHJJKLOP_02963",0,NA,NA,NA,NA,NA
"PHJJKLOP_02964",0,NA,NA,NA,NA,NA
"PHJJKLOP_02965",0,NA,NA,NA,NA,NA
"PHJJKLOP_02966",0,NA,NA,NA,NA,NA
"PHJJKLOP_02967",0,NA,NA,NA,NA,NA
"PHJJKLOP_02968",0.300079179928859,2.3497202582611,3.99377797859174,0.588345238732986,0.556300586370508,NA
"PHJJKLOP_02969",0,NA,NA,NA,NA,NA
"PHJJKLOP_02970",0,NA,NA,NA,NA,NA
"PHJJKLOP_02972",0,NA,NA,NA,NA,NA
"PHJJKLOP_02974",0,NA,NA,NA,NA,NA
"PHJJKLOP_02975",0,NA,NA,NA,NA,NA
"PHJJKLOP_02976",0,NA,NA,NA,NA,NA
"PHJJKLOP_02977",0,NA,NA,NA,NA,NA
"PHJJKLOP_02978",0,NA,NA,NA,NA,NA
"PHJJKLOP_02979",0,NA,NA,NA,NA,NA
"PHJJKLOP_02981",0,NA,NA,NA,NA,NA
"PHJJKLOP_02982",0,NA,NA,NA,NA,NA
"PHJJKLOP_02983",0,NA,NA,NA,NA,NA
"PHJJKLOP_02984",0,NA,NA,NA,NA,NA
"PHJJKLOP_02985",0,NA,NA,NA,NA,NA
"PHJJKLOP_02986",0,NA,NA,NA,NA,NA
"PHJJKLOP_02987",0,NA,NA,NA,NA,NA
"PHJJKLOP_02988",0,NA,NA,NA,NA,NA
"PHJJKLOP_02989",0.359646191272212,-2.77140315459942,3.98768263737102,-0.694990902392005,0.487061002954387,NA
"PHJJKLOP_02992",0,NA,NA,NA,NA,NA
"PHJJKLOP_02993",0,NA,NA,NA,NA,NA
"PHJJKLOP_02994",0,NA,NA,NA,NA,NA
"PHJJKLOP_02995",0,NA,NA,NA,NA,NA
"PHJJKLOP_02996",0,NA,NA,NA,NA,NA
"PHJJKLOP_02998",0,NA,NA,NA,NA,NA
"PHJJKLOP_02999",0,NA,NA,NA,NA,NA
"PHJJKLOP_03000",0,NA,NA,NA,NA,NA
"PHJJKLOP_03001",0,NA,NA,NA,NA,NA
"PHJJKLOP_03002",0,NA,NA,NA,NA,NA
"PHJJKLOP_03003",0,NA,NA,NA,NA,NA
"PHJJKLOP_03004",0,NA,NA,NA,NA,NA
"PHJJKLOP_03007",0,NA,NA,NA,NA,NA
"PHJJKLOP_03008",0,NA,NA,NA,NA,NA
"PHJJKLOP_03010",0,NA,NA,NA,NA,NA
"PHJJKLOP_03011",0,NA,NA,NA,NA,NA
"PHJJKLOP_03012",0,NA,NA,NA,NA,NA
"PHJJKLOP_03013",0,NA,NA,NA,NA,NA
"PHJJKLOP_03014",0,NA,NA,NA,NA,NA
"PHJJKLOP_03015",0,NA,NA,NA,NA,NA
"PHJJKLOP_03016",0.812551164880096,3.77022987356334,3.93982031287482,0.956954778176742,0.338590080671665,NA
"PHJJKLOP_03017",0,NA,NA,NA,NA,NA
"PHJJKLOP_03019",0,NA,NA,NA,NA,NA
"PHJJKLOP_03020",0,NA,NA,NA,NA,NA
"PHJJKLOP_03021",0,NA,NA,NA,NA,NA
"PHJJKLOP_03023",0,NA,NA,NA,NA,NA
"PHJJKLOP_03025",0,NA,NA,NA,NA,NA
"PHJJKLOP_03026",0,NA,NA,NA,NA,NA
"PHJJKLOP_03027",0,NA,NA,NA,NA,NA
"PHJJKLOP_03028",0,NA,NA,NA,NA,NA
"PHJJKLOP_03029",0,NA,NA,NA,NA,NA
"PHJJKLOP_03030",0,NA,NA,NA,NA,NA
"PHJJKLOP_03031",9.18974550231517,-7.04980563079279,3.86783211884387,-1.82267622124717,NA,NA
"PHJJKLOP_03032",0,NA,NA,NA,NA,NA
"PHJJKLOP_03033",0.444371880038647,1.43003422964535,3.99133922811754,0.358284312085346,0.720130557059021,NA
"PHJJKLOP_03034",0,NA,NA,NA,NA,NA
"PHJJKLOP_03035",0,NA,NA,NA,NA,NA
"PHJJKLOP_03036",6.07660339355939,6.65711799776295,3.91125664287872,1.702040700879,NA,NA
"PHJJKLOP_03037",0,NA,NA,NA,NA,NA
"PHJJKLOP_03039",0,NA,NA,NA,NA,NA
"PHJJKLOP_03040",0,NA,NA,NA,NA,NA
"PHJJKLOP_03041",0,NA,NA,NA,NA,NA
"PHJJKLOP_03042",0,NA,NA,NA,NA,NA
"PHJJKLOP_03043",0,NA,NA,NA,NA,NA
"PHJJKLOP_03044",0,NA,NA,NA,NA,NA
"PHJJKLOP_03045",0,NA,NA,NA,NA,NA
"PHJJKLOP_03046",0,NA,NA,NA,NA,NA
"PHJJKLOP_03047",0,NA,NA,NA,NA,NA
"PHJJKLOP_03048",0,NA,NA,NA,NA,NA
"PHJJKLOP_03049",0,NA,NA,NA,NA,NA
"PHJJKLOP_03050",0,NA,NA,NA,NA,NA
"PHJJKLOP_03051",0,NA,NA,NA,NA,NA
"PHJJKLOP_03052",0,NA,NA,NA,NA,NA
"PHJJKLOP_03053",0,NA,NA,NA,NA,NA
"PHJJKLOP_03054",0,NA,NA,NA,NA,NA
"PHJJKLOP_03055",0,NA,NA,NA,NA,NA
"PHJJKLOP_03056",0,NA,NA,NA,NA,NA
"PHJJKLOP_03057",0,NA,NA,NA,NA,NA
"PHJJKLOP_03058",0,NA,NA,NA,NA,NA
"PHJJKLOP_03059",0,NA,NA,NA,NA,NA
"PHJJKLOP_03060",0,NA,NA,NA,NA,NA
"PHJJKLOP_03061",0,NA,NA,NA,NA,NA
"PHJJKLOP_03062",0,NA,NA,NA,NA,NA
"PHJJKLOP_03063",0,NA,NA,NA,NA,NA
"PHJJKLOP_03064",0,NA,NA,NA,NA,NA
"PHJJKLOP_03065",0,NA,NA,NA,NA,NA
"PHJJKLOP_03068",0,NA,NA,NA,NA,NA
"PHJJKLOP_03069",0,NA,NA,NA,NA,NA
"PHJJKLOP_03070",0,NA,NA,NA,NA,NA
"PHJJKLOP_03071",0,NA,NA,NA,NA,NA
"PHJJKLOP_03072",0,NA,NA,NA,NA,NA
"PHJJKLOP_03073",0,NA,NA,NA,NA,NA
"PHJJKLOP_03074",15.2226372563161,1.44683401263604,2.95044763019603,0.490377798212237,NA,NA
"PHJJKLOP_03077",0,NA,NA,NA,NA,NA
"PHJJKLOP_03078",0,NA,NA,NA,NA,NA
"PHJJKLOP_03079",0,NA,NA,NA,NA,NA
"PHJJKLOP_03080",0,NA,NA,NA,NA,NA
"PHJJKLOP_03081",0,NA,NA,NA,NA,NA
"PHJJKLOP_03083",0,NA,NA,NA,NA,NA
"PHJJKLOP_03084",0,NA,NA,NA,NA,NA
"PHJJKLOP_03086",0,NA,NA,NA,NA,NA
"PHJJKLOP_03089",0,NA,NA,NA,NA,NA
"PHJJKLOP_03090",0,NA,NA,NA,NA,NA
"PHJJKLOP_03091",0,NA,NA,NA,NA,NA
"PHJJKLOP_03092",0,NA,NA,NA,NA,NA
"PHJJKLOP_03093",0,NA,NA,NA,NA,NA
"PHJJKLOP_03094",0,NA,NA,NA,NA,NA
"PHJJKLOP_03095",1.89595271805356,4.98270745358809,3.92110523989728,1.27074055623119,0.203820962368153,NA
"PHJJKLOP_03096",0,NA,NA,NA,NA,NA
"PHJJKLOP_03097",0,NA,NA,NA,NA,NA
"PHJJKLOP_03098",0,NA,NA,NA,NA,NA
"PHJJKLOP_03099",0,NA,NA,NA,NA,NA
"PHJJKLOP_03100",0,NA,NA,NA,NA,NA
"PHJJKLOP_03101",0,NA,NA,NA,NA,NA
"PHJJKLOP_03102",0,NA,NA,NA,NA,NA
"PHJJKLOP_03103",0,NA,NA,NA,NA,NA
"PHJJKLOP_03104",0,NA,NA,NA,NA,NA
"PHJJKLOP_03105",0,NA,NA,NA,NA,NA
"PHJJKLOP_03106",0,NA,NA,NA,NA,NA
"PHJJKLOP_03107",0,NA,NA,NA,NA,NA
"PHJJKLOP_03108",0,NA,NA,NA,NA,NA
"PHJJKLOP_03109",0,NA,NA,NA,NA,NA
"PHJJKLOP_03110",0,NA,NA,NA,NA,NA
"PHJJKLOP_03111",0,NA,NA,NA,NA,NA
"PHJJKLOP_03112",24.4927575910726,-1.84002853438134,3.65267497959112,-0.503748224154154,NA,NA
"PHJJKLOP_03113",0,NA,NA,NA,NA,NA
"PHJJKLOP_03114",0,NA,NA,NA,NA,NA
"PHJJKLOP_03116",0,NA,NA,NA,NA,NA
"PHJJKLOP_03117",0,NA,NA,NA,NA,NA
"PHJJKLOP_03118",0,NA,NA,NA,NA,NA
"PHJJKLOP_03119",0,NA,NA,NA,NA,NA
"PHJJKLOP_03120",0,NA,NA,NA,NA,NA
"PHJJKLOP_03121",0,NA,NA,NA,NA,NA
"PHJJKLOP_03122",0,NA,NA,NA,NA,NA
"PHJJKLOP_03123",0,NA,NA,NA,NA,NA
"PHJJKLOP_03124",0,NA,NA,NA,NA,NA
"PHJJKLOP_03125",0,NA,NA,NA,NA,NA
"PHJJKLOP_03126",0,NA,NA,NA,NA,NA
"PHJJKLOP_03127",0,NA,NA,NA,NA,NA
"PHJJKLOP_03128",0,NA,NA,NA,NA,NA
"PHJJKLOP_03129",0,NA,NA,NA,NA,NA
"PHJJKLOP_03130",0,NA,NA,NA,NA,NA
"PHJJKLOP_03131",0,NA,NA,NA,NA,NA
"PHJJKLOP_03134",0,NA,NA,NA,NA,NA
"PHJJKLOP_03135",0,NA,NA,NA,NA,NA
"PHJJKLOP_03136",0,NA,NA,NA,NA,NA
"PHJJKLOP_03137",0,NA,NA,NA,NA,NA
"PHJJKLOP_03138",0,NA,NA,NA,NA,NA
"PHJJKLOP_03139",0,NA,NA,NA,NA,NA
"PHJJKLOP_03140",0,NA,NA,NA,NA,NA
"PHJJKLOP_03141",0,NA,NA,NA,NA,NA
"PHJJKLOP_03142",0,NA,NA,NA,NA,NA
"PHJJKLOP_03143",0,NA,NA,NA,NA,NA
"PHJJKLOP_03144",0,NA,NA,NA,NA,NA
"PHJJKLOP_03145",0,NA,NA,NA,NA,NA
"PHJJKLOP_03146",0,NA,NA,NA,NA,NA
"PHJJKLOP_03147",0,NA,NA,NA,NA,NA
"PHJJKLOP_03148",0,NA,NA,NA,NA,NA
"PHJJKLOP_03149",17.651622590004,-2.63068115752446,3.57402332301687,-0.736055957045035,NA,NA
"PHJJKLOP_03150",14.6558409134022,-5.29539299503399,3.3194613739971,-1.59525669932938,NA,NA
"PHJJKLOP_03151",0,NA,NA,NA,NA,NA
"PHJJKLOP_03152",0,NA,NA,NA,NA,NA
"PHJJKLOP_03154",0,NA,NA,NA,NA,NA
"PHJJKLOP_03157",0,NA,NA,NA,NA,NA
"PHJJKLOP_03158",0,NA,NA,NA,NA,NA
"PHJJKLOP_03159",0,NA,NA,NA,NA,NA
"PHJJKLOP_03160",0,NA,NA,NA,NA,NA
"PHJJKLOP_03161",18.0608870220183,-22.4297021640461,3.84029412886571,-5.840620903345,NA,NA
"PHJJKLOP_03164",0,NA,NA,NA,NA,NA
"PHJJKLOP_03165",0,NA,NA,NA,NA,NA
"PHJJKLOP_03167",0,NA,NA,NA,NA,NA
"PHJJKLOP_03168",0,NA,NA,NA,NA,NA
"PHJJKLOP_03169",0,NA,NA,NA,NA,NA
"PHJJKLOP_03170",0,NA,NA,NA,NA,NA
"PHJJKLOP_03171",0,NA,NA,NA,NA,NA
"PHJJKLOP_03172",0.0677125970733413,0.754832062527196,4.08036365907959,0.184991369788217,0.853235804658712,NA
"PHJJKLOP_03173",0,NA,NA,NA,NA,NA
"PHJJKLOP_03176",0,NA,NA,NA,NA,NA
"PHJJKLOP_03177",0,NA,NA,NA,NA,NA
"PHJJKLOP_03178",0,NA,NA,NA,NA,NA
"PHJJKLOP_03179",0,NA,NA,NA,NA,NA
"PHJJKLOP_03180",0,NA,NA,NA,NA,NA
"PHJJKLOP_03181",0,NA,NA,NA,NA,NA
"PHJJKLOP_03182",0,NA,NA,NA,NA,NA
"PHJJKLOP_03183",0,NA,NA,NA,NA,NA
"PHJJKLOP_03184",0,NA,NA,NA,NA,NA
"PHJJKLOP_03185",0,NA,NA,NA,NA,NA
"PHJJKLOP_03186",0,NA,NA,NA,NA,NA
"PHJJKLOP_03187",0,NA,NA,NA,NA,NA
"PHJJKLOP_03188",0,NA,NA,NA,NA,NA
"PHJJKLOP_03189",0,NA,NA,NA,NA,NA
"PHJJKLOP_03190",0,NA,NA,NA,NA,NA
"PHJJKLOP_03191",0,NA,NA,NA,NA,NA
"PHJJKLOP_03192",0,NA,NA,NA,NA,NA
"PHJJKLOP_03193",0,NA,NA,NA,NA,NA
"PHJJKLOP_03194",0,NA,NA,NA,NA,NA
"PHJJKLOP_03195",0,NA,NA,NA,NA,NA
"PHJJKLOP_03196",0,NA,NA,NA,NA,NA
"PHJJKLOP_03197",0,NA,NA,NA,NA,NA
"PHJJKLOP_03198",0,NA,NA,NA,NA,NA
"PHJJKLOP_03199",0,NA,NA,NA,NA,NA
"PHJJKLOP_03200",0,NA,NA,NA,NA,NA
"PHJJKLOP_03201",0,NA,NA,NA,NA,NA
"PHJJKLOP_03202",0,NA,NA,NA,NA,NA
"PHJJKLOP_03203",0,NA,NA,NA,NA,NA
"PHJJKLOP_03204",0,NA,NA,NA,NA,NA
"PHJJKLOP_03205",0,NA,NA,NA,NA,NA
"PHJJKLOP_03206",0,NA,NA,NA,NA,NA
"PHJJKLOP_03207",0,NA,NA,NA,NA,NA
"PHJJKLOP_03208",0,NA,NA,NA,NA,NA
