"","ERR1801006","ERR1801007","ERR1801008","ERR1801009","ERR1801010","ERR1801011","ERR1801012","ERR1801013","ERR1801014"
"PHJJKLOP_00001",0,0,0,0,0,0,0,0,0
"PHJJKLOP_00002",0,0,0,0,0,0,0,0,0
"PHJJKLOP_00003",0,0,0,0,0,0,0,0,0
"PHJJKLOP_00004",0,0,0,0,0,0,0,0,0
"PHJJKLOP_00005",0,0,0,0,0,0,0,0,0
"PHJJKLOP_00006",0,0,0,0,0,0,0,0,0
"PHJJKLOP_00023",0,0,0,0,0,0,0,0,0
"PHJJKLOP_00024",0,0,0,0,0,0,0,0,0
"PHJJKLOP_00025",0,0,49.8967392029027,0,0,0,0,0,0
"PHJJKLOP_00026",0,0,0,0,0,0,0,0,0
"PHJJKLOP_00027",0,0,0,0,0,0,0,0,0
"PHJJKLOP_00028",0,0,0,0,0,0,0,0,0
"PHJJKLOP_00029",0,0,0,0,0,0,0,0,0
"PHJJKLOP_00030",0,0,0,0,0,0,0,0,0
"PHJJKLOP_00031",0,0,0,0,0,0,0,0,0
"PHJJKLOP_00032",0,0,0,0,0,0,0,0,0
"PHJJKLOP_00033",0,0,0,0,0,0,0,0,0
"PHJJKLOP_00034",0,0,0,0,0,0,0,0,0
"PHJJKLOP_00035",0,0,0,0,0,0,0,0,0
"PHJJKLOP_00036",0,4.86129872405176,0,29.0326606581171,0,0,0,2.97055319515291,87.3940244791475
"PHJJKLOP_00037",0,0,0,0,0,0,0,0,0
"PHJJKLOP_00038",0,0,0,0,0,0,0,0,0
"PHJJKLOP_00039",0,0,0,0,0,0,0,0,0
"PHJJKLOP_00040",0,0,0,0,0,4.2658936156205,0,3.96073759353721,0
"PHJJKLOP_00041",0,0,0,0,0,0,0,0,0
"PHJJKLOP_00042",0,0,0,0,0,0,0,0,0
"PHJJKLOP_00043",0,0,0,0,0,0,0,0,58.2626829860983
"PHJJKLOP_00044",0,0,0,0,0,0,0,0,0
"PHJJKLOP_00045",0,0,0,0,0,0,0,0,0
"PHJJKLOP_00046",0,0,0,0,0,0,0,0,0
"PHJJKLOP_00047",0,0,0,0,0,0,0,0,0
"PHJJKLOP_00048",0,0,0,0,0,0,0,0,0
"PHJJKLOP_00049",0,22.3619741306381,0,0,0,0,0,0.990184398384303,0
"PHJJKLOP_00050",0,0,0,0,0,0,0,0,0
"PHJJKLOP_00051",13.1060463348829,70.9749613711557,58.9688736034305,0,0,66.4260577289478,32.9248490079044,91.0969646513559,63.6573758551815
"PHJJKLOP_00052",0,0,0,0,0,0,0,0,0
"PHJJKLOP_00053",0,0,0,0,0,0,0,0,0
"PHJJKLOP_00054",0,0,0,0,0,0,0,0,0
"PHJJKLOP_00055",0,0,0,0,0,0,0,0,0
"PHJJKLOP_00056",0,0,0,0,0,0,0,0,0
"PHJJKLOP_00057",0,0,0,0,0,0,0,0,0
"PHJJKLOP_00058",0,0,0,0,0,0,0,0,0
"PHJJKLOP_00059",0,0,0,0,0,0,0,0,0
"PHJJKLOP_00060",0,0,0,0,0,54.8472036294065,0,0,0
"PHJJKLOP_00061",3.7445846671094,0,0,0,0,0,0,0,0
"PHJJKLOP_00062",0,0,0,0,0,0,0,0,0
"PHJJKLOP_00063",0,0,0,0,0,0,0,0,0
"PHJJKLOP_00064",0,0,0,0,0,0,0,0,0
"PHJJKLOP_00065",0,0,0,0,0,0,0,0,0
"PHJJKLOP_00066",0,0,0,0,0,0,0,0,0
"PHJJKLOP_00067",0,0,0,0,0,0,0,0,0
"PHJJKLOP_00068",0,0,0,0,0,0,0,0,0
"PHJJKLOP_00069",43.9988698385355,0,116.803730406795,25.6567698839174,97.7977819638144,31.6894954303237,0,0,0
"PHJJKLOP_00070",33.7012620039846,0,0,0,0,10.9694407258813,0,0,0
"PHJJKLOP_00071",0,0,0,0,0,0,0,0,0
"PHJJKLOP_00072",0,0,0,0,0,0,0,0,0
"PHJJKLOP_00073",0,19.445194896207,0,17.5546320258382,0,0,0,21.7840567644547,0
"PHJJKLOP_00074",0,0,0,0,0,0,0,0,0
"PHJJKLOP_00075",0,0,0,0,0,0,0,0,0
"PHJJKLOP_00076",0,0,0,0,1.50458126098176,0,0,37.6270071386035,0
"PHJJKLOP_00077",72.083254841856,0,0,66.1674591743133,0,102.990860148552,0,0,0
"PHJJKLOP_00078",170.378602353478,212.924884113467,273.298048815899,589.430529175261,145.944382315231,93.849659543651,116.571762703661,96.0478866432774,88.4729630529641
"PHJJKLOP_00079",0,0,0,0,0,0,0,0,0
"PHJJKLOP_00080",0,0,0,0,0,0,0,0,0
"PHJJKLOP_00081",0,0,0,0,0,0,0,0,0
"PHJJKLOP_00082",0,0,0,0,0,0,0,0,0
"PHJJKLOP_00083",0,0,0,0,0,0,0,0,0
"PHJJKLOP_00084",0,20.4174546410174,0,27.0071261935973,0,34.7365622986241,0,0,60.4205601337316
"PHJJKLOP_00085",0,0,0,0,0,0,0,0,0
"PHJJKLOP_00086",0,0,0,0,0,0,0,0,0
"PHJJKLOP_00087",0,0,0,0,0,0,0,0,0
"PHJJKLOP_00088",0,0,0,0,0,0,0,0,0
"PHJJKLOP_00089",0,0,0,0,0,0,0,0,0
"PHJJKLOP_00090",0,0,0,0,0,0,0,0,0
"PHJJKLOP_00091",0,0,0,0,0,0,0,0,0
"PHJJKLOP_00092",0,0,0,0,0,0,0,0,0
"PHJJKLOP_00093",0,0,0,0,0,0,0,0,0
"PHJJKLOP_00094",0,0,0,0,0,0,0,0,0
"PHJJKLOP_00095",0,0,0,0,0,0,0,0,0
"PHJJKLOP_00096",0,0,0,0,0,0,0,0,0
"PHJJKLOP_00097",0,0,0,0,0,0,0,0,0
"PHJJKLOP_00098",0,0,0,0,0,0,0,0,0
"PHJJKLOP_00099",0,0,0,2.70071261935973,0,0,0,0,0
"PHJJKLOP_00100",0,0,0,0,0,0,0,0,0
"PHJJKLOP_00101",0,0,0,0,0,0,0,0,0
"PHJJKLOP_00102",0,27.2232728546898,0,0,0,26.2047750673831,0,0,0
"PHJJKLOP_00103",0,0,0,0,0,0,0,0,0
"PHJJKLOP_00104",0,0,0,0,0,0,0,0,0
"PHJJKLOP_00105",0,0,0,0,0,0,0,0,0
"PHJJKLOP_00106",0,0,0,0,0,0,0,0,0
"PHJJKLOP_00107",0,0,0,0,0,0,0,0,0
"PHJJKLOP_00108",0,0,0,0,0,0,0,0,0
"PHJJKLOP_00109",0,0,0,0,0,0,0,0,0
"PHJJKLOP_00110",0,0,0,0,0,0,0,0,0
"PHJJKLOP_00111",0.936146166777351,0,0,0,0,0,0,0,0
"PHJJKLOP_00112",0,0,0,0,0,0,0,0,0
"PHJJKLOP_00113",0,0,0,0,0,0,0,0,0
"PHJJKLOP_00114",0,0,0,0,0,0,0,0,0
"PHJJKLOP_00115",0,0,0,0,0,0,0,0,0
"PHJJKLOP_00116",0,1.9445194896207,0,0,0,0,0,0,0
"PHJJKLOP_00117",0,0,0,0,0,0,0,0,0
"PHJJKLOP_00118",0,0,0,0,0,0,0,0,0
"PHJJKLOP_00119",20.5952156691017,0,0,0,0,3.65648024196043,0,0,0
"PHJJKLOP_00120",0,0,0,0,0,0,0,0,0
"PHJJKLOP_00121",0,0,0,0,0,0,0,0,0
"PHJJKLOP_00122",0,1.9445194896207,0,0,0,0,0,0.990184398384303,0
"PHJJKLOP_00123",0,0,0,0,0,24.9859483200629,0,0,0
"PHJJKLOP_00124",0,0,0,0,0,0,0,0,0
"PHJJKLOP_00125",0,0,0,0,0,0,0,0,0
"PHJJKLOP_00126",0,0,0,0,0,0,0,0,0
"PHJJKLOP_00127",0,0,0,0,0,0,0,3.96073759353721,0
"PHJJKLOP_00128",0,0,0,0,0,0,0,0,0
"PHJJKLOP_00129",1.8722923335547,0,0,0,0,0,0,0,0
"PHJJKLOP_00130",0,0,0,0,0,0,0,0,0
"PHJJKLOP_00131",0,0,0,0,0,0,0,0,0
"PHJJKLOP_00132",0,0,0,0,0,34.127148924964,0,0,0
"PHJJKLOP_00133",0,0,0,0,0,0,0,0,0
"PHJJKLOP_00134",0,0,0,0,0,0,0,0,0
"PHJJKLOP_00135",0,0,0,0,0,0,0,0,0
"PHJJKLOP_00136",44.9350160053128,6.80581821367246,0,50.6383616129949,0,2.43765349464029,113.012319567672,67.3325390901326,37.7628500835823
"PHJJKLOP_00137",39.3181390046487,0.972259744810351,0,22.9560572645577,0,88.3649391807104,0,1.98036879676861,93.8676559220473
"PHJJKLOP_00138",0,0,0,0,0,0,0,0,0
"PHJJKLOP_00139",0,0,0,0,0,0,0,0,0
"PHJJKLOP_00140",0,0,0,0,0,0,0,0,0
"PHJJKLOP_00141",0,0,0,0,0,0,0,0,0
"PHJJKLOP_00142",0,0,0,0,0,0,0,0,0
"PHJJKLOP_00143",0,0,0,0,0,0,0,0,0
"PHJJKLOP_00144",0,0,0,0,0,0,0,0,0
"PHJJKLOP_00146",0,0,0,0,0,0,0,0,0
"PHJJKLOP_00147",0,0,0,0,0,0,0,0,0
"PHJJKLOP_00148",0,0,0,0,0,0,0,0,0
"PHJJKLOP_00149",0,0,0,0,0,0,0,0,0
"PHJJKLOP_00150",0,0,0,0,0,0,0,0,0
"PHJJKLOP_00151",0,0,0,0,0,0,0,0,0
"PHJJKLOP_00152",0,0,0,0,0,0,0,0,0
"PHJJKLOP_00153",0,0,0,0,0,0,0,0,0
"PHJJKLOP_00154",0,0,0,0,0,0,0,0,0
"PHJJKLOP_00155",323.906573704963,118.615688866863,611.235055235558,216.057009548778,293.393345891443,359.553890459442,168.183688175512,160.409872538257,208.235144746611
"PHJJKLOP_00156",42.1265775049808,23.3342338754484,0,151.239906684145,4.51374378294528,59.722510618687,2.66958235199225,13.8625815773802,43.1575429526654
"PHJJKLOP_00157",0,0,0,0,0,0,0,0,0
"PHJJKLOP_00158",12.1699001681056,0,0,0,0,0,0,0,0
"PHJJKLOP_00159",0,0,0,0,0,0,0,0,0
"PHJJKLOP_00160",0,0,0,0,0,0,0,0,0
"PHJJKLOP_00161",86.1254473435163,28.1955325995002,70.3090416040902,0,0,33.5177355513039,20.4667980319406,29.7055319515291,72.2888844457146
"PHJJKLOP_00162",0,0,0,0,0,0,0,0,0
"PHJJKLOP_00163",0,0,0,0,0,0,0,0,0
"PHJJKLOP_00164",0,0,0,0,0,0,0,0,0
"PHJJKLOP_00165",43.9988698385355,45.6962080060865,68.0410080039583,122.882424180868,66.2015754831975,159.056890525279,0,188.135035693018,16.1840786072495
"PHJJKLOP_00166",0,0,0,0,0,0,0,0,0
"PHJJKLOP_00167",0,0,0,0,0,0,0,0,0
"PHJJKLOP_00168",0,0,0,0,0,0,0,0,0
"PHJJKLOP_00169",191.909964189357,147.783481211173,123.607831207191,137.736343587346,0,49.3624832664658,176.192435231488,34.6564539434506,131.63050600563
"PHJJKLOP_00170",0,0,0,0,0,0,0,0,0
"PHJJKLOP_00171",0,0,0,0,0,0,0,0,0
"PHJJKLOP_00172",645.940855076372,286.816624719054,115.669713606729,609.685873820458,350.56743380875,575.895638108768,937.023405549279,283.192737937911,453.154201002987
"PHJJKLOP_00173",239.653418695002,385.98711868971,212.061141612337,566.474471910703,264.80630193279,548.472036294065,325.689046943054,134.665078180265,145.656707465246
"PHJJKLOP_00174",0,50.5575067301383,0,41.8610456000758,0,95.0684862909712,0,0,0
"PHJJKLOP_00175",0,0,0,0,0,0,0,0,0
"PHJJKLOP_00176",0,0,0,0,0,0,0,0,0
"PHJJKLOP_00177",0,0,0,0,0,0,0,0,0
"PHJJKLOP_00178",0,0,0,0,0,0,0,0,0
"PHJJKLOP_00179",0,0,0,0,0,0,0,0,0
"PHJJKLOP_00180",0,0,0,0,0,0,0,0,0
"PHJJKLOP_00181",0,0,0,0,0,0,0,0,0
"PHJJKLOP_00182",0,0,0,0,0,0,0,0,0
"PHJJKLOP_00183",0,0,0,0,0,0,0,0,0
"PHJJKLOP_00184",0,0,0,0,0,0,0,0,0
"PHJJKLOP_00185",0,0,0,0,0,0,0,0,0
"PHJJKLOP_00186",0,0,0,0,0,0,0,0,0
"PHJJKLOP_00187",0,0,0,0,0,0,0,0,0
"PHJJKLOP_00188",0,0,0,0,0,0,0,0,0
"PHJJKLOP_00189",0,0,0,0,0,0,0,0,0
"PHJJKLOP_00190",0,0,0,0,0,0,0,0,0
"PHJJKLOP_00191",1365.83725732816,2462.73393360462,481.957140028038,2581.20608595306,3367.25286207718,2039.0971482666,3066.4602616551,1665.4901580824,1288.25265713706
"PHJJKLOP_00192",20.5952156691017,0,0,0,0,0,0,0,0
"PHJJKLOP_00193",0,0,0,0,0,0,0,0,0
"PHJJKLOP_00194",0,0,0,0,0,0,0,0,0
"PHJJKLOP_00195",0,0,0,0,0,0,0,0,0
"PHJJKLOP_00196",0,0,0,0,0,0,0,0,0
"PHJJKLOP_00197",0,0,0,0,0,0,0,0,0
"PHJJKLOP_00198",0,0,0,0,0,0,0,0,0
"PHJJKLOP_00199",0,0,0,0,0,0,0,0,0
"PHJJKLOP_00200",0,0,0,0,0,0,0,0,0
"PHJJKLOP_00201",0,0,0,0,0,0,0,0,0
"PHJJKLOP_00202",0,0,0,0,0,0,0,0,0
"PHJJKLOP_00203",0,60.2801041782418,53.2987896031006,0,0,24.3765349464029,59.6206725278269,51.4895887159838,0
"PHJJKLOP_00204",0,0,0,0,0,0,0,0,0
"PHJJKLOP_00205",0,0,0,0,0,0,0,0,0
"PHJJKLOP_00206",0,0,0,0,0,0,0,0,0
"PHJJKLOP_00207",0,0,0,0,0,0,0,0,0
"PHJJKLOP_00208",0,0,0,0,0,0,0,4.95092199192152,0
"PHJJKLOP_00209",0,0,0,0,0,0,0,0,0
"PHJJKLOP_00210",0,0,0,0,0,0,0,0,0
"PHJJKLOP_00211",0,65.1414029022935,0,74.9447751872324,15.0458126098176,122.492088105674,61.4003940958217,0,1.07893857381664
"PHJJKLOP_00212",0,0,0,6.75178154839932,0,0,0,0,0
"PHJJKLOP_00213",0,16.528415661776,0,33.0837295871567,0,43.2683495298651,89.875939183739,0,0
"PHJJKLOP_00214",209.696741358127,32.0845715787416,822.162180047829,144.488125135745,428.805659379802,98.7249665329316,122.800788191643,15.8429503741489,79.841454462431
"PHJJKLOP_00215",0,0,0,0,0,0,0,0,0
"PHJJKLOP_00216",0,115.698909632432,252.885746414712,0,764.327280578734,25.595361693723,0,4.95092199192152,0
"PHJJKLOP_00217",0,0,0,0,0,22.5482948254227,0,0,0
"PHJJKLOP_00218",0,0,0,0,0,0,0,0,0
"PHJJKLOP_00219",0,0,0,0,0,0,0,0,0
"PHJJKLOP_00220",0,0,0,0,0,0,0,0,0
"PHJJKLOP_00221",43.9988698385355,6.80581821367246,21.5463192012534,0,0,0,0,0.990184398384303,0
"PHJJKLOP_00222",0,0,0,0,0,0,0,0,0
"PHJJKLOP_00223",0,0,0,0,0,0,0,0,0
"PHJJKLOP_00225",0,0,0,0,0,0,0,0,0
"PHJJKLOP_00226",0,0,0,0,0,0,0,0,0
"PHJJKLOP_00227",0,0,0,0,0,0,0,0,0
"PHJJKLOP_00228",0,0,0,0,0,0,0,0,0
"PHJJKLOP_00229",0,0,0,0,0,0,0,0,0
"PHJJKLOP_00230",0,0,0,0,0,24.9859483200629,0,0,0
"PHJJKLOP_00231",0,0,0,0,0,0,0,0,0
"PHJJKLOP_00232",0,0,0,0,0,0,0,0,0
"PHJJKLOP_00233",0,0,0,0,0,0,0,0,0
"PHJJKLOP_00234",0,0,57.8348568033645,0,528.108022604598,0,0,0,0
"PHJJKLOP_00235",0,0,0,0,0,0,0,0,0
"PHJJKLOP_00236",0,0,0,0,0,0,0,0,0
"PHJJKLOP_00237",0,0,0,0,0,0,0,0,0
"PHJJKLOP_00238",23.4036541694338,0,0,0,0,0,0,4.95092199192152,0
"PHJJKLOP_00239",0,0,0,0,0,0,0,17.8233191709175,0
"PHJJKLOP_00240",0,0,0,0,0,0,0,0,0
"PHJJKLOP_00241",0,2.91677923443105,0,0,0,0,0,2.97055319515291,7.55257001671645
"PHJJKLOP_00242",0,0,0,0,0,0,0,0,0
"PHJJKLOP_00243",0,0,0,0,0,0,0,0,0
"PHJJKLOP_00244",0,12.6393766825346,0,0,0,1.21882674732014,0,41.5877447321407,30.2102800668658
"PHJJKLOP_00245",80.5085703428522,38.8903897924141,0,0,0,74.9578449601888,55.1713686078398,30.6957163499134,73.3678230195312
"PHJJKLOP_00246",0,0,0,0,0,0,0,0,0
"PHJJKLOP_00247",0,0,0,0,0,0,0,0,0
"PHJJKLOP_00248",0,0,0,0,0,0,0,0,0
"PHJJKLOP_00249",0,0,0,0,0,0,0,0,0
"PHJJKLOP_00250",0,0,0,0,0,0,0,0,0
"PHJJKLOP_00251",0,0,0,1.35035630967986,0,59.722510618687,0.889860783997416,0,1.07893857381664
"PHJJKLOP_00252",0,0,35.1545208020451,0,0,0,0,0,0
"PHJJKLOP_00253",0,0,0,0,0,0,0,0,0
"PHJJKLOP_00254",0,0,0,0,0,0,0,0,0
"PHJJKLOP_00255",0,0,0,0,0,0,0,0,0
"PHJJKLOP_00256",0,0,0,0,0,0,0,0,0
"PHJJKLOP_00257",0,0,0,0,0,0,0,0,0
"PHJJKLOP_00258",27.1482388365432,54.4465457093797,46.4946888027048,82.3717348904717,0,41.4401094088849,0,0,83.0782701838809
"PHJJKLOP_00259",0,28.1955325995002,1.13401680006597,0,0,39.6118692879047,0,32.676085146682,0
"PHJJKLOP_00260",0,0,0,0,0,0,0,0,0
"PHJJKLOP_00261",0,0,0,0,0,0,0,0,0
"PHJJKLOP_00262",0,0,0,0,0,0,0,0,0
"PHJJKLOP_00263",0,0,0,0,0,0,0,0,0
"PHJJKLOP_00264",0,0,0,0,0,0,0,0,0
"PHJJKLOP_00265",0,0,0,0,0,0,0,0,0
"PHJJKLOP_00266",0,85.5588575433109,0,39.835511135556,72.2199005271245,24.3765349464029,0,0,0
"PHJJKLOP_00267",0,0,0,0,0,0,0,0,0
"PHJJKLOP_00268",0,0,0,0,0,0,0,51.4895887159838,72.2888844457146
"PHJJKLOP_00269",0,0,202.989007211809,61.4412120904338,0,52.4095501347662,8.89860783997416,0,133.788383153263
"PHJJKLOP_00270",0,0,0,0,0,0,0,0,0
"PHJJKLOP_00271",0,0,0,0,0,0,0,0,0
"PHJJKLOP_00272",0,0,0,0,0,0,0,0,0
"PHJJKLOP_00273",0,0,0,0,0,0,0,0,0
"PHJJKLOP_00274",0,1.9445194896207,0,8.10213785807918,0,20.1106413307824,0,72.2834610820541,45.3154201002987
"PHJJKLOP_00275",0,0,0,0,0,0,0,0,0
"PHJJKLOP_00276",0,0,0,0,0,0,0,0,0
"PHJJKLOP_00277",0,0,0,0,0,0,0,0,0
"PHJJKLOP_00278",59.9133546737505,0,0,12.8283849419587,0,32.9083221776439,141.487864655589,0,65.8152530028148
"PHJJKLOP_00279",0,0,0,0,0,0,0,0,0
"PHJJKLOP_00280",0,0,0,0,0,0,0,3.96073759353721,0
"PHJJKLOP_00281",0,0,0,0,0,0,0,0,0
"PHJJKLOP_00282",0,0,0,0,0,0,0,0,0
"PHJJKLOP_00283",0,0,0,0,0,0,0,0,0
"PHJJKLOP_00284",0,0.972259744810351,0,0,0,0,0,0,0
"PHJJKLOP_00285",0,0,0,0,0,0,0,0,0
"PHJJKLOP_00286",0,47.6407274957072,0,0,0,0,0,0,0
"PHJJKLOP_00287",0,0,0,0,0,0,0,0,0
"PHJJKLOP_00288",0,0,0,0,0,0,0,0,0
"PHJJKLOP_00289",0,0,0,0,0,0,0,0,0
"PHJJKLOP_00290",0,0,0,7.42695970323925,0,0,0,16.8331347725332,0
"PHJJKLOP_00291",0,0,0,0,0,0,0,0,0
"PHJJKLOP_00292",0,0,0,0,0,0,0,0,0
"PHJJKLOP_00293",0,0,0,0,0,0,0,0,0
"PHJJKLOP_00294",0,0,0,0,0,0,0,0,0
"PHJJKLOP_00295",228.419664693674,167.22867610738,314.122653618274,343.665680813525,476.952259731218,382.711598658525,342.596401839005,290.124028726601,286.997660635225
"PHJJKLOP_00296",0,0,0,0,0,0,0,0,0
"PHJJKLOP_00297",0,0,0,0,0,0,0,0,0
"PHJJKLOP_00298",0,0,0,0,0,0,0,0,0
"PHJJKLOP_00299",0,44.7239482612762,0,0,114.348175834614,41.4401094088849,0,71.2932766836698,162.919724646312
"PHJJKLOP_00300",0,0,0,0,0,0,0,0,0
"PHJJKLOP_00301",0,0,0,0,0,0,0,0,0
"PHJJKLOP_00302",0,0,0,0,0,0,0,0,0
"PHJJKLOP_00303",0,0,0,0,0,0,0,0,0
"PHJJKLOP_00304",0,0,0,0,0,0,0,0,0
"PHJJKLOP_00305",0,0,0,0,0,0,0,0,0
"PHJJKLOP_00306",3.7445846671094,31.1123118339312,1.13401680006597,0,18.0549751317811,5.48472036294064,0,44.5582979272937,33.4470957883157
"PHJJKLOP_00307",11.2337540013282,5.83355846886211,0,4.05106892903959,0,3.65648024196043,0,17.8233191709175,14.0262014596163
"PHJJKLOP_00308",0,0,0,0,0,0,0,0,0
"PHJJKLOP_00309",0,0,0,0,0,0,0,0,0
"PHJJKLOP_00310",0,0,0,0,0,0,0,0,0
"PHJJKLOP_00311",0,0,0,0,0,0,0,0,0
"PHJJKLOP_00312",0,0,0,0,0,2.43765349464029,0,0,188.814250417911
"PHJJKLOP_00313",0,0,0,0,0,0,0,0,0
"PHJJKLOP_00314",140.421925016603,162.367377383329,37.422554402177,79.671022271112,422.787334335875,51.8001367611061,280.306146959186,158.429503741489,66.8941915766314
"PHJJKLOP_00315",0,15.5561559169656,0,40.5106892903959,63.1924129612339,0,0,48.5190355208309,0
"PHJJKLOP_00316",0,0,0,0,0,0,0,0,0
"PHJJKLOP_00317",0,0,0,0,0,0,0,0,0
"PHJJKLOP_00318",0,0,0,0,0,0,0,0,0
"PHJJKLOP_00319",0,19.445194896207,0,0,1.50458126098176,0,0,0,0
"PHJJKLOP_00320",0,0.972259744810351,0,0,0,0,0.889860783997416,0,0
"PHJJKLOP_00321",0,0,0,0,0,0,0,0,0
"PHJJKLOP_00322",0,0,0,0,0,0,0,0,0
"PHJJKLOP_00323",0,0,0,0,0,0,0,0,0
"PHJJKLOP_00324",0,0,0,0,0,0,0,0,0
"PHJJKLOP_00325",0,0,0,0,34.6053690025805,0,0,0,0
"PHJJKLOP_00326",0,0,0,0,0,0,0,0,0
"PHJJKLOP_00327",86.1254473435163,250.843014161071,195.050889611347,147.188837755105,18.0549751317811,440.605869156232,84.5367744797545,630.747461770801,120.841120267463
"PHJJKLOP_00328",12.1699001681056,0,0,0,0,0,0,0,0
"PHJJKLOP_00329",27.1482388365432,51.5297664749486,82.7832264048159,307.881238607009,0,17.063574462482,126.360231327633,228.732596026774,62.5784372813649
"PHJJKLOP_00330",60.8495008405278,0,0,49.288005303315,12.0366500878541,0,0,0,0
"PHJJKLOP_00331",0,0,0,0,0,0,0,0,1.07893857381664
"PHJJKLOP_00332",0,0,0,0,0,0,0,0,0
"PHJJKLOP_00333",363.224712709612,129.310546059777,539.791996831402,155.966153768024,182.054332578793,165.760437635539,51.6119254718501,363.397674207039,339.86565075224
"PHJJKLOP_00334",1.8722923335547,18.4729351513967,0,0,0,75.5672583338489,0,107.930099423889,387.338948000172
"PHJJKLOP_00335",218.122056859123,383.070339455278,316.390687218406,300.45427890377,191.081820144684,118.226194490054,272.297399903209,387.162099768263,188.814250417911
"PHJJKLOP_00336",0,0,0,0,0,0,0,0,0
"PHJJKLOP_00337",0,0,0,0,0,0,0,0,0
"PHJJKLOP_00338",0,0,0,0,0,0,0,0,0
"PHJJKLOP_00339",7.48916933421881,81.6698185640695,0,58.7404994710741,120.366500878541,0,72.9685842877881,73.2736454804384,0
"PHJJKLOP_00340",0,0,0,0,0,20.1106413307824,0,2.97055319515291,0
"PHJJKLOP_00341",0,253.759793395502,0,96.5504761421103,0,138.336835820836,222.465195999354,239.624624409001,303.181739242475
"PHJJKLOP_00342",0,0,0,0,0,0,0,0,0
"PHJJKLOP_00343",0,0,0,0,0,0,0,0,0
"PHJJKLOP_00344",0,0,0,0,0,0,0,0,0
"PHJJKLOP_00345",2.80843850033205,5.83355846886211,5.67008400032986,0.675178154839932,0,27.4236018147032,149.496611711566,16.8331347725332,1.07893857381664
"PHJJKLOP_00346",0,0,0,0,0,0,0,0,0
"PHJJKLOP_00347",0,0,0,0,0,0,0,0,0
"PHJJKLOP_00348",29.9566773368752,15.5561559169656,0,0,0,1.82824012098022,19.5769372479431,72.2834610820541,20.4998329025161
"PHJJKLOP_00349",0,0,0,0,0,0,0,0,0
"PHJJKLOP_00350",0,0,0,0,0,0,0,0,0
"PHJJKLOP_00351",0,58.3355846886211,0,67.5178154839932,42.1282753074893,16.4541610888219,38.2640137118889,140.606184570571,35.604972935949
"PHJJKLOP_00352",0,0,0,0,0,0,0,0,0
"PHJJKLOP_00353",207.824449024572,161.395117638518,35.1545208020451,250.491095445615,221.173445364319,260.828923926511,247.381297951282,148.527659757645,138.104137448529
"PHJJKLOP_00354",0,0,0,0,0,0,0,0,0
"PHJJKLOP_00355",0,0,0,0,0,0,0,0,0
"PHJJKLOP_00356",131.060463348829,0,0,38.4851548258761,0,22.5482948254227,207.337562671398,63.3718014965954,0
"PHJJKLOP_00357",0,9.72259744810352,0,0,0,7.31296048392086,0,0,0
"PHJJKLOP_00358",136.677340349493,159.450598148898,90.7213440052777,113.429930013109,0,217.560574396646,84.5367744797545,175.262638514022,94.9465944958639
"PHJJKLOP_00359",0,13.6116364273449,0,71.5688844130328,0,6.70354711026079,0,27.7251631547605,0
"PHJJKLOP_00360",0,0,0,0,0,0,0,91.0969646513559,0
"PHJJKLOP_00361",0,0,0,0,0,0,0,0,0
"PHJJKLOP_00362",0,38.8903897924141,0,90.4738727485509,0,0,0,60.4012483014425,0
"PHJJKLOP_00363",0,0,523.915761630479,0,0,0,0,0,0
"PHJJKLOP_00364",268.6739498651,51.5297664749486,0,116.130642632468,267.815464454753,184.652252219002,30.2552666559121,450.533901264858,201.761513303711
"PHJJKLOP_00365",600.069692904282,749.612263248781,342.473073619923,634.667465549536,327.998714894024,931.79304832625,661.16656251008,782.2456747236,661.389345749598
"PHJJKLOP_00366",0,0,0,0,0,0,0,0,0
"PHJJKLOP_00367",0,0,47.6287056027708,0,0,35.9553890459442,0,0,0
"PHJJKLOP_00368",0,0,0,0,0,0,0,0,0
"PHJJKLOP_00369",0,0,0,0,0,0,0,0,0
"PHJJKLOP_00370",174.123187020587,105.004052439518,22.6803360013194,166.769004245463,16.5503938707994,63.9884042343075,243.821854815292,195.066326481708,175.866987532112
"PHJJKLOP_00371",55.2326238398637,37.9181300476037,0,0,0,0,0,0,64.7363144289981
"PHJJKLOP_00372",0,0,0,0,0,0,0,0,0
"PHJJKLOP_00373",0,0,0,0,0,0,0,0,0
"PHJJKLOP_00374",0,0,0,91.8242290582307,0,23.1577081990827,0,93.0773334481245,1.07893857381664
"PHJJKLOP_00375",0,4.86129872405176,0,0,0,0,0,0,57.1837444122817
"PHJJKLOP_00376",0,0,0,0,0,0,0,0,0
"PHJJKLOP_00377",0,0,0,0,0,0,0,0,0
"PHJJKLOP_00378",144.166509683712,0,0,47.9376489936352,0,0,0,0,0
"PHJJKLOP_00379",0,0,0,0,0,0,0,0,0
"PHJJKLOP_00380",0,0,0,0,0,0,0,0,0
"PHJJKLOP_00381",0,0,0,0,0,0,0,0,0
"PHJJKLOP_00382",34.637408170762,0,0,0,0,0,0,57.4306951062896,0
"PHJJKLOP_00383",0,0,0,0,0,0,0,0,0
"PHJJKLOP_00384",6.55302316744146,0,0,48.6128271484751,0,76.176671707509,0,22.774241162839,0
"PHJJKLOP_00385",0,0,0,0,0,0,0,0,0
"PHJJKLOP_00386",0,0,0,0,0,32.2989088039838,0,0,0
"PHJJKLOP_00387",34.637408170762,12.6393766825346,51.0307560029687,0,0,4.2658936156205,0,164.370610131794,122.998997415096
"PHJJKLOP_00388",10.2976078345509,0,0,0,0,0,0,0,1.07893857381664
"PHJJKLOP_00389",0,0,0,0,0,0,0,0,0
"PHJJKLOP_00390",0,0,0,0,0,0,0,0,0
"PHJJKLOP_00391",0,0,0,0,0,0,0,0,0
"PHJJKLOP_00392",0,0.972259744810351,0,0,0,0.609413373660072,0,0,0
"PHJJKLOP_00419",0,0,0,0,0,0,0,0,0
"PHJJKLOP_00420",0,0,0,0,0,0,0,0,0
"PHJJKLOP_00421",0,0,0,0,0,0,0,0,0
"PHJJKLOP_00422",0,0,0,0,0,0,0,0,63.6573758551815
"PHJJKLOP_00423",0,0,0,0,0,0,0,0,0
"PHJJKLOP_00424",0,0,0,0,0,0,0,0,0
"PHJJKLOP_00425",0,0,0,0,0,0,0,0,0
"PHJJKLOP_00426",0,0,0,0,0,0,0,0,0
"PHJJKLOP_00427",0,0,0,0,0,0,0,0,0
"PHJJKLOP_00428",0,0,0,0,0,0,0,0,0
"PHJJKLOP_00429",0,0,0,0,0,0,0,0,0
"PHJJKLOP_00430",0,0,0,18.9049883355181,0,76.176671707509,140.598003871592,46.5386667240623,0
"PHJJKLOP_00431",0,0,0,0,0,0,0,0,0
"PHJJKLOP_00432",0,0,0,0,0,0,0,0,0
"PHJJKLOP_00433",6670.04143828863,3056.78463768375,8406.46653888904,11139.0891985492,10176.9876492806,10928.6100298461,2740.77121471204,1146.63353332902,1537.48746768871
"PHJJKLOP_00434",0,23.3342338754484,1.13401680006597,35.1092640516765,0,74.3484315865287,0.889860783997416,29.7055319515291,0
"PHJJKLOP_00435",0,69.030441881535,0,33.7589077419966,0,0,53.3916470398449,33.6662695450663,97.1044716434972
"PHJJKLOP_00436",0,0,0,56.7149650065543,0,0,0,0,0
"PHJJKLOP_00437",0,0,0,0,0,0,0,0,0
"PHJJKLOP_00438",0,0,0,0,0,0,0,0,0
"PHJJKLOP_00439",0,0,0,0,0,0,0,0,0
"PHJJKLOP_00440",0,0,0,0,0,0,0,0,0
"PHJJKLOP_00441",0,0,0,0,0,31.6894954303237,0,0,0
"PHJJKLOP_00442",0,1.9445194896207,0,0,0,0,1.77972156799483,0,0
"PHJJKLOP_00443",0,0,0,0,0,0,0,0,0
"PHJJKLOP_00444",0,0,0,0,0,0,0,0,0
"PHJJKLOP_00445",0,0,0,0,0,0,0,0,0
"PHJJKLOP_00446",0,0,0,0,0,0,0,0,0
"PHJJKLOP_00447",0,0,0,0,0,0,0,0,0
"PHJJKLOP_00448",0,0,0,0,0,0,0,0,0
"PHJJKLOP_00449",0,0,0,0,0,0,0,0,0
"PHJJKLOP_00450",0,0,0,0,0,0,0,0,0
"PHJJKLOP_00451",0,0,0,0,0,0,0,0,0
"PHJJKLOP_00452",43.0627236717581,140.005403252691,48.7627224028368,174.195963948702,31.596206480617,139.555662568156,202.888258751411,111.890837017426,292.392353504308
"PHJJKLOP_00453",0,0,0,0,0,0,0,0,0
"PHJJKLOP_00454",18.722923335547,11.6671169377242,0,2.0255344645198,99.3023632247962,83.4896321914298,84.5367744797545,152.488397351183,16.1840786072495
"PHJJKLOP_00455",0,0,0,0,0,0,0,0,0
"PHJJKLOP_00456",0,0,0,0,0,0,0,0,64.7363144289981
"PHJJKLOP_00457",0,0,0,0,0,0,0,0,0
"PHJJKLOP_00458",0,0,0,0,0,39.0024559142446,0,0,0
"PHJJKLOP_00459",0,0,0,0,0,0,0,0,71.209945871898
"PHJJKLOP_00460",0,0,0,0,0,0,0,0,0
"PHJJKLOP_00461",0,0,0,0,0,0,0,0,0
"PHJJKLOP_00462",0,0,0,0,0,0,0,0,0
"PHJJKLOP_00463",100.167639845177,175.006754065863,5.67008400032986,118.156177096988,19.5595563927629,242.546522716709,40.9335960638811,209.919092457472,151.051400334329
"PHJJKLOP_00464",473.68996038934,243.064936202588,306.184536017812,351.092640516765,279.852114542607,193.184039450243,432.472341022744,222.791489636468,187.735311844095
"PHJJKLOP_00465",0,0,0,0,0,0,0,0,0
"PHJJKLOP_00466",0,0,0,0,0,0,0,0,0
"PHJJKLOP_00467",0,0,0,0,0,0,0,0,0
"PHJJKLOP_00468",0,0,0,0,0,0,0,0,0
"PHJJKLOP_00469",0,0,0,0,0,0,0,0,0
"PHJJKLOP_00470",0,0,0,0,0,0,0,0,0
"PHJJKLOP_00471",0,0,0,0,0,0,0,0,0
"PHJJKLOP_00472",4.68073083388675,54.4465457093797,1.13401680006597,40.5106892903959,0,113.350887500773,5.33916470398449,123.773049798038,267.576766306526
"PHJJKLOP_00473",0,0,0,0,0,0,0,0,0
"PHJJKLOP_00474",0,0,0,0,0,0,0,0,0
"PHJJKLOP_00475",0,0,0,0,0,0,0,0,0
"PHJJKLOP_00476",0,0,0,0,0,0,0,0,0
"PHJJKLOP_00477",0,13.6116364273449,0,0,0,0,0,0,0
"PHJJKLOP_00478",0,0,0,0,0,0,0,0,0
"PHJJKLOP_00479",0,0,0,0,0,0,0,0,0
"PHJJKLOP_00480",0,0,0,0,0,0,0,0,0
"PHJJKLOP_00481",0,0,0,0,0,0,0,0,0
"PHJJKLOP_00482",0,0,0,0,0,0,0,0,5.39469286908318
"PHJJKLOP_00483",0,0,0,0,0,0,0,0,0
"PHJJKLOP_00484",102.976078345509,240.148156968157,185.978755210819,217.407365858458,955.409100723418,310.191407192976,288.314894015163,599.061561022503,482.285542496036
"PHJJKLOP_00485",0,0,0,0,0,2.43765349464029,0,0,0
"PHJJKLOP_00486",0,0,0,0,0,0,0,0,0
"PHJJKLOP_00487",0,17.5006754065863,0,29.707838812957,0,0,0,15.8429503741489,0
"PHJJKLOP_00488",0,0,0,0,0,0,0,0,0
"PHJJKLOP_00489",0,0,0,0,0,0,0,0,0
"PHJJKLOP_00490",0,6.80581821367246,0,29.707838812957,13.5412313488358,17.063574462482,0,34.6564539434506,0
"PHJJKLOP_00491",0,8.75033770329316,254.019763214777,57.3901431613942,0,21.9388814517626,0,0,0
"PHJJKLOP_00492",0,0,0,0,0,0,0,0,0
"PHJJKLOP_00493",0,0,0,0,0,0,0,0,0
"PHJJKLOP_00494",0,1.9445194896207,1.13401680006597,0,0,0,0,6.93129078869012,0
"PHJJKLOP_00495",0,0,0,0,0,0,0,0,0
"PHJJKLOP_00496",0,0,0,0,0,0,0,0,0
"PHJJKLOP_00497",0,0,0,0,0,0,0,0,0
"PHJJKLOP_00498",0,0,0,0,0,0,0,0,0
"PHJJKLOP_00499",0,0,0,0,0,0,0,0,0
"PHJJKLOP_00500",0,0,0,0,0,0,0,0,0
"PHJJKLOP_00501",270.546242198654,38.8903897924141,215.463192012535,43.8865800645956,225.687189147264,126.757981721295,193.099790127439,42.577929130525,53.9469286908318
"PHJJKLOP_00502",0,0,0,0,0,0,0,0,0
"PHJJKLOP_00503",0,0,0,0,0,0,0,0,0
"PHJJKLOP_00504",0,0,0,0,0,0,0,0,0
"PHJJKLOP_00505",81.4447165096295,45.6962080060865,0,25.6567698839174,10.5320688268723,65.8166443552877,0.889860783997416,22.774241162839,65.8152530028148
"PHJJKLOP_00506",0,0,0,0,0,0,0,0,0
"PHJJKLOP_00507",0,0,0,0,0,0,0,0,0
"PHJJKLOP_00508",0,0,0,0,0,0,0,0,0
"PHJJKLOP_00509",114.209832346837,0,0,4.72624708387952,186.568076361738,26.8141884410432,0,58.4208795046739,0
"PHJJKLOP_00510",0,0,0,0,0,0,0,0,0
"PHJJKLOP_00511",54.2964776730864,193.47968921726,10.2061512005937,51.3135397678348,203.118470232538,32.9083221776439,71.1888627197933,1.98036879676861,4.31575429526654
"PHJJKLOP_00512",0,0,0,0,0,0,0,0,0
"PHJJKLOP_00513",0,36.9458703027934,2.26803360013194,9.45249416775905,0,173.68281149312,0,0,69.0520687242647
"PHJJKLOP_00514",0,36.9458703027934,0,0,0,31.6894954303237,0,0,0
"PHJJKLOP_00515",0,0,0,0,0,0,0,0,0
"PHJJKLOP_00516",0,0,0,0,0,1.21882674732014,0,0,0
"PHJJKLOP_00517",0,0,0,0,0,0,0,0,0
"PHJJKLOP_00518",0,0,0,0,0,0,0,0,0
"PHJJKLOP_00519",0,0,0,0,0,0,0,0,0
"PHJJKLOP_00520",21.5313618358791,33.056831323552,0,44.5617582194355,0,112.132060753453,21.356658815938,102.979177431968,120.841120267463
"PHJJKLOP_00521",0,0,0,0,0,0,0,0,0
"PHJJKLOP_00522",99.2314936783992,56.3910651990004,18.1442688010555,234.286819729456,40.6236940465075,240.108869222068,141.487864655589,201.007432872014,101.420225938764
"PHJJKLOP_00523",0,0,0,0,0,0,0,0,0
"PHJJKLOP_00524",164.761725352814,322.790235277037,0,82.3717348904717,0,57.2848571240467,268.73795676722,263.389049970225,56.1048058384651
"PHJJKLOP_00525",0,0,0,0,0,0,0,0,0
"PHJJKLOP_00526",0,0,0,0,0,0,0,0,0
"PHJJKLOP_00527",0,0,0,0,0,0,0,0,0
"PHJJKLOP_00528",121.699001681056,0,0,31.7333732774768,18.0549751317811,81.6613920704496,0,77.2343830739757,0
"PHJJKLOP_00529",0,0,0,0,0,0,0,0,0
"PHJJKLOP_00530",0,0,0,0,0,0,0,0,0
"PHJJKLOP_00531",0,20.4174546410174,0,0,0,26.2047750673831,0,0,9.71044716434972
"PHJJKLOP_00532",0,0,0,0,0,0,0,0,0
"PHJJKLOP_00533",0,0,0,0,0,0,0,0,0
"PHJJKLOP_00534",0,0,0,0,0,6.70354711026079,0,0,0
"PHJJKLOP_00535",0,0,0,0,0,0,0,0,0
"PHJJKLOP_00536",64.5940855076372,0.972259744810351,0,0,0,0,0,9.90184398384303,112.20961167693
"PHJJKLOP_00537",0,0,0,0,0,0,0,0,0
"PHJJKLOP_00538",0,0,0,0,0,0,0,0,0
"PHJJKLOP_00539",0,0,0,0,0,0,0,0,0
"PHJJKLOP_00540",0,0,0,0,0,0,0,0,0
"PHJJKLOP_00541",102.976078345509,252.787533650691,91.8553608053437,203.903802761659,112.843594573632,210.247613912725,377.300972414904,276.261447149221,78.7625158886144
"PHJJKLOP_00542",166.634017686368,297.511481911968,151.95825120884,312.607485690888,198.604726449592,407.088133604928,306.112109695111,263.389049970225,554.574426941751
"PHJJKLOP_00543",0,0,0,0,0,0,0,0,0
"PHJJKLOP_00544",0,0,0,0,0,0,0,0,0
"PHJJKLOP_00545",0,0,0,0,0,0,0,0,0
"PHJJKLOP_00546",1.8722923335547,62.2246236678625,104.329545606069,0,18.0549751317811,53.6283768820863,106.78329407969,124.763234196422,28.0524029192325
"PHJJKLOP_00547",0,0,259.689847215107,0,0,0,0,0,0
"PHJJKLOP_00548",0,0,0,0,0,0,0,0,0
"PHJJKLOP_00549",0,0,0,0,0,0,0,0,0
"PHJJKLOP_00550",450.286306219906,597.939743058366,308.452569617944,196.47684305842,54.1649253953434,240.718282595728,475.18565865462,402.014865744027,278.366152044692
"PHJJKLOP_00551",0,0,0,0,0,0,0,0,0
"PHJJKLOP_00552",0,0,0,0,0,0,0,0,0
"PHJJKLOP_00553",0,0,0,0,0,0,0,0,0
"PHJJKLOP_00554",0,0,0,0,0,0,0,0,0
"PHJJKLOP_00555",0,0,0,0,0,0,0,0,0
"PHJJKLOP_00556",0,0,0,0,0,0,0,0,0
"PHJJKLOP_00557",131.996609515606,221.67522181676,0,165.418647935783,10.5320688268723,585.646252087329,171.743131311501,205.958354863935,383.023193704906
"PHJJKLOP_00558",0,0,0,0,0,0,0,0,0
"PHJJKLOP_00559",0,0,0,0,0,0,0,0.990184398384303,1.07893857381664
"PHJJKLOP_00560",0,0,0,0,0,0,0,0,0
"PHJJKLOP_00561",65.5302316744146,59.3078444334314,357.215292020781,0,0,41.4401094088849,0,30.6957163499134,91.709778774414
"PHJJKLOP_00562",0,35.0013508131727,0,0,0,0,0,0,0
"PHJJKLOP_00563",0,0,0,0,0,0,0,0,0
"PHJJKLOP_00564",0,0,0,0,0,0,0,0,0
"PHJJKLOP_00565",0,0,0,0,0,0,0,0,0
"PHJJKLOP_00566",0,0,0,0,0,0,0,0,0
"PHJJKLOP_00567",0,0,0,0,0,0,0,0,0
"PHJJKLOP_00568",0,0,2.26803360013194,0,0,4.87530698928057,0,0,0
"PHJJKLOP_00569",0,0,0,0,0,0,0,0,0
"PHJJKLOP_00570",0,0,0,0,0,0,0,127.733787391575,0
"PHJJKLOP_00571",0,0,0,0,0,0,0,0,0
"PHJJKLOP_00572",13.1060463348829,18.4729351513967,0,52.6638960775147,0,26.8141884410432,0,0,0
"PHJJKLOP_00573",0,0,0,0,0,0.609413373660072,0,0,0
"PHJJKLOP_00574",0,0,0,0,0,0,0,0,0
"PHJJKLOP_00575",0,0,0,0,0,0,0,0,0
"PHJJKLOP_00576",0,0,0,0,0,9.75061397856115,0,0,0
"PHJJKLOP_00577",67.4025240079693,0,0,0,9.02748756589056,16.4541610888219,0,0,0
"PHJJKLOP_00578",0,0,0,0,0,0,0,0,0
"PHJJKLOP_00579",0,0,0,0,0,0,0,0,0
"PHJJKLOP_00580",0,0,0,0,0,0,0,0,0
"PHJJKLOP_00581",0,0,0,0,0,0,0,27.7251631547605,0
"PHJJKLOP_00582",0,0,0,0,0,0,0,0,0
"PHJJKLOP_00583",0,0,0,0,0,0,0,0,0
"PHJJKLOP_00584",0,0,0,0,0,0,1.77972156799483,0,0
"PHJJKLOP_00585",49.6157468391996,82.6420783088799,72.5770752042221,0,0,75.5672583338489,30.2552666559121,128.723971789959,59.341621559915
"PHJJKLOP_00586",0,18.4729351513967,0,0.675178154839932,0,0,0,0,0
"PHJJKLOP_00587",443.733283052464,525.9925219424,470.616972027378,574.576609768782,299.41167093537,477.780084949496,803.544287949666,599.061561022503,947.308067811006
"PHJJKLOP_00588",0,0,0,0,0,0,0,0,0
"PHJJKLOP_00589",0,0,0,0,0,0,101.444129375705,7.92147518707443,0
"PHJJKLOP_00590",0,0,0,0,0,0,0,0,0
"PHJJKLOP_00591",32.7651158372073,58.3355846886211,308.452569617944,55.3646086968744,139.926057271304,137.118009073516,166.403966607517,89.1165958545873,134.867321727079
"PHJJKLOP_00592",4.68073083388675,2.91677923443105,0,5.40142523871945,0,0,0,0,0
"PHJJKLOP_00593",0,22.3619741306381,0,56.0397868517143,246.751326801009,0,0,0,73.3678230195312
"PHJJKLOP_00594",0,135.144104528639,290.308300816889,122.207246026028,0,0,0,0,124.077935988913
"PHJJKLOP_00595",0,0,0,0,0,0,0,0,0
"PHJJKLOP_00596",0,36.9458703027934,0,0,0,0,0,0,0
"PHJJKLOP_00597",62.7217931740825,24.3064936202588,0,45.9121145291154,0,19.5012279571223,0,0,0
"PHJJKLOP_00598",0,29.1677923443105,0,0,0,0,0,0,0
"PHJJKLOP_00599",0,34.0290910683623,3.40205040019791,0,0,0,29.3654058719147,0,3.23681572144991
"PHJJKLOP_00600",0,0.972259744810351,0,0,0,0,0,0,0
"PHJJKLOP_00601",0,0,24.9483696014514,0,0,5.48472036294064,0,0,9.71044716434972
"PHJJKLOP_00602",0,0,0,0,0,0,0,0,0
"PHJJKLOP_00603",11.2337540013282,6.80581821367246,0,0,0,5.48472036294064,0,35.6466383418349,21.5787714763327
"PHJJKLOP_00604",0,0,0,0,0,0,0,0,0
"PHJJKLOP_00605",0,0,0,0,0,0,0,0,0
"PHJJKLOP_00606",0,0,0,0,0,0,0,0,0
"PHJJKLOP_00607",0,0,0,0,0,1.21882674732014,0,0,0
"PHJJKLOP_00608",32.7651158372073,0,0,37.8099766710362,0,0,51.6119254718501,16.8331347725332,0
"PHJJKLOP_00609",0,0,0,0,0,0,0,0,0
"PHJJKLOP_00610",27.1482388365432,210.008104879036,365.153409621243,290.326606581171,341.53994624286,216.341747649325,439.591227294723,223.781674034853,351.733975064223
"PHJJKLOP_00611",0,47.6407274957072,0,0,0,19.5012279571223,0,0,47.473297247932
"PHJJKLOP_00612",0,0,0,0,0,22.5482948254227,0,0,0
"PHJJKLOP_00613",0,0,0,0,0,0,0,0,0
"PHJJKLOP_00614",0,0,0,39.160332980716,0,0,0,0,0
"PHJJKLOP_00615",46.8073083388675,25.2787533650691,0,82.3717348904717,97.7977819638144,0,0,75.2540142772071,43.1575429526654
"PHJJKLOP_00616",0,25.2787533650691,0,0,0,0,0,0,0
"PHJJKLOP_00617",0,0,0,0,0,27.4236018147032,0,0,47.473297247932
"PHJJKLOP_00618",0,0,0,0,0,0,0,0,0
"PHJJKLOP_00628",0,0,0,0,0,0,0,0,0
"PHJJKLOP_00629",0,0,0,0,0,0,0,0,0
"PHJJKLOP_00630",0,0,0,0,0,0,0,0,0
"PHJJKLOP_00631",0,0,0,2.70071261935973,0,0,0,17.8233191709175,0
"PHJJKLOP_00632",0,0,0,0,0,0,0,0,0
"PHJJKLOP_00633",0,0,0,0,0,0,0,0,0
"PHJJKLOP_00634",0,0,0,0,0,0,0,0,0
"PHJJKLOP_00635",0,0,0,0,0,0,0,0,0
"PHJJKLOP_00636",0,0,0,0,0,0,0,0,0
"PHJJKLOP_00637",0,0,0,0,0,0,0,0,0
"PHJJKLOP_00638",0,0,0,56.7149650065543,0,0,0,0,0
"PHJJKLOP_00639",0,0,0,0,0,0,0,0,0
"PHJJKLOP_00640",0,0,0,0,0,0,0,0,0
"PHJJKLOP_00641",0,0,0,0,0,0,0,0,0
"PHJJKLOP_00642",0,0,12.4741848007257,0,93.2840381808692,0,0,0,20.4998329025161
"PHJJKLOP_00643",0,0,0,0,0,33.5177355513039,0,0,0
"PHJJKLOP_00644",0,0,0,0,0,0,0,0,0
"PHJJKLOP_00645",0,0,0,0,0,0,0,0,0
"PHJJKLOP_00646",0,0,0,0,0,0,0,0,0
"PHJJKLOP_00647",0,0,0,0,0,0,0,0,0
"PHJJKLOP_00648",0,0,0,0,0,0,0,0,0
"PHJJKLOP_00649",0,0,0,0,0,0,0,0,0
"PHJJKLOP_00650",0.936146166777351,0,0,0,0,0,0,0,0
"PHJJKLOP_00651",0,0,0,0,0,0,0,0,0
"PHJJKLOP_00652",0,0,0,0,0,28.0330151883633,0,0,0
"PHJJKLOP_00653",0,0,0,0,0,0,0,0,0
"PHJJKLOP_00654",0,0,0,0,0,0,0,0,0
"PHJJKLOP_00655",0,0,0,0,0,0,0,0,0
"PHJJKLOP_00656",0,0,0,0,0,0,0,0,0
"PHJJKLOP_00657",15.914484835215,1.9445194896207,2.26803360013194,0,0,0,0,1.98036879676861,0
"PHJJKLOP_00658",0,0,0,0,0,0,0,0,0
"PHJJKLOP_00659",0,0,0,0.675178154839932,0,0,0,0,0
"PHJJKLOP_00660",0,25.2787533650691,0,150.564728529305,0,32.2989088039838,99.6644078077106,53.4699575127524,0
"PHJJKLOP_00661",63.6579393408599,0.972259744810351,0,25.6567698839174,0,67.0354711026079,0,42.577929130525,0
"PHJJKLOP_00662",0,0,0,0,0,0,0,0,11.868324311983
"PHJJKLOP_00663",0,0,0,0,0,0,0,0,0
"PHJJKLOP_00664",12.1699001681056,0,0,0,0,0,0,0,0
"PHJJKLOP_00665",0,0,0,0,0,0,0,0,0
"PHJJKLOP_00666",0,0,0,0,0,0,0,0,0
"PHJJKLOP_00667",0,0,0,0,0,0,0,0,0
"PHJJKLOP_00668",27.1482388365432,49.5852469853279,0,0,0,77.3954984548291,0,62.3816170982111,0
"PHJJKLOP_00669",0,0,0,0,0,0,0,0,0
"PHJJKLOP_00670",0,13.6116364273449,38.556571202243,146.513659600265,0,110.303820632473,0,0,0
"PHJJKLOP_00671",0,0,0,0,0,0,0,0,0
"PHJJKLOP_00672",0,0,0,0,0,0,0,0,0
"PHJJKLOP_00673",0,0,0,0,0,0,0,0,0
"PHJJKLOP_00674",0,43.7516885164658,0,0,0,43.8777629035252,13.3479117599612,83.1754894642815,71.209945871898
"PHJJKLOP_00675",0,0,0,0,0,0,0,0,0
"PHJJKLOP_00676",0,0,0,0,0,0,0,0,0
"PHJJKLOP_00677",0,0,0,0,0,0,0,0,0
"PHJJKLOP_00678",6.55302316744146,26.2510131098795,64.6389576037603,45.9121145291154,0,29.2518419356834,18.6870764639457,34.6564539434506,31.2892186406824
"PHJJKLOP_00679",0,0,0,0,0,0,0,0,0
"PHJJKLOP_00680",20.5952156691017,56.3910651990004,150.824234408774,68.868171793673,58.6786691782887,142.602729436457,38.2640137118889,74.2638298788227,137.025198874713
"PHJJKLOP_00681",0,0,0,0,0,0,0,0,0
"PHJJKLOP_00682",0,0,0,0,0,0,0,0,0
"PHJJKLOP_00683",0,0,0,0,0,0,0,0,0
"PHJJKLOP_00684",0,0,0,0,0,0,0,0,0
"PHJJKLOP_00685",0,0,0,0,0,0,0,0,0
"PHJJKLOP_00686",663.727632245142,1652.8415661776,603.296937635097,747.422217407805,850.088412454695,620.382814385953,957.490203581219,686.197788080322,842.651026150793
"PHJJKLOP_00687",37.445846671094,59.3078444334314,438.864501625531,142.462590671226,0,53.0189635084262,58.7308117438294,219.820936441315,71.209945871898
"PHJJKLOP_00688",0,0,0,0,0,0,0,0,0
"PHJJKLOP_00689",0,0,0,0,0,0,0,0,0
"PHJJKLOP_00690",0,0,0,0,0,0,0,5.94110639030582,0
"PHJJKLOP_00691",0,0,0,0,0,0,0,0,0
"PHJJKLOP_00692",0,0,0,0,0,0,0,0,0
"PHJJKLOP_00693",0,0,0,0,0,0,0,0,0
"PHJJKLOP_00694",0,0.972259744810351,0,0,0,4.87530698928057,0,3.96073759353721,1.07893857381664
"PHJJKLOP_00695",0,0,0,0,0,0,0,0,0
"PHJJKLOP_00696",0,0,0,0,0,0,0,0,0
"PHJJKLOP_00697",0,0,0,0,0,0,0,0,0
"PHJJKLOP_00698",0,0,0,0,0,0,0,0,0
"PHJJKLOP_00699",0,0,0,0,0,0,0,0,0
"PHJJKLOP_00700",0,0,0,0,0,0,0,0,0
"PHJJKLOP_00701",0,0,0,0,0,0,0,0,0
"PHJJKLOP_00702",0,0,0,0,0,0,0,0,0
"PHJJKLOP_00703",0,0,0,0,0,0,0,0,0
"PHJJKLOP_00704",0,0,0,0,0,0,0,0,0
"PHJJKLOP_00705",0,0,0,0,0,4.87530698928057,0,0,0
"PHJJKLOP_00706",0,0,0,0,0,0,0,0,0
"PHJJKLOP_00707",0,2.91677923443105,0,0,0,0,0,0,0
"PHJJKLOP_00708",0,0,0,0,0,0,0,0,0
"PHJJKLOP_00709",0,0,0,0,0,0,0,0,0
"PHJJKLOP_00710",0,0,0,0,0,0,0,0,0
"PHJJKLOP_00711",0,0,0,0,0,0,0,0,0
"PHJJKLOP_00712",0,0,0,0,0,0,0,0,0
"PHJJKLOP_00713",0,0,0,0,0,0,0,0,0
"PHJJKLOP_00714",0,0,0,0,0,0,0,0,0
"PHJJKLOP_00715",0,0,0,0,0,0,0,0,0
"PHJJKLOP_00716",0,0,0,0,0,0,0,0,0
"PHJJKLOP_00717",0,0,0,0,0,0,0,0,0
"PHJJKLOP_00718",0,0,0,0,0,0,0,0,0
"PHJJKLOP_00719",0,0,0,0,0,0,0,0,0
"PHJJKLOP_00720",0,0,0,0,0,0,0,0,0
"PHJJKLOP_00721",0,0,0,1.35035630967986,0,0,0,0,0
"PHJJKLOP_00722",0,0,0,0,0,0,0,0,0
"PHJJKLOP_00723",0,0,0,0,0,0,0,0,0
"PHJJKLOP_00724",0,0,0,0,0,0,0,0,0
"PHJJKLOP_00725",0,0,0,0,0,0,0,0,0
"PHJJKLOP_00726",0,0,0,0,0,0,0,0,0
"PHJJKLOP_00727",0,0,0,0.675178154839932,0,0,0,0,0
"PHJJKLOP_00728",0,0,0,0,0,0,0,0,0
"PHJJKLOP_00729",0,7.77807795848281,0,0,0,0,0,0,0
"PHJJKLOP_00730",0,0,0,0,0,0,0,0,0
"PHJJKLOP_00731",0,0,0,0,0,0,0,0,0
"PHJJKLOP_00732",0,0,0,0,0,0,0,0,0
"PHJJKLOP_00733",0,134.171844783829,251.751729614646,48.6128271484751,210.641376537446,212.685267407365,0,0,67.9731301504481
"PHJJKLOP_00734",0,0,0,0,0,0,0,0,0
"PHJJKLOP_00735",0,0,0,0,0,0,0,0,0
"PHJJKLOP_00736",0,0,0,0,0,0,0,0,0
"PHJJKLOP_00737",0,0,0,0,0,0,0,0,0
"PHJJKLOP_00738",0,0,0,0,0,0,0,0,0
"PHJJKLOP_00739",0,0,0,0,0,0,0,0,0
"PHJJKLOP_00740",0,0,0,0,0,0,0,0,0
"PHJJKLOP_00741",0,12.6393766825346,0,27.6823043484372,0,0,0,0,0
"PHJJKLOP_00742",0,0,0,0,0,0,0,0,0
"PHJJKLOP_00743",0,0,0,0,0,0,0,0,0
"PHJJKLOP_00744",0,0,0,0,0,0,0,0,0
"PHJJKLOP_00745",0,0,0,0,0,0,0,0,0
"PHJJKLOP_00746",0,24.3064936202588,0,0,0,0,0,0,0
"PHJJKLOP_00747",0,0,0,0,0,0,0,0,0
"PHJJKLOP_00748",0,0,0,0,0,0,0,0,0
"PHJJKLOP_00749",0,12.6393766825346,0,0,0,1.21882674732014,0,0,0
"PHJJKLOP_00750",0,0,0,0,0,0,0,0,0
"PHJJKLOP_00751",35.5735543375393,0,0,0,0,18.2824012098021,0,0,0
"PHJJKLOP_00752",0,0.972259744810351,0,0,28.5870439586534,29.8612553093435,251.830601871269,1.98036879676861,8.63150859053309
"PHJJKLOP_00753",399.734413213929,75.8362600952074,121.339797607059,291.001784736011,410.750684248021,239.499455848408,45.3828999838682,324.780482670052,420.786043788488
"PHJJKLOP_00754",0,0,0,0,0,0,0,0,0
"PHJJKLOP_00755",0,0,0,0,0,0,0,1.98036879676861,0
"PHJJKLOP_00756",35.5735543375393,63.1968834126728,100.927495205871,162.042757161584,212.145957798428,120.663847984694,177.082296015486,356.466383418349,0
"PHJJKLOP_00757",0,0,0,0,0,0,0,0,0
"PHJJKLOP_00758",0,0,0,0,4.51374378294528,9.14120060490107,0,45.548482325678,35.604972935949
"PHJJKLOP_00759",0,0,0,0,0,38.3930425405845,0,112.881021415811,0
"PHJJKLOP_00760",0,55.41880545419,0,45.2369363742754,0,24.9859483200629,140.598003871592,94.0675178465088,0
"PHJJKLOP_00761",0,0,0,0,0,0,0,0,0
"PHJJKLOP_00762",0,0,0,0,0,0,0,0,0
"PHJJKLOP_00763",0,4.86129872405176,0,21.6057009548778,0,9.14120060490107,15.1276333279561,7.92147518707443,144.577768891429
"PHJJKLOP_00764",0,0,0,0,0,0,0,0,0
"PHJJKLOP_00765",0,0,0,0,0,0,0,0,0
"PHJJKLOP_00766",0,0,0,0,0,0,0,0,0
"PHJJKLOP_00767",0,0,0,0,0,0,0,0,0
"PHJJKLOP_00768",64.5940855076372,2.91677923443105,0,15.5290975613184,0,37.7836291669244,0,49.5092199192152,93.8676559220473
"PHJJKLOP_00769",417.521190382699,346.124469152485,552.266181632128,404.431714749119,779.373093188552,291.909005983174,51.6119254718501,428.749844500403,1035.78103086397
"PHJJKLOP_00770",0,0,0,0,0,0,0,0,0
"PHJJKLOP_00771",0,11.6671169377242,0,1.35035630967986,0,17.6729878361421,0,31.6859007482977,40.9996658050322
"PHJJKLOP_00772",0,8.75033770329316,85.0512600049478,71.5688844130328,0,25.595361693723,0,88.126411456203,73.3678230195312
"PHJJKLOP_00773",0,0,0,0,0,0,0,0,0
"PHJJKLOP_00774",0,0,0,0,0,0,0,0,0
"PHJJKLOP_00775",0,0,0,0,0,0,0,0,0
"PHJJKLOP_00776",0,0,0,0,0,0,0,0,0
"PHJJKLOP_00777",0,0,2.26803360013194,0,0,0.609413373660072,0.889860783997416,0,2.15787714763327
"PHJJKLOP_00778",0,0,0,0,0,0,0,0,0
"PHJJKLOP_00779",0,0,0,0,0,1.82824012098022,0,0,0
"PHJJKLOP_00780",0,0,0,0,0,0,0,0,0
"PHJJKLOP_00781",0,3.88903897924141,0,2.70071261935973,0,14.6259209678417,7.11888627197933,69.3129078869012,5.39469286908318
"PHJJKLOP_00782",0,0,0,0,0,0.609413373660072,0,0.990184398384303,0
"PHJJKLOP_00783",0,31.1123118339312,0,26.3319480387573,0,28.6424285620234,81.8671921277623,47.5288511224466,0
"PHJJKLOP_00784",0,0,0,0,0,0,0,0,57.1837444122817
"PHJJKLOP_00785",0,0,0,0,0,0,0,0,0
"PHJJKLOP_00786",0,0,0,0,0,0,0,0,0
"PHJJKLOP_00787",0,0,226.803360013194,0,0,0,0,0,0
"PHJJKLOP_00788",0,230.425559520053,35.1545208020451,224.834325561697,299.41167093537,155.400410283318,621.122827230196,55.450326309521,81.9993316100643
"PHJJKLOP_00789",0,0,0,0,0,0,0,0,0
"PHJJKLOP_00790",0,0,0,0,0,0,0,0,0
"PHJJKLOP_00791",0,0,29.4844368017152,0,0,27.4236018147032,0,13.8625815773802,0
"PHJJKLOP_00792",0,0,0,0,0,0,0,0,0
"PHJJKLOP_00793",0,0,0,0,0,0,0,0,0
"PHJJKLOP_00794",0,0,0,0,0,0,0,0,0
"PHJJKLOP_00795",0,0,0,0,0,0,0,0,0
"PHJJKLOP_00796",67.4025240079693,0,0,0,0,0,0,0,0
"PHJJKLOP_00797",0,0.972259744810351,0,0,0,0,0,0,0
"PHJJKLOP_00798",0,0,0,0,0,0,0,67.3325390901326,0
"PHJJKLOP_00799",0,0,0,0,0,0,0,0,0
"PHJJKLOP_00800",0,0.972259744810351,277.834116016163,0,0,23.1577081990827,5.33916470398449,211.899461254241,167.235478941579
"PHJJKLOP_00801",0,0,0,0,0,0,0,0,0
"PHJJKLOP_00802",0,17.5006754065863,34.0205040019791,0,0,1.21882674732014,0,0.990184398384303,0
"PHJJKLOP_00803",0,0,0,0,0,0,0,0,0
"PHJJKLOP_00804",0,0,0,0,0,0,0,0,0
"PHJJKLOP_00805",0,0,0,0,0,0,0,0,0
"PHJJKLOP_00806",0,0,0,0,0,0,0,0,0
"PHJJKLOP_00807",0,0,0,0,4.51374378294528,35.3459756722842,0,0,0
"PHJJKLOP_00808",0,0,0,0,0,0,0,0,0
"PHJJKLOP_00809",0,0,0,0,0,0,0,0,0
"PHJJKLOP_00810",0,15.5561559169656,161.030385609368,66.1674591743133,27.0824626976717,0,0,0,0
"PHJJKLOP_00811",0,0,0,0,0,0,0,0,0
"PHJJKLOP_00812",0,0,0,0,0,0,0,0,0
"PHJJKLOP_00813",0,0,0,0,0,0,0,0,0
"PHJJKLOP_00814",3.7445846671094,29.1677923443105,1.13401680006597,226.859860026217,0,55.4566170030665,231.363803839328,219.820936441315,45.3154201002987
"PHJJKLOP_00815",0,0,0,0,0,0,0,0,0
"PHJJKLOP_00816",0,0,0,0,1.50458126098176,0,0,0,0
"PHJJKLOP_00817",0,0,0,0,0,0,0,0,0
"PHJJKLOP_00818",0,0,1.13401680006597,0,45.1374378294528,0,105.893433295692,17.8233191709175,143.498830317613
"PHJJKLOP_00819",0,35.0013508131727,195.050889611347,60.7660339355939,0,16.4541610888219,0,40.5975603337564,53.9469286908318
"PHJJKLOP_00820",11.2337540013282,0,0,0,4.51374378294528,0,0,0,0
"PHJJKLOP_00821",0,0,0,0,0,0,0,0,0
"PHJJKLOP_00822",0,0,0,0,0,0,0,0,0
"PHJJKLOP_00823",0,0,0,0,0,0,0,0,0
"PHJJKLOP_00824",0,0,0,0,0,0,0,0,0
"PHJJKLOP_00825",0,0,0,0,0,0,0,0,0
"PHJJKLOP_00826",0,0,0,0,0,0,0,0,0
"PHJJKLOP_00827",18.722923335547,13.6116364273449,0,12.1532067871188,6.01832504392704,6.09413373660072,4.44930391998708,36.6368227402192,5.39469286908318
"PHJJKLOP_00828",0,0,0,0,0,0,0,0,0
"PHJJKLOP_00829",124.507440181388,87.5033770329316,0,85.0724475098314,126.384825922468,84.0990455650899,17.7972156799483,345.574355036122,50.7101129693819
"PHJJKLOP_00830",0,0,0,0,0,0,0,0,0
"PHJJKLOP_00831",0,0,0,0,0,0,0,0,0
"PHJJKLOP_00832",0,17.5006754065863,0,0,25.5778814366899,26.2047750673831,0,74.2638298788227,0
"PHJJKLOP_00833",0,0,0,0,0,0,0,0,0
"PHJJKLOP_00834",0,0,0,0,0,0,0,0,0
"PHJJKLOP_00835",0,0,0,0,0,0,0,0,0
"PHJJKLOP_00836",0,0,1.13401680006597,0,0,0,0,0,0
"PHJJKLOP_00837",0,0,0,0,0,0,0,0,2.15787714763327
"PHJJKLOP_00838",0,0,0,0,0,0,0,0,0
"PHJJKLOP_00839",23.4036541694338,9.72259744810352,201.854990411743,17.5546320258382,3.00916252196352,20.1106413307824,29.3654058719147,15.8429503741489,281.602967766142
"PHJJKLOP_00840",0,0,0,0,0,0,0,0,0
"PHJJKLOP_00841",0,0,0,0,0,0,0,0,0
"PHJJKLOP_00842",0,0,0,0,0,0,0,0,0
"PHJJKLOP_00843",0,0,0,0,0,0,0,0,0
"PHJJKLOP_00844",0,0,0,0,0,0,0,0,0
"PHJJKLOP_00845",0,0,0,0,0,0,57.840950959832,0,0
"PHJJKLOP_00846",24.3398003362111,101.115013460277,79.381176004618,22.2808791097178,0,174.29222486678,37.3741529278915,198.036879676861,116.525365972197
"PHJJKLOP_00847",0,0,0,0,0,0,0,0,0
"PHJJKLOP_00848",300.50291953553,108.893091418759,144.020133608378,74.2695970323925,0,152.353343415018,210.00714502339,126.743602993191,198.524697582261
"PHJJKLOP_00849",38.3819928378714,0,0,0,1.50458126098176,28.6424285620234,0,0,0
"PHJJKLOP_00850",0,0,0,0,0,0,0,0,0
"PHJJKLOP_00851",0,2.91677923443105,0,0,0,31.0800820566637,0,57.4306951062896,9.71044716434972
"PHJJKLOP_00852",0,0,0,0,0,0,0,0,0
"PHJJKLOP_00853",0,0,0,0,0,0,0,0,0
"PHJJKLOP_00854",0,0,0,0,0,0,0,0,0
"PHJJKLOP_00855",0,0,0,0,0,0,0,0,0
"PHJJKLOP_00856",66.4663778411919,101.115013460277,0,0,0,28.6424285620234,209.117284239393,20.7938723660704,69.0520687242647
"PHJJKLOP_00857",0,0,0,0,0,0,0,0,0
"PHJJKLOP_00858",0,0,0,0,0,0,0,0,0
"PHJJKLOP_00859",44.9350160053128,67.0859223919143,235.875494413722,122.882424180868,148.953544837194,33.5177355513039,175.302574447491,0,0
"PHJJKLOP_00860",49.6157468391996,203.202286665363,0,231.586107110097,0,166.3698510092,27.5856843039199,118.822127806116,66.8941915766314
"PHJJKLOP_00861",0,0,0,0,0,0,0,0,0
"PHJJKLOP_00862",0,0,0,0,0,21.9388814517626,0,0,0
"PHJJKLOP_00863",380.075343711604,318.901196297795,100.927495205871,253.866986219814,549.172160258343,254.73479018991,276.746703823196,399.044312548874,435.891183821921
"PHJJKLOP_00864",0,0,0,0,0,0,0,0,0
"PHJJKLOP_00865",0,27.2232728546898,78.247159204552,0,148.953544837194,121.273261358354,56.9510901758346,148.527659757645,86.3150859053309
"PHJJKLOP_00866",0,0,0,0,0,0,0,0,0
"PHJJKLOP_00867",0,0,0,0,0,0,0,0,0
"PHJJKLOP_00868",0,0,18.1442688010555,0,0,0,0,0,0
"PHJJKLOP_00869",0,19.445194896207,0,0,0,0,0,11.8822127806116,18.3419557548828
"PHJJKLOP_00870",0,0,0,0,0,0,0,0,0
"PHJJKLOP_00871",0,0,0,0,0,0,0,0,0
"PHJJKLOP_00872",0,0,0,0,0,0,0,0,0
"PHJJKLOP_00873",0,0,0,0,0,0,0,0,0
"PHJJKLOP_00874",0,0,0,0,0,0,0,0,0
"PHJJKLOP_00875",43.0627236717581,77.7807795848281,75.9791256044201,164.068291626103,94.7886194418509,141.383902689137,58.7308117438294,179.223376107559,174.788048958295
"PHJJKLOP_00876",0,0,0,0,0,0,0,0,0
"PHJJKLOP_00877",0,0,0,0,0,0,0,0,0
"PHJJKLOP_00878",0,0,0,0,0,0,0,0,0
"PHJJKLOP_00879",0,0,0,0,0,0,0,0,0
"PHJJKLOP_00880",62.7217931740825,25.2787533650691,0,39.835511135556,0,10.9694407258813,0,28.7153475531448,28.0524029192325
"PHJJKLOP_00881",0,24.3064936202588,0,25.6567698839174,28.5870439586534,19.5012279571223,0,0,29.1313414930492
"PHJJKLOP_00882",0,0,0,0,0,0,0,0,0
"PHJJKLOP_00883",52.4241853395317,36.9458703027934,242.679595214118,31.0581951226369,534.126347648525,0,0,37.6270071386035,0
"PHJJKLOP_00884",0,0,0,7.42695970323925,0,0,0,0,0
"PHJJKLOP_00885",0,0.972259744810351,0,42.5362237549157,0,20.7200547044424,106.78329407969,53.4699575127524,4.31575429526654
"PHJJKLOP_00886",0,0,0,0,0,0,0,0,0
"PHJJKLOP_00887",0,0,0,0,0,0,0,0,0
"PHJJKLOP_00888",0,0,0,0,0,0,0,0,0
"PHJJKLOP_00889",0,0,0,0,0,0,0,0,0
"PHJJKLOP_00890",0,0,0,0,0,0,0,0,0
"PHJJKLOP_00891",0,0,0,0,0,0,0,0,0
"PHJJKLOP_00892",0,0,0,0,0,0,0,0,0
"PHJJKLOP_00893",0,0,0,0,0,0,0,0,0
"PHJJKLOP_00894",0,0,0,0,0,0,0,0,0
"PHJJKLOP_00895",0,0,0,0,0,0,0,0,0
"PHJJKLOP_00896",0,0,0,0,0,0,0,0,0
"PHJJKLOP_00897",0,105.976312184328,0,59.415677625914,9.02748756589056,104.209686895872,0,55.450326309521,40.9996658050322
"PHJJKLOP_00898",0,0,0,0,0,0,0,0,0
"PHJJKLOP_00899",0,0,0,0,0,0,0,0,0
"PHJJKLOP_00900",0,0,0,0,0,0,0,0,0
"PHJJKLOP_00901",0,0,0,0,0,0,0,0,0
"PHJJKLOP_00902",60.8495008405278,134.171844783829,312.988636818208,43.2114019097556,0,8.531787231241,112.122458783674,0,0
"PHJJKLOP_00903",0,0,0,0,0,0,0,0,0
"PHJJKLOP_00904",0,0,0,0,0,0,0,0,0
"PHJJKLOP_00905",0,0,0,0,0,0,0,0,0
"PHJJKLOP_00906",0,0,0,0,0,0,0,0,0
"PHJJKLOP_00907",0,0,0,0,0,0,0,0,0
"PHJJKLOP_00908",0,19.445194896207,0,0,0,0,0,0,0
"PHJJKLOP_00909",0,0,0,0,0,0,0,0,0
"PHJJKLOP_00910",0,0,17.0102520009896,27.6823043484372,0,0,0,20.7938723660704,32.3681572144991
"PHJJKLOP_00911",0,0,0,0,0,0,0,0,0
"PHJJKLOP_00912",0,0,0,0,0,0,0,0,0
"PHJJKLOP_00913",55.2326238398637,76.8085198400178,0,46.5872926839553,0,127.976808468615,0,63.3718014965954,252.471626273093
"PHJJKLOP_00914",0,0,0,0,0,0,0,0,0
"PHJJKLOP_00915",126.379732514942,0,1.13401680006597,0,0,0,0,0,0
"PHJJKLOP_00916",0,0,0,0,0,0,0,0,0
"PHJJKLOP_00917",0,47.6407274957072,0,0,0,2.43765349464029,0,0,0
"PHJJKLOP_00918",0,0,0,0,0,0,0,0,0
"PHJJKLOP_00919",0,0,0,0,0,0,0,0,0
"PHJJKLOP_00920",0,0,0,0,0,17.6729878361421,0,0,0
"PHJJKLOP_00921",0,10.6948571929139,0,0,0,0,0,57.4306951062896,0
"PHJJKLOP_00922",0,0,0,0,0,0,0,0,0
"PHJJKLOP_00923",0,0,0,0,0,0,0,0,0
"PHJJKLOP_00924",0,0,0,0,0,0,0,0,0
"PHJJKLOP_00925",0,35.0013508131727,0,0,0,18.2824012098021,0,133.674893781881,62.5784372813649
"PHJJKLOP_00926",2080.11678257927,1933.82463242779,2730.71245455886,1751.41213365478,1969.49687062512,1632.00901466167,1261.82259170834,1309.02377466405,1050.8861708974
"PHJJKLOP_00927",0,0,0,0,0,14.6259209678417,0,0,0
"PHJJKLOP_00928",0,31.1123118339312,303.91650241768,0,0,0,82.7570529117597,122.782865399654,240.60330196111
"PHJJKLOP_00929",97.3592013448445,36.9458703027934,0,5.40142523871945,4.51374378294528,115.179127621754,110.34273721568,57.4306951062896,71.209945871898
"PHJJKLOP_00930",0,0,0,0,0,0,0,0,0
"PHJJKLOP_00931",0,0,0,0,0,0,0,0,0
"PHJJKLOP_00932",110.465247679727,158.478338404087,0,116.805820787308,263.301720671808,79.8331519494694,102.333990159703,324.780482670052,102.49916451258
"PHJJKLOP_00933",0,0,0,0,0,0,0,0,0
"PHJJKLOP_00934",0,0,0,0,0,0.609413373660072,0,0,0
"PHJJKLOP_00935",58.9772085069731,0,0,0,0,0,0,0,0
"PHJJKLOP_00936",0,0,0,0,0,0,0,0,0
"PHJJKLOP_00937",0,29.1677923443105,0,0,0,0,0,0,0
"PHJJKLOP_00938",0,61.2523639230521,0,58.7404994710741,0,24.9859483200629,0,0,0
"PHJJKLOP_00939",0,0,0,0,0,0,0,0,0
"PHJJKLOP_00940",52.4241853395317,92.3646757569834,86.1852768050138,0,0,0,0,91.0969646513559,0
"PHJJKLOP_00941",0,0,0,0,0,0,0,0,0
"PHJJKLOP_00942",0,0,0,0,0,0,0,0,0
"PHJJKLOP_00943",0,0,0,0,0,0,0,0,0
"PHJJKLOP_00944",72.083254841856,30.1400520891209,99.7934784058054,83.0469130453116,120.366500878541,41.4401094088849,66.7395587998062,88.126411456203,75.5257001671645
"PHJJKLOP_00945",0,0,0,0,0,0.609413373660072,0,0,0
"PHJJKLOP_00946",0,0,0,0,0,0,0,0,0
"PHJJKLOP_00947",0,0,0,0,0,0,0,0,0
"PHJJKLOP_00948",0,0,0,0,0,0,0,0,0
"PHJJKLOP_00949",0,0,0,0,0,0,0,0,0
"PHJJKLOP_00950",17.7867771687697,0,122.473814407125,0,0,20.7200547044424,0,0,0
"PHJJKLOP_00951",53.360331506309,0,0,0.675178154839932,0,0,0,0,0
"PHJJKLOP_00952",0,0,0,0,0,0,0,0,0
"PHJJKLOP_00953",42.1265775049808,34.0290910683623,29.4844368017152,0,0,73.7390182128687,0,0,0
"PHJJKLOP_00954",0,0,0,0,0,0,0,0,0
"PHJJKLOP_00955",0,0,0,0,0,0,0,0,0
"PHJJKLOP_00956",86.1254473435163,33.056831323552,0,81.0213785807918,0,84.0990455650899,0,177.24300731079,20.4998329025161
"PHJJKLOP_00957",88.9338858438483,29.1677923443105,30.6184536017812,0,28.5870439586534,44.4871762771852,0,33.6662695450663,104.657041660214
"PHJJKLOP_00958",0,11.6671169377242,28.3504200016493,0,0,44.4871762771852,49.8322039038553,12.8723971789959,0
"PHJJKLOP_00959",0,8.75033770329316,0,0,0,0,0,0,138.104137448529
"PHJJKLOP_00960",39.3181390046487,0,0,0,0,0,0,0.990184398384303,84.1572087576976
"PHJJKLOP_00961",0,0,0,0,0,0,0,0,0
"PHJJKLOP_00962",0,0,0,0,0,0,0,0,0
"PHJJKLOP_00963",0,0,0,0,0,0,0,0,0
"PHJJKLOP_00964",0,0,0,0,0,0,0,0,0
"PHJJKLOP_00965",446.541721552796,678.637301877625,0,114.780286322788,826.015112278987,215.122920902005,6.22902548798191,558.464000688747,620.389679944566
"PHJJKLOP_00966",0.936146166777351,0,0,0,0,0,121.021066623649,42.577929130525,0
"PHJJKLOP_00967",0,0,0,0,0,0,0,0,0
"PHJJKLOP_00968",0,0,0,0,0,0,0,0,0
"PHJJKLOP_00969",0,0,0,0,0,0,0,0,0
"PHJJKLOP_00970",51.4880391727543,105.976312184328,317.524704018472,45.9121145291154,0,48.7530698928057,89.875939183739,109.910468220658,0
"PHJJKLOP_00971",0,0,0,0,0,0,0,0,0
"PHJJKLOP_00972",0,1.9445194896207,0,0,0,0.609413373660072,0,0,0
"PHJJKLOP_00973",90.806178177403,32.0845715787416,2.26803360013194,24.9815917290775,0,92.0214194226708,144.157447007581,59.4110639030582,203.919390451344
"PHJJKLOP_00974",0,0,0,0,0,0,0,0,0
"PHJJKLOP_00975",0,34.0290910683623,0,0,42.1282753074893,87.7555258070503,72.9685842877881,0.990184398384303,72.2888844457146
"PHJJKLOP_00976",0,2.91677923443105,0,0,0,25.595361693723,0,0,0
"PHJJKLOP_00977",49.6157468391996,55.41880545419,0,1.35035630967986,0,5.48472036294064,5.33916470398449,19.8036879676861,152.130338908146
"PHJJKLOP_00978",0,0,0,0,0,0,0,0,0
"PHJJKLOP_00979",0,0,0,0,0,0,0,0,0
"PHJJKLOP_00980",0.936146166777351,25.2787533650691,1.13401680006597,53.3390742323546,1.50458126098176,25.595361693723,0,0,0
"PHJJKLOP_00981",0,0,0,0,0,0,0,0,0
"PHJJKLOP_00982",0,0,0,0,0,0,0,0,0
"PHJJKLOP_00983",0,0,0,0,0,0,0,0,0
"PHJJKLOP_00984",0,0,0,0,0,0,0,0,0
"PHJJKLOP_00985",3.7445846671094,8.75033770329316,153.092268008906,0,0,14.0165075941816,0,12.8723971789959,66.8941915766314
"PHJJKLOP_00986",2.80843850033205,62.2246236678625,0,45.9121145291154,1.50458126098176,0.609413373660072,1.77972156799483,79.2147518707443,2.15787714763327
"PHJJKLOP_00987",1734.67884703843,970.315225320731,260.823864015173,727.842050917446,585.282110521905,898.884726148606,1123.00430940474,766.402724349451,715.33627444043
"PHJJKLOP_00988",0,0,0,0,0,0,0,0,0
"PHJJKLOP_00989",35.5735543375393,18.4729351513967,0,0,0,0,0,83.1754894642815,66.8941915766314
"PHJJKLOP_00990",104.848370679063,43.7516885164658,10.2061512005937,109.378861084069,0,0,0,14.8527659757645,67.9731301504481
"PHJJKLOP_00991",0.936146166777351,44.7239482612762,0,41.8610456000758,0,22.5482948254227,0,70.3030922852855,52.8679901170152
"PHJJKLOP_00992",69.274816341524,70.0027016263453,0,62.7915684001137,64.6969942222157,18.8918145834622,0.889860783997416,1.98036879676861,69.0520687242647
"PHJJKLOP_00993",0,0,0,0,0,0,0,0,0
"PHJJKLOP_00994",0,0,0,0,0,0,0,0,0
"PHJJKLOP_00995",0,0,0,0,0,0,0,0,0
"PHJJKLOP_00996",0,0,0,0,0,0,0,0,0
"PHJJKLOP_00997",0,0,0,0,0,0,0,0,0
"PHJJKLOP_00998",0,0,0,0,0,0,0,0,0
"PHJJKLOP_00999",0,0,0,0,0,0,0,0,0
"PHJJKLOP_01000",73.9555471754107,30.1400520891209,39.690588002309,95.2001198324304,0,30.4706686830036,0,21.7840567644547,15.1051400334329
"PHJJKLOP_01001",0,0,0,0,0,0,0,0,0
"PHJJKLOP_01002",0,0,0,0,0,0,0,0,0
"PHJJKLOP_01003",0,0,0,0,0,0,0,0,0
"PHJJKLOP_01004",0,58.3355846886211,0,0,0,0,0,0,77.6835773147978
"PHJJKLOP_01005",0,0,0,0,0,0,0,0,0
"PHJJKLOP_01006",0,26.2510131098795,0,0,0,0,0,38.6171915369878,35.604972935949
"PHJJKLOP_01007",0,0,0,0,19.5595563927629,22.5482948254227,0,0,0
"PHJJKLOP_01008",820.064042096959,900.312523694386,1723.70553610028,900.012480401629,640.95161717823,729.467808271106,736.80472914986,822.843235057356,841.572087576976
"PHJJKLOP_01009",0,0,181.442688010555,0,0,71.9107780918885,99.6644078077106,32.676085146682,0
"PHJJKLOP_01010",0,0,0,0,0,22.5482948254227,0,0,0
"PHJJKLOP_01011",0,0,0,0,0,0.609413373660072,0,0,0
"PHJJKLOP_01012",0,0,0,0,0,0,0,0,0
"PHJJKLOP_01013",0,0,0,0,0,49.3624832664658,0,0,135.946260300896
"PHJJKLOP_01014",0,0,0,0,0,0,0,0,0
"PHJJKLOP_01015",0,0,0,0,0,1.21882674732014,0,0,0
"PHJJKLOP_01016",0,0,0,0,0,0,0,0,0
"PHJJKLOP_01017",0,9.72259744810352,10.2061512005937,39.835511135556,0,51.190723387446,82.7570529117597,28.7153475531448,0
"PHJJKLOP_01018",0,0,0,0,0,0,0,0,0
"PHJJKLOP_01019",0,0,0,0,0,0,0,0,0
"PHJJKLOP_01020",0,0,0,0,0,0,0,0,0
"PHJJKLOP_01021",19.6590695023244,21.3897143858277,0,3.37589077419966,0,10.3600273522212,16.0174941119535,0.990184398384303,2.15787714763327
"PHJJKLOP_01022",56.1687700066411,7.77807795848281,0,128.959027574427,0,53.0189635084262,0.889860783997416,112.881021415811,0
"PHJJKLOP_01023",0,0,0,0,1.50458126098176,0,0,0,0
"PHJJKLOP_01024",0,0,0,0,0,0,0,0,0
"PHJJKLOP_01025",0,0,0,21.6057009548778,0,0,0,0,57.1837444122817
"PHJJKLOP_01026",0,0,0,0,0,0,0,0,0
"PHJJKLOP_01027",6.55302316744146,18.4729351513967,0,0,0,18.8918145834622,56.9510901758346,48.5190355208309,0
"PHJJKLOP_01028",0,0,0,0,0,0,0,0,0
"PHJJKLOP_01029",0,0.972259744810351,0,0,0,49.9718966401259,0,0,0
"PHJJKLOP_01030",0,0,0,0,0,0,0,50.4994043175995,0
"PHJJKLOP_01031",0,0,72.5770752042221,87.0979819743512,0,21.3294680781025,0,0,0
"PHJJKLOP_01032",0,0,0,0,0,0,0,0,0
"PHJJKLOP_01033",0,0,0,0,0,0,0,0,0
"PHJJKLOP_01034",0,2.91677923443105,0,12.1532067871188,0,31.0800820566637,0,3.96073759353721,0
"PHJJKLOP_01035",0,0,0,0,0,0,0,0,0
"PHJJKLOP_01036",40.2542851714261,42.7794287716555,0,44.5617582194355,189.577238883702,16.4541610888219,0,126.743602993191,0
"PHJJKLOP_01037",0,0,0,0,0,0,0,0,0
"PHJJKLOP_01038",0,0,0,0,0,0,0,0,0
"PHJJKLOP_01039",0,0,0,0,0,0,0,0,0
"PHJJKLOP_01040",0,21.3897143858277,0,76.9703096517522,0,25.595361693723,0,13.8625815773802,15.1051400334329
"PHJJKLOP_01041",0,0,0,0,0,0,0,0,0
"PHJJKLOP_01042",0,0,0,0,0,0,0,0,0
"PHJJKLOP_01043",0,0,0,0,0,0,0,0,0
"PHJJKLOP_01044",0,0,0,0,0,0,0,0,0
"PHJJKLOP_01045",0,0,0,0,0,0,0,0,0
"PHJJKLOP_01046",32.7651158372073,0,87.3192936050798,89.123516438871,0,29.8612553093435,0,0.990184398384303,0
"PHJJKLOP_01047",0,0,0,1.35035630967986,0,0,0,28.7153475531448,0
"PHJJKLOP_01048",3.7445846671094,28.1955325995002,0,0,0,0,90.7657999677364,0,0
"PHJJKLOP_01049",3.7445846671094,31.1123118339312,0,89.7986945937109,15.0458126098176,26.2047750673831,0.889860783997416,96.0478866432774,76.6046387409811
"PHJJKLOP_01050",0,10.6948571929139,0,0,0,23.1577081990827,0,0,0
"PHJJKLOP_01051",0,0,0,0,0,0,0,0,0
"PHJJKLOP_01052",0,0,0,0,0,0,0,0,0
"PHJJKLOP_01053",0,0,0,0,0,30.4706686830036,8.00874705597674,0,0
"PHJJKLOP_01054",0,0,0,0,0,0,0,0,0
"PHJJKLOP_01055",0,57.3633249438107,0,4.72624708387952,0,0,0,0,56.1048058384651
"PHJJKLOP_01056",0,28.1955325995002,0,2.0255344645198,0,3.65648024196043,0,9.90184398384303,0
"PHJJKLOP_01057",0,0,0,0,0,0,0,35.6466383418349,0
"PHJJKLOP_01058",0,0,0,0,0,0,0,0,0
"PHJJKLOP_01059",16.8506310019923,20.4174546410174,5.67008400032986,0,0,3.65648024196043,0,16.8331347725332,6.47363144289981
"PHJJKLOP_01060",0,0,0,0,0,0,0,0,0
"PHJJKLOP_01061",1.8722923335547,0,0,0,0,0,0,0,0
"PHJJKLOP_01062",65.5302316744146,54.4465457093797,88.4533104051457,0,0,45.0965896508453,93.4353823197287,0,176.945926105928
"PHJJKLOP_01063",0,0,0,0,0,0,0,0,0
"PHJJKLOP_01064",0,0,0,0,0,0,0,0,0
"PHJJKLOP_01065",0,24.3064936202588,0,0,0,0,112.122458783674,0,0
"PHJJKLOP_01066",0,0,0,0,0,0,0,0,0
"PHJJKLOP_01067",0,0,0,0,0,0,0,0,0
"PHJJKLOP_01068",0,0,0,0,0,0,0,0,0
"PHJJKLOP_01069",0,15.5561559169656,0,0,0,0,0,0,0
"PHJJKLOP_01070",0,0,4.53606720026388,65.4922810194734,19.5595563927629,20.7200547044424,96.1049646717209,0,162.919724646312
"PHJJKLOP_01071",0,0,0,0,0,0,0,0,0
"PHJJKLOP_01072",12.1699001681056,0,0,0,0,78.0049118284892,0,0,1.07893857381664
"PHJJKLOP_01073",0,0,0,106.678148464709,0,28.0330151883633,0,0,0
"PHJJKLOP_01074",0,0,0,0,0,0,0,0,0
"PHJJKLOP_01075",0,0,0,51.9887179226748,0,56.6754437503867,0,82.1853050658972,45.3154201002987
"PHJJKLOP_01076",0,0,0,0,0,0,0,0,0
"PHJJKLOP_01077",0,0,0,0,0,0,0,0,0
"PHJJKLOP_01078",0,19.445194896207,0,20.9305228000379,1.50458126098176,32.9083221776439,0,29.7055319515291,1.07893857381664
"PHJJKLOP_01079",0,0,0,0,0,0,0,0,0
"PHJJKLOP_01080",55.2326238398637,0,0,0,0,0,0,206.948539262319,5.39469286908318
"PHJJKLOP_01081",22.4675080026564,9.72259744810352,0,0,0,9.14120060490107,0,0,29.1313414930492
"PHJJKLOP_01082",0,15.5561559169656,2.26803360013194,0,84.2565506149786,0,0,46.5386667240623,0
"PHJJKLOP_01083",0,0,0,0,0,0,0,0,0
"PHJJKLOP_01084",0,0,0,0,0,0,0,0,0
"PHJJKLOP_01085",128.252024848497,53.4742859645693,0,38.4851548258761,0,197.449933065863,0,53.4699575127524,0
"PHJJKLOP_01086",0,0,0,0,0,0,0,0,0
"PHJJKLOP_01087",23.4036541694338,0,0,29.707838812957,0,46.3154163981654,0,132.684709383497,60.4205601337316
"PHJJKLOP_01088",0,0,0,0,0,0,0,0,0
"PHJJKLOP_01089",0,0,0,0,0,0,0,0,0
"PHJJKLOP_01090",0,0,0,0,0,0,0,0,0
"PHJJKLOP_01091",0,0,0,0,0,0,0,0,0
"PHJJKLOP_01092",0,0,0,0,0,0,0,0,0
"PHJJKLOP_01093",0,0,0,0,0,0,0,0,0
"PHJJKLOP_01094",0,0,0,0,0,0,0,0,0
"PHJJKLOP_01095",60.8495008405278,60.2801041782418,1.13401680006597,19.580166490358,0,75.5672583338489,57.840950959832,49.5092199192152,14.0262014596163
"PHJJKLOP_01096",0,0,0,0,0,0,0,0,0
"PHJJKLOP_01097",0,0,0,0,0,0,0,0,0
"PHJJKLOP_01098",2.80843850033205,0,0,0,0,0,0,0,0
"PHJJKLOP_01099",0,0,0,0,0,0,0,0,0
"PHJJKLOP_01100",0,0,0,0,0,0,0,0,0
"PHJJKLOP_01101",0,0.972259744810351,0,45.2369363742754,0,0,0,0,0
"PHJJKLOP_01102",231.228103194006,209.035845134226,497.833375228961,84.3972693549915,147.448963576213,25.595361693723,92.5455215357313,72.2834610820541,467.180402462603
"PHJJKLOP_01103",0,140.005403252691,183.710721610687,50.6383616129949,254.274233105918,52.4095501347662,124.580509759638,36.6368227402192,130.551567431813
"PHJJKLOP_01104",0,0,0,0,0,0,0,0,0
"PHJJKLOP_01105",0,0,0,0,0,60.9413373660072,0,35.6466383418349,124.077935988913
"PHJJKLOP_01106",6.55302316744146,0,0,0,0,0,0,0,66.8941915766314
"PHJJKLOP_01107",0,0,0,0,0,0,0,0,0
"PHJJKLOP_01108",0,0,0,0,0,0,0,0,0
"PHJJKLOP_01109",53.360331506309,55.41880545419,0,78.3206659614321,0,70.6919513445683,0,0,0
"PHJJKLOP_01110",0,0,0,0,0,0,0,0,2.15787714763327
"PHJJKLOP_01111",255.567903530217,214.869403603088,277.834116016163,49.963183458155,0,115.179127621754,61.4003940958217,85.1558582610501,195.287881860811
"PHJJKLOP_01112",0,0,0,0,0,0,0,0,0
"PHJJKLOP_01113",0,0,0,0,0,0,0,0,0
"PHJJKLOP_01114",0,0,0,0,0,0,0,0,0
"PHJJKLOP_01115",0,4.86129872405176,0,0,0,0,0.889860783997416,0,0
"PHJJKLOP_01116",0,0,0,72.9192407227126,233.210095452173,1.21882674732014,159.285080335537,1.98036879676861,181.261680401195
"PHJJKLOP_01117",2.80843850033205,14.5838961721553,0,23.6312354193976,0,0,0,0,0
"PHJJKLOP_01118",0,0,0,0,0,0,0,0,0
"PHJJKLOP_01119",0,16.528415661776,0,0,0,57.2848571240467,0,55.450326309521,0
"PHJJKLOP_01120",0,0,0,0,0,0,0,0,0
"PHJJKLOP_01121",0,0,0,0,0,0,0,0,0
"PHJJKLOP_01122",0,0,0,0,0,0,0,0,0
"PHJJKLOP_01123",2.80843850033205,27.2232728546898,0,33.7589077419966,0,107.256753764173,0,212.889645652625,0
"PHJJKLOP_01124",0,0,0,0,0,0,0,0,0
"PHJJKLOP_01125",0,0,0,0,0,0,0,0,0
"PHJJKLOP_01126",0,0,0,0,0,0,0,0,0
"PHJJKLOP_01127",0,0,0,0,0,0,0,0,0
"PHJJKLOP_01128",0,0,0,0,0,0,0,0,0
"PHJJKLOP_01129",0,0,0,0,0,0,0,0,0
"PHJJKLOP_01130",0,0,0,0,0,0,0,0,0
"PHJJKLOP_01131",0,0,0,0,0,0,0,33.6662695450663,0
"PHJJKLOP_01132",0,6.80581821367246,0,19.580166490358,12.0366500878541,9.14120060490107,0,14.8527659757645,2.15787714763327
"PHJJKLOP_01133",0,0,0,0,0,0,0,0,0
"PHJJKLOP_01134",100.167639845177,0,0,0,0,0,0,0,0
"PHJJKLOP_01135",0,0,0,0,0,0,69.4091411517984,0,0
"PHJJKLOP_01136",3.7445846671094,0,27.2164032015833,38.4851548258761,0,28.6424285620234,0,0,0
"PHJJKLOP_01137",125.443586348165,38.8903897924141,0,0.675178154839932,0,23.1577081990827,4.44930391998708,9.90184398384303,5.39469286908318
"PHJJKLOP_01138",0,0,0,0,0,0,0,0,0
"PHJJKLOP_01139",0,0,0,0,0,0,0,0,0
"PHJJKLOP_01140",0,0,0,0,0,0,0,25.7447943579919,0
"PHJJKLOP_01141",0,0,0,0,0,0,0,0,0
"PHJJKLOP_01142",0,0,0,0,0,0,0,0,0
"PHJJKLOP_01143",0,0,0,0,0,0,0,0,0
"PHJJKLOP_01144",0,0,0,0,0,0,0,0,0
"PHJJKLOP_01145",0,0,0,0,0,0,0,0,0
"PHJJKLOP_01146",0,0,0,0,0,0,0,0,0
"PHJJKLOP_01147",0,0,0,0,0,0,0,0,0
"PHJJKLOP_01148",0,0,0,0,0,0,0,0,0
"PHJJKLOP_01149",0,0,0,0,0,0,0,0,0
"PHJJKLOP_01150",0,0,0,0,0,0,0,0,0
"PHJJKLOP_01151",0,1.9445194896207,0,0,0,0.609413373660072,0,0,0
"PHJJKLOP_01152",0,0,0,0,0,0,0,0,0
"PHJJKLOP_01153",0,0,0,0,0,0,0,0,0
"PHJJKLOP_01154",518.624976394652,568.771950714056,734.842886442749,451.019007433074,887.702943979239,293.127832730494,350.605148894982,501.033305582458,342.023527899874
"PHJJKLOP_01155",0,0,0,0,0,0,0,0,0
"PHJJKLOP_01156",0,0,0,0,0,0,0,0,0
"PHJJKLOP_01157",0,6.80581821367246,0,8.77731601291911,0,33.5177355513039,0,43.5681135289094,0
"PHJJKLOP_01158",11.2337540013282,24.3064936202588,12.4741848007257,7.42695970323925,7.5229063049088,5.48472036294064,10.678329407969,17.8233191709175,18.3419557548828
"PHJJKLOP_01159",33.7012620039846,0,0,42.5362237549157,0,0,0,56.4405107079053,50.7101129693819
"PHJJKLOP_01160",0,0,0,0,0,0,0,0,0
"PHJJKLOP_01161",0,0,0,0,0,0,0,0,0
"PHJJKLOP_01162",146.038802017267,8.75033770329316,0,0,0,0,0,56.4405107079053,0
"PHJJKLOP_01163",0.936146166777351,22.3619741306381,54.4328064031666,0,0,51.190723387446,0.889860783997416,0,59.341621559915
"PHJJKLOP_01164",0,10.6948571929139,0,84.3972693549915,258.787976888863,100.553206653912,0,0,0
"PHJJKLOP_01165",0,0,0,0,0,0,0,0,0
"PHJJKLOP_01166",0,0,0,0,0,0,0,0,0
"PHJJKLOP_01167",0,0,0,0,0,0,0,0,0
"PHJJKLOP_01168",0,0,7.9381176004618,0,0,46.9248297718255,0,31.6859007482977,2.15787714763327
"PHJJKLOP_01169",0,0,0,0,0,0,0,0,0
"PHJJKLOP_01170",70.2109625083013,170.145455341811,350.411191220385,261.969124077894,159.485613664067,87.7555258070503,70.2990019357959,300.025872710444,471.49615675787
"PHJJKLOP_01171",166.634017686368,17.5006754065863,52.1647728030347,0,0,0,0,0,0
"PHJJKLOP_01172",0,0,0,0,0,0,0,0,0
"PHJJKLOP_01173",0,0,0,0,0,15.8447477151619,0,0,16.1840786072495
"PHJJKLOP_01174",0,0,0,0,0,0,0,0,0
"PHJJKLOP_01175",0,54.4465457093797,0,0,0,0,0,81.1951206675129,0
"PHJJKLOP_01176",0,0,0,0,0,0,0,0,0
"PHJJKLOP_01177",0,0,0,1.35035630967986,0,32.9083221776439,113.902180351669,100.998808635199,0
"PHJJKLOP_01178",0,0,0,0,0,0,0,0,0
"PHJJKLOP_01179",664.663778411919,126.393766825346,0,46.5872926839553,279.852114542607,287.643112367554,0,183.184113701096,152.130338908146
"PHJJKLOP_01180",0,0,0,0,0,0,0,0,0
"PHJJKLOP_01181",0,0,0,0,0,0,0,0,0
"PHJJKLOP_01182",0,0,0,0,0,0,0,0,0
"PHJJKLOP_01183",0,0,0,0,0,0,0,0,0
"PHJJKLOP_01184",38.3819928378714,20.4174546410174,0,0,0,25.595361693723,0,61.3914326998268,91.709778774414
"PHJJKLOP_01185",83.3170088431842,35.973610557983,0,0,0,67.6448844762679,0,0,19.4208943286994
"PHJJKLOP_01186",0,0,0,0,0,0,0,0,0
"PHJJKLOP_01187",0,0,0,0,0,0,0,0,0
"PHJJKLOP_01188",47.7434545056449,24.3064936202588,0,0,138.421476010322,0.609413373660072,76.5280274237778,8.91165958545873,1.07893857381664
"PHJJKLOP_01189",12.1699001681056,2.91677923443105,0,2.70071261935973,0,3.65648024196043,16.0174941119535,10.8920283822273,1.07893857381664
"PHJJKLOP_01190",0,41.8071690268451,0,0,0,0,0,0,0
"PHJJKLOP_01191",0,0,0,0,0,0,0,0,0
"PHJJKLOP_01192",179.740064021251,0.972259744810351,0,0,0,28.6424285620234,9.78846862397157,0,0
"PHJJKLOP_01193",0,0,0,0,0,0,0,0,0
"PHJJKLOP_01194",291.141457867756,85.5588575433109,2.26803360013194,3.37589077419966,0,155.400410283318,134.36897838361,0,0
"PHJJKLOP_01195",191.909964189357,179.868052789915,480.823123227972,18.2298101806782,0,88.3649391807104,25.8059627359251,30.6957163499134,117.604304546013
"PHJJKLOP_01196",0.936146166777351,0,0,0,0,0,0,0,0
"PHJJKLOP_01197",0,0,0,0,0,0,0,0,0
"PHJJKLOP_01198",108.592955346173,0,0,0,0,0,0,0,0
"PHJJKLOP_01199",0,35.0013508131727,0,78.3206659614321,0,52.4095501347662,162.844523471527,86.1460426594344,0
"PHJJKLOP_01200",0,0,0,0,0,0,0,12.8723971789959,30.2102800668658
"PHJJKLOP_01201",0,0,0,0,0,0,0,0,0
"PHJJKLOP_01202",168.506310019923,160.422857893708,190.514822411083,87.7731601291911,55.6695066563251,41.4401094088849,137.928421519599,146.547290960877,91.709778774414
"PHJJKLOP_01203",0,0,0,0,0,0,0.889860783997416,0,0
"PHJJKLOP_01204",0,0,0,0,0,0,0,0,0
"PHJJKLOP_01205",0,0,0,68.868171793673,0,19.5012279571223,0,20.7938723660704,0
"PHJJKLOP_01206",0,0,0,0,0,0,0,0,0
"PHJJKLOP_01207",68.3386701747466,23.3342338754484,0,0,0,65.8166443552877,0,118.822127806116,64.7363144289981
"PHJJKLOP_01208",0,0,0,0,12.0366500878541,12.7976808468615,0,13.8625815773802,0
"PHJJKLOP_01209",0,0,0,0,0,0,0,0,0
"PHJJKLOP_01210",0,0,0,0,0,32.9083221776439,0,0,0
"PHJJKLOP_01211",0,0,0,0,0,32.2989088039838,0,0,0
"PHJJKLOP_01212",0,0,0,0,0,0,0,0,0
"PHJJKLOP_01213",0,0,0,0,0,0,0,0,0
"PHJJKLOP_01214",14.0421925016603,60.2801041782418,40.824604802375,112.079573703429,85.7611318759603,241.937109343048,48.0524823358605,75.2540142772071,0
"PHJJKLOP_01215",0,0,0,0,0,0,0,0,0
"PHJJKLOP_01216",0,246.953975181829,30.6184536017812,207.954871690699,7.5229063049088,25.595361693723,235.813107759315,90.1067802529716,253.550564846909
"PHJJKLOP_01217",0,0,0,0,0,0,0,0,0
"PHJJKLOP_01218",0,0,0,0,0,0,0,0,0
"PHJJKLOP_01219",0,0,0,0,0,32.2989088039838,0,0,0
"PHJJKLOP_01220",0,31.1123118339312,0,46.5872926839553,240.733001757082,0,0,0,64.7363144289981
"PHJJKLOP_01221",109.52910151295,271.260468802088,141.752100008246,57.3901431613942,40.6236940465075,82.2708054441097,145.047307791579,126.743602993191,73.3678230195312
"PHJJKLOP_01222",0,0,0,0,0,0,0,0,0
"PHJJKLOP_01223",0,0,0,0,0,0,0,0,0
"PHJJKLOP_01224",0,0,0,0,0,0,0,0,0
"PHJJKLOP_01225",0,0,0,0,0,0,0,0,0
"PHJJKLOP_01226",0,0,0,0,0,0,0,0,0
"PHJJKLOP_01227",0,0,0,0,0,0,0,0,0
"PHJJKLOP_01228",58.9772085069731,123.476987590915,41.9586216024409,168.119360555143,0,162.713370767239,0,204.968170465551,391.654702295439
"PHJJKLOP_01229",0,0,0,0,0,0,0,0,0
"PHJJKLOP_01230",0,0,0,0,0,0,0,0,0
"PHJJKLOP_01231",0,0,0,0,4.51374378294528,27.4236018147032,0,0,0
"PHJJKLOP_01232",52.4241853395317,31.1123118339312,0,0,0,22.5482948254227,4.44930391998708,31.6859007482977,107.893857381664
"PHJJKLOP_01233",0,0,0,0,0,0,0,0,0
"PHJJKLOP_01234",0,0,0,0,0,0,0,0,0
"PHJJKLOP_01235",5.61687700066411,27.2232728546898,0,0,0,20.7200547044424,0,0,0
"PHJJKLOP_01236",18.722923335547,0,0,0,0,23.1577081990827,0,0,0
"PHJJKLOP_01237",0,0,0,0,0,0,0,0,0
"PHJJKLOP_01238",47.7434545056449,206.119065899795,60.1028904034965,10.8028504774389,6.01832504392704,167.58867775652,353.274731246974,87.1362270578187,110.051734529297
"PHJJKLOP_01239",0,0,0,0,0,0,0,0,0
"PHJJKLOP_01240",0,0,0,0,0,0,0,0,0
"PHJJKLOP_01241",86.1254473435163,37.9181300476037,149.690217608708,0.675178154839932,60.1832504392704,2.43765349464029,251.830601871269,64.3619858949797,1.07893857381664
"PHJJKLOP_01242",0,0,0,0,0,0,0,0,0
"PHJJKLOP_01243",0,0,0,0,0,0,0,0,0
"PHJJKLOP_01244",0,0,0,0,0,0,0,0,0
"PHJJKLOP_01245",0,0,0,0,0,0,0,0,0
"PHJJKLOP_01246",0,0,0,0,0,0,0,0,0
"PHJJKLOP_01247",0,0,0,0,0,0,0,0,0
"PHJJKLOP_01248",18.722923335547,6.80581821367246,0,10.8028504774389,0,23.1577081990827,0,63.3718014965954,12.9472628857996
"PHJJKLOP_01249",0,0,0,0,0,0,0,0,0
"PHJJKLOP_01250",0,0,0,0,0,0,0,0,0
"PHJJKLOP_01251",0,0,0,0,0,0,0,0,0
"PHJJKLOP_01252",0,0,0,0,0,0,0,0,0
"PHJJKLOP_01253",61.7856470073052,23.3342338754484,39.690588002309,81.0213785807918,25.5778814366899,166.97926438286,105.003572511695,95.0577022448931,195.287881860811
"PHJJKLOP_01254",0,0,0,0,0,0,0,0,0
"PHJJKLOP_01255",0,0,0,0,0,0,0,0,0
"PHJJKLOP_01256",77.7001318425201,43.7516885164658,0,91.1490509033908,103.816107007741,151.134516667698,16.9073548959509,96.0478866432774,3.23681572144991
"PHJJKLOP_01257",0,0,0,0,0,0,0,0,0
"PHJJKLOP_01258",10.2976078345509,0,0,0,0,45.0965896508453,0,0,0
"PHJJKLOP_01259",0,3.88903897924141,0,0,0,27.4236018147032,0,0,86.3150859053309
"PHJJKLOP_01260",0,0,0,0,0,0,0,0,0
"PHJJKLOP_01261",0,8.75033770329316,0,0,0,45.0965896508453,0,28.7153475531448,70.1310072980813
"PHJJKLOP_01262",0,0,0,0,0,0,0,0,0
"PHJJKLOP_01263",0,0,0,0,0,0,0,0,0
"PHJJKLOP_01264",0,0,0,0,0,0,0,0,0
"PHJJKLOP_01265",0,0,0,0,0,0,0,40.5975603337564,0
"PHJJKLOP_01266",0,19.445194896207,0,0,0,20.1106413307824,0,0,0
"PHJJKLOP_01267",0,0,0,0,0,0,0,0,0
"PHJJKLOP_01268",0,0,0,0,0,0,0,0,0
"PHJJKLOP_01269",0,0,0,14.8539194064785,0,0.609413373660072,0,0,0
"PHJJKLOP_01270",0,0,0,0,0,0,0,0,0
"PHJJKLOP_01271",226.547372360119,277.09402727095,198.452940011545,330.162117716727,63.1924129612339,358.335063712122,246.491437167284,258.438127978303,308.576432111558
"PHJJKLOP_01272",0,0,0,0,0,0,0,0,0
"PHJJKLOP_01273",0,0,0,0,0,0,0,0,0
"PHJJKLOP_01274",0,0,0,0,0,0,0,43.5681135289094,44.2364815264821
"PHJJKLOP_01275",0,0,0,0,0,0,0,0,0
"PHJJKLOP_01276",0,0,0,0,0,0,0,0,0
"PHJJKLOP_01277",137.613486516271,0,6.80410080039583,23.6312354193976,173.026845012902,94.4590729173111,0,71.2932766836698,45.3154201002987
"PHJJKLOP_01278",0,0,0,0,0,0,0,0,1.07893857381664
"PHJJKLOP_01279",0,0,0,0,0,0,0,0,0
"PHJJKLOP_01280",0,0,0,0,0,0,0,0,0
"PHJJKLOP_01281",68.3386701747466,92.3646757569834,252.885746414712,44.5617582194355,141.430638532285,227.311188375207,135.258839167607,0,93.8676559220473
"PHJJKLOP_01282",0,0,44.2266552025729,0,0,0,0,0,0
"PHJJKLOP_01283",0,0,0,0,0,0,0,0,0
"PHJJKLOP_01284",70.2109625083013,45.6962080060865,0,0,0,0,0,0,0
"PHJJKLOP_01285",0,0,0,0,0,0,0,0,0
"PHJJKLOP_01286",593.516669736841,1285.32738263928,738.244936842947,357.169243910324,0,95.6778996646313,67.6294195838036,123.773049798038,58.2626829860983
"PHJJKLOP_01287",0,0,0,0,0,0,0,0,0
"PHJJKLOP_01288",0,0,0,0,0,0,0,0,0
"PHJJKLOP_01289",0,0,0,0,0,0,0,0,0
"PHJJKLOP_01290",0,0,0,0,0,0,0,0,0
"PHJJKLOP_01291",0,0,0,0,0,0,0,0,0
"PHJJKLOP_01292",0,0,0,0,0,0,0,0,0
"PHJJKLOP_01293",60.8495008405278,0.972259744810351,0,0,33.1007877415987,12.7976808468615,0,14.8527659757645,43.1575429526654
"PHJJKLOP_01294",0,0,0,0,0,0,0,0,0
"PHJJKLOP_01295",0,0,0,0,0,0,0,0,0
"PHJJKLOP_01296",0,0,0,0,0,0,0,0,0
"PHJJKLOP_01297",0,0,0,0,0,0,0,0,0
"PHJJKLOP_01298",89.8700320106257,66.1136626471039,0,41.1858674452358,63.1924129612339,46.9248297718255,59.6206725278269,45.548482325678,73.3678230195312
"PHJJKLOP_01299",0,10.6948571929139,0,16.2042757161584,12.0366500878541,24.3765349464029,0,11.8822127806116,0
"PHJJKLOP_01300",0,0,0,0,0,1.82824012098022,0,0,0
"PHJJKLOP_01301",0,0,62.3709240036284,0,0,0,0,3.96073759353721,3.23681572144991
"PHJJKLOP_01302",0,21.3897143858277,0,49.288005303315,0,0,0,0,63.6573758551815
"PHJJKLOP_01303",0,0,0,0,0,0,0,0,0
"PHJJKLOP_01304",0,0,0,0,0,0,0,0,0
"PHJJKLOP_01305",0,0,0,0,0,0,0,0,0
"PHJJKLOP_01306",0,0,0,0,0,0,0,0,0
"PHJJKLOP_01307",0,0,0,0,0,0,0,0,0
"PHJJKLOP_01308",0,10.6948571929139,0,0,97.7977819638144,3.65648024196043,0,7.92147518707443,0
"PHJJKLOP_01309",0,12.6393766825346,11.3401680006597,0,0,24.9859483200629,0,0,0
"PHJJKLOP_01310",55.2326238398637,0,274.432065615965,70.8937062581929,0,61.5507507396672,65.8496980158088,100.008624236815,119.762181693647
"PHJJKLOP_01311",0,18.4729351513967,0,51.9887179226748,1.50458126098176,0,0,0,0
"PHJJKLOP_01312",0,0,0,0,0,0,0,0,0
"PHJJKLOP_01314",0,0,0,0,0,0,0,21.7840567644547,154.288216055779
"PHJJKLOP_01315",0,0,0,0,0,0,0,0,0
"PHJJKLOP_01316",0,0,0,0,0,0,0,0,0
"PHJJKLOP_01317",0,0,29.4844368017152,1.35035630967986,0,0,0,0,0
"PHJJKLOP_01318",0,0,0,0,0,0,0,0,0
"PHJJKLOP_01319",0,0,0,0,0,0,0,0,0
"PHJJKLOP_01320",42.1265775049808,0,12.4741848007257,0,0,51.190723387446,729.685842877881,650.551149738487,576.153198418083
"PHJJKLOP_01321",0,0,0,0,0,0,0,0,0
"PHJJKLOP_01322",0,0,0,0,0,0,32.9248490079044,104.959546228736,63.6573758551815
"PHJJKLOP_01323",0,0,0,0,0,0,0,0,0
"PHJJKLOP_01324",142.294217350157,71.947221115966,0,86.4228038195113,117.357338356577,0,2393.72550895305,1660.53923609048,2305.69173224615
"PHJJKLOP_01325",0,0,0,0,0,0,0,0,0
"PHJJKLOP_01326",0,0,0,0,0,0.609413373660072,0,0.990184398384303,12.9472628857996
"PHJJKLOP_01327",0,0,0,0,0,0,0,0,0
"PHJJKLOP_01328",0,0,0,0,0,0,0,0,0
"PHJJKLOP_01329",0,0,0,0,0,0,0,0,0
"PHJJKLOP_01330",0,0,0,0,0,0,0,0,0
"PHJJKLOP_01331",0,0,0,0,0,0,0,0,0
"PHJJKLOP_01332",0,0,0,0,0,0,0,0,0
"PHJJKLOP_01333",0,0,41.9586216024409,21.6057009548778,0,0,0,4.95092199192152,0
"PHJJKLOP_01334",0,0,0,0,0,0,0,0,0
"PHJJKLOP_01335",0,0,0,0,0,0,0,0,0
"PHJJKLOP_01336",0,26.2510131098795,0,35.7844422065164,0,54.8472036294065,0,0,0
"PHJJKLOP_01337",0,0,0,0,0,0,0,0,0
"PHJJKLOP_01338",0,0,0,0,0,0,0,0,0
"PHJJKLOP_01339",0,0,0,0,0,0,0,0,0
"PHJJKLOP_01340",0,0,0,0,0,0,0,0,0
"PHJJKLOP_01341",0,0,0,0,4.51374378294528,0,0,0,0
"PHJJKLOP_01342",0,0,0,0,0,0,0,0,0
"PHJJKLOP_01343",0,0,0,0,0,0,0,0,0
"PHJJKLOP_01344",0,0,0,0,0,1.82824012098022,0,0,0
"PHJJKLOP_01345",0,0,0,29.707838812957,0,0,0,0,0
"PHJJKLOP_01346",0,0,0,0,0,0,0,0,0
"PHJJKLOP_01347",0,0,0,0,0,0,0,0,0
"PHJJKLOP_01348",0,0,0,0,0,0,0,0,0
"PHJJKLOP_01349",0,4.86129872405176,0,0,0,0,0,0,0
"PHJJKLOP_01350",143.230363516935,99.1704939706559,0,162.717935316424,595.814179348777,233.405322111807,0,41.5877447321407,0
"PHJJKLOP_01351",0,0,0,4.72624708387952,36.1099502635623,15.8447477151619,0,0,2.15787714763327
"PHJJKLOP_01352",0,0,0,0,0,0,0,0,0
"PHJJKLOP_01353",0,0,0,0,0,0,0,0,0
"PHJJKLOP_01354",0,0,0,0,0,0,0,0,0
"PHJJKLOP_01355",0,0,0,0,0,0,0,0,0
"PHJJKLOP_01356",0,0,0,0,0,0,0,0,0
"PHJJKLOP_01357",0,0,0,0,0,0,0,0,0
"PHJJKLOP_01358",0,36.9458703027934,0,0,0,0,0,0,0
"PHJJKLOP_01359",0,0,0,0,0,0,0,0,0
"PHJJKLOP_01360",0,0,0,0,0,0,0,0.990184398384303,0
"PHJJKLOP_01361",0,35.973610557983,210.927124812271,40.5106892903959,0,54.2377902557464,17.7972156799483,50.4994043175995,36.6839115097656
"PHJJKLOP_01362",0,0,0,0,0,0,0,0,0
"PHJJKLOP_01363",0,0,0,0,0,0,0,0,0
"PHJJKLOP_01364",0,0,0,0,0,0,0,0,0
"PHJJKLOP_01365",0,0,0,0,0,0,0,0,0
"PHJJKLOP_01366",0,0,0,0,0,0,0,0,0
"PHJJKLOP_01367",0,0,0,0,0,0,0,0,0
"PHJJKLOP_01368",0,26.2510131098795,0,0,0,0,0,0,0
"PHJJKLOP_01369",0,0,0,0,0,0,0,0,0
"PHJJKLOP_01371",62.7217931740825,19.445194896207,0,220.108078477818,0,89.5837659280305,0,28.7153475531448,0
"PHJJKLOP_01372",0,0,0,0,0,0,0,0,0
"PHJJKLOP_01373",0,0,0,0,0,0,0,0,0
"PHJJKLOP_01374",251.823318863107,0,0,133.010096503467,0,285.205458872914,75.6381666397804,109.910468220658,144.577768891429
"PHJJKLOP_01375",0,0,0,0,0,0,0,0,0
"PHJJKLOP_01376",0,0,0,0,0,0,0,0,0
"PHJJKLOP_01377",0,0,0,0,0,0,0,0,0
"PHJJKLOP_01378",0,0,0,0,0,0,0,0,0
"PHJJKLOP_01379",0,0,0,0,0,0,0,0,0
"PHJJKLOP_01380",0,0,0,0,0,0,0,0,0
"PHJJKLOP_01381",0,0,0,0,0,0,0,0,0
"PHJJKLOP_01382",0,0,0,0,0,0,0,0,0
"PHJJKLOP_01383",0,0,0,0,0,0,0,0,0
"PHJJKLOP_01384",0,0,0,0,0,0,0,0,0
"PHJJKLOP_01385",0,0,0,0,0,0,0,0,0
"PHJJKLOP_01386",0,0,0,0,0,0,0,0,0
"PHJJKLOP_01387",0,0,0,0,0,0,0,0,0
"PHJJKLOP_01388",126.379732514942,259.593351864364,0,93.8497635227505,309.943739762243,109.694407258813,137.038560735602,440.632057281015,76.6046387409811
"PHJJKLOP_01389",0,0,0,0,0,0,0,0,0
"PHJJKLOP_01390",0,0,0,0,0,0,0,0,0
"PHJJKLOP_01391",0,0,0,0,0,0,0,0,0
"PHJJKLOP_01392",0,0,0,0,0,0,144.157447007581,0,0
"PHJJKLOP_01393",0,0,0,0,0,0,0,0,0
"PHJJKLOP_01394",0,0,0,0,0,0,0,0,0
"PHJJKLOP_01395",0,0,0,0,0,0,0,0,0
"PHJJKLOP_01396",0,0,0,0,0,0,0,0,0
"PHJJKLOP_01397",0,0,0,0,0,0,0,0,0
"PHJJKLOP_01398",0,0,0,0,0,0,0,0,0
"PHJJKLOP_01399",0,0,0,0,0,0,0,0,0
"PHJJKLOP_01400",0,0,0,0,0,0,0,0,0
"PHJJKLOP_01401",0,0,0,0,0,0,0,0,0
"PHJJKLOP_01402",0,0,0,0,0,0,0,0,0
"PHJJKLOP_01403",0,0,0,0,0,0,0,0,0
"PHJJKLOP_01404",398.798267047152,138.06088376307,251.751729614646,139.761878051866,258.787976888863,87.1461124333902,126.360231327633,116.841759009348,0
"PHJJKLOP_01405",0,119.587948611673,0,0.675178154839932,230.200932930209,100.553206653912,0,0,0
"PHJJKLOP_01406",165.697871519591,45.6962080060865,0,112.079573703429,40.6236940465075,0,0,0,0
"PHJJKLOP_01407",0,0,0,0,0,3.65648024196043,0,0,0
"PHJJKLOP_01408",473.68996038934,277.09402727095,690.616231240176,556.346799588104,976.473238377163,432.074081924991,417.344707694788,417.857816118176,504.943252546186
"PHJJKLOP_01409",0,0,0,0,0,0,0,0,0
"PHJJKLOP_01410",0,0,0,0,0,0,0,0,0
"PHJJKLOP_01411",0,0,0,0,0,0,0,0,0
"PHJJKLOP_01412",0,0,0,0,0,0,0,0,0
"PHJJKLOP_01413",0,0,0,0,0,0,0,0,0
"PHJJKLOP_01414",0,0,0,0,0,0,0,0,0
"PHJJKLOP_01415",0,0,0,0,0,0,0,0,0
"PHJJKLOP_01416",0,5.83355846886211,39.690588002309,277.498221639212,0,64.5978176079676,2.66958235199225,60.4012483014425,106.814918807847
"PHJJKLOP_01417",0,0,0,0,0,0,0,0,0
"PHJJKLOP_01418",48.6796006724222,24.3064936202588,0,0,0,13.4070942205216,0,29.7055319515291,0
"PHJJKLOP_01419",0,0,0,0,0,58.5036838713669,0,0,0
"PHJJKLOP_01420",102.976078345509,63.1968834126728,390.101779222694,183.648458116461,276.842952020644,165.760437635539,34.7045705758992,60.4012483014425,101.420225938764
"PHJJKLOP_01421",0,0,0,0,0,0,0,0,0
"PHJJKLOP_01422",0,0,0,0,0,0,0,0,0
"PHJJKLOP_01423",0,0,0,0,0,0,0,0,0
"PHJJKLOP_01424",0,0,0,0,0,0,0,0,0
"PHJJKLOP_01425",0,0,0,0,0,0,0,0,0
"PHJJKLOP_01426",0,0,0,0,0,0,0,0,0
"PHJJKLOP_01428",0,0,0,0,0,0,0,0,0
"PHJJKLOP_01429",0,0,0,0,0,0,0,0,0
"PHJJKLOP_01430",0,0,0,0,0,0,0,0,0
"PHJJKLOP_01431",0,0,0,0,0,0,0,0,0
"PHJJKLOP_01432",0,0,0,0,0,0,0,0,0
"PHJJKLOP_01433",0,0,0,0,0,0,0,0,0
"PHJJKLOP_01434",0,0,0,0,0,0,0,0,0
"PHJJKLOP_01435",0,0,0,0,0,0,0,0,0
"PHJJKLOP_01436",0,0,0,0,0,0,0,0,0
"PHJJKLOP_01437",0,0,0,0,0,0,0,0,0
"PHJJKLOP_01438",0,0,0,0,0,0,0,0,0
"PHJJKLOP_01439",0,2.91677923443105,190.514822411083,48.6128271484751,0,90.8025926753507,0,44.5582979272937,1.07893857381664
"PHJJKLOP_01440",0,0,0,0,0,0,0,0,0
"PHJJKLOP_01441",0,0,0,0,0,0,0,0,0
"PHJJKLOP_01442",0,1.9445194896207,0,0,0,4.2658936156205,0,0,0
"PHJJKLOP_01443",0,0,0,0,0,0,0,0,0
"PHJJKLOP_01444",0,0,0,0,0,0,0,0,0
"PHJJKLOP_01445",0,0,0,0,0,0,0,0,0
"PHJJKLOP_01446",147.911094350821,118.615688866863,271.030015215767,241.038601277856,12.0366500878541,99.3343799065917,259.839348927245,87.1362270578187,0
"PHJJKLOP_01447",10.2976078345509,49.5852469853279,11.3401680006597,18.9049883355181,7.5229063049088,21.3294680781025,0,68.3227234885169,38.8417886573989
"PHJJKLOP_01448",102.976078345509,0,0,0,0,0,0,29.7055319515291,26.9734643454159
"PHJJKLOP_01449",0,0,0,0,0,0,0,0,0
"PHJJKLOP_01450",0,0,0,0,0,0,0,0,0
"PHJJKLOP_01451",0,0,0,0,0,0,0,0,0
"PHJJKLOP_01452",0,0,0,0,0,0,0,0,0
"PHJJKLOP_01453",4.68073083388675,0.972259744810351,0,0,1.50458126098176,0,0,0,0
"PHJJKLOP_01454",0,0,0,0,0,0,0,0,0
"PHJJKLOP_01455",0,69.030441881535,0,0,0,0,0,0,0
"PHJJKLOP_01456",0,0,0,103.97743584535,31.596206480617,8.531787231241,64.9598372318114,63.3718014965954,50.7101129693819
"PHJJKLOP_01457",0,0,0,0,0,0,0,0,0
"PHJJKLOP_01458",63.6579393408599,0,0,0,0,0,0,0,0
"PHJJKLOP_01459",0,0,0,0,0,0,0,0,0
"PHJJKLOP_01460",0,0,0,0,0,0,0,0,0
"PHJJKLOP_01461",0,0,0,0,0,0,0,0,0
"PHJJKLOP_01462",46.8073083388675,5.83355846886211,0,24.3064135742375,0,110.303820632473,0,0,63.6573758551815
"PHJJKLOP_01463",0,0,0,0,0,0,0,0,0
"PHJJKLOP_01464",0,0,0,0,0,0,0,0,0
"PHJJKLOP_01465",86.1254473435163,0,0,0,0,0,0,0,0
"PHJJKLOP_01466",80.5085703428522,21.3897143858277,166.700469609698,67.5178154839932,179.04517005683,46.9248297718255,49.8322039038553,15.8429503741489,60.4205601337316
"PHJJKLOP_01467",0,0,0,0,0,0,0,0,0
"PHJJKLOP_01468",0,80.6975588192592,0,0,0,7.31296048392086,16.9073548959509,85.1558582610501,39.9207272312155
"PHJJKLOP_01469",0,0,0,0,0,0,0,0,0
"PHJJKLOP_01470",0,0,0,0,0,0,0,0,0
"PHJJKLOP_01471",44.9350160053128,0,0,39.160332980716,0,22.5482948254227,0,0,0
"PHJJKLOP_01472",0,0,0,0,0,0,0,0,0
"PHJJKLOP_01473",0,0,0,0,0,0,0,0,0
"PHJJKLOP_01474",34.637408170762,33.056831323552,54.4328064031666,56.7149650065543,299.41167093537,411.354027220548,57.840950959832,130.704340586728,56.1048058384651
"PHJJKLOP_01475",0,0,0,0,0,0,0,0,0
"PHJJKLOP_01476",0,0,0,0,0,0,0,0,0
"PHJJKLOP_01477",0,68.0581821367246,0,0,269.320045715735,0,0,0,0
"PHJJKLOP_01478",0,0,0,0,0,9.14120060490107,0,0,0
"PHJJKLOP_01479",0,2.91677923443105,0,0,0,0,0,0,21.5787714763327
"PHJJKLOP_01480",0,0,0,0,0,0,0,0,0
"PHJJKLOP_01481",0,0,0,0,0,0,0,0,0
"PHJJKLOP_01482",0,17.5006754065863,1.13401680006597,0,0,24.9859483200629,0,85.1558582610501,37.7628500835823
"PHJJKLOP_01483",0,25.2787533650691,225.669343213128,5.40142523871945,0,37.1742157932644,0,0,55.0258672646484
"PHJJKLOP_01484",0,0,0,0,0,0,0,0,0
"PHJJKLOP_01485",0,0,0,0,0,0,0,0,0
"PHJJKLOP_01486",0,0,0,0,79.7428068320333,14.6259209678417,0,11.8822127806116,0
"PHJJKLOP_01487",0,0,0,0,0,0,0,0,0
"PHJJKLOP_01488",0,0,0,0,0,0,0,0,0
"PHJJKLOP_01489",0,0,0,0,0,0,0,0,0
"PHJJKLOP_01490",0,0,0,0,0,0,0,0,0
"PHJJKLOP_01491",0,21.3897143858277,0,91.1490509033908,0,21.3294680781025,0,0,0
"PHJJKLOP_01492",0,0,0,0,0,0,0,0,0
"PHJJKLOP_01493",0,0,0,0,0,0,0,0,0
"PHJJKLOP_01494",25.2759465029885,88.475636777742,41.9586216024409,35.7844422065164,52.6603441343616,18.2824012098021,48.9423431198579,74.2638298788227,75.5257001671645
"PHJJKLOP_01495",0,0,0,0,0,0,0,14.8527659757645,0
"PHJJKLOP_01496",0,0,0,0,0,0,0,0,0
"PHJJKLOP_01497",0,0,0,0,0,0,0,0,0
"PHJJKLOP_01498",0,0,0,0,0,0,0,0,0
"PHJJKLOP_01499",0,0,0,0,0,0,0,0,0
"PHJJKLOP_01500",0,0,0,0,0,0,0,0,0
"PHJJKLOP_01502",0,0,0,0,0,0,0,0,0
"PHJJKLOP_01503",133.868901849161,0,0,0,0,0,0,0,0
"PHJJKLOP_01504",0,0,0,0,0,0,0,0,0
"PHJJKLOP_01505",16.8506310019923,0,0,66.1674591743133,349.062852547768,96.8967264119514,117.461623487659,100.008624236815,98.1834102173138
"PHJJKLOP_01506",0,0.972259744810351,0,0.675178154839932,1.50458126098176,3.04706686830036,0,18.8135035693018,2.15787714763327
"PHJJKLOP_01507",0,0,0,0,0,0,0,0,0
"PHJJKLOP_01508",0,0,0,0,0,0,0,0,0
"PHJJKLOP_01509",0,0,0,0,0,0,0,0,0
"PHJJKLOP_01510",0,22.3619741306381,0,0,0,0,0,43.5681135289094,0
"PHJJKLOP_01511",0,0,0,0,0,0,0.889860783997416,0,0
"PHJJKLOP_01512",0,0,0,0,0,0,0,0,0
"PHJJKLOP_01513",0,0,0,0,0,0,0,0,0
"PHJJKLOP_01514",0,0,0,0,0,0,0,0,0
"PHJJKLOP_01515",0,2.91677923443105,0,6.07660339355939,0,0,0,0,0
"PHJJKLOP_01516",0,0,0,0,0,0,0,0,0
"PHJJKLOP_01517",0,0,0,0,0,0,0,0,0
"PHJJKLOP_01518",0,0,0,0,0,0,0,0,0
"PHJJKLOP_01519",73.0194010086334,0,0,0,0,31.0800820566637,80.0874705597674,0,0
"PHJJKLOP_01520",11.2337540013282,0,31.7524704018472,0,0,23.1577081990827,170.853270527504,0,0
"PHJJKLOP_01521",0,0,0,0,0,0,0,0,0
"PHJJKLOP_01522",0,0,0,0,0,0,0,0,0
"PHJJKLOP_01523",0,0,0,0,0,0,0,0,0
"PHJJKLOP_01524",0,0,0,0,0,0,0,20.7938723660704,17.2630171810662
"PHJJKLOP_01525",0,0,0,0,0,0,0,0,0
"PHJJKLOP_01526",0,0,0,0,0,0,0,0,0
"PHJJKLOP_01527",0,118.615688866863,273.298048815899,70.8937062581929,40.6236940465075,43.2683495298651,0,108.920283822273,38.8417886573989
"PHJJKLOP_01528",0,0,0,0,0,0,0,0,0
"PHJJKLOP_01529",0,0,0,0,0,0,7.11888627197933,0,0
"PHJJKLOP_01530",0,0,0,0,0,0,0,0,0
"PHJJKLOP_01531",0,0,0,0,0,1.82824012098022,0,0,0
"PHJJKLOP_01532",0,0,0,0,0,0,0,0,0
"PHJJKLOP_01533",0,0,0,0,0,0,0,0,0
"PHJJKLOP_01534",41.1904313382034,6.80581821367246,0,50.6383616129949,0,46.3154163981654,8.00874705597674,24.7546099596076,0
"PHJJKLOP_01535",0,0,0,0,0,0,0,0,0
"PHJJKLOP_01536",0,0,0,0,0,0,0,0,0
"PHJJKLOP_01537",55.2326238398637,33.056831323552,2.26803360013194,0,0,50.5813100137859,0,32.676085146682,57.1837444122817
"PHJJKLOP_01538",0,0,0,0,0,0,0,0,0
"PHJJKLOP_01539",0,0,0,0,0,0,0,0,0
"PHJJKLOP_01540",0,0,0,0,0,0,0,0,0
"PHJJKLOP_01541",0,0.972259744810351,1.13401680006597,0,24.0733001757082,0,4.44930391998708,12.8723971789959,0
"PHJJKLOP_01542",75.8278395089654,29.1677923443105,0,56.0397868517143,0,0,0,80.2049362691286,0
"PHJJKLOP_01543",0,0,0,0,0,0,0,0,0
"PHJJKLOP_01544",43.0627236717581,18.4729351513967,0,8.77731601291911,0,26.2047750673831,0,53.4699575127524,0
"PHJJKLOP_01545",0,0,0,0,0,0,0,0,0
"PHJJKLOP_01546",0,0,0,0,0,0,0,0,0
"PHJJKLOP_01547",0,0,0,0,0,0,0,0,0
"PHJJKLOP_01548",0,0,0,0,0,0,0,0,0
"PHJJKLOP_01549",0,0,0,0,0,0,0,0,0
"PHJJKLOP_01550",0,0,0,0,0,0,0,0,0
"PHJJKLOP_01551",0,0,0,0,0,0,0,0,0
"PHJJKLOP_01552",0,0,0,0,0,0,0,0,0
"PHJJKLOP_01553",20.5952156691017,0,250.61771281458,226.859860026217,135.412313488358,118.835607863714,259.839348927245,76.2441986755914,83.0782701838809
"PHJJKLOP_01554",0,0,0,0,0,0,0,0,0
"PHJJKLOP_01555",0,0,0,0,0,0,0,0,0
"PHJJKLOP_01556",0,0,0,0,0,0,0,0,0
"PHJJKLOP_01557",0,33.056831323552,0,0,0,4.87530698928057,0,19.8036879676861,0
"PHJJKLOP_01558",0,1.9445194896207,0,0,0,0,0,0,0
"PHJJKLOP_01559",0,0,0,0,0,0,0,0,0
"PHJJKLOP_01560",0,0,0,0,0,0,0,0,0
"PHJJKLOP_01561",0,0,0,0,0,0,0,22.774241162839,0
"PHJJKLOP_01562",0,0,0,0,0,0,0,0,0
"PHJJKLOP_01563",152.591825184708,19.445194896207,54.4328064031666,111.404395548589,507.043884950853,18.8918145834622,2.66958235199225,61.3914326998268,0
"PHJJKLOP_01564",0,0,0,0,0,0,0,0,0
"PHJJKLOP_01565",0,0,0,0,0,0,0,0,0
"PHJJKLOP_01566",0,0,0,0,0,0,0,0,0
"PHJJKLOP_01567",0,0,0,0,0,0,0,0,0
"PHJJKLOP_01568",0,0,0,0,0,0,0,0,0
"PHJJKLOP_01569",0,0,0,0,0,0,0,0,0
"PHJJKLOP_01570",0,34.0290910683623,0,0,0,0,0,91.0969646513559,0
"PHJJKLOP_01571",0,0,0,0,0,0,0,0,0
"PHJJKLOP_01572",126.379732514942,35.0013508131727,0,122.882424180868,270.824626976717,26.8141884410432,0,0,64.7363144289981
"PHJJKLOP_01573",0,0,0,0,0,0,0,0,0
"PHJJKLOP_01574",86.1254473435163,161.395117638518,139.484066408114,118.156177096988,0,70.0825379709082,266.068374415227,113.871205814195,144.577768891429
"PHJJKLOP_01575",0,0,0,0,0,0,0,0,0
"PHJJKLOP_01576",0,2.91677923443105,0,0,0,0,0,0,0
"PHJJKLOP_01577",73.9555471754107,93.3369355017937,0,49.963183458155,0,165.151024261879,120.131205839651,0,211.471960468061
"PHJJKLOP_01579",0,0,0,0,0,0,0,0,0
"PHJJKLOP_01580",0,0,0,0,0,0,0,0,0
"PHJJKLOP_01581",0,0,0,0,0,0,0,0,0
"PHJJKLOP_01582",0,0,0,0,0,0,0,0,0
"PHJJKLOP_01585",0,0,0,0,0,0,0,0,0
"PHJJKLOP_01586",0,0,0,0,0,0,0,0,0
"PHJJKLOP_01587",0,0,0,0,0,0,0,0,0
"PHJJKLOP_01588",0,0,0,0,0,0,0,0,0
"PHJJKLOP_01589",0,0,0,0,0,0,0,0,0
"PHJJKLOP_01590",0,0,0,0,0,0,0,0,0
"PHJJKLOP_01591",0,2.91677923443105,0,0,0,0.609413373660072,0,71.2932766836698,0
"PHJJKLOP_01592",0,0,0,0,0,0,0,0,0
"PHJJKLOP_01593",0,0,0,0,0,0,0,0,0
"PHJJKLOP_01594",0,0,0,0,0,0,0,0,0
"PHJJKLOP_01595",0,0,0,0,0,0,0,0,0
"PHJJKLOP_01596",0,1.9445194896207,0,1.35035630967986,0,37.1742157932644,0,0,3.23681572144991
"PHJJKLOP_01597",0,0,0,0,0,0,0,0,0
"PHJJKLOP_01598",0,0,0,0,0,0,0,0,0
"PHJJKLOP_01599",0,0,0,0,0,0,0,0,2.15787714763327
"PHJJKLOP_01600",107.656809179395,0,0,0,123.375663400504,0,0,0,0
"PHJJKLOP_01601",0,0,0,0,0,0,0,0,0
"PHJJKLOP_01602",0,0,0,0,0,0,0,0,0
"PHJJKLOP_01603",0,0,0,0,0,0,0,0,0
"PHJJKLOP_01604",0,0,0,0,0,0,0,0,0
"PHJJKLOP_01605",23.4036541694338,33.056831323552,0,0,0,31.6894954303237,0,13.8625815773802,18.3419557548828
"PHJJKLOP_01606",0,27.2232728546898,0,0,0,60.9413373660072,0,0,77.6835773147978
"PHJJKLOP_01607",0,0,0,0,0,0,0,0,0
"PHJJKLOP_01608",108.592955346173,34.0290910683623,46.4946888027048,182.298101806782,0,0,124.580509759638,78.22456747236,3.23681572144991
"PHJJKLOP_01609",0,0,0,0,0,0,0,0,0
"PHJJKLOP_01610",0,0,0,0,0,0,0,0,0
"PHJJKLOP_01611",0,0,0,0,0,0,0,0,0
"PHJJKLOP_01612",0,29.1677923443105,0,0,0,0,0,0,0
"PHJJKLOP_01613",0,0,0,0,0,0,0,0,0
"PHJJKLOP_01614",0,0,0,0,0,0,0,0,0
"PHJJKLOP_01615",0,0,0,0,0,0,0,0,0
"PHJJKLOP_01616",0,0,0,0,0,0,0,0,0
"PHJJKLOP_01617",0,0,0,0,0,0,0,0,0
"PHJJKLOP_01618",0,0,0,0,0,0,0,0,0
"PHJJKLOP_01619",0,0,0,0,0,0,0,0,0
"PHJJKLOP_01620",128.252024848497,63.1968834126728,0,55.3646086968744,0,0,78.3077489917726,34.6564539434506,0
"PHJJKLOP_01621",0,10.6948571929139,14.7422184008576,10.8028504774389,0,15.8447477151619,0,0,0
"PHJJKLOP_01622",58.0410623401958,51.5297664749486,0,151.239906684145,0,53.6283768820863,58.7308117438294,94.0675178465088,8.63150859053309
"PHJJKLOP_01623",54.2964776730864,83.6143380536902,0,0,0,31.0800820566637,0,0,168.314417515395
"PHJJKLOP_01624",27.1482388365432,13.6116364273449,453.606720026388,0,0,0,0,40.5975603337564,0
"PHJJKLOP_01625",0,0,0,0,0,0,0,0,0
"PHJJKLOP_01626",0,0,0,0,0,0,0,0,0
"PHJJKLOP_01627",0,0,0,0,0,0,0,0,0
"PHJJKLOP_01628",0,0,0,0,0,0,0,0,0
"PHJJKLOP_01629",0,0,0,0,0,0,0,0,0
"PHJJKLOP_01630",0,0,0,0,0,0,0,0,0
"PHJJKLOP_01631",0,0,0,0,0,0,0,0,0
"PHJJKLOP_01632",0,0,0,0,0,0,0,0,0
"PHJJKLOP_01633",0,0,0,0,0,0,0,0,0
"PHJJKLOP_01635",122.635147847833,58.3355846886211,40.824604802375,0,251.265070583954,220.607641264946,0.889860783997416,64.3619858949797,34.5260343621323
"PHJJKLOP_01636",0,0,0,0,0,0,0,0,0
"PHJJKLOP_01637",0,0,0,0,0,12.1882674732014,25.8059627359251,0,0
"PHJJKLOP_01638",0,0,0,0,0,0,0,0,0
"PHJJKLOP_01639",0,0,0,0,0,49.3624832664658,70.2990019357959,23.7644255612233,0
"PHJJKLOP_01640",0,0,0,0,0,0,0,0,0
"PHJJKLOP_01641",0,0,0,0,0,0,0,0,0
"PHJJKLOP_01642",0,0,0,0,0,0,0,0,0
"PHJJKLOP_01643",0,0,0,0,0,0,0,0,0
"PHJJKLOP_01644",0,0,0,0,0,0,0,0,0
"PHJJKLOP_01645",0,0,0,0,0,0,0,0,0
"PHJJKLOP_01646",0,0,0,0,0,0,0,0,0
"PHJJKLOP_01647",0,0,0,0,0,0,0,0,0
"PHJJKLOP_01648",0,0,0,0,0,0,0,0,0
"PHJJKLOP_01649",0,0,0,0,0,0,0,0,0
"PHJJKLOP_01650",0,0,0,0,0,0,0,0,0
"PHJJKLOP_01651",0,0,0,0,0,0,0,0,0
"PHJJKLOP_01652",0,32.0845715787416,2.26803360013194,57.3901431613942,67.7061567441792,28.0330151883633,0.889860783997416,107.930099423889,77.6835773147978
"PHJJKLOP_01653",0,0,0,0,0,0,0,0,0
"PHJJKLOP_01654",51.4880391727543,33.056831323552,0,0.675178154839932,115.852757095596,42.0495227825449,197.549094047426,151.498212952798,64.7363144289981
"PHJJKLOP_01655",0,0,0,62.7915684001137,0,87.7555258070503,122.800788191643,0,167.235478941579
"PHJJKLOP_01656",0,0,0,0,0,0,0,0,0
"PHJJKLOP_01657",0,0,0,0,0,0,0,0,0
"PHJJKLOP_01658",0,0,0,0,0,0,0,0,0
"PHJJKLOP_01659",1578.34243718661,483.213093170745,506.905509629489,977.657968208221,1674.5989434727,866.585817344622,874.73315066946,507.964596371148,824.30907039591
"PHJJKLOP_01660",0,20.4174546410174,0,0,0,0,0,0,0
"PHJJKLOP_01661",0,0,0,0,0,18.2824012098021,0,0,70.1310072980813
"PHJJKLOP_01662",0,0,0,4.72624708387952,0,17.063574462482,38.2640137118889,31.6859007482977,1.07893857381664
"PHJJKLOP_01663",0,0,0,0,0,0,0,0,0
"PHJJKLOP_01664",0,0,0,0,0,0,0,0,0
"PHJJKLOP_01665",0,0,0,0,0,0,0,0,0
"PHJJKLOP_01666",0,0,0,0,0,0,0,0,0
"PHJJKLOP_01667",0,0,0,0,0,0,0,0,0
"PHJJKLOP_01668",37.445846671094,144.866701976742,223.401309612996,228.210216335897,4.51374378294528,193.184039450243,232.253664623326,85.1558582610501,368.996992245289
"PHJJKLOP_01669",89.8700320106257,0,0,35.7844422065164,239.2284204961,37.1742157932644,74.7483058557829,209.919092457472,9.71044716434972
"PHJJKLOP_01670",0,0,0,0,0,0,0,0,0
"PHJJKLOP_01671",0,0,0,0,0,0,0,0,0
"PHJJKLOP_01672",0,0,0,0,0,0,0,0,0
"PHJJKLOP_01673",2.80843850033205,6.80581821367246,0,27.6823043484372,0,82.2708054441097,4.44930391998708,0,0
"PHJJKLOP_01674",0,15.5561559169656,13.6082016007917,41.8610456000758,0,0,0,34.6564539434506,155.367154629596
"PHJJKLOP_01675",0,0,0,0,0,0,0.889860783997416,1.98036879676861,0
"PHJJKLOP_01676",0,0,0,0,0,0,0,0,0
"PHJJKLOP_01677",0,0,0,0,0,0,0,0,0
"PHJJKLOP_01678",3.7445846671094,0,0,0,0,17.063574462482,0,0,0
"PHJJKLOP_01679",0.936146166777351,0,0,56.0397868517143,0,81.0519786967895,11.5681901919664,44.5582979272937,0
"PHJJKLOP_01680",0,0,0,0,0,0,0,0,0
"PHJJKLOP_01681",0,0,0,0,0,0,0,0,0
"PHJJKLOP_01682",0,5.83355846886211,0,0,0,0,0,0,53.9469286908318
"PHJJKLOP_01683",0,0,0,0,0,1.21882674732014,0,0,0
"PHJJKLOP_01684",41.1904313382034,67.0859223919143,0,91.8242290582307,0,53.0189635084262,8.89860783997416,55.450326309521,0
"PHJJKLOP_01685",0,0,0,0,0,0,0,0,0
"PHJJKLOP_01686",263.057072864436,36.9458703027934,182.576704810621,47.2624708387952,0,112.741474127113,72.0787235037907,138.625815773802,56.1048058384651
"PHJJKLOP_01687",0,0,0,0,1.50458126098176,0.609413373660072,0,0,0
"PHJJKLOP_01688",0,0,0,0,0,0,0,0,0
"PHJJKLOP_01689",0,0,0,0,0,0,0,0,0
"PHJJKLOP_01690",0,0,0,0,0,0,0,0,0
"PHJJKLOP_01691",0,0,0,0,0,16.4541610888219,0,0,35.604972935949
"PHJJKLOP_01692",0,0,21.5463192012534,0,0,0,0,0,0
"PHJJKLOP_01693",0,0,0,0,0,0,0,0,0
"PHJJKLOP_01694",0,0,0,0,0,0,0,0,0
"PHJJKLOP_01695",0,0,0,0,0,0,0,0,0
"PHJJKLOP_01696",0,0,0,0,0,0,0,0,0
"PHJJKLOP_01697",0,0,0,0,0,0,0,0,0
"PHJJKLOP_01698",0,0,0,0,0,0,0,0,0
"PHJJKLOP_01699",0,0,0,0,0,0,0,0,0
"PHJJKLOP_01700",0,0,0,0,0,0,0,0,0
"PHJJKLOP_01701",0,8.75033770329316,0,20.255344645198,136.91689474934,81.6613920704496,0,255.46757478315,0
"PHJJKLOP_01702",0,0,0,0,0,0,0,7.92147518707443,0
"PHJJKLOP_01703",0,0,0,0,0,0,0,0,0
"PHJJKLOP_01704",0,0,0,0,0,0,0,0,0
"PHJJKLOP_01705",0,0,0,0,0,0,0,0,0
"PHJJKLOP_01706",0,0,0,0,0,0,0,0,0
"PHJJKLOP_01707",0,0,0,0,0,0,31.1451274399096,19.8036879676861,7.55257001671645
"PHJJKLOP_01709",0,0,0,0,0,1.21882674732014,208.227423455395,104.959546228736,163.998663220129
"PHJJKLOP_01710",0,10.6948571929139,0,20.255344645198,0,4.87530698928057,0,10.8920283822273,34.5260343621323
"PHJJKLOP_01711",0,10.6948571929139,14.7422184008576,0,0,0,0,0,4.31575429526654
"PHJJKLOP_01712",0,0,0,0,0,0,0,0,0
"PHJJKLOP_01713",0,0,0,0,0,0,0,0,0
"PHJJKLOP_01714",0,4.86129872405176,0,0,0,0,0,0,3.23681572144991
"PHJJKLOP_01715",0,0,0,0,0,0,0,0,0
"PHJJKLOP_01716",0,0,0,0,0,0,0,0,0
"PHJJKLOP_01717",0,0,0,0,0,0,0,0,0
"PHJJKLOP_01718",175.059333187365,0,0,0,0,0,121.910927407646,40.5975603337564,0
"PHJJKLOP_01719",0,0,0,0,0,0,0,0,0
"PHJJKLOP_01720",0,0,0,0,0,0,0,5.94110639030582,0
"PHJJKLOP_01721",0,9.72259744810352,0,0.675178154839932,10.5320688268723,21.9388814517626,21.356658815938,8.91165958545873,17.2630171810662
"PHJJKLOP_01722",0,0,0,0,0,0,0,0,0
"PHJJKLOP_01723",0,0,0,0,0,18.8918145834622,0,0,0
"PHJJKLOP_01724",0,0,0,0,0,0,0,0,0
"PHJJKLOP_01725",0,0,0,0,0,0,0,0,0
"PHJJKLOP_01726",0,0,0,0,0,0,0,0,0
"PHJJKLOP_01727",0,0,0,0,0,0,0,0,0
"PHJJKLOP_01728",0,0,0,0,0,0,0,0,0
"PHJJKLOP_01729",0,0,0,0,0,0,0,0,0
"PHJJKLOP_01730",0,0,0,0,0,0,0,0,0
"PHJJKLOP_01731",0,0,0,0,0,0,0,0,0
"PHJJKLOP_01732",0,0,0,0,0,0,0,0,0
"PHJJKLOP_01733",0,0,0,0,0,0,0,0,2.15787714763327
"PHJJKLOP_01734",0,0,0,0,0,0,0,0,0
"PHJJKLOP_01735",0,0,0,0,0,0,0,0,0
"PHJJKLOP_01736",0,5.83355846886211,0,22.2808791097178,0,1.82824012098022,17.7972156799483,0,35.604972935949
"PHJJKLOP_01737",0,0,0,0,0,0,0,0,0
"PHJJKLOP_01738",0.936146166777351,3.88903897924141,1.13401680006597,0,0,0,140.598003871592,1.98036879676861,0
"PHJJKLOP_01739",0,0,0,0,0,0,0,0,0
"PHJJKLOP_01740",0,0,0,0,0,0,0,0,0
"PHJJKLOP_01741",0,0,0,0,0,0,0,0,0
"PHJJKLOP_01744",0,0,0,0,0,0,0,0,0
"PHJJKLOP_01745",0,0,0,0,0,0,0,0,0
"PHJJKLOP_01746",526.114145728871,140.005403252691,792.677743246114,305.855704142489,0,191.355799329263,166.403966607517,166.350978928563,773.598957426528
"PHJJKLOP_01747",0,0,0,0,0,0,0,0,0
"PHJJKLOP_01748",0,0,0,0,0,0,0,0,0
"PHJJKLOP_01749",0,0,0,0,0,0,0,0,0
"PHJJKLOP_01750",0,0,0,0,0,0,0,12.8723971789959,0
"PHJJKLOP_01751",0,0,0,0,0,0,0,0,0
"PHJJKLOP_01752",0,6.80581821367246,0,0,0,0,0,16.8331347725332,0
"PHJJKLOP_01753",0,0,0,0,0,0,0,0,0
"PHJJKLOP_01754",0,0,0,0,0,0,0,0,0
"PHJJKLOP_01755",0,0,0,0,0,0,0,0,0
"PHJJKLOP_01756",43.0627236717581,30.1400520891209,64.6389576037603,66.1674591743133,36.1099502635623,109.694407258813,0,26.7349787563762,38.8417886573989
"PHJJKLOP_01757",0,0,0,0,0,0,0,0,0
"PHJJKLOP_01758",0,0,0,0,0,0,0,0,0
"PHJJKLOP_01759",0,0,0,0,0,0,0,0,0
"PHJJKLOP_01760",0,0,0,0,0,0,0,0,0
"PHJJKLOP_01761",0,0,0,0,0,0,0,0,0
"PHJJKLOP_01762",0,0,0,0,0,0,0,0,0
"PHJJKLOP_01763",0,0,0,0,0,0,0,0,0
"PHJJKLOP_01764",0,0,0,0,0,0,0,0,0
"PHJJKLOP_01765",0,0,0,0,0,0,0,0,0
"PHJJKLOP_01766",53.360331506309,93.3369355017937,124.741848007257,148.539194064785,66.2015754831975,18.8918145834622,28.4755450879173,88.126411456203,81.9993316100643
"PHJJKLOP_01767",0,0,0,0,0,0,0,0,0
"PHJJKLOP_01768",0,0,0,0,0,0,0,0,0
"PHJJKLOP_01769",0,0,0,0,0,0,0,0,0
"PHJJKLOP_01770",0,0,0,0,0,0,0,0,0
"PHJJKLOP_01771",0,24.3064936202588,0,0,0,32.2989088039838,0,53.4699575127524,0
"PHJJKLOP_01772",0,0,0,0,0,0,0,0,0
"PHJJKLOP_01773",0,0,0,0,0,0,0,0,0
"PHJJKLOP_01774",0,0,0,0,0,0,0,0,0
"PHJJKLOP_01775",0,0.972259744810351,0,0,0,10.3600273522212,0,9.90184398384303,11.868324311983
"PHJJKLOP_01776",0,0,0,0,0,0,0,0,0
"PHJJKLOP_01777",0,0,0,0,0,0,0,0,0
"PHJJKLOP_01778",0,0,0,0,0,0,0,0,0
"PHJJKLOP_01779",0,0,0,0,0,0,0,0,0
"PHJJKLOP_01780",0,0,0,0,0,0,0,0,0
"PHJJKLOP_01781",152.591825184708,7.77807795848281,0,6.07660339355939,0,57.2848571240467,54.2815078238424,12.8723971789959,11.868324311983
"PHJJKLOP_01782",0,0,0,0,0,0,0,0,0
"PHJJKLOP_01783",181.612356354806,52.502026219759,0,64.8171028646335,0,37.7836291669244,0,12.8723971789959,131.63050600563
"PHJJKLOP_01784",108.592955346173,84.5865977985006,56.7008400032986,87.0979819743512,0,138.946249194496,13.3479117599612,188.135035693018,213.629837615694
"PHJJKLOP_01785",0,0,0,0,0,0,0,0,0
"PHJJKLOP_01786",109.52910151295,28.1955325995002,0,31.7333732774768,12.0366500878541,9.75061397856115,0,0.990184398384303,20.4998329025161
"PHJJKLOP_01787",0,0,0,0,0,0,0,0,0
"PHJJKLOP_01788",0,0,0,0,0,0,0,0,0
"PHJJKLOP_01789",0,0,0,0,0,0,0,0,0
"PHJJKLOP_01790",0,0,0,0,0,0,0,0,0
"PHJJKLOP_01791",0,0,0,0,0,2.43765349464029,0,0,0
"PHJJKLOP_01792",0,0,0,0,0,0,0,0,0
"PHJJKLOP_01793",0,0,0,0,0,0,0,0,0
"PHJJKLOP_01794",0,0,0,0,0,0,0,0,0
"PHJJKLOP_01795",0,0,0,0,0,0,0,0,0
"PHJJKLOP_01796",81.4447165096295,82.6420783088799,233.60746081359,0,121.871082139523,22.5482948254227,0,0,0
"PHJJKLOP_01797",73.9555471754107,24.3064936202588,2.26803360013194,43.8865800645956,52.6603441343616,110.913234006133,0,45.548482325678,187.735311844095
"PHJJKLOP_01798",0,0,0,0,0,0,0,0,0
"PHJJKLOP_01799",0.936146166777351,3.88903897924141,2.26803360013194,2.70071261935973,0,2.43765349464029,2.66958235199225,5.94110639030582,4.31575429526654
"PHJJKLOP_01800",0,0,0,0,0,0,0,0,0
"PHJJKLOP_01801",0,0,0,0,0,0,0,0,0
"PHJJKLOP_01802",0,0,0,0,0,0,0,0,0
"PHJJKLOP_01803",0,0,0,0,0,0,0,0,0
"PHJJKLOP_01804",0,0,0,0,0,0,0,11.8822127806116,0
"PHJJKLOP_01805",0,14.5838961721553,0,0,0,0,0,0,0
"PHJJKLOP_01806",0,0,0,0,0,0,0,0,0
"PHJJKLOP_01807",0,0,0,0,0,0,0,0,0
"PHJJKLOP_01808",0,0,0,0,0,0,0,0,0
"PHJJKLOP_01809",102.039932178731,34.0290910683623,0,0,0,0,0,161.400056936641,84.1572087576976
"PHJJKLOP_01810",0,4.86129872405176,0,0,28.5870439586534,5.48472036294064,0,11.8822127806116,0
"PHJJKLOP_01811",0,23.3342338754484,0,0,0,0,0,0,0
"PHJJKLOP_01812",0,2.91677923443105,0,0,0,0,0,0,0
"PHJJKLOP_01813",0,0,0,0,0,0,0,0,0
"PHJJKLOP_01814",0,0,0,0,0,0,0,0,0
"PHJJKLOP_01815",0,0,0,0,0,0,0,0,0
"PHJJKLOP_01816",0,0,35.1545208020451,0,0,0,0,0,0
"PHJJKLOP_01817",0,0,0,0,0,0,0,0,0
"PHJJKLOP_01818",0,0,0,0,0,0,0,0,0
"PHJJKLOP_01819",0,0,0,0,0,0,0,0,0
"PHJJKLOP_01820",0,0,0,0,0,0,0,0,0
"PHJJKLOP_01821",0,0,0,0,0,0,0,0,0
"PHJJKLOP_01822",0,0,0,0,0,0,0,0,0
"PHJJKLOP_01823",0,0,0,0,0,0,0,0,0
"PHJJKLOP_01824",0,0,0,0,0,0,0,0,0
"PHJJKLOP_01825",0,0,0,0,0,0,0,0,0
"PHJJKLOP_01826",0,0,0,0,0,0,0,0,0
"PHJJKLOP_01827",0,0,0,0,0,0,0,0,0
"PHJJKLOP_01828",0,15.5561559169656,0,0,0,3.65648024196043,0,0,0
"PHJJKLOP_01829",183.484648688361,31.1123118339312,0,4.05106892903959,0,26.8141884410432,0,1.98036879676861,1.07893857381664
"PHJJKLOP_01830",0,0,0,0,0,0,0,0,0
"PHJJKLOP_01831",0,23.3342338754484,0,8.10213785807918,0,0,0,0,0
"PHJJKLOP_01832",0,0,0,0,0,0,0,0,0
"PHJJKLOP_01833",0,0,0,0,0,0,0,0,0
"PHJJKLOP_01834",0,0,0,0,0,0,0,0,0
"PHJJKLOP_01835",16.8506310019923,48.6129872405176,91.8553608053437,43.2114019097556,206.127632754501,43.2683495298651,201.108537183416,58.4208795046739,154.288216055779
"PHJJKLOP_01836",0,14.5838961721553,0,0,0,18.8918145834622,55.1713686078398,0,0
"PHJJKLOP_01837",0,0,0,0,0,54.8472036294065,0,0,0
"PHJJKLOP_01838",0,38.8903897924141,43.0926384025069,33.7589077419966,54.1649253953434,33.5177355513039,39.1538744958863,72.2834610820541,12.9472628857996
"PHJJKLOP_01839",31.8289696704299,0,0,0,0,0,0,0,0
"PHJJKLOP_01840",0,0,0,0,0,0,0,0,0
"PHJJKLOP_01841",0,0,0,0,0,0,0,0,0
"PHJJKLOP_01842",174.123187020587,199.313247686122,417.318182424277,141.787412516386,228.696351669228,123.101501479334,24.0262411679302,122.782865399654,116.525365972197
"PHJJKLOP_01843",0,0,0,0,0,0,0,0,0
"PHJJKLOP_01844",0,0,0,0,0,0,0,0,0
"PHJJKLOP_01845",105.784516845841,40.8349092820348,10.2061512005937,93.1745853679106,0,91.4120060490107,0,0.990184398384303,58.2626829860983
"PHJJKLOP_01846",0,0,0,0,0,0,0,0,0
"PHJJKLOP_01847",0,0,0,0,19.5595563927629,0,0,18.8135035693018,0
"PHJJKLOP_01848",0,0,0,0,0,0,0,23.7644255612233,0
"PHJJKLOP_01849",0,22.3619741306381,0,28.3574825032771,0,57.2848571240467,35.5944313598966,22.774241162839,0
"PHJJKLOP_01850",29.9566773368752,0,44.2266552025729,7.42695970323925,130.898569705413,0,0,0,47.473297247932
"PHJJKLOP_01851",0,0,0,0,0,0,0,0,0
"PHJJKLOP_01852",0,0,0,0,0,0,0,0,0
"PHJJKLOP_01853",10.2976078345509,2.91677923443105,0,12.1532067871188,0,0,0,0,0
"PHJJKLOP_01854",0,0,0,0,0,0,0,0,0
"PHJJKLOP_01855",0,0,0,0,0,0,0,0,0
"PHJJKLOP_01856",0,0,0,0,0,0,0,0,0
"PHJJKLOP_01857",0,0,0,0,0,0,0,0,0
"PHJJKLOP_01858",1771.18854754275,649.469509533315,467.21492162718,475.325421007312,702.639448878482,689.855938983201,840.918440877558,583.218610648355,774.677896000345
"PHJJKLOP_01859",0,0,0,0,0,0,0,0,0
"PHJJKLOP_01860",0,0,0,0,0,0,0,0,0
"PHJJKLOP_01861",0,0,0,0,0,0,0,0,0
"PHJJKLOP_01862",0,0,0,0.675178154839932,0,0,0,0,0
"PHJJKLOP_01863",0,0,0,0,0,0,0,0,0
"PHJJKLOP_01864",0,0,1.13401680006597,0,0,14.6259209678417,0,0,0
"PHJJKLOP_01865",0,0,0,0,0,0,0,0,0
"PHJJKLOP_01866",0,12.6393766825346,32.8864872019132,59.415677625914,0,13.4070942205216,0,28.7153475531448,0
"PHJJKLOP_01867",0,0,0,0,0,0,0,0,0
"PHJJKLOP_01868",203.143718190685,376.264521241606,1968.65316491453,270.746440090813,1119.40845817043,341.27148924964,257.169766575253,532.719206330755,239.524363387293
"PHJJKLOP_01869",0,0,0,0,0,0,0,0,0
"PHJJKLOP_01870",0,0,0,0,0,0,0,0,0
"PHJJKLOP_01871",0,0,0,0,0,0,0,0,0
"PHJJKLOP_01872",0,0,0,0,0,0,0,0,0
"PHJJKLOP_01873",0,0,0,0,0,0,0,0,0
"PHJJKLOP_01874",0,0,0,0,0,0,0,0,0
"PHJJKLOP_01875",0,0,0,0,0,0,0,0,0
"PHJJKLOP_01876",0,0,0,0,0,0,0,0,0
"PHJJKLOP_01877",0,0,0,0,0,0,0,0,0
"PHJJKLOP_01878",0,0,0,0,0,0,0,0,0
"PHJJKLOP_01879",0,0,0,0,0,0,0,0,0
"PHJJKLOP_01880",0,0,0,0,0,0,0,0,0
"PHJJKLOP_01881",0,0,0,0,0,0,0,0,0
"PHJJKLOP_01882",0,0,0,0,0,0,0,0,0
"PHJJKLOP_01883",0,0,0,0,0,0,0,0,0
"PHJJKLOP_01884",0,0,0,0,0,0,0,0,0
"PHJJKLOP_01885",49.6157468391996,0,0,0,0,0,0,0,0
"PHJJKLOP_01886",99.2314936783992,10.6948571929139,2.26803360013194,43.2114019097556,153.46728862014,0,1.77972156799483,0,126.235813136546
"PHJJKLOP_01887",0,0,0,0,0,0,0,0,0
"PHJJKLOP_01888",0,0,0,0,0,0,0,0,0
"PHJJKLOP_01889",0,0,0,0,0,0,0,0,0
"PHJJKLOP_01890",0,0,0,0,0,0,0,0,0
"PHJJKLOP_01891",0,0,0,0,0,0,0,0,0
"PHJJKLOP_01892",0,0,0,0,0,0,0,0,0
"PHJJKLOP_01893",0.936146166777351,52.502026219759,0,108.028504774389,117.357338356577,54.2377902557464,0,0,0
"PHJJKLOP_01894",0,0,0,0,0,0,0,0,0
"PHJJKLOP_01895",0,0,0,0,0,0,0,0,0
"PHJJKLOP_01896",0,0,0,0,0,0,0,0,0
"PHJJKLOP_01897",0,0,0,0,0,0,0,0,0
"PHJJKLOP_01898",0,0,0,0,0,0,0,0,0
"PHJJKLOP_01899",0,0,0,0,0,0,0,0,0
"PHJJKLOP_01900",0,0,0,0,0,0,0,0,0
"PHJJKLOP_01901",0,0,0,0,0,0,0,0,0
"PHJJKLOP_01902",2.80843850033205,27.2232728546898,3.40205040019791,0,0,0.609413373660072,16.9073548959509,50.4994043175995,103.578103086397
"PHJJKLOP_01903",0,0,0,0,0,0,0,0,0
"PHJJKLOP_01904",0,0,0,0,0,0,0,0,0
"PHJJKLOP_01905",0,0,0,0,0,0,0,0,0
"PHJJKLOP_01906",0,40.8349092820348,0,0,0,0,0,0,0
"PHJJKLOP_01907",0,0,0,0,0,0,0,0,0
"PHJJKLOP_01908",0,0,0,0,0,0,0,0,0
"PHJJKLOP_01909",0,0,0,6.07660339355939,0,13.4070942205216,0,0,159.682908924862
"PHJJKLOP_01910",0,0,0,0,0,0,0,0,0
"PHJJKLOP_01911",57.1049161734184,0,0,140.437056206706,0,30.4706686830036,0,0,64.7363144289981
"PHJJKLOP_01912",0,0,0,0,0,0,0,0,0
"PHJJKLOP_01913",0,0,0,0,0,0,0,0,0
"PHJJKLOP_01914",0,0,0,0,0,0,0,0,0
"PHJJKLOP_01915",0,0,0,0,0,0,0,0,0
"PHJJKLOP_01916",0,0,0,0,0,0,0,0,0
"PHJJKLOP_01917",0,0,0,0,0,0,0,0,0
"PHJJKLOP_01918",0,0,0,0,0,0,0,0,0
"PHJJKLOP_01919",0,0,0,0,0,0,0,0,0
"PHJJKLOP_01920",0,20.4174546410174,0,0,0,0,0,39.6073759353721,18.3419557548828
"PHJJKLOP_01921",16.8506310019923,44.7239482612762,474.019022427576,65.4922810194734,0,33.5177355513039,0.889860783997416,0.990184398384303,7.55257001671645
"PHJJKLOP_01922",0,0,0,0,0,0,0,0,0
"PHJJKLOP_01923",0,0,0,0,0,0,0,0,0
"PHJJKLOP_01924",0,41.8071690268451,0,0,0,0,0,0,0
"PHJJKLOP_01925",0,0,0,0,0,0,0,0,0
"PHJJKLOP_01926",0,0,0,0,0,0,0,0,0
"PHJJKLOP_01927",0,0,0,0,0,0,0,0,0
"PHJJKLOP_01928",0,0,0,0,0,0,0,0,0
"PHJJKLOP_01929",228.419664693674,15.5561559169656,3.40205040019791,72.2440625678727,0,46.3154163981654,1.77972156799483,100.008624236815,28.0524029192325
"PHJJKLOP_01930",0,2.91677923443105,0,5.40142523871945,0,15.8447477151619,0,26.7349787563762,0
"PHJJKLOP_01931",1.8722923335547,4.86129872405176,0,0,0,0,0,2.97055319515291,0
"PHJJKLOP_01932",331.395743039182,367.514183538313,579.482584833711,116.805820787308,331.007877415987,162.713370767239,290.094615583158,161.400056936641,364.681237950023
"PHJJKLOP_01933",0,0,0,0,0,0,0,0,0
"PHJJKLOP_01934",0,0,0,0,0,4.87530698928057,0,0,0
"PHJJKLOP_01935",48.6796006724222,153.617039680036,66.9069912038923,124.907958645387,0,17.063574462482,209.117284239393,54.4601419111367,0
"PHJJKLOP_01936",0,0,0,0,0,0,0,0,0
"PHJJKLOP_01937",0,0,0,0,0,0,6.22902548798191,0,0
"PHJJKLOP_01938",779.809756925533,464.740158019348,1758.86005690232,359.869956529684,839.556343627822,407.088133604928,727.906121309886,405.975603337564,857.756166184225
"PHJJKLOP_01939",0,0,0,0,0,6.09413373660072,0,57.4306951062896,0
"PHJJKLOP_01940",0,0,0,0,0,0,0,0,0
"PHJJKLOP_01941",3.7445846671094,40.8349092820348,0,0,0,17.063574462482,0,0,5.39469286908318
"PHJJKLOP_01942",0,0,0,0,0,0,0,0,0
"PHJJKLOP_01943",0,0,0,0,0,0,0,0,0
"PHJJKLOP_01944",0,0,0,0,0,0,0,0,0
"PHJJKLOP_01945",0,0,0,0,0,0,0,0,0
"PHJJKLOP_01946",0,0,0,0,0,0,0,0,0
"PHJJKLOP_01947",0,0,0,0,0,0,0,0,0
"PHJJKLOP_01948",0,0,0,0,0,0,0,0,0
"PHJJKLOP_01949",0,0,0,0,0,0,0,0,0
"PHJJKLOP_01950",0,0,0,0,0,0,0,0,0
"PHJJKLOP_01951",0,0,0,0,0,0,0,0,0
"PHJJKLOP_01952",60.8495008405278,126.393766825346,5.67008400032986,156.641331922864,142.935219793267,95.6778996646313,126.360231327633,218.830752042931,0
"PHJJKLOP_01953",0,2.91677923443105,0,2.70071261935973,0,56.0660303767266,0,0,0
"PHJJKLOP_01954",77.7001318425201,58.3355846886211,141.752100008246,99.9263669163099,234.714676713155,0,0,0.990184398384303,72.2888844457146
"PHJJKLOP_01955",0,0,0,0,0,0,0,0,0
"PHJJKLOP_01956",32.7651158372073,0,0,0,0,0,0,0,0
"PHJJKLOP_01957",0,0,0,0,0,22.5482948254227,0,0,0
"PHJJKLOP_01958",0,0,0,0,0,0,0,0,0
"PHJJKLOP_01959",0,0,0,0,0,0,0,0,0
"PHJJKLOP_01960",0,0,0,0,0,0,0,0,0
"PHJJKLOP_01961",0,10.6948571929139,0,54.0142523871945,0,53.6283768820863,0,68.3227234885169,0
"PHJJKLOP_01962",0,0,0,0,0,0,0,0,0
"PHJJKLOP_01963",0,0,0,0,0,0,0,0,0
"PHJJKLOP_01964",0,0,0,0,0,0,0,0,0
"PHJJKLOP_01965",0,0,0,0,0,0,0,0,0
"PHJJKLOP_01966",0,0,0,0,0,0,0,0,0
"PHJJKLOP_01967",0,0,0,0,0,0,0,0,0
"PHJJKLOP_01968",0,0,0,0,0,0,0,0,0
"PHJJKLOP_01969",0,0,0,0,0,0,0,0,0
"PHJJKLOP_01970",0,0,0,0,0,0,0,0,0
"PHJJKLOP_01971",54.2964776730864,61.2523639230521,0,0,0,163.932197514559,351.495009678979,49.5092199192152,0
"PHJJKLOP_01972",0,0,0,0,0,0,0,0,0
"PHJJKLOP_01973",0,31.1123118339312,79.381176004618,0,4.51374378294528,70.0825379709082,153.945915631553,130.704340586728,0
"PHJJKLOP_01974",0,39.8626495372244,0,0,0,0,0,0,0
"PHJJKLOP_01975",0,0,0,0,0,0,0,0,0
"PHJJKLOP_01977",0,0,0,0,0,0,0,0,0
"PHJJKLOP_01979",0,1.9445194896207,1.13401680006597,0,0,0.609413373660072,0,0,0
"PHJJKLOP_01980",0,0,0,0,0,0,0,0,0
"PHJJKLOP_01981",0,0,0,0,0,0,0,0,0
"PHJJKLOP_01982",0,0,0,0,0,0,0,0,0
"PHJJKLOP_01983",0,64.1691431574832,0,0,0,28.0330151883633,0,0,0
"PHJJKLOP_01984",0,0,0,0,0,0,0,0,0
"PHJJKLOP_01985",0,18.4729351513967,187.112772010885,0,0,0,0,169.321532123716,144.577768891429
"PHJJKLOP_01986",0,0,0,0,0,0,0,0,0
"PHJJKLOP_01987",0,0,0,10.127672322599,4.51374378294528,0.609413373660072,72.9685842877881,0,0
"PHJJKLOP_01988",0,0,0,0,0,0,0,0,0
"PHJJKLOP_01989",0,0,0,0,0,0,0,0,0
"PHJJKLOP_01990",0,0,0,0,0,0,0,0,0
"PHJJKLOP_01991",0,0,0,0,0,0,0,0,70.1310072980813
"PHJJKLOP_01992",0,0,0,0,0,0,0,0,5.39469286908318
"PHJJKLOP_01993",0,0,0,0,0,0,0,0,0
"PHJJKLOP_01994",0,0,0,0,0,0,0,0,0
"PHJJKLOP_01995",0,0,0,0,0,0,0,0,0
"PHJJKLOP_01996",0,0,0,0,0,0,0,0,0
"PHJJKLOP_01997",0,0,0,0,0,0,0,0,0
"PHJJKLOP_01998",0,0,0,0,0,0,0,0,0
"PHJJKLOP_01999",0,0,0,0,0,0,0,0,0
"PHJJKLOP_02000",0,0,0,0,0,0,0,0,0
"PHJJKLOP_02001",0,0,0,0,0,0,0,0,0
"PHJJKLOP_02002",0,0,0,0,0,22.5482948254227,0,0,0
"PHJJKLOP_02003",0,0,0,0,0,0,0,0,0
"PHJJKLOP_02004",0,0,0,0,0,0,0,0,0
"PHJJKLOP_02005",0,0,0,0,0,0,0,0,0
"PHJJKLOP_02006",0,0,0,0,0,0,0,0,0
"PHJJKLOP_02007",0,0,0,0,0,0,0,0,0
"PHJJKLOP_02008",69.274816341524,0,52.1647728030347,0,282.861277064571,17.6729878361421,101.444129375705,61.3914326998268,0
"PHJJKLOP_02009",0,4.86129872405176,0,0,0,11.5788540995414,0,35.6466383418349,40.9996658050322
"PHJJKLOP_02011",73.0194010086334,27.2232728546898,40.824604802375,37.8099766710362,54.1649253953434,248.640656453309,40.9335960638811,150.508028554414,48.5522358217486
"PHJJKLOP_02012",0,0,0,0,0,0,0,0,0
"PHJJKLOP_02013",1.8722923335547,8.75033770329316,0,0.675178154839932,0,3.65648024196043,0,5.94110639030582,0
"PHJJKLOP_02014",0,0,0,0,0,0,0,0,0
"PHJJKLOP_02015",0,0,0,0,0,0,0,0,0
"PHJJKLOP_02016",0,0,0,0,0,0,0,0,0
"PHJJKLOP_02017",0,0,0,0,0,0,0,0,0
"PHJJKLOP_02018",0,0,0,0,0,0,0,0,0
"PHJJKLOP_02019",0,0,0,0,0,0,0,0,0
"PHJJKLOP_02020",0,0,0,0,0,0,0,0,0
"PHJJKLOP_02021",0,0,0,0,0,0,0,0,0
"PHJJKLOP_02022",0,0,0,0,0,0,0,0,0
"PHJJKLOP_02023",0,0,0,0,0,0,0,0,0
"PHJJKLOP_02024",0,0,0,0,0,0,0,0,0
"PHJJKLOP_02025",0,0,0,0,0,0,0,0,0
"PHJJKLOP_02026",2.80843850033205,4.86129872405176,5.67008400032986,4.72624708387952,0,9.14120060490107,0,7.92147518707443,7.55257001671645
"PHJJKLOP_02027",0,0,0,0,0,0,0,0,0
"PHJJKLOP_02028",0,0,0,0,0,0,0,0,0
"PHJJKLOP_02029",0,0,0,0,0,0,0,0,0
"PHJJKLOP_02030",0,3.88903897924141,0,5.40142523871945,0,29.8612553093435,0,0,0
"PHJJKLOP_02031",0,0,0,0,0,0,0,0,0
"PHJJKLOP_02032",0,0,0,0,0,0,0,0,0
"PHJJKLOP_02033",0,0,0,0,0,0,0,0,0
"PHJJKLOP_02034",0,0,0,0,0,0,0,0,0
"PHJJKLOP_02035",46.8073083388675,38.8903897924141,339.071023219725,26.3319480387573,0,0,87.2063568317467,0,35.604972935949
"PHJJKLOP_02036",0,66.1136626471039,0,0,0,0,89.875939183739,44.5582979272937,146.735646039062
"PHJJKLOP_02037",0,0,0,0,0,0,0,0,0
"PHJJKLOP_02038",0,21.3897143858277,0,84.3972693549915,0,109.694407258813,0,117.831943407732,0
"PHJJKLOP_02039",0,0,0,0,0,0,0,0,0
"PHJJKLOP_02040",0,0,0,0,0,0,0,0,0
"PHJJKLOP_02041",0,0,0,0,0,0,0,0,0
"PHJJKLOP_02042",0,0,0,41.8610456000758,0,57.8942704977068,28.4755450879173,42.577929130525,0
"PHJJKLOP_02043",0,0,0,0,0,0,0,0,0
"PHJJKLOP_02044",0,0,0,0,0,0,0,0,0
"PHJJKLOP_02045",0,0,0,0,0,0,0,0,0
"PHJJKLOP_02046",0,0,0,0,0,0,0,0,0
"PHJJKLOP_02047",2.80843850033205,56.3910651990004,0,102.62707953567,0,36.5648024196043,1.77972156799483,86.1460426594344,91.709778774414
"PHJJKLOP_02048",0,0,0,0,0,0,0,0,0
"PHJJKLOP_02049",0,0,0,0,0,0,0,0,0
"PHJJKLOP_02050",41.1904313382034,6.80581821367246,0,0,0,1.21882674732014,0,3.96073759353721,0
"PHJJKLOP_02051",0,0,0,0,0,0,0,0,0
"PHJJKLOP_02052",160.080994518927,110.83761090838,0,90.4738727485509,36.1099502635623,70.0825379709082,31.1451274399096,236.654071213849,97.1044716434972
"PHJJKLOP_02053",0,0,0,0,0,0,0,0,0
"PHJJKLOP_02054",73.0194010086334,110.83761090838,0,6.75178154839932,0,46.9248297718255,45.3828999838682,17.8233191709175,81.9993316100643
"PHJJKLOP_02055",0,0,0,0,0,0,0,0,0
"PHJJKLOP_02056",0,0,0,0,0,0,0,0,0
"PHJJKLOP_02057",0,0,0,0,0,0,0,0,0
"PHJJKLOP_02058",0,0,0,0,0,0,0,0,0
"PHJJKLOP_02059",0,0,0,0,0,0,0,0,0
"PHJJKLOP_02060",0,0,0,0,0,0,0,0,0
"PHJJKLOP_02061",0,0,0,0,0,0,0,0,0
"PHJJKLOP_02062",56.1687700066411,89.4478965225523,83.9172432048819,151.239906684145,0,119.445021237374,44.4930391998708,151.498212952798,118.68324311983
"PHJJKLOP_02063",0,0,0,0,0,0,0,0,0
"PHJJKLOP_02064",0,0,0,0,0,0,0,0,0
"PHJJKLOP_02065",0,0.972259744810351,0,0,7.5229063049088,37.1742157932644,0,0,0
"PHJJKLOP_02066",0,0,0,0,0,0,0,0,0
"PHJJKLOP_02067",0,0,0,0,0,0,0,0,0
"PHJJKLOP_02068",0,0,0,0,0,0,0,0,0
"PHJJKLOP_02069",0,0,0,0,0,0,0,0,0
"PHJJKLOP_02070",0,0,0,0,0,0,0,0,0
"PHJJKLOP_02071",0,0,0,0,0,0,0,0,0
"PHJJKLOP_02072",0,0.972259744810351,0,0,0,2.43765349464029,0,0,0
"PHJJKLOP_02073",0,0,39.690588002309,0,0,0,0,0,0
"PHJJKLOP_02074",0.936146166777351,0,0,0,0,0,3.55944313598966,10.8920283822273,1.07893857381664
"PHJJKLOP_02075",1102.78018446372,302.372780636019,1579.6854024919,747.422217407805,550.676741519324,531.408461831582,575.739927246328,592.130270233813,411.075596624138
"PHJJKLOP_02076",0,0,0,0,0,0,0,0,0
"PHJJKLOP_02077",39.3181390046487,0,0,0,0,0,0,0,0
"PHJJKLOP_02078",0,0,0,0,0,2.43765349464029,0,0,0
"PHJJKLOP_02079",0,0,0,0,0,0,0,0,0
"PHJJKLOP_02080",0,0,0,0,0,0,0,0,0
"PHJJKLOP_02081",0,0,0,0,0,0,0,0,0
"PHJJKLOP_02082",0,0,0,0,0,0,0,0,0
"PHJJKLOP_02083",0,0,0,0,0,0,0,0,0
"PHJJKLOP_02084",0,0,0,0,0,0,0,0,0
"PHJJKLOP_02085",0,0,0,0,0,0,0,0,0
"PHJJKLOP_02086",0,0,0,0,0,0,0,0,0
"PHJJKLOP_02087",0,0,0,0,0,0,0,0,0
"PHJJKLOP_02088",0,0,0,0,0,0,0,0,0
"PHJJKLOP_02089",0,0,0,0,0,0,0,0,0
"PHJJKLOP_02090",74.8916933421881,0,0,134.360452813146,0,60.9413373660072,93.4353823197287,0,0
"PHJJKLOP_02091",0,0,0,0,0,3.04706686830036,0,0,131.63050600563
"PHJJKLOP_02092",0,29.1677923443105,0,48.6128271484751,0,40.2212826615647,0,45.548482325678,0
"PHJJKLOP_02093",0,0,0,0,0,0,0,0,0
"PHJJKLOP_02094",0,0,0,0,0,14.0165075941816,0,0,0
"PHJJKLOP_02095",0,0,0,0,0,0,0,0,0
"PHJJKLOP_02096",0,0,0,0,0,0,0,0,0
"PHJJKLOP_02097",37.445846671094,40.8349092820348,184.844738410753,43.8865800645956,0,49.9718966401259,0,37.6270071386035,0
"PHJJKLOP_02098",0,29.1677923443105,0,11.4780286322788,1.50458126098176,15.8447477151619,0.889860783997416,2.97055319515291,0
"PHJJKLOP_02099",0,33.056831323552,0,0,22.5687189147264,0,0,0,0
"PHJJKLOP_02100",0,8.75033770329316,28.3504200016493,0,0,15.2353343415018,0,5.94110639030582,0
"PHJJKLOP_02101",0,0,0,0,0,0,0,0,0
"PHJJKLOP_02102",0,0,0,0,0,0,0,0,0
"PHJJKLOP_02103",0,0,0,0,0,0,0,0,0
"PHJJKLOP_02104",0,9.72259744810352,0,0,0,0,0,0,0
"PHJJKLOP_02105",0,0,0,0,0,0,0,0,0
"PHJJKLOP_02106",0,0,0,0,0,0,0,0,0
"PHJJKLOP_02107",0,0,0,0,0,0,0,0,0
"PHJJKLOP_02108",0,0,0,0,0,0.609413373660072,0,0,0
"PHJJKLOP_02109",0,0,0,0,0,0,0,19.8036879676861,0
"PHJJKLOP_02110",0,0,0,0,0,0,0,0,0
"PHJJKLOP_02111",0,0,0,0,0,0,0,0,0
"PHJJKLOP_02112",0,0,0,0,0,0,0,0,0
"PHJJKLOP_02113",0,0,0,0,0,0,0,0,0
"PHJJKLOP_02114",0,0,0,0,0,0,0,0,0
"PHJJKLOP_02115",0,0,0,0,0,0,0,0,0
"PHJJKLOP_02116",0,0,5.67008400032986,0,13.5412313488358,3.04706686830036,0,0,0
"PHJJKLOP_02117",0,0,0,0,0,0,0,0,0
"PHJJKLOP_02118",0,0,0,0,0,0,0,0,0
"PHJJKLOP_02119",0,0,0,0,0,0,0,0,0
"PHJJKLOP_02120",71.1471086750787,66.1136626471039,0,61.4412120904338,4.51374378294528,20.7200547044424,4.44930391998708,4.95092199192152,35.604972935949
"PHJJKLOP_02121",199.399133523576,52.502026219759,184.844738410753,92.4994072130707,100.806944485778,67.0354711026079,52.5017862558475,13.8625815773802,108.97279595548
"PHJJKLOP_02122",0,48.6129872405176,20.4123024011875,19.580166490358,0,1.21882674732014,21.356658815938,0,0
"PHJJKLOP_02123",0,0,0,0,0,0,0,7.92147518707443,0
"PHJJKLOP_02124",0,0,0,0,0,0,0,0,0
"PHJJKLOP_02125",0,0,0,0,0,0,0,0,0
"PHJJKLOP_02126",0,0,0,0,0,0,128.139952895628,0,51.7890515431985
"PHJJKLOP_02127",0,0,0,0,0,0,0,0,0
"PHJJKLOP_02128",0,0,0,0,0,0,0,0,0
"PHJJKLOP_02129",0,0,0,0,0,0,0,0,0
"PHJJKLOP_02130",34.637408170762,0,0,0,0,0,0,29.7055319515291,0
"PHJJKLOP_02131",11.2337540013282,31.1123118339312,2.26803360013194,8.77731601291911,0,0.609413373660072,19.5769372479431,67.3325390901326,1.07893857381664
"PHJJKLOP_02132",0,0,0,0,0,0,0,0,0
"PHJJKLOP_02133",0,0,0,0,0,0,0,0,0
"PHJJKLOP_02134",0,0,0,0,0,0.609413373660072,0,0,0
"PHJJKLOP_02135",0,0,0,0,0,0,0,0,0
"PHJJKLOP_02136",0,9.72259744810352,36.2885376021111,0,0,6.70354711026079,0,0,0
"PHJJKLOP_02137",0,0,0,0,0,0,0,0,0
"PHJJKLOP_02138",0,3.88903897924141,0,38.4851548258761,0,14.6259209678417,160.174941119535,65.352170293364,144.577768891429
"PHJJKLOP_02139",30.8928235036526,0,167.834486409764,0,0,0.609413373660072,0,0,0
"PHJJKLOP_02140",0,0,0,0,0,0,0,0,0
"PHJJKLOP_02141",0,0,0,0,0,0,0,0,0
"PHJJKLOP_02142",0,0,0,0,0,0,0,0,0
"PHJJKLOP_02143",0,0,0,0,0,0,0,0,0
"PHJJKLOP_02144",0,0,0,0,0,0,0,0,0
"PHJJKLOP_02145",0,0,0,0,0,0,0,0,0
"PHJJKLOP_02146",1301.24317182052,656.275327746987,376.493577621902,850.049296943474,1184.10545239265,2444.35704175055,774.178882077752,938.69480966832,816.756500379193
"PHJJKLOP_02147",0,0,0,0,0,0,0,0,0
"PHJJKLOP_02148",0,0,0,0,0,0,0,0,0
"PHJJKLOP_02149",0,0,0,0,0,0,0,0,0
"PHJJKLOP_02150",0,0,0,0,0,0,0,0,0
"PHJJKLOP_02151",0,0,0,0,0,0,0,0,148.893523186696
"PHJJKLOP_02152",0,0,0,0,0,0,0,0,0
"PHJJKLOP_02153",43.0627236717581,0,0,0,0,0,0,0,0
"PHJJKLOP_02154",21.5313618358791,25.2787533650691,0,76.9703096517522,0,10.3600273522212,76.5280274237778,103.969361830352,85.2361473315142
"PHJJKLOP_02155",0,0,0,0,0,0,0,0,0
"PHJJKLOP_02156",0,0,0,0,0,0,0,0,0
"PHJJKLOP_02157",0,0,0,0,0,0,0,0,0
"PHJJKLOP_02158",0,0,0,0,0,0,0,0,0
"PHJJKLOP_02159",0,0,0,0,0,0,0,0,0
"PHJJKLOP_02160",0,25.2787533650691,0,0,0,0,0,0,0
"PHJJKLOP_02161",0,0,30.6184536017812,43.8865800645956,0,46.3154163981654,0,65.352170293364,0
"PHJJKLOP_02162",0,26.2510131098795,0,0,0,0,0,0,0
"PHJJKLOP_02163",0,0,0,0,0,0,0,0,0
"PHJJKLOP_02164",0,0,0,0,0,0,0,0,0
"PHJJKLOP_02165",0,0,0,0,0,0,0,0,0
"PHJJKLOP_02166",0,0,0,0.675178154839932,0,2.43765349464029,0,0,0
"PHJJKLOP_02167",0,0,0,0,0,0,0,0,0
"PHJJKLOP_02168",0,37.9181300476037,0,39.160332980716,6.01832504392704,7.92237385758093,1.77972156799483,55.450326309521,65.8152530028148
"PHJJKLOP_02169",0,0,0,0,0,0,0,0,0
"PHJJKLOP_02170",0,0,0,0,0,0,0,0,0
"PHJJKLOP_02171",0,0,0,0,0,0,0,0,0
"PHJJKLOP_02172",184.420794855138,31.1123118339312,83.9172432048819,9.45249416775905,0,21.3294680781025,116.571762703661,0,0
"PHJJKLOP_02173",0,0,0,0,0,7.92237385758093,0,0,0
"PHJJKLOP_02174",0,0,0,0,0,0,0,0,0
"PHJJKLOP_02175",0,0,0,0,0,0,0,0,0
"PHJJKLOP_02176",0,0,0,0,0,0,0,0,0
"PHJJKLOP_02177",0,1.9445194896207,0,0,0,0,0,0,0
"PHJJKLOP_02178",0,0,0,0,0,0,0,0,0
"PHJJKLOP_02179",0,0,0,0,0,0,0,0,0
"PHJJKLOP_02180",0,0,75.9791256044201,29.0326606581171,0,0,0,33.6662695450663,0
"PHJJKLOP_02181",0,0,0,0,0,0,0,0,0
"PHJJKLOP_02182",0,0,0,0,0,0,0,0,0
"PHJJKLOP_02183",0,0,0,0,0,21.9388814517626,0,0,0
"PHJJKLOP_02184",30.8928235036526,49.5852469853279,9.07213440052777,55.3646086968744,69.210738005161,145.040382931097,75.6381666397804,295.074950718522,162.919724646312
"PHJJKLOP_02185",0,0,0,0,0,0,0,0,0
"PHJJKLOP_02186",0,0,0,0,0,0,0,0,0
"PHJJKLOP_02187",0,0.972259744810351,0,0,0,3.04706686830036,0,0,8.63150859053309
"PHJJKLOP_02188",70.2109625083013,150.700260445604,0,56.7149650065543,7.5229063049088,70.6919513445683,0,43.5681135289094,0
"PHJJKLOP_02189",29.9566773368752,81.6698185640695,10.2061512005937,36.4596203613563,13.5412313488358,81.0519786967895,14.2377725439587,101.988993033583,76.6046387409811
"PHJJKLOP_02190",0,0,0,0,209.136795276465,17.6729878361421,0,0,0
"PHJJKLOP_02191",179.740064021251,2.91677923443105,57.8348568033645,73.5944188775526,6.01832504392704,108.475580511493,0,41.5877447321407,81.9993316100643
"PHJJKLOP_02192",0,6.80581821367246,0,54.0142523871945,0,4.87530698928057,5.33916470398449,46.5386667240623,59.341621559915
"PHJJKLOP_02193",0,0,89.5873272052117,0,0,82.8802188177697,72.9685842877881,52.4797731143681,77.6835773147978
"PHJJKLOP_02194",0,0,0,0,0,0,0,0,0
"PHJJKLOP_02195",0,0,0,0,0,0,0,0,0
"PHJJKLOP_02196",0,0,0,0,0,0,0,0,0
"PHJJKLOP_02197",0,0,0,0,0,0,0,0,0
"PHJJKLOP_02198",0,0,0,69.543349948513,0,0,0,0.990184398384303,62.5784372813649
"PHJJKLOP_02199",0,0,0,0,0,0,0,0,0
"PHJJKLOP_02200",105.784516845841,114.726649887621,11.3401680006597,153.940619303504,69.210738005161,208.419373791745,0.889860783997416,152.488397351183,258.945257715993
"PHJJKLOP_02201",50.551893005977,32.0845715787416,4.53606720026388,36.4596203613563,267.815464454753,101.772033401232,0,52.4797731143681,113.288550250747
"PHJJKLOP_02202",0,0,0,0,0,0,0,0,0
"PHJJKLOP_02203",0,0,0,0,0,0,0,0,0
"PHJJKLOP_02204",0,0,0,0,0,0,0,0,0
"PHJJKLOP_02205",0,0,0,0,0,0,0,0,0
"PHJJKLOP_02206",0,0,0,0,0,0,0,0,0
"PHJJKLOP_02207",0,0,0,0,0,0,0,0,0
"PHJJKLOP_02208",0,0,0,0,0,0,0,0,66.8941915766314
"PHJJKLOP_02209",0,0,0,0,0,0,0,0,0
"PHJJKLOP_02210",0,38.8903897924141,0,13.5035630967986,0,104.819100269532,0,25.7447943579919,0
"PHJJKLOP_02211",0,0,0,0,0,9.14120060490107,0,0,0
"PHJJKLOP_02212",0,0,0,43.2114019097556,135.412313488358,78.6143252021492,1.77972156799483,93.0773334481245,70.1310072980813
"PHJJKLOP_02213",0,0,0,0,0,0,0,0,0
"PHJJKLOP_02214",0,0,0,21.6057009548778,39.1191127855258,11.5788540995414,0,0,73.3678230195312
"PHJJKLOP_02215",0,4.86129872405176,0,0,0,0,0,77.2343830739757,0
"PHJJKLOP_02216",0,0,0,0,0,0,0,0,0
"PHJJKLOP_02217",0,29.1677923443105,0,0,0,0,61.4003940958217,0,0
"PHJJKLOP_02218",0,0,0,0,0,0,0,0,0
"PHJJKLOP_02219",0,0,0,0,0,0,0,0,0
"PHJJKLOP_02220",0,0,0,0,0,0,0,0,0
"PHJJKLOP_02221",0,0,0,0,0,0,0,0,0
"PHJJKLOP_02222",0,0,0,0,0,0,0,0,0
"PHJJKLOP_02223",0,0,0,0,0,0,0,0,0
"PHJJKLOP_02224",0,0,0,0,0,0,0,0,0
"PHJJKLOP_02225",0,0,0,0,0,0,0,0,0
"PHJJKLOP_02226",0,0,0,0,0,0,0,0,0
"PHJJKLOP_02227",0,0,0,0,0,0,0,0,0
"PHJJKLOP_02228",0,0,0,0,0,0,0,0,0
"PHJJKLOP_02229",0,21.3897143858277,0,0,0,59.1130972450269,0,0,0
"PHJJKLOP_02230",0,49.5852469853279,0,10.8028504774389,0,42.658936156205,0,63.3718014965954,0
"PHJJKLOP_02231",107.656809179395,101.115013460277,18.1442688010555,95.2001198324304,0,29.2518419356834,0,0,4.31575429526654
"PHJJKLOP_02232",0,25.2787533650691,0,109.378861084069,6.01832504392704,33.5177355513039,36.4842921438941,39.6073759353721,17.2630171810662
"PHJJKLOP_02233",0,0,0,0,0,0,0,0,0
"PHJJKLOP_02234",0,0,0,0,0,0,0,0,0
"PHJJKLOP_02235",21.5313618358791,4.86129872405176,0,2.0255344645198,0,4.2658936156205,0,50.4994043175995,0
"PHJJKLOP_02236",21.5313618358791,66.1136626471039,0,38.4851548258761,0,42.658936156205,44.4930391998708,0,0
"PHJJKLOP_02237",0,0,0,0,0,0,0,0,0
"PHJJKLOP_02238",0,0,0,0,0,0,0,0.990184398384303,0
"PHJJKLOP_02239",0,0,0,0,0,0,0,0,0
"PHJJKLOP_02240",0,0,0,0,0,0,0,0,0
"PHJJKLOP_02241",0,0,0,0,0,0,0,0,0
"PHJJKLOP_02242",0,0,0,0,0,0,0,0,0
"PHJJKLOP_02243",0,33.056831323552,0,0,0,0,0,0,0
"PHJJKLOP_02244",0,0,0,0,0,0,0,0,0
"PHJJKLOP_02245",0,0,0,0,0,0,0,0,0
"PHJJKLOP_02246",0,46.6684677508969,0,43.8865800645956,0,30.4706686830036,105.893433295692,0,0
"PHJJKLOP_02247",0,0,0,0,0,1.21882674732014,0,10.8920283822273,7.55257001671645
"PHJJKLOP_02248",0,0,0,0,0,0,47.162621551863,0,0
"PHJJKLOP_02249",30.8928235036526,32.0845715787416,13.6082016007917,31.0581951226369,0,85.31787231241,19.5769372479431,25.7447943579919,26.9734643454159
"PHJJKLOP_02250",304.247504202639,116.671169377242,0,29.707838812957,219.668864103337,178.558118482401,153.945915631553,179.223376107559,251.392687699276
"PHJJKLOP_02251",0,0,0,0,0,0,0,0,0
"PHJJKLOP_02252",0,0,0,0,0,0,0,0,0
"PHJJKLOP_02253",0,0,0,0,0,0,0,0,0
"PHJJKLOP_02254",0,0,0,0,0,0,0,0,0
"PHJJKLOP_02255",56.1687700066411,0,0,45.9121145291154,173.026845012902,9.75061397856115,0,2.97055319515291,1.07893857381664
"PHJJKLOP_02256",1374.26257282915,899.340263949575,573.812500833381,855.450722182194,1214.19707761228,663.041750542158,1122.11444862074,817.892313065435,516.811576858169
"PHJJKLOP_02257",0,0,0,0,0,0,0,0,0
"PHJJKLOP_02258",0,0,0,0,0,0,0,0,0
"PHJJKLOP_02259",0,0,0,0,0,0,0,0,0
"PHJJKLOP_02260",0,83.6143380536902,0,78.3206659614321,0,0,0,0,0
"PHJJKLOP_02261",94.5507628445124,59.3078444334314,71.4430584041562,128.283849419587,163.999357447012,34.7365622986241,72.9685842877881,36.6368227402192,61.4994987075482
"PHJJKLOP_02262",71.1471086750787,29.1677923443105,14.7422184008576,40.5106892903959,40.6236940465075,68.254297849928,0,29.7055319515291,235.208609092027
"PHJJKLOP_02263",0,0,0,0,0,0,0,0,0
"PHJJKLOP_02264",0,0,60.1028904034965,0,0,62.1601641133273,2.66958235199225,0,0
"PHJJKLOP_02265",22.4675080026564,28.1955325995002,22.6803360013194,12.1532067871188,30.0916252196352,45.0965896508453,20.4667980319406,36.6368227402192,9.71044716434972
"PHJJKLOP_02266",0,0.972259744810351,0,0,0,0,0,0,0
"PHJJKLOP_02267",0,0,0,0,0,9.14120060490107,0,0,0
"PHJJKLOP_02268",0,0.972259744810351,0,0,0,35.9553890459442,0,0,0
"PHJJKLOP_02269",0,0.972259744810351,0,0,0,0,0,0,0
"PHJJKLOP_02270",0,0,0,0,0,0,0,0,0
"PHJJKLOP_02271",0,0,0,0,0,0,0,0,0
"PHJJKLOP_02272",130.124317182052,202.230026920553,0,103.97743584535,170.017682490939,0,54.2815078238424,37.6270071386035,0
"PHJJKLOP_02273",0.936146166777351,52.502026219759,0,23.6312354193976,0,29.2518419356834,0,28.7153475531448,21.5787714763327
"PHJJKLOP_02274",294.886042534866,35.0013508131727,171.236536809962,0,0,90.1931793016906,150.386472495563,57.4306951062896,0
"PHJJKLOP_02275",0,0,0,0,0,0,0,0,0
"PHJJKLOP_02276",0,0,0,0,0,0,0,0,0
"PHJJKLOP_02277",0,0,0,0,0,0,0,0,0
"PHJJKLOP_02278",0,0,0,0,0,0,0,0,0
"PHJJKLOP_02279",0,0,0,0,0,0,0,0,0
"PHJJKLOP_02280",0,0,0,0,0,0,0,0,0
"PHJJKLOP_02281",0,0,225.669343213128,0,0,0,0,0,0
"PHJJKLOP_02282",0,0,0,0,0,0,0,0,0
"PHJJKLOP_02283",116.082124680392,0,0,0,0,1.21882674732014,0,0,0
"PHJJKLOP_02285",0,0,0,0,0,0,0,0,0
"PHJJKLOP_02286",0,0,0,0,0,0,0,48.5190355208309,0
"PHJJKLOP_02287",0,0,0,0,0,0,0,0,0
"PHJJKLOP_02288",0,29.1677923443105,0,20.9305228000379,0,0,0,34.6564539434506,0
"PHJJKLOP_02289",0,0,0,0,0,0,0,0,0
"PHJJKLOP_02290",0,0,0,0,0,0,0,0,0
"PHJJKLOP_02291",0,0,0,0,0,0,0,0,0
"PHJJKLOP_02292",0.936146166777351,0,0,0,0,16.4541610888219,0,0,0
"PHJJKLOP_02293",0,0,0,0,0,0,0,0,0
"PHJJKLOP_02294",0,0,0,0,0,0,0,0,0
"PHJJKLOP_02295",0,0,0,0,0,0,0,0,0
"PHJJKLOP_02296",0,0,0,0,0,0,0,0,0
"PHJJKLOP_02297",0,0,0,0,0,31.6894954303237,0,0,0
"PHJJKLOP_02298",11.2337540013282,118.615688866863,0,14.1787412516386,0,73.1296048392086,0,0.990184398384303,17.2630171810662
"PHJJKLOP_02299",0,0,0,0,0,0,0,0,0
"PHJJKLOP_02300",0,0,0,0,0,0,0,0,0
"PHJJKLOP_02301",0,0,0,0,0,0,0,0,0
"PHJJKLOP_02302",0,0,0,0,0,0,0,0,0
"PHJJKLOP_02303",0,0,0,0,0,0,0,0,0
"PHJJKLOP_02304",0,0,0,0,0,0,0,0,0
"PHJJKLOP_02305",0,0,0,0,0,0,0,0,0
"PHJJKLOP_02306",0,0,0,0,0,0,0,0,0
"PHJJKLOP_02307",0,1.9445194896207,538.657980031336,0,0,3.04706686830036,24.9161019519276,7.92147518707443,0
"PHJJKLOP_02308",33.7012620039846,28.1955325995002,77.113142404486,133.010096503467,13.5412313488358,93.240246169991,10.678329407969,160.409872538257,29.1313414930492
"PHJJKLOP_02309",0,0,0,0,0,0,0,0,0
"PHJJKLOP_02310",0,25.2787533650691,0,0,0,0,0,0.990184398384303,5.39469286908318
"PHJJKLOP_02311",0,0,0,0,0,0,0,0,0
"PHJJKLOP_02312",0,0,0,0,0,0,0,0,0
"PHJJKLOP_02313",410.03202104848,469.6014567434,52.1647728030347,544.868770955825,106.825269529705,389.415145768786,237.59282932731,346.564539434506,402.444088033605
"PHJJKLOP_02314",0,0,0,0,0,0,0,0,0
"PHJJKLOP_02315",0,0,0,0,0,0,0,0,0
"PHJJKLOP_02316",0,0,0,0,0,0,0,0,0
"PHJJKLOP_02317",0,105.004052439518,136.082016007917,93.8497635227505,0,95.0684862909712,73.8584450717855,89.1165958545873,0
"PHJJKLOP_02318",0,0,104.329545606069,126.258314955067,0,80.4425653231295,0,149.51784415603,108.97279595548
"PHJJKLOP_02319",0,0,0,0,0,0,0,0,0
"PHJJKLOP_02320",0,0,0,0,0,0,0,0,0
"PHJJKLOP_02321",0,0,1.13401680006597,0,0,0,0,0,0
"PHJJKLOP_02322",0,0,0,0,0,34.7365622986241,92.5455215357313,0,0
"PHJJKLOP_02323",0,0,0,0,0,0,0,0,0
"PHJJKLOP_02324",0,0,0,0,0,0,0,0,0
"PHJJKLOP_02325",0,0,0,0,0,0,0,0,0
"PHJJKLOP_02326",0,0,0,0,0,0,0,0,0
"PHJJKLOP_02327",0,0,0,0,0,0,0,0,0
"PHJJKLOP_02328",0,0,0,0,0,0,0,0,0
"PHJJKLOP_02329",0,0,0,0,0,0,0,0,0
"PHJJKLOP_02330",0,0,0,0,0,0,0,0,0
"PHJJKLOP_02331",0,2.91677923443105,0,0,0,0,0,0,0
"PHJJKLOP_02332",0,0,0,0,0,0,0,0,0
"PHJJKLOP_02333",0,0,0,0,0,0,0,0,0
"PHJJKLOP_02334",0,26.2510131098795,0,0.675178154839932,42.1282753074893,26.8141884410432,0,0,0
"PHJJKLOP_02335",0,40.8349092820348,0,0,0,0,0,0,0
"PHJJKLOP_02336",0,0,0,0,0,0,0,0,0
"PHJJKLOP_02337",0,1.9445194896207,0,49.963183458155,0,21.3294680781025,0,0,6.47363144289981
"PHJJKLOP_02338",0,4.86129872405176,0,0,0,0,0,0,0
"PHJJKLOP_02339",0,0,0,0,266.310883193772,40.2212826615647,0,0,0
"PHJJKLOP_02340",0,0,0,0,0,0,0,0,0
"PHJJKLOP_02341",0,0,0,0,0,0,0,0,0
"PHJJKLOP_02342",0,0,0,0,0,0,0,0,0
"PHJJKLOP_02343",0,0,0,0,0,0,0,58.4208795046739,0
"PHJJKLOP_02344",51.4880391727543,0,0,0,0,124.929741600315,158.39521955154,59.4110639030582,57.1837444122817
"PHJJKLOP_02345",0,6.80581821367246,0,0,0,9.14120060490107,0,0,0
"PHJJKLOP_02346",0,21.3897143858277,0,0,0,0,0,0,0
"PHJJKLOP_02347",0,0,0,0,0,0,0,0,0
"PHJJKLOP_02348",0,0,0,0,0,9.75061397856115,0,0,5.39469286908318
"PHJJKLOP_02349",0,0,0,0,0,0,0,0,0
"PHJJKLOP_02350",0,0,0,0,0,0,0,0,0
"PHJJKLOP_02351",0,0,0,0,0,0,0,0,0
"PHJJKLOP_02352",0,0,0,0,0,0,0,0,0
"PHJJKLOP_02353",0,0,0,35.7844422065164,0,25.595361693723,0,0,0
"PHJJKLOP_02354",0,0,0,0,0,0,0,18.8135035693018,0
"PHJJKLOP_02355",0,0,0,0,0,0,0,0,0
"PHJJKLOP_02356",0,0,0,0,51.1557628733799,16.4541610888219,51.6119254718501,0,0
"PHJJKLOP_02357",0,0,0,0,0,0,0,0,0
"PHJJKLOP_02358",0,30.1400520891209,0,0,0,0,79.19760977577,21.7840567644547,0
"PHJJKLOP_02359",0,0,0,0,0,0,0,0,0
"PHJJKLOP_02360",160.080994518927,242.092676457778,102.061512005937,43.8865800645956,118.861919617559,21.9388814517626,137.038560735602,39.6073759353721,48.5522358217486
"PHJJKLOP_02361",2.80843850033205,14.5838961721553,0,0,0,1.82824012098022,16.0174941119535,5.94110639030582,75.5257001671645
"PHJJKLOP_02362",0,33.056831323552,54.4328064031666,99.25118876147,0,59.722510618687,0,108.920283822273,0
"PHJJKLOP_02363",0,0,0,0,0,78.0049118284892,0,0,0
"PHJJKLOP_02364",63.6579393408599,21.3897143858277,0,93.8497635227505,0,67.0354711026079,90.7657999677364,86.1460426594344,213.629837615694
"PHJJKLOP_02365",0,0,0,0,0,0,0,0,0
"PHJJKLOP_02366",51.4880391727543,0,0,0,0,0,72.9685842877881,0,0
"PHJJKLOP_02367",0,0,0,0,0,0,0,0,0
"PHJJKLOP_02368",0,0,0,0,0,0,0,0,0
"PHJJKLOP_02369",119.826709347501,0,0,0,0,0,0,0,0
"PHJJKLOP_02370",0,16.528415661776,0,0,6.01832504392704,10.9694407258813,0,29.7055319515291,23.736648623966
"PHJJKLOP_02371",7.48916933421881,103.059532949897,115.669713606729,105.327792155029,0,0,26.6958235199225,129.714156188344,91.709778774414
"PHJJKLOP_02372",0,0,0,0,0,0,0,0,0
"PHJJKLOP_02373",0,0,0,0,0,0,0,0,0
"PHJJKLOP_02374",0,0.972259744810351,0,0,0,15.8447477151619,0,0.990184398384303,0
"PHJJKLOP_02375",46.8073083388675,28.1955325995002,0,0,0,0,0,3.96073759353721,94.9465944958639
"PHJJKLOP_02376",0,2.91677923443105,17.0102520009896,0,0,24.3765349464029,40.0437352798837,28.7153475531448,0
"PHJJKLOP_02377",0,5.83355846886211,37.422554402177,0,0,0,27.5856843039199,54.4601419111367,19.4208943286994
"PHJJKLOP_02378",0,3.88903897924141,0,0,0,1.21882674732014,0,0.990184398384303,0
"PHJJKLOP_02379",366.033151209944,134.171844783829,711.028533641364,293.02731920053,78.2382255710515,546.034382799424,355.944313598966,475.288511224466,535.153532613051
"PHJJKLOP_02380",0,0,0,0,0,0,0,0,0
"PHJJKLOP_02381",0,0,0,0,0,0,0,0,0
"PHJJKLOP_02382",0,0,0,0,0,0,0,0,0
"PHJJKLOP_02383",0,0,0,0,0,0,0,0,0
"PHJJKLOP_02384",0,0,0,0,0,0,0,0,0
"PHJJKLOP_02385",0,0,0,0,39.1191127855258,26.8141884410432,0,0,0
"PHJJKLOP_02386",0,21.3897143858277,0,0,0,0,0,0,0
"PHJJKLOP_02387",114.209832346837,169.173195597001,359.483325620913,80.3462004259519,0,89.5837659280305,79.19760977577,0,67.9731301504481
"PHJJKLOP_02388",0,0,0,0,0,0,0,0,0
"PHJJKLOP_02389",0,10.6948571929139,0,0,0,12.7976808468615,56.9510901758346,0,0
"PHJJKLOP_02390",0,0,0,0,0,0,0,0,0
"PHJJKLOP_02391",0,14.5838961721553,252.885746414712,0,72.2199005271245,31.0800820566637,1.77972156799483,3.96073759353721,0
"PHJJKLOP_02392",0,0,0,0,0,0,0,0,0
"PHJJKLOP_02393",0,0,0,0,0,0,0,0,0
"PHJJKLOP_02394",0,0,0,0,0,0,0,0,0
"PHJJKLOP_02395",215.313618358791,560.021613010763,52.1647728030347,414.559387071718,320.475808589115,373.570398053624,236.702968543313,582.22842624997,490.917051086569
"PHJJKLOP_02396",0,0,0,0,0,0,0,0,0
"PHJJKLOP_02397",0,0,0,0,0,0,0,0.990184398384303,0
"PHJJKLOP_02398",0,0,0,0,0,0,0,0,0
"PHJJKLOP_02399",0,0,0,0,0,0,0,0,0
"PHJJKLOP_02400",0,0,0,0,0,0,0,0,0
"PHJJKLOP_02401",0,0,0,0,0,14.0165075941816,0,31.6859007482977,1.07893857381664
"PHJJKLOP_02402",0,0,0,0,0,0,0,0,0
"PHJJKLOP_02403",0,0,0,0,0,0,0,0,0
"PHJJKLOP_02404",0,3.88903897924141,0,0,0,0,0,10.8920283822273,0
"PHJJKLOP_02405",0,0,0,0,0,0,0,0,0
"PHJJKLOP_02406",0,0,0,0,0,0,0,1.98036879676861,0
"PHJJKLOP_02407",0,0,0,0,0,0,0,0,0
"PHJJKLOP_02408",0,0,0,0,0,0,0,0,0
"PHJJKLOP_02409",0,0,0,0,0,0,0,0,0
"PHJJKLOP_02410",0,0,0,0,0,0,0,0,0
"PHJJKLOP_02411",0,0,0,0,0,0,0,0,0
"PHJJKLOP_02412",0,0,0,0,0,0,0,0,0
"PHJJKLOP_02413",0,0,0,0,0,0,85.4266352637519,10.8920283822273,0
"PHJJKLOP_02414",0,0,0,0,0,0,0,25.7447943579919,0
"PHJJKLOP_02415",0,0,0,0,0,0,0,0,0
"PHJJKLOP_02416",0,0,0,0,0,0,0,0,0
"PHJJKLOP_02417",1.8722923335547,0,0,0,0,0,0,33.6662695450663,39.9207272312155
"PHJJKLOP_02418",0,0,0,0,0,0,0,0,0
"PHJJKLOP_02419",0,0,0,0,0,0,0,0,0
"PHJJKLOP_02420",0,0,0,0,0,0,0,0,0
"PHJJKLOP_02421",0,0,0,49.963183458155,0,0,0,0.990184398384303,1.07893857381664
"PHJJKLOP_02422",0,0,0,0,0,0,0,0,0
"PHJJKLOP_02423",0.936146166777351,50.5575067301383,222.26729281293,49.963183458155,0,0,2.66958235199225,45.548482325678,0
"PHJJKLOP_02424",0,0,0,0,0,0,0,0,0
"PHJJKLOP_02425",0,2.91677923443105,0,0,0,0,0,0,0
"PHJJKLOP_02426",0,0,0,0,0,0,0,0,0
"PHJJKLOP_02427",0,0,0,0,0,0,0,0,0
"PHJJKLOP_02428",0,0,0,0,0,0,0,0,0
"PHJJKLOP_02429",0,0,0,0,0,32.2989088039838,0,0,0
"PHJJKLOP_02430",0,0,62.3709240036284,0,0,0,0,0,0
"PHJJKLOP_02431",0,0,0,0,0,9.14120060490107,0,24.7546099596076,0
"PHJJKLOP_02432",0,0,0,0,0,0,0,0,0
"PHJJKLOP_02433",0,0,0,0,0,0,0,0,0
"PHJJKLOP_02434",0,65.1414029022935,0,0,0,20.1106413307824,114.792041135667,0,0
"PHJJKLOP_02435",0,33.056831323552,53.2987896031006,0,1.50458126098176,0,0,0,0
"PHJJKLOP_02436",0,0,0,0,0,0,0,21.7840567644547,55.0258672646484
"PHJJKLOP_02437",0,0,0,0,0,0,0,0,0
"PHJJKLOP_02438",0,0,0,0,0,0,0,0,0
"PHJJKLOP_02439",0,0,0,0,0,0,0,0,0
"PHJJKLOP_02440",0,0,0,0,0,0,0,0,0
"PHJJKLOP_02441",0,0,0,0,0,0,0,0,0
"PHJJKLOP_02442",0,0,0,0,0,0,0,0,0
"PHJJKLOP_02443",0,0,0,0,0,0,0,0,0
"PHJJKLOP_02444",0,0,0,0,0,0,0,0,0
"PHJJKLOP_02445",0,0,0,0,0,0,0,0,0
"PHJJKLOP_02446",0,0,0,0,0,0,0,0,0
"PHJJKLOP_02447",0,0,0,0,0,0,0,0,1.07893857381664
"PHJJKLOP_02448",0,0,0,0,0,0,0,0,0
"PHJJKLOP_02449",0,0,0,0,0,0,0,0,0
"PHJJKLOP_02450",0,0,0,0,0,0,0,0,0
"PHJJKLOP_02451",0,0,0,0,0,0,0,0,0
"PHJJKLOP_02452",0,0,0,0,0,0,0,0,48.5522358217486
"PHJJKLOP_02453",0,0,0,0,0,21.3294680781025,0,0,0
"PHJJKLOP_02454",0,0,0,0,0,0,0,0,0
"PHJJKLOP_02455",0,0,0,28.3574825032771,0,15.2353343415018,0,0,0
"PHJJKLOP_02456",0,0,0,0,0,0,0,0,0
"PHJJKLOP_02457",0,8.75033770329316,0,0,0,10.3600273522212,0,0,0
"PHJJKLOP_02458",0,0,0,0,0,0,0,0,0
"PHJJKLOP_02459",18.722923335547,0,0,0,0,37.1742157932644,0,19.8036879676861,0
"PHJJKLOP_02460",0,0,0,0,0,0,0,0,0
"PHJJKLOP_02461",0,0,0,0,0,0,0,0,0
"PHJJKLOP_02462",0,0,0,0,0,20.1106413307824,42.713317631876,0,0
"PHJJKLOP_02463",0,0,0,51.3135397678348,0,0,0,0,0
"PHJJKLOP_02464",0,0,0,0,0,0,0,0,0
"PHJJKLOP_02465",0,0,0,0,0,15.8447477151619,0,0,0
"PHJJKLOP_02466",0,0,0,0,0,0,0,0,0
"PHJJKLOP_02467",0,0,0,0,0,0,0,0,0
"PHJJKLOP_02468",25.2759465029885,5.83355846886211,0,22.2808791097178,0,0,0,0,0
"PHJJKLOP_02469",0,0,0,0,0,0,0,0,0
"PHJJKLOP_02470",0,0,0,0,0,0,0,0,0
"PHJJKLOP_02471",0,0,0,0,0,0,0,0,0
"PHJJKLOP_02472",0,0,0,0,0,0,0,0,0
"PHJJKLOP_02473",0,0,0,0,0,0,0,0,0
"PHJJKLOP_02474",0,0,0,0,0,0,0,0,0
"PHJJKLOP_02475",0,0,0,0,0,0,0,0,0
"PHJJKLOP_02476",0,0,0,41.8610456000758,0,0,0,0,0
"PHJJKLOP_02477",0,4.86129872405176,3.40205040019791,0,0,0,0,0,0
"PHJJKLOP_02478",0,0,0,0,0,0,0,0,0
"PHJJKLOP_02479",0,0,0,0,0,0,0,0,0
"PHJJKLOP_02480",0,0,0,0,0,0,0,0,0
"PHJJKLOP_02481",0,0,0,0,0,0,0,0,0
"PHJJKLOP_02482",0,0,0,0,0,0,0,0,0
"PHJJKLOP_02483",0,0,0,0,0,0,0,4.95092199192152,0
"PHJJKLOP_02484",13.1060463348829,0,0,0,0,0,0,0,0
"PHJJKLOP_02485",0,0,0,0,0,0,0,0,0
"PHJJKLOP_02486",0,0,0,0,0,0,0,0,0
"PHJJKLOP_02487",0,0,0,0,0,0,0,0,0
"PHJJKLOP_02488",0,0,0,0,0,0,0,0,0
"PHJJKLOP_02489",0,1.9445194896207,0,0,0,22.5482948254227,0,0,0
"PHJJKLOP_02490",0,0,0,0,0,0,0,0,0
"PHJJKLOP_02491",0,0,0,0,0,0,0,0,0
"PHJJKLOP_02492",0,0,0,0,0,0,0,0,0
"PHJJKLOP_02493",0,0,0,0,0,0,0,0,0
"PHJJKLOP_02494",0,0,0,0,0,0,0,0,0
"PHJJKLOP_02495",0,0,0,12.1532067871188,0,2.43765349464029,0,0,0
"PHJJKLOP_02496",0,0,0,0,0,0,0,0,0
"PHJJKLOP_02497",0,0,0,0,0,0,0,0,0
"PHJJKLOP_02498",0,0,0,0,0,0,0,0,0
"PHJJKLOP_02499",0,0,0,0,0,0,0,0,0
"PHJJKLOP_02501",0,0,0,0,0,0,0,0,0
"PHJJKLOP_02502",0,0,0,0,0,0,0,0,0
"PHJJKLOP_02503",119.826709347501,0,0,0,0,0,0,0,106.814918807847
"PHJJKLOP_02504",0,0,0,0,0,0,0,0,0
"PHJJKLOP_02505",0,0,0,0,0,0,0,0,0
"PHJJKLOP_02506",0,0,0,0,0,0,0,0,0
"PHJJKLOP_02507",0,0,0,0,0,0,0,0,0
"PHJJKLOP_02508",0,0,0,0,0,0,0,0,0
"PHJJKLOP_02509",0,0,0,0,0,0,0,0,0
"PHJJKLOP_02511",0,0,0,0,0,0,0,0,0
"PHJJKLOP_02512",0,0,0,0,0,0,0,0,0
"PHJJKLOP_02513",0,5.83355846886211,61.2369072035624,0,0,46.3154163981654,0,72.2834610820541,2.15787714763327
"PHJJKLOP_02514",0,0,0,0,0,0,0,0,0
"PHJJKLOP_02515",0,0,0,0,0,0,0,51.4895887159838,0
"PHJJKLOP_02516",0,0,0,0,0,0,0,0,0
"PHJJKLOP_02517",0,0,0,0,0,0,0,0,0
"PHJJKLOP_02518",0,0,0,0,0,0,0,0,0
"PHJJKLOP_02519",0,0,0,0,0,0,0,10.8920283822273,0
"PHJJKLOP_02520",0,0,0,0,0,0,0,0,0
"PHJJKLOP_02521",0,0,0,0,0,10.3600273522212,0,38.6171915369878,21.5787714763327
"PHJJKLOP_02522",0,0,0,0,0,0,0,0,0
"PHJJKLOP_02523",0,0,0,0,0,0,0,0,0
"PHJJKLOP_02524",0,0,0,0,0,0,0,0,0
"PHJJKLOP_02525",0,0,0,0,0,0,0,0,0
"PHJJKLOP_02526",0,0,0,0,0,0,0,0,0
"PHJJKLOP_02527",0,0,0,0,0,0,0,0,0
"PHJJKLOP_02528",96.4230551780671,0,0,0,0,0,0,0,0
"PHJJKLOP_02529",0,38.8903897924141,0,0,0,0,33.8147097919018,0,0
"PHJJKLOP_02530",0,0,0,0,0,0,0,0,0
"PHJJKLOP_02531",0,0,0,0,0,0,0,0,0
"PHJJKLOP_02532",0,0,0,0,0,0,0,0,0
"PHJJKLOP_02533",0,27.2232728546898,156.494318409104,0,0,0,0,0,0
"PHJJKLOP_02534",0,0,0,0,0,0,0,0,0
"PHJJKLOP_02535",0,0.972259744810351,0,0,10.5320688268723,0,0,6.93129078869012,0
"PHJJKLOP_02536",0,0,0,0,0,0,169.963409743506,0,0
"PHJJKLOP_02537",0,0,0,0,0,0,0,0,0
"PHJJKLOP_02538",0,0,0,0,0,0,0,0,0
"PHJJKLOP_02539",0,0,0,0,0,0,0,0,0
"PHJJKLOP_02540",0,0,0,0,0,0,0,0,0
"PHJJKLOP_02541",0,0,0,0,0,0,0,0,0
"PHJJKLOP_02542",0,0,0,0,0,0,0,0,0
"PHJJKLOP_02543",0,0,0,0,0,0,0,0,0
"PHJJKLOP_02544",0,0,0,0,0,0,0,0,28.0524029192325
"PHJJKLOP_02545",0,0,0,0,0,0,0,0,0
"PHJJKLOP_02546",0,0,0,0,0,0,25.8059627359251,0,0
"PHJJKLOP_02547",0,0,0,0,0,0,0,0,0
"PHJJKLOP_02548",27.1482388365432,63.1968834126728,45.3606720026388,24.9815917290775,76.7336443100698,85.31787231241,0,47.5288511224466,0
"PHJJKLOP_02549",0,25.2787533650691,12.4741848007257,99.9263669163099,0,78.0049118284892,121.021066623649,41.5877447321407,38.8417886573989
"PHJJKLOP_02550",0,0,0,0,0,0,0,0,0
"PHJJKLOP_02551",0,0,0,0,0,0,0,0,0
"PHJJKLOP_02552",0,0,0,0,0,0,0,0,0
"PHJJKLOP_02553",0,0,0,0,0,0,0,0,0
"PHJJKLOP_02554",0,0,0,0,0,0,0,0,0
"PHJJKLOP_02555",12.1699001681056,33.056831323552,28.3504200016493,108.703682929229,0,29.8612553093435,25.8059627359251,104.959546228736,178.024864679745
"PHJJKLOP_02556",0,0,0,0,0,0,0,77.2343830739757,0
"PHJJKLOP_02557",0,0,0,0,0,0,0,0,0
"PHJJKLOP_02558",0,0,0,0,0,0,0,0,0
"PHJJKLOP_02559",0,0,0,0,0,0,0,0.990184398384303,0
"PHJJKLOP_02560",0,0.972259744810351,0,0,3.00916252196352,0,0,77.2343830739757,194.208943286994
"PHJJKLOP_02561",0,0,0,0,0,0,0,0,0
"PHJJKLOP_02562",0,0,0,0,0,0,0,0,0
"PHJJKLOP_02563",0,0,0,0,0,0,0,0,0
"PHJJKLOP_02564",0,0,0,0,0,0,0,0,0
"PHJJKLOP_02565",35.5735543375393,62.2246236678625,0,67.5178154839932,1.50458126098176,57.2848571240467,0,0,81.9993316100643
"PHJJKLOP_02566",0,0,0,0,0,0,0,0,0
"PHJJKLOP_02567",0,0,0,0,0,0,0,0,0
"PHJJKLOP_02568",0,0.972259744810351,250.61771281458,45.2369363742754,0,0,0,0,50.7101129693819
"PHJJKLOP_02569",0,0,0,0,0,0,0,0,0
"PHJJKLOP_02570",0,0,0,0,0,0,0,0,0
"PHJJKLOP_02571",0,0,0,0,0,0,0,0,0
"PHJJKLOP_02572",0,0,0,0,0,0,0,0,0
"PHJJKLOP_02573",0,0,0,0,0,0,0,0,0
"PHJJKLOP_02574",0,0,0,0,0,0,0,33.6662695450663,0
"PHJJKLOP_02575",4.68073083388675,74.8640003503971,0,0,0,40.8306960352248,33.8147097919018,65.352170293364,0
"PHJJKLOP_02576",0,0,0,0,0,0,0,0,0
"PHJJKLOP_02577",0,0,0,0,0,0,0,0,0
"PHJJKLOP_02578",0,0,0,0,0,0,0,0,0
"PHJJKLOP_02579",39.3181390046487,49.5852469853279,175.772604010226,138.411521742186,76.7336443100698,48.7530698928057,0,0,0
"PHJJKLOP_02580",0,0,0,0,0,0,0,0,0
"PHJJKLOP_02581",0,22.3619741306381,31.7524704018472,14.1787412516386,18.0549751317811,56.6754437503867,0,0,0
"PHJJKLOP_02582",0,0,0,0,0,0,0,0,0
"PHJJKLOP_02583",0,0,0,0,0,0,0,0,0
"PHJJKLOP_02584",0,0,0,0,0,0,0,0,0
"PHJJKLOP_02585",0,0,0,0,0,0,0,0,0
"PHJJKLOP_02586",0,0,0,0,0,0,0,0,0
"PHJJKLOP_02587",0,0,0,0,0,0,0,0,0
"PHJJKLOP_02588",0,4.86129872405176,92.9893776054096,15.5290975613184,0,27.4236018147032,0,16.8331347725332,48.5522358217486
"PHJJKLOP_02589",0,0,0,0,0,0,0,0,0
"PHJJKLOP_02590",16.8506310019923,24.3064936202588,0,2.70071261935973,118.861919617559,26.8141884410432,80.0874705597674,52.4797731143681,2.15787714763327
"PHJJKLOP_02591",3.7445846671094,265.426910333226,81.6492096047499,69.543349948513,0,91.4120060490107,20.4667980319406,135.65526257865,263.261012011259
"PHJJKLOP_02592",0,0,0,0,0,0,0,0,0
"PHJJKLOP_02594",273.354680698986,146.811221466363,345.875124020121,280.198934258572,0,353.459756722842,791.086236973703,236.654071213849,294.550230651942
"PHJJKLOP_02595",0,43.7516885164658,0,22.2808791097178,0,13.4070942205216,0,0,0
"PHJJKLOP_02596",0,0,0,0,0,0,0,0,0
"PHJJKLOP_02597",0,0,0,0,0,0,0,0,0
"PHJJKLOP_02598",0,0,0,0,0,0,0,0,0
"PHJJKLOP_02599",106.720663012618,102.087273205087,0,79.671022271112,25.5778814366899,67.6448844762679,0,102.979177431968,16.1840786072495
"PHJJKLOP_02600",0,0,0,0,0,0,0,0,0
"PHJJKLOP_02601",0,0,0,0,0,0,0,0,0
"PHJJKLOP_02602",0,0,0,0,0,0,0,0,0
"PHJJKLOP_02603",0,0,0,0,0,0,0,0,0
"PHJJKLOP_02604",0,40.8349092820348,0,0,0,0,0,0,0
"PHJJKLOP_02605",0,0,0,0.675178154839932,0,0,0,0,85.2361473315142
"PHJJKLOP_02606",470.881521889008,282.927585739812,209.793108012205,83.0469130453116,534.126347648525,441.215282529892,291.874337151152,80.2049362691286,343.10246647369
"PHJJKLOP_02607",0,0,0,0,0,0,0,0,0
"PHJJKLOP_02608",0,0,0,0,0,0,0,0,0
"PHJJKLOP_02609",0,0,0,0,0,0,0,0,0
"PHJJKLOP_02610",0,0,0,0,0,0,0,0,0
"PHJJKLOP_02611",0,0,0,0,0,0,0,0,0
"PHJJKLOP_02612",0,0,0,0,0,0,0,0,0
"PHJJKLOP_02613",114.209832346837,0,0,0,0,0,0,0,0
"PHJJKLOP_02614",0,0,0,0,0,0,0,0,0
"PHJJKLOP_02615",0,4.86129872405176,0,0,0,10.3600273522212,0,20.7938723660704,0
"PHJJKLOP_02616",0,0,2.26803360013194,0,0,0,0,0,0
"PHJJKLOP_02617",60.8495008405278,0,0,0,0,0,0,55.450326309521,0
"PHJJKLOP_02618",0,0,0,0,0,0,0,0,0
"PHJJKLOP_02619",0,0,449.070652826125,0,0,11.5788540995414,0,0.990184398384303,0
"PHJJKLOP_02620",0,8.75033770329316,0,0,0,0.609413373660072,0,0,1.07893857381664
"PHJJKLOP_02621",41.1904313382034,46.6684677508969,232.473444013524,0,0,12.7976808468615,42.713317631876,0,9.71044716434972
"PHJJKLOP_02622",0,22.3619741306381,1.13401680006597,0,0,62.7695774869874,0,0,0
"PHJJKLOP_02623",0,0,0,0,0,0,0,0,0
"PHJJKLOP_02624",0,0,0,0,0,0,0,0,0
"PHJJKLOP_02625",0,0,0,0,0,0,0,0,0
"PHJJKLOP_02626",0,0,0,0,0,0,0,0,0
"PHJJKLOP_02627",0,0,0,0,0,0,0,0,0
"PHJJKLOP_02628",0,0,0,0,0,0,0,0,0
"PHJJKLOP_02629",0,0,0,0,0,0,0,0,0
"PHJJKLOP_02630",0,0,0,0,0,0,0,0,0
"PHJJKLOP_02631",36.5097005043167,54.4465457093797,2.26803360013194,0,9.02748756589056,81.6613920704496,0,1.98036879676861,5.39469286908318
"PHJJKLOP_02632",3.7445846671094,12.6393766825346,1.13401680006597,4.05106892903959,0,1.82824012098022,0,0.990184398384303,2.15787714763327
"PHJJKLOP_02633",0,0,0,0,0,0,0,0,0
"PHJJKLOP_02634",0,0,0,0,0,0,0,30.6957163499134,0
"PHJJKLOP_02635",0,0,0,0,0,22.5482948254227,0,0,0
"PHJJKLOP_02636",0,0,0,0,0,0,0,0,0
"PHJJKLOP_02637",0,0,0,0,0,0,0,0,0
"PHJJKLOP_02638",0,0,0,0,0,0,0,0,0
"PHJJKLOP_02639",0,0,0,0,0,0,0,0,0
"PHJJKLOP_02640",106.720663012618,334.457352214761,202.989007211809,347.041571587725,28.5870439586534,139.555662568156,16.9073548959509,241.60499320577,212.550899041877
"PHJJKLOP_02641",134.805048015939,69.030441881535,447.936636026059,51.9887179226748,431.814821901765,185.261665592662,0,100.008624236815,0
"PHJJKLOP_02642",0,0,0,0,0,0,0,0,0
"PHJJKLOP_02643",0,0,0,0,0,0,0,0,0
"PHJJKLOP_02644",0,13.6116364273449,0,34.4340858968365,0,0.609413373660072,0,0,0
"PHJJKLOP_02645",0,0,0,0,0,0,0,0,0
"PHJJKLOP_02646",0,0,0,0,9.02748756589056,0,0,0,0
"PHJJKLOP_02647",0,0,0,0,0,0,0,23.7644255612233,0
"PHJJKLOP_02648",22.4675080026564,14.5838961721553,0,81.0213785807918,0,77.3954984548291,0,17.8233191709175,0
"PHJJKLOP_02649",0,34.0290910683623,0,0,0,35.3459756722842,0,54.4601419111367,53.9469286908318
"PHJJKLOP_02650",0,0,0,0,0,0,0,0,0
"PHJJKLOP_02651",0,0,0,0,0,0,0,0,0
"PHJJKLOP_02652",0,0,0,0,0,0,0,0,0
"PHJJKLOP_02653",181.612356354806,29.1677923443105,0,27.6823043484372,0,22.5482948254227,137.928421519599,55.450326309521,0
"PHJJKLOP_02654",0,0,0,0,0,0,0,0,0
"PHJJKLOP_02655",0,0,0,0,0,0,0,0,0
"PHJJKLOP_02656",0,0,0,0,0,0,0,50.4994043175995,162.919724646312
"PHJJKLOP_02657",0,0,0,0,0,0,0,0,0
"PHJJKLOP_02658",0,0.972259744810351,0,21.6057009548778,0,0,0,0,0
"PHJJKLOP_02659",0,0,0,0,0,0,0,0,0
"PHJJKLOP_02660",0,0,0,72.9192407227126,0,0,0,0,0
"PHJJKLOP_02661",0,0,0,0,0,0,0,0,0
"PHJJKLOP_02662",10.2976078345509,0,0,4.72624708387952,0,20.1106413307824,0,0,0
"PHJJKLOP_02663",0,0,0,0,0,0,0,0,0
"PHJJKLOP_02664",0,0,0,0,0,0,0,0,0
"PHJJKLOP_02665",0,0,0,0,0,0,0,0,0
"PHJJKLOP_02666",219.994349192677,88.475636777742,68.0410080039583,98.57601060663,0,70.0825379709082,274.966982255202,220.8111208397,0
"PHJJKLOP_02667",202.207572023908,290.705663698295,114.535696806663,307.881238607009,139.926057271304,261.438337300171,138.818282303597,247.546099596076,155.367154629596
"PHJJKLOP_02668",0,0,0,0,0,0,0,0,0
"PHJJKLOP_02669",0,0,0,0,0,0,0,0,0
"PHJJKLOP_02670",0,0,0,0,0,0,0,0,0
"PHJJKLOP_02671",0,0,0,0,0,0,0,0,0
"PHJJKLOP_02672",0,0,0,0,0,0,0,0,0
"PHJJKLOP_02673",50.551893005977,30.1400520891209,0,70.8937062581929,0,10.3600273522212,0,17.8233191709175,21.5787714763327
"PHJJKLOP_02674",0,0,0,0,0,0,0,0,0
"PHJJKLOP_02675",38.3819928378714,0,0,0,0,0,0,0,0
"PHJJKLOP_02676",108.592955346173,5.83355846886211,69.1750248040242,0,1.50458126098176,58.5036838713669,0,0,1.07893857381664
"PHJJKLOP_02677",49.6157468391996,44.7239482612762,0,0,0,22.5482948254227,0,23.7644255612233,0
"PHJJKLOP_02678",0,0,0,0,0,0,0,0,0
"PHJJKLOP_02679",0,0,0,0,0,0,0,0,0
"PHJJKLOP_02680",0,0,0,0,0,0,0,0,0
"PHJJKLOP_02681",0,0,0,0,0,0,0,0,0
"PHJJKLOP_02682",0,6.80581821367246,0,0,0,0,0,1.98036879676861,0
"PHJJKLOP_02683",0,0,0,0,0,0,0,0,0
"PHJJKLOP_02684",0,0,0,0,0,0,0,0,0
"PHJJKLOP_02685",0,23.3342338754484,0,0,39.1191127855258,20.1106413307824,0,46.5386667240623,0
"PHJJKLOP_02686",0,0,0,0,0,0,0,0,0
"PHJJKLOP_02687",0,0,0,0,0,0,0,0,0
"PHJJKLOP_02688",0,0,0,0,0,0,0,0,0
"PHJJKLOP_02689",0,0,0,0,0,0,0,0,0
"PHJJKLOP_02690",0,0,0,0,0,0,0,60.4012483014425,0
"PHJJKLOP_02691",0,0,0,0,0,0,0,0,0
"PHJJKLOP_02692",0,0,0,0,0,24.3765349464029,0,0,0
"PHJJKLOP_02693",0,0,0,0,0,0,0,0,0
"PHJJKLOP_02694",0,0,0,0,0,0,0,0,0
"PHJJKLOP_02695",0,0,0,0,0,0,0,0,0
"PHJJKLOP_02696",0,0,0,56.0397868517143,0,0,0,0,0
"PHJJKLOP_02697",0,0,0,0,0,0,0,0,0
"PHJJKLOP_02698",0,0,0,0,0,0,0,0,0
"PHJJKLOP_02699",0,0,0,0,0,0,0,0,0
"PHJJKLOP_02700",0,266.399170078036,156.494318409104,216.057009548778,185.063495100757,104.819100269532,198.438954831424,98.028255440046,141.340953169979
"PHJJKLOP_02701",0,2.91677923443105,0,0,0,0,0,0,0
"PHJJKLOP_02702",0,0,0,0,0,0,0,0,0
"PHJJKLOP_02703",0,0,0,0,0,0,0,0,0
"PHJJKLOP_02704",0,0,0,0,0,0,0,0,0
"PHJJKLOP_02705",0,6.80581821367246,0,0,0,0,0,0,0
"PHJJKLOP_02706",0,0,0,0,0,0,0,0,0
"PHJJKLOP_02707",26.2120926697658,37.9181300476037,0,58.7404994710741,84.2565506149786,224.873534880566,0,210.909276855857,332.313080735524
"PHJJKLOP_02708",0,0,0,0,0,0,0,0,0
"PHJJKLOP_02709",0,0,0,0,0,0,0,0,0
"PHJJKLOP_02710",0,0,0,0,0,0,0,0,0
"PHJJKLOP_02711",0,0,0,0,0,0,0,0,86.3150859053309
"PHJJKLOP_02712",0.936146166777351,51.5297664749486,1.13401680006597,1.35035630967986,1.50458126098176,0,0,0.990184398384303,1.07893857381664
"PHJJKLOP_02713",0,0,4.53606720026388,2.0255344645198,0,0,0,0,0
"PHJJKLOP_02714",122.635147847833,0,31.7524704018472,0,0,0,0,0,0
"PHJJKLOP_02715",0,0,0,0,0,35.3459756722842,0,0,0
"PHJJKLOP_02716",0,0,0,0,0,0,0,0,0
"PHJJKLOP_02717",0,0,0,0,0,0,0,0,0
"PHJJKLOP_02718",20.5952156691017,6.80581821367246,0,0,0,0,0,0,0
"PHJJKLOP_02719",0,0,0,0,0,0,0,0,0
"PHJJKLOP_02720",0,36.9458703027934,0,51.9887179226748,6.01832504392704,14.6259209678417,0,70.3030922852855,12.9472628857996
"PHJJKLOP_02721",772.320587591315,764.196159420936,39.690588002309,508.409150594469,1977.01977693003,2174.9963305928,559.722433134375,621.835802185343,1164.17472114815
"PHJJKLOP_02722",0,0,0,0,0,0,0,0,0
"PHJJKLOP_02723",0,13.6116364273449,0,37.8099766710362,160.990194925048,30.4706686830036,0,49.5092199192152,35.604972935949
"PHJJKLOP_02724",0,0,0,0,0,0,0,0,0
"PHJJKLOP_02725",0,0,0,0,0,0,0,0,2.15787714763327
"PHJJKLOP_02726",0,0,0,0,0,0,0,0,0
"PHJJKLOP_02727",0,0,0,0,0,0,0,0,0
"PHJJKLOP_02728",0,0,0,0,0,0,0,0,0
"PHJJKLOP_02729",0,0,0,0,0,0,0,0,0
"PHJJKLOP_02730",0,0,0,0,0,0,0,0,0
"PHJJKLOP_02731",0,0,0,0,0,0,0,0,0
"PHJJKLOP_02732",0,0,0,0,0,0,0,0,0
"PHJJKLOP_02733",0,0,0,0,0,0,0,0,0
"PHJJKLOP_02734",0,0,0,0,0,0,0,0,0
"PHJJKLOP_02735",0,0,0,0,0,0,0,0,0
"PHJJKLOP_02736",44.9350160053128,179.868052789915,0,0,154.971869881121,257.17244368455,0,0,61.4994987075482
"PHJJKLOP_02737",0,0,0,0,0,0,0,0,0
"PHJJKLOP_02738",0,0,0,0,0,0,0,0,0
"PHJJKLOP_02739",0,9.72259744810352,0,47.2624708387952,24.0733001757082,20.1106413307824,45.3828999838682,0,0
"PHJJKLOP_02740",0,0,0,0,0,0,0,0,0
"PHJJKLOP_02741",0,0,0,0,0,0,0,0,0
"PHJJKLOP_02742",0,0,0,0,0,0,0,0,0
"PHJJKLOP_02743",0,0,0,0,0,0,0,0,0
"PHJJKLOP_02744",0,0,0,0,0,0,0,0,0
"PHJJKLOP_02745",0,0,0,0,0,0,0,0,0
"PHJJKLOP_02746",0,0,0,0,0,0,0,0,0
"PHJJKLOP_02747",0,0,0,0,0,0,0,0,0
"PHJJKLOP_02748",414.712751882366,31.1123118339312,257.421813614975,347.716749742565,0,78.6143252021492,298.103362639134,106.939915025505,148.893523186696
"PHJJKLOP_02749",0,0,0,0,0,0,0,0,0
"PHJJKLOP_02750",0,0,0,0,0,0,0,0,0
"PHJJKLOP_02751",0,0,0,0,0,0,0,0,0
"PHJJKLOP_02752",0,0,0,0,0,0,0,0,0
"PHJJKLOP_02753",0,0,0,0,0,0,0,0,0
"PHJJKLOP_02769",0,0,0,0,0,0,0,0,0
"PHJJKLOP_02770",0,0,0,0,0,0,0,0,0
"PHJJKLOP_02771",0,0,0,0,0,0,0,0,0
"PHJJKLOP_02772",0,0,0,0,0,0,0,0,0
"PHJJKLOP_02773",0,0.972259744810351,0,0.675178154839932,1.50458126098176,0,0,0,0
"PHJJKLOP_02774",0,0,0,0,0,0,0,0,0
"PHJJKLOP_02775",0,0,0,0,0,0,0,0,0
"PHJJKLOP_02776",0,0,0,0,0,0,0,0,0
"PHJJKLOP_02777",0,0,0,0,0,0,0,0,0
"PHJJKLOP_02778",0,0,0,0,0,0,0,0,0
"PHJJKLOP_02779",0,0,0,0,0,0,0,0,0
"PHJJKLOP_02780",0,0,0,0,0,0,0,0.990184398384303,0
"PHJJKLOP_02781",0,0.972259744810351,52.1647728030347,0,0,0,0,14.8527659757645,0
"PHJJKLOP_02782",0,0,0,0,0,0,0,0,0
"PHJJKLOP_02783",0,1.9445194896207,0,4.05106892903959,0,0.609413373660072,0,0,0
"PHJJKLOP_02784",113.273686180059,24.3064936202588,0,0,0,0,0,0,0
"PHJJKLOP_02785",0,0.972259744810351,0,0,0,0,0,0,0
"PHJJKLOP_02786",0,0,0,0,0,0,0,0,0
"PHJJKLOP_02787",0,0,0,0,0,0,0,0,0
"PHJJKLOP_02788",0,0,0,0,0,0,0,0,0
"PHJJKLOP_02789",0,64.1691431574832,147.422184008576,31.7333732774768,0,29.2518419356834,0,23.7644255612233,0
"PHJJKLOP_02790",0,0,0,0,0,0,0,0,0
"PHJJKLOP_02791",0,0,0,0,0,0,0,0,0
"PHJJKLOP_02792",0,0,0,0,0,0,0,0,0
"PHJJKLOP_02793",0,0,0,0,0,0,0,0,0
"PHJJKLOP_02794",0,0,0,0,0,0,0,0,0
"PHJJKLOP_02795",0,0,0,0,0,0,0,0,0
"PHJJKLOP_02796",0,0,0,0,0,0,0,0,0
"PHJJKLOP_02797",0,39.8626495372244,65.7729744038263,34.4340858968365,0,0,3.55944313598966,114.861390212579,0
"PHJJKLOP_02798",0,0,0,0,0,0,0,0,0
"PHJJKLOP_02799",0,0,0,0,0,0,0,0,0
"PHJJKLOP_02800",0,0,0,0,0,0,0,0,0
"PHJJKLOP_02801",19.6590695023244,8.75033770329316,21.5463192012534,68.868171793673,102.31152574676,188.308732460962,48.0524823358605,100.998808635199,295.629169225758
"PHJJKLOP_02802",0,0,0,0,0,0,0,0,0
"PHJJKLOP_02803",0,0,0,0,0,0,0,0,0
"PHJJKLOP_02804",0,0,37.422554402177,65.4922810194734,0,0,0,0,74.4467615933479
"PHJJKLOP_02805",0,50.5575067301383,0,0,100.806944485778,126.148568347635,71.1888627197933,63.3718014965954,151.051400334329
"PHJJKLOP_02806",0,0,0,0,0,0,0,0,0
"PHJJKLOP_02807",0,0,0,0,0,0,0,0,0
"PHJJKLOP_02808",0,0,0,0,0,0,0,0,0
"PHJJKLOP_02809",9.36146166777351,57.3633249438107,1.13401680006597,16.2042757161584,0,32.2989088039838,0,27.7251631547605,18.3419557548828
"PHJJKLOP_02810",0,0,0,0,0,0,0,0,0
"PHJJKLOP_02811",0,4.86129872405176,0,0,0,0,0,38.6171915369878,23.736648623966
"PHJJKLOP_02812",0,0,0,0,0,0,0,0,0
"PHJJKLOP_02813",0,5.83355846886211,0,0,0,1.21882674732014,0,0,3.23681572144991
"PHJJKLOP_02814",0,0,0,0,0,0,0,0,0
"PHJJKLOP_02815",0,0,0,0,0,0,0,0,0
"PHJJKLOP_02816",0,0,0,0,0,0,0,0,0
"PHJJKLOP_02817",0,0,0,0,0,0,0,0,0
"PHJJKLOP_02818",0,2.91677923443105,0,0,0,0.609413373660072,0,0,2.15787714763327
"PHJJKLOP_02819",0,0,0,0,0,0,0,0,0
"PHJJKLOP_02820",0,0,0,0,0,0,0,0,0
"PHJJKLOP_02821",0,0,0,0,0,0,0,0,0
"PHJJKLOP_02822",0,0,0,0,0,0,0,0,0
"PHJJKLOP_02823",0,0,0,0,0,0,0,0,0
"PHJJKLOP_02824",0,0,0,0,0,0,0,0,0
"PHJJKLOP_02825",0,0,0,0,0,0,0,0,0
"PHJJKLOP_02826",0,57.3633249438107,0,0,0,31.0800820566637,137.038560735602,0,71.209945871898
"PHJJKLOP_02827",0,0,0,0,0,0,0,0,0
"PHJJKLOP_02828",0,0,0,0,0,0,0,0,0
"PHJJKLOP_02829",50.551893005977,11.6671169377242,0,0,0,34.7365622986241,0,0,0
"PHJJKLOP_02830",0,0,0,0,0,0,0,0,0
"PHJJKLOP_02831",92.6784705109578,127.366026570156,10.2061512005937,42.5362237549157,0,60.9413373660072,0,66.3423546917483,0
"PHJJKLOP_02832",55.2326238398637,17.5006754065863,24.9483696014514,0,93.2840381808692,68.8637112235881,0,194.076142083323,126.235813136546
"PHJJKLOP_02833",0,0,0,0,0,0,0,0,0
"PHJJKLOP_02834",0,0,0,0,0,0,0,0,0
"PHJJKLOP_02835",0,0,0,0,0,0,0,0,0
"PHJJKLOP_02836",0,0,0,0,0,0,0,0,0
"PHJJKLOP_02837",0,0,0,0,0,0,0,0,0
"PHJJKLOP_02838",0,0,0,0,0,0,0,0,0
"PHJJKLOP_02839",0,0,0,0,0,0,0,0,0
"PHJJKLOP_02840",0,0,0,0,0,0,0,0,0
"PHJJKLOP_02841",0,0,0,0,0,0,0,0,0
"PHJJKLOP_02842",0,0,0,0,0,0,0,0,0
"PHJJKLOP_02843",0,11.6671169377242,0,0,0,0,0,0,0
"PHJJKLOP_02844",0,0,0,0,0,0,0,0,0
"PHJJKLOP_02845",0,0,0,30.3830169677969,1.50458126098176,0,0,0,0
"PHJJKLOP_02846",201.27142585713,106.948571929139,40.824604802375,0.675178154839932,0,0,105.893433295692,3.96073759353721,0
"PHJJKLOP_02847",0,0,0,0,0,0,0,0,0
"PHJJKLOP_02848",0,0,0,0,0,0,0,0,0
"PHJJKLOP_02849",0,0,0,0,0,7.31296048392086,0,0,0
"PHJJKLOP_02850",0,5.83355846886211,0,0,0,1.21882674732014,0,0,0
"PHJJKLOP_02851",0,0,0,0,0,0,0,0,0
"PHJJKLOP_02852",0,0,0,0,0,0,0,0,0
"PHJJKLOP_02853",0,0,0,0,0,0,0,0,0
"PHJJKLOP_02854",0,5.83355846886211,36.2885376021111,0,0,0,0,0,0
"PHJJKLOP_02855",0,0,0,0,0,0,0,0,0
"PHJJKLOP_02856",0,0,57.8348568033645,68.868171793673,37.614531524544,55.4566170030665,0,21.7840567644547,51.7890515431985
"PHJJKLOP_02857",0,0,0,0,0,0,0,0,0
"PHJJKLOP_02858",0,0,0,0,0,0,0,0,0
"PHJJKLOP_02859",0,0,0,0,0,0,0,0,0
"PHJJKLOP_02860",0,3.88903897924141,0,0,0,0,76.5280274237778,218.830752042931,0
"PHJJKLOP_02861",0,0,0,0,0,0,0,0,0
"PHJJKLOP_02862",0,0,0,0,0,0,0,0,0
"PHJJKLOP_02863",7.48916933421881,82.6420783088799,0,41.1858674452358,75.229063049088,35.9553890459442,0,0,0
"PHJJKLOP_02864",0,0,0,0,0,0,0,0,0
"PHJJKLOP_02865",13.1060463348829,23.3342338754484,40.824604802375,31.0581951226369,0,0,0,0,50.7101129693819
"PHJJKLOP_02866",569.176869400629,321.817975532226,1459.4796216849,741.345614014245,148.953544837194,308.363167071996,604.215472334245,438.651688484246,160.761847498679
"PHJJKLOP_02867",0,0,0,0,0,0,0,0,0
"PHJJKLOP_02868",0,0,0,0,0,0,0,0,0
"PHJJKLOP_02869",0,0,0,0,0,0,0,0,0
"PHJJKLOP_02870",0,0,0,0,0,0,0,0,0
"PHJJKLOP_02871",0,0,0,0,0,0,0,0,0
"PHJJKLOP_02872",0.936146166777351,88.475636777742,0,31.0581951226369,46.6420190904346,78.6143252021492,2.66958235199225,196.056510880092,48.5522358217486
"PHJJKLOP_02873",0,0,0,0,0,0,0,0,0
"PHJJKLOP_02874",0,0,0,0,0,4.2658936156205,0,0,37.7628500835823
"PHJJKLOP_02875",0,34.0290910683623,0,0,0,0,0,0,0
"PHJJKLOP_02876",0,0,0,0,0,23.7671215727428,0,0,110.051734529297
"PHJJKLOP_02877",0,0,0,0,0,0,0,0,0
"PHJJKLOP_02878",0,0,0,0,0,0,0,0,0
"PHJJKLOP_02879",0,0,0,0,0,0,0,0,0
"PHJJKLOP_02880",0,0,0,0,0,0,0,0,0
"PHJJKLOP_02881",0,0,0,0,0,0,0,0,0
"PHJJKLOP_02882",0,0,0,0,0,0,0,0,0
"PHJJKLOP_02883",0,0,0,0,0,0,0,0,0
"PHJJKLOP_02884",0,0,0,0,0,0,0,0,0
"PHJJKLOP_02885",0,0,0,0,0,0,0,0,0
"PHJJKLOP_02886",0,0,0,0,0,0,0,0,0
"PHJJKLOP_02887",0,0,0,0,0,0,0,0,0
"PHJJKLOP_02888",0,0,0,0,0,12.7976808468615,0,48.5190355208309,0
"PHJJKLOP_02889",0,0,0,0,0,0,0,0,0
"PHJJKLOP_02890",0,0,0,0,0,0,0,0,0
"PHJJKLOP_02891",0,0,0,0,0,0,0,0,0
"PHJJKLOP_02892",0,0,0,0,0,0,0,0,0
"PHJJKLOP_02893",0,0,0,20.255344645198,0,37.7836291669244,0,0,163.998663220129
"PHJJKLOP_02894",105.784516845841,41.8071690268451,66.9069912038923,2.0255344645198,10.5320688268723,62.7695774869874,56.9510901758346,201.007432872014,64.7363144289981
"PHJJKLOP_02895",0,0,0,0,0,0,0,0,0
"PHJJKLOP_02896",0,0,0,0,0,0,0,0,0
"PHJJKLOP_02897",0,7.77807795848281,0,0,0,0,0,3.96073759353721,0
"PHJJKLOP_02898",0,0,0,0,0,0,0,0,0
"PHJJKLOP_02899",0,0,0,0,0,0,0,0,0
"PHJJKLOP_02900",0,136.116364273449,0,47.2624708387952,0,65.2072309816277,113.902180351669,0,0
"PHJJKLOP_02901",0,0,0,0,0,0,0,0,0
"PHJJKLOP_02902",0,0,0,0,0,0,0,0,0
"PHJJKLOP_02903",0,0,0,0,0,0,0,0,0
"PHJJKLOP_02904",8.42531550099616,0,0,0,0,17.6729878361421,0,17.8233191709175,0
"PHJJKLOP_02905",0,0,0,0,0,0,0,0,0
"PHJJKLOP_02906",0,0,0,0,0,0,0,0,0
"PHJJKLOP_02907",0,0,0,0,0,0,0,0,0
"PHJJKLOP_02908",0,0,0,0,0,0,0,0,0
"PHJJKLOP_02909",0,0,0,0,0,0,0,0,0
"PHJJKLOP_02910",0,0,0,0,0,0,0,0,0
"PHJJKLOP_02911",0,0,0,0,0,0,0,0,0
"PHJJKLOP_02912",0,0,0,0,0,0,0,0,0
"PHJJKLOP_02913",0,0,0,0,0,0,0,0,0
"PHJJKLOP_02914",0,0,0,0,0,0,0,0,0
"PHJJKLOP_02915",0,0,0,0,0,0,0,0,0
"PHJJKLOP_02916",0,0,0,0,0,0,0,0,0
"PHJJKLOP_02917",0,0,0,0,0,0,0,0,0
"PHJJKLOP_02918",82.3808626764069,91.392416012173,0,22.9560572645577,69.210738005161,108.475580511493,81.8671921277623,92.0871490497402,0
"PHJJKLOP_02919",0,0,0,0,0,0,0,0,0
"PHJJKLOP_02920",0,0,0,0,0,0,0,0,0
"PHJJKLOP_02921",0,0,0,0,0,0,0,0,0
"PHJJKLOP_02922",0,0,0,0,0,0,0,0,0
"PHJJKLOP_02923",0,0,0,0,0,0,5.33916470398449,0,0
"PHJJKLOP_02924",0,0,0,0,0,0,0,0,0
"PHJJKLOP_02925",0,0,0,0,0,0,0,0,0
"PHJJKLOP_02926",0,0,5.67008400032986,0,0,0,0,0,0
"PHJJKLOP_02927",0,0,0,0,0,0,0,0,0
"PHJJKLOP_02928",0,0,0,0,0,0,0,0,0
"PHJJKLOP_02929",0,0,0,0,0,0,0,0,0
"PHJJKLOP_02930",0,0,0,0,0,0,0,0,0
"PHJJKLOP_02931",0,0,0,0,0,0,0,0,0
"PHJJKLOP_02932",0,33.056831323552,0,91.1490509033908,0,0,16.9073548959509,46.5386667240623,0
"PHJJKLOP_02933",0,0,0,0,0,0,0,0,0
"PHJJKLOP_02934",62.7217931740825,41.8071690268451,43.0926384025069,15.5290975613184,0,70.0825379709082,97.8846862397157,86.1460426594344,34.5260343621323
"PHJJKLOP_02935",0,0,0,0,0,0,0,0,0
"PHJJKLOP_02936",0,18.4729351513967,0,19.580166490358,21.0641376537446,62.7695774869874,0,15.8429503741489,25.8945257715993
"PHJJKLOP_02937",0,0,0,0,0,0,0,0,0
"PHJJKLOP_02938",0,0,0,0,0,0,0,0,0
"PHJJKLOP_02939",0,0,0,0,0,0,0,0,0
"PHJJKLOP_02940",0,135.144104528639,0,0,0,0,0,71.2932766836698,85.2361473315142
"PHJJKLOP_02941",0,0,0,0,0,0,0,0,0
"PHJJKLOP_02942",0,0,0,0,0,0,0,0,0
"PHJJKLOP_02943",0,0,0,0,0,0,0,0,0
"PHJJKLOP_02944",0,0,0,0,0,0,0,0,0
"PHJJKLOP_02945",0,0,0,0,0,0,0,0,0
"PHJJKLOP_02946",0,0,288.040267216757,0,9.02748756589056,0,0,0,0
"PHJJKLOP_02947",0,23.3342338754484,0,0,0,27.4236018147032,0,52.4797731143681,0
"PHJJKLOP_02948",0,0,0,0,0,0,0,0,0
"PHJJKLOP_02949",0,28.1955325995002,21.5463192012534,12.8283849419587,0,37.1742157932644,0,0,66.8941915766314
"PHJJKLOP_02950",2834.65059300182,680.581821367246,289.174284016823,706.236349962569,996.032794769925,878.164671444163,912.997164381349,728.775717210847,870.703429070025
"PHJJKLOP_02951",0,0,0,0,0,0,0,0,0
"PHJJKLOP_02952",97.3592013448445,3.88903897924141,0,25.6567698839174,0,59.722510618687,178.862017583481,2.97055319515291,7.55257001671645
"PHJJKLOP_02953",0,6.80581821367246,3.40205040019791,16.2042757161584,0,0,0,29.7055319515291,38.8417886573989
"PHJJKLOP_02954",0,0,0,22.2808791097178,0,0,62.2902548798191,0,0
"PHJJKLOP_02955",0,0,0,0,0,0,0,0,0
"PHJJKLOP_02956",0,0,0,0,0,0,0,0,0
"PHJJKLOP_02957",0,3.88903897924141,0,0,0,0,0,0,0
"PHJJKLOP_02958",0,0,0,0,0,0,0,0,0
"PHJJKLOP_02959",276.163119199319,20.4174546410174,0,0,154.971869881121,0,0,0,0
"PHJJKLOP_02960",0,0,0,0,28.5870439586534,0,0,0,0
"PHJJKLOP_02961",0,0,0,0,0,0,0,0,0
"PHJJKLOP_02962",0,0,0,0,0,0,0,0,0
"PHJJKLOP_02963",0,0,0,0,0,0,0,0,0
"PHJJKLOP_02964",0,0,0,0,0,0,0,0,0
"PHJJKLOP_02965",0,0,0,0,0,0,0,0,0
"PHJJKLOP_02966",0,0,0,0,0,0,0,0,0
"PHJJKLOP_02967",0,0,0,0,0,0,0,0,0
"PHJJKLOP_02968",0,0,0,2.70071261935973,0,0,0,0,0
"PHJJKLOP_02969",0,0,0,0,0,0,0,0,0
"PHJJKLOP_02970",0,0,0,0,0,0,0,0,0
"PHJJKLOP_02971",419.393482716253,88.475636777742,320.92675441867,144.488125135745,340.035364981878,249.250069826969,40.9335960638811,88.126411456203,239.524363387293
"PHJJKLOP_02972",0,0,0,0,0,0,0,0,0
"PHJJKLOP_02973",41.1904313382034,23.3342338754484,3.40205040019791,105.327792155029,0,31.0800820566637,0,0,135.946260300896
"PHJJKLOP_02974",0,0,0,0,0,0,0,0,0
"PHJJKLOP_02975",0,0,0,0,0,0,0,0,0
"PHJJKLOP_02976",0,0,0,0,0,0,0,0,0
"PHJJKLOP_02977",0,0,0,0,0,0,0,0,0
"PHJJKLOP_02978",0,0,0,0,0,0,0,0,0
"PHJJKLOP_02979",0,0,0,0,0,0,0,0,0
"PHJJKLOP_02980",112.337540013282,48.6129872405176,0,156.641331922864,0,56.0660303767266,0,44.5582979272937,101.420225938764
"PHJJKLOP_02981",0,0,0,0,0,0,0,0,0
"PHJJKLOP_02982",0,0,0,0,0,0,0,0,0
"PHJJKLOP_02983",0,0,0,0,0,0,0,0,0
"PHJJKLOP_02984",0,0,0,0,0,0,0,0,0
"PHJJKLOP_02985",0,0,0,0,0,0,0,0,0
"PHJJKLOP_02986",0,0,0,0,0,0,0,0,0
"PHJJKLOP_02987",0,0,0,0,0,0,0,0,0
"PHJJKLOP_02988",0,0,0,0,0,0,0,0,0
"PHJJKLOP_02989",0,0,0,0,0,0,0,0,3.23681572144991
"PHJJKLOP_02990",0,13.6116364273449,0,0,0,0,0,38.6171915369878,0
"PHJJKLOP_02991",15.914484835215,76.8085198400178,239.27754481392,2.0255344645198,0,51.190723387446,54.2815078238424,36.6368227402192,156.446093203412
"PHJJKLOP_02992",0,0,0,0,0,0,0,0,0
"PHJJKLOP_02993",0,0,0,0,0,0,0,0,0
"PHJJKLOP_02994",0,0,0,0,0,0,0,0,0
"PHJJKLOP_02995",0,0,0,0,0,0,0,0,0
"PHJJKLOP_02996",0,0,0,0,0,0,0,0,0
"PHJJKLOP_02997",991.378790617215,812.809146661454,1568.34523449124,1436.77911349937,1492.54461089391,426.58936156205,1292.96771914825,896.116880537795,557.811242663201
"PHJJKLOP_02998",0,0,0,0,0,0,0,0,0
"PHJJKLOP_02999",0,0,0,0,0,0,0,0,0
"PHJJKLOP_03000",0,0,0,0,0,0,0,0,0
"PHJJKLOP_03001",0,0,0,0,0,0,0,0,0
"PHJJKLOP_03002",0,0,0,0,0,0,0,0,0
"PHJJKLOP_03003",0,0,0,0,0,0,0,0,0
"PHJJKLOP_03004",0,0,0,0,0,0,0,0,0
"PHJJKLOP_03005",7.48916933421881,96.2537147362248,117.937747206861,0,0,111.522647379793,177.082296015486,208.928908059088,83.0782701838809
"PHJJKLOP_03006",427.818798217249,193.47968921726,0,205.254159071339,251.265070583954,136.508595699856,0,94.0675178465088,147.814584612879
"PHJJKLOP_03007",0,0,0,0,0,0,0,0,0
"PHJJKLOP_03008",0,0,0,0,0,0,0,0,0
"PHJJKLOP_03009",0,0,0,0,0,0,0,39.6073759353721,0
"PHJJKLOP_03010",0,0,0,0,0,0,0,0,0
"PHJJKLOP_03011",0,0,0,0,0,0,0,0,0
"PHJJKLOP_03012",0,0,0,0,0,0,0,0,0
"PHJJKLOP_03013",0,0,0,0,0,0,0,0,0
"PHJJKLOP_03014",0,0,0,0,0,0,0,0,0
"PHJJKLOP_03015",0,0,0,0,0,0,0,0,0
"PHJJKLOP_03016",0,0,0,0,0,7.31296048392086,0,0,0
"PHJJKLOP_03017",0,0,0,0,0,0,0,0,0
"PHJJKLOP_03018",200.335279690353,292.650183187916,111.133646406465,249.140739135935,303.925414718316,160.275717272599,169.963409743506,321.809929474899,309.655370685374
"PHJJKLOP_03019",0,0,0,0,0,0,0,0,0
"PHJJKLOP_03020",0,0,0,0,0,0,0,0,0
"PHJJKLOP_03021",0,0,0,0,0,0,0,0,0
"PHJJKLOP_03022",224.675080026564,171.117715086622,271.030015215767,164.068291626103,251.265070583954,53.6283768820863,0,98.028255440046,3.23681572144991
"PHJJKLOP_03023",0,0,0,0,0,0,0,0,0
"PHJJKLOP_03024",14.9783386684376,90.4201562673627,32.8864872019132,22.9560572645577,30.0916252196352,20.7200547044424,58.7308117438294,218.830752042931,55.0258672646484
"PHJJKLOP_03025",0,0,0,0,0,0,0,0,0
"PHJJKLOP_03026",0,0,0,0,0,0,0,0,0
"PHJJKLOP_03027",0,0,0,0,0,0,0,0,0
"PHJJKLOP_03028",0,0,0,0,0,0,0,0,0
"PHJJKLOP_03029",0,0,0,0,0,0,0,0,0
"PHJJKLOP_03030",0,0,0,0,0,0,0,0,0
"PHJJKLOP_03031",0,20.4174546410174,0,0,0,0,62.2902548798191,0,0
"PHJJKLOP_03032",0,0,0,0,0,0,0,0,0
"PHJJKLOP_03033",0,0,0,0,3.00916252196352,0,0,0.990184398384303,0
"PHJJKLOP_03034",0,0,0,0,0,0,0,0,0
"PHJJKLOP_03035",0,0,0,0,0,0,0,0,0
"PHJJKLOP_03036",0,0,0,54.6894305420345,0,0,0,0,0
"PHJJKLOP_03037",0,0,0,0,0,0,0,0,0
"PHJJKLOP_03038",0,0,0,0,0,0,0,47.5288511224466,0
"PHJJKLOP_03039",0,0,0,0,0,0,0,0,0
"PHJJKLOP_03040",0,0,0,0,0,0,0,0,0
"PHJJKLOP_03041",0,0,0,0,0,0,0,0,0
"PHJJKLOP_03042",0,0,0,0,0,0,0,0,0
"PHJJKLOP_03043",0,0,0,0,0,0,0,0,0
"PHJJKLOP_03044",0,0,0,0,0,0,0,0,0
"PHJJKLOP_03045",0,0,0,0,0,0,0,0,0
"PHJJKLOP_03046",0,0,0,0,0,0,0,0,0
"PHJJKLOP_03047",0,0,0,0,0,0,0,0,0
"PHJJKLOP_03048",0,0,0,0,0,0,0,0,0
"PHJJKLOP_03049",0,0,0,0,0,0,0,0,0
"PHJJKLOP_03050",0,0,0,0,0,0,0,0,0
"PHJJKLOP_03051",0,0,0,0,0,0,0,0,0
"PHJJKLOP_03052",0,0,0,0,0,0,0,0,0
"PHJJKLOP_03053",0,0,0,0,0,0,0,0,0
"PHJJKLOP_03054",0,0,0,0,0,0,0,0,0
"PHJJKLOP_03055",0,0,0,0,0,0,0,0,0
"PHJJKLOP_03056",0,0,0,0,0,0,0,0,0
"PHJJKLOP_03057",0,0,0,0,0,0,0,0,0
"PHJJKLOP_03058",0,0,0,0,0,0,0,0,0
"PHJJKLOP_03059",0,0,0,0,0,0,0,0,0
"PHJJKLOP_03060",0,0,0,0,0,0,0,0,0
"PHJJKLOP_03061",0,0,0,0,0,0,0,0,0
"PHJJKLOP_03062",0,0,0,0,0,0,0,0,0
"PHJJKLOP_03063",0,0,0,0,0,0,0,0,0
"PHJJKLOP_03064",0,0,0,0,0,0,0,0,0
"PHJJKLOP_03065",0,0,0,0,0,0,0,0,0
"PHJJKLOP_03066",0,29.1677923443105,0,70.2185281033529,278.347533281626,51.8001367611061,0,90.1067802529716,160.761847498679
"PHJJKLOP_03067",45.8711621720902,5.83355846886211,0,26.3319480387573,0,0,8.00874705597674,0,0
"PHJJKLOP_03068",0,0,0,0,0,0,0,0,0
"PHJJKLOP_03069",0,0,0,0,0,0,0,0,0
"PHJJKLOP_03070",0,0,0,0,0,0,0,0,0
"PHJJKLOP_03071",0,0,0,0,0,0,0,0,0
"PHJJKLOP_03072",0,0,0,0,0,0,0,0,0
"PHJJKLOP_03073",0,0,0,0,0,0,0,0,0
"PHJJKLOP_03074",0,63.1968834126728,0,12.8283849419587,21.0641376537446,20.1106413307824,0,19.8036879676861,0
"PHJJKLOP_03075",2.80843850033205,89.4478965225523,0,82.3717348904717,0,92.6308327963309,102.333990159703,0,0
"PHJJKLOP_03076",61.7856470073052,12.6393766825346,170.102520009896,86.4228038195113,0,62.1601641133273,0,105.94973062712,129.472628857996
"PHJJKLOP_03077",0,0,0,0,0,0,0,0,0
"PHJJKLOP_03078",0,0,0,0,0,0,0,0,0
"PHJJKLOP_03079",0,0,0,0,0,0,0,0,0
"PHJJKLOP_03080",0,0,0,0,0,0,0,0,0
"PHJJKLOP_03081",0,0,0,0,0,0,0,0,0
"PHJJKLOP_03082",918.359389608581,624.190756168246,1434.53125208345,371.347985161963,329.503296155006,249.859483200629,240.262411679302,416.867631719792,301.023862094841
"PHJJKLOP_03083",0,0,0,0,0,0,0,0,0
"PHJJKLOP_03084",0,0,0,0,0,0,0,0,0
"PHJJKLOP_03085",484.923714390668,424.877508482124,290.308300816889,357.169243910324,950.895356940473,347.365622986241,352.384870462977,308.937532295903,55.0258672646484
"PHJJKLOP_03086",0,0,0,0,0,0,0,0,0
"PHJJKLOP_03087",40.2542851714261,151.672520190415,0,104.652614000189,72.2199005271245,148.087449799397,77.4178882077752,164.370610131794,203.919390451344
"PHJJKLOP_03088",0,42.7794287716555,0,50.6383616129949,0,8.531787231241,0,65.352170293364,0
"PHJJKLOP_03089",0,0,0,0,0,0,0,0,0
"PHJJKLOP_03090",0,0,0,0,0,0,0,0,0
"PHJJKLOP_03091",0,0,0,0,0,0,0,0,0
"PHJJKLOP_03092",0,0,0,0,0,0,0,0,0
"PHJJKLOP_03093",0,0,0,0,0,0,0,0,0
"PHJJKLOP_03094",0,0,0,0,0,0,0,0,0
"PHJJKLOP_03095",0,0,0,0,0,17.063574462482,0,0,0
"PHJJKLOP_03096",0,0,0,0,0,0,0,0,0
"PHJJKLOP_03097",0,0,0,0,0,0,0,0,0
"PHJJKLOP_03098",0,0,0,0,0,0,0,0,0
"PHJJKLOP_03099",0,0,0,0,0,0,0,0,0
"PHJJKLOP_03100",0,0,0,0,0,0,0,0,0
"PHJJKLOP_03101",0,0,0,0,0,0,0,0,0
"PHJJKLOP_03102",0,0,0,0,0,0,0,0,0
"PHJJKLOP_03103",0,0,0,0,0,0,0,0,0
"PHJJKLOP_03104",0,0,0,0,0,0,0,0,0
"PHJJKLOP_03105",0,0,0,0,0,0,0,0,0
"PHJJKLOP_03106",0,0,0,0,0,0,0,0,0
"PHJJKLOP_03107",0,0,0,0,0,0,0,0,0
"PHJJKLOP_03108",0,0,0,0,0,0,0,0,0
"PHJJKLOP_03109",0,0,0,0,0,0,0,0,0
"PHJJKLOP_03110",0,0,0,0,0,0,0,0,0
"PHJJKLOP_03111",0,0,0,0,0,0,0,0,0
"PHJJKLOP_03112",0,33.056831323552,0,0,0,40.8306960352248,0,146.547290960877,0
"PHJJKLOP_03113",0,0,0,0,0,0,0,0,0
"PHJJKLOP_03114",0,0,0,0,0,0,0,0,0
"PHJJKLOP_03115",56.1687700066411,12.6393766825346,0,2.70071261935973,127.88940718345,28.0330151883633,152.166194063558,118.822127806116,176.945926105928
"PHJJKLOP_03116",0,0,0,0,0,0,0,0,0
"PHJJKLOP_03117",0,0,0,0,0,0,0,0,0
"PHJJKLOP_03118",0,0,0,0,0,0,0,0,0
"PHJJKLOP_03119",0,0,0,0,0,0,0,0,0
"PHJJKLOP_03120",0,0,0,0,0,0,0,0,0
"PHJJKLOP_03121",0,0,0,0,0,0,0,0,0
"PHJJKLOP_03122",0,0,0,0,0,0,0,0,0
"PHJJKLOP_03123",0,0,0,0,0,0,0,0,0
"PHJJKLOP_03124",0,0,0,0,0,0,0,0,0
"PHJJKLOP_03125",0,0,0,0,0,0,0,0,0
"PHJJKLOP_03126",0,0,0,0,0,0,0,0,0
"PHJJKLOP_03127",0,0,0,0,0,0,0,0,0
"PHJJKLOP_03128",0,0,0,0,0,0,0,0,0
"PHJJKLOP_03129",0,0,0,0,0,0,0,0,0
"PHJJKLOP_03130",0,0,0,0,0,0,0,0,0
"PHJJKLOP_03131",0,0,0,0,0,0,0,0,0
"PHJJKLOP_03132",187.22923335547,533.770599900883,199.586956811611,176.221498413222,1160.03215221694,348.584449733561,90.7657999677364,203.977986067166,283.760844913775
"PHJJKLOP_03133",0,51.5297664749486,29.4844368017152,46.5872926839553,0,0,0,44.5582979272937,30.2102800668658
"PHJJKLOP_03134",0,0,0,0,0,0,0,0,0
"PHJJKLOP_03135",0,0,0,0,0,0,0,0,0
"PHJJKLOP_03136",0,0,0,0,0,0,0,0,0
"PHJJKLOP_03137",0,0,0,0,0,0,0,0,0
"PHJJKLOP_03138",0,0,0,0,0,0,0,0,0
"PHJJKLOP_03139",0,0,0,0,0,0,0,0,0
"PHJJKLOP_03140",0,0,0,0,0,0,0,0,0
"PHJJKLOP_03141",0,0,0,0,0,0,0,0,0
"PHJJKLOP_03142",0,0,0,0,0,0,0,0,0
"PHJJKLOP_03143",0,0,0,0,0,0,0,0,0
"PHJJKLOP_03144",0,0,0,0,0,0,0,0,0
"PHJJKLOP_03145",0,0,0,0,0,0,0,0,0
"PHJJKLOP_03146",0,0,0,0,0,0,0,0,0
"PHJJKLOP_03147",0,0,0,0,0,0,0,0,0
"PHJJKLOP_03148",0,0,0,0,0,0,0,0,0
"PHJJKLOP_03149",0,0,145.154150408444,0,0,1.82824012098022,0,11.8822127806116,0
"PHJJKLOP_03150",0,0,0,1.35035630967986,0,1.82824012098022,0,128.723971789959,0
"PHJJKLOP_03151",0,0,0,0,0,0,0,0,0
"PHJJKLOP_03152",0,0,0,0,0,0,0,0,0
"PHJJKLOP_03153",0,61.2523639230521,0,0,0,0,35.5944313598966,104.959546228736,24.8155871977826
"PHJJKLOP_03154",0,0,0,0,0,0,0,0,0
"PHJJKLOP_03155",0,29.1677923443105,0,17.5546320258382,0,17.063574462482,0,0,45.3154201002987
"PHJJKLOP_03156",67.4025240079693,180.840312534725,0,112.079573703429,0,49.9718966401259,193.099790127439,100.008624236815,0
"PHJJKLOP_03157",0,0,0,0,0,0,0,0,0
"PHJJKLOP_03158",0,0,0,0,0,0,0,0,0
"PHJJKLOP_03159",0,0,0,0,0,0,0,0,0
"PHJJKLOP_03160",0,0,0,0,0,0,0,0,0
"PHJJKLOP_03161",0,17.5006754065863,0,0,0,0,145.047307791579,0,0
"PHJJKLOP_03162",0,0,0,110.054039238909,0,34.127148924964,232.253664623326,36.6368227402192,1.07893857381664
"PHJJKLOP_03163",58.9772085069731,25.2787533650691,0,0,0,0,0,48.5190355208309,0
"PHJJKLOP_03164",0,0,0,0,0,0,0,0,0
"PHJJKLOP_03165",0,0,0,0,0,0,0,0,0
"PHJJKLOP_03166",0,31.1123118339312,70.3090416040902,0,0,79.2237385758093,1.77972156799483,5.94110639030582,1.07893857381664
"PHJJKLOP_03167",0,0,0,0,0,0,0,0,0
"PHJJKLOP_03168",0,0,0,0,0,0,0,0,0
"PHJJKLOP_03169",0,0,0,0,0,0,0,0,0
"PHJJKLOP_03170",0,0,0,0,0,0,0,0,0
"PHJJKLOP_03171",0,0,0,0,0,0,0,0,0
"PHJJKLOP_03172",0,0,0,0,0,0.609413373660072,0,0,0
"PHJJKLOP_03173",0,0,0,0,0,0,0,0,0
"PHJJKLOP_03174",87.997739677071,135.144104528639,1.13401680006597,108.028504774389,37.614531524544,77.3954984548291,0,127.733787391575,161.840786072495
"PHJJKLOP_03175",74.8916933421881,292.650183187916,237.009511213788,201.87826829714,28.5870439586534,202.934653428804,184.201182287465,223.781674034853,126.235813136546
"PHJJKLOP_03176",0,0,0,0,0,0,0,0,0
"PHJJKLOP_03177",0,0,0,0,0,0,0,0,0
"PHJJKLOP_03178",0,0,0,0,0,0,0,0,0
"PHJJKLOP_03179",0,0,0,0,0,0,0,0,0
"PHJJKLOP_03180",0,0,0,0,0,0,0,0,0
"PHJJKLOP_03181",0,0,0,0,0,0,0,0,0
"PHJJKLOP_03182",0,0,0,0,0,0,0,0,0
"PHJJKLOP_03183",0,0,0,0,0,0,0,0,0
"PHJJKLOP_03184",0,0,0,0,0,0,0,0,0
"PHJJKLOP_03185",0,0,0,0,0,0,0,0,0
"PHJJKLOP_03186",0,0,0,0,0,0,0,0,0
"PHJJKLOP_03187",0,0,0,0,0,0,0,0,0
"PHJJKLOP_03188",0,0,0,0,0,0,0,0,0
"PHJJKLOP_03189",0,0,0,0,0,0,0,0,0
"PHJJKLOP_03190",0,0,0,0,0,0,0,0,0
"PHJJKLOP_03191",0,0,0,0,0,0,0,0,0
"PHJJKLOP_03192",0,0,0,0,0,0,0,0,0
"PHJJKLOP_03193",0,0,0,0,0,0,0,0,0
"PHJJKLOP_03194",0,0,0,0,0,0,0,0,0
"PHJJKLOP_03195",0,0,0,0,0,0,0,0,0
"PHJJKLOP_03196",0,0,0,0,0,0,0,0,0
"PHJJKLOP_03197",0,0,0,0,0,0,0,0,0
"PHJJKLOP_03198",0,0,0,0,0,0,0,0,0
"PHJJKLOP_03199",0,0,0,0,0,0,0,0,0
"PHJJKLOP_03200",0,0,0,0,0,0,0,0,0
"PHJJKLOP_03201",0,0,0,0,0,0,0,0,0
"PHJJKLOP_03202",0,0,0,0,0,0,0,0,0
"PHJJKLOP_03203",0,0,0,0,0,0,0,0,0
"PHJJKLOP_03204",0,0,0,0,0,0,0,0,0
"PHJJKLOP_03205",0,0,0,0,0,0,0,0,0
"PHJJKLOP_03206",0,0,0,0,0,0,0,0,0
"PHJJKLOP_03207",0,0,0,0,0,0,0,0,0
"PHJJKLOP_03208",0,0,0,0,0,0,0,0,0
