"","baseMean","log2FoldChange","lfcSE","stat","pvalue","padj"
"PHJJKLOP_01718",37.5075356587519,22.6753813075522,3.55186267398773,6.38408164640392,1.72429080984369e-10,8.99947473271913e-08
"PHJJKLOP_02940",32.4081698382025,22.3206489123494,3.53708233059178,6.31046914551602,2.78190872727021e-10,8.99947473271913e-08
"PHJJKLOP_02893",24.670848559139,-20.7686546147306,3.52265107728213,-5.8957456072415,3.72993247689317e-09,8.04422104183294e-07
"PHJJKLOP_01048",13.6339908038162,20.2847136419219,3.5373161837209,5.73449264594279,9.7804668146208e-09,1.58199050726491e-06
"PHJJKLOP_01909",19.9074007265492,-19.2003475186497,3.50752228789972,-5.47404861399947,4.39868309778782e-08,5.69189592853743e-06
"PHJJKLOP_02212",46.9140114349404,-8.8487029913772,2.5538268895591,-3.46487971739731,0.000530468679384297,0.0572022059269401
"PHJJKLOP_00928",86.7968927249038,9.47615263114039,2.85768015606183,3.31602982616483,0.000913060834890444,0.0738437950217646
"PHJJKLOP_01116",72.2083658284118,-9.10500996733324,2.74362716163913,-3.31860323247916,0.000904688752509909,0.0738437950217646
"PHJJKLOP_01456",35.9052423616662,-8.0141339716216,2.47162371931583,-3.24245713819254,0.00118503771921784,0.0851910449259935
"PHJJKLOP_01624",59.4404617360037,10.0375732845654,3.17902778411237,3.15743490344111,0.00159163769293856,0.0982907714246543
"PHJJKLOP_02846",51.0637724036349,8.57299403502617,2.72747007493472,3.14320370141233,0.0016710950319493,0.0982907714246543
"PHJJKLOP_01171",26.2554962106655,8.97287552880142,3.02000086339307,2.97114998792421,0.00296686845054687,0.159963657291986
"PHJJKLOP_01985",57.7205564641586,8.77153605230904,3.22103478595519,2.7232043846766,0.00646520468542658,0.314104062108487
"PHJJKLOP_03162",46.0167349001371,-8.01572602140659,2.9614987414325,-2.70664508792914,0.00679668758812801,0.314104062108487
"PHJJKLOP_01655",48.9537068155984,-8.07790181181825,3.14813403313774,-2.56593325658597,0.0102898625711172,0.391620063736048
"PHJJKLOP_01809",42.4029209934925,8.17683177837722,3.16987934458453,2.57954038293181,0.00989318905923526,0.391620063736048
"PHJJKLOP_02339",34.0591295394818,-9.10153065782096,3.49652687466449,-2.60302036394166,0.00924064647992056,0.391620063736048
"PHJJKLOP_00221",8.14902129464952,7.26543242026842,2.90197094697156,2.5036199717473,0.0122929995290469,0.41703268111749
"PHJJKLOP_00374",23.2375788088061,-7.68922958379203,3.26622592365664,-2.35416341781517,0.0185644476221958,0.41703268111749
"PHJJKLOP_00430",31.3575922931868,-7.41582310346424,3.15071621763255,-2.35369439556714,0.0185878858473831,0.41703268111749
"PHJJKLOP_01075",26.2405429821397,-7.60809159349271,3.12877268345294,-2.4316536748513,0.0150300708947774,0.41703268111749
"PHJJKLOP_01162",23.4699611587184,8.36270252584432,3.53963199277696,2.36259095377977,0.0181476876762523,0.41703268111749
"PHJJKLOP_01679",21.5727110927268,-6.98142343435391,2.9537277924742,-2.36359743512651,0.0180984668187308,0.41703268111749
"PHJJKLOP_02042",18.9787544795805,-7.48491645717264,3.10464256286844,-2.4108786456426,0.0159141426274571,0.41703268111749
"PHJJKLOP_02139",22.1485248096752,7.76146673233245,3.24832428866928,2.38937558032792,0.0168770392515853,0.41703268111749
"PHJJKLOP_02190",25.2010870125119,-8.66658620086973,3.51767852597966,-2.46372320178295,0.0137502253194166,0.41703268111749
"PHJJKLOP_02533",20.4130656959771,8.60934251209855,3.48647539898506,2.46935415480196,0.0135357182232876,0.41703268111749
"PHJJKLOP_02714",17.15417980552,8.3588373221373,3.48016037469465,2.40185405905919,0.0163122148160917,0.41703268111749
"PHJJKLOP_02784",15.2866866444798,8.19270885988466,3.48387179361956,2.35161031898159,0.0186923458306139,0.41703268111749
"PHJJKLOP_01073",14.9679070725636,-7.91731606428689,3.46731895640679,-2.28341152453182,0.0224061390511406,0.427262949907754
"PHJJKLOP_01284",12.8785745015986,7.9454262793157,3.47262247371959,2.28801902292742,0.0221364133369865,0.427262949907754
"PHJJKLOP_02036",38.5870606441332,7.13562447246502,3.11206059223309,2.292893811346,0.0218541192092684,0.427262949907754
"PHJJKLOP_02375",19.323352558641,7.3177422172735,3.20585226742249,2.2826199109783,0.0224527670739778,0.427262949907754
"PHJJKLOP_02377",16.0803148238661,6.52105435368869,2.80896536386461,2.32151468920817,0.0202590822411589,0.427262949907754
"PHJJKLOP_03153",25.180214301052,7.02547157586418,3.13155155350439,2.24344752300254,0.0248679702677847,0.459702193235906
"PHJJKLOP_01351",6.53764691224855,-6.6636967821565,2.98676137493471,-2.23107772789588,0.0256759807705848,0.461454432182455
"PHJJKLOP_00371",17.5430075907184,7.63015309362275,3.50005799487604,2.18000761838604,0.0292568968375516,0.464605883960738
"PHJJKLOP_00885",25.4219493435419,-5.86825694286784,2.68755654041211,-2.18349153017931,0.0289996320216429,0.464605883960738
"PHJJKLOP_00989",22.6795745033165,6.84528530253195,3.13010755257507,2.18691696293327,0.0287485863735124,0.464605883960738
"PHJJKLOP_01505",93.8479252308681,-4.91962600800059,2.25927941721281,-2.17751995194545,0.029441794810495,0.464605883960738
"PHJJKLOP_02214",16.1857212066085,-7.01670781867729,3.16589939135882,-2.21633948249559,0.0266682609358456,0.464605883960738
"PHJJKLOP_00536",20.8530889903579,7.12392070365491,3.29184607513532,2.16411112216481,0.030455822122395,0.469164688409275
"PHJJKLOP_01486",11.8056600644985,-7.40006419035072,3.4491191134636,-2.14549394987973,0.0319133746388055,0.471064137596075
"PHJJKLOP_03163",14.752777488097,7.48543320028821,3.49138862044311,2.14397021186893,0.0320352736541381,0.471064137596075
"PHJJKLOP_01205",12.1292524574295,-7.30967577137801,3.44585222040272,-2.12129694015831,0.0338968217156725,0.47676616630522
"PHJJKLOP_01902",22.7808930476475,5.19136173591545,2.44489668201502,2.12334605961216,0.0337248636864055,0.47676616630522
"PHJJKLOP_02435",9.76224468751493,6.55725896390803,3.29182102791373,1.99198525931522,0.0463726752564679,0.638364274275207
"PHJJKLOP_01164",50.4925900100756,-5.37127610689236,2.73765944223088,-1.96199571942205,0.0497629826191051,0.65707448478696
"PHJJKLOP_02356",13.2468721593391,-6.91874324604959,3.51634572140325,-1.96759471173061,0.0491146886952746,0.65707448478696
"PHJJKLOP_00599",7.78148478465832,6.31494023589662,3.23574034542089,1.95162144108173,0.0509831657201753,0.659722164419068
"PHJJKLOP_01105",24.5184346329728,-6.77467626067299,3.51198354505456,-1.9290170850068,0.053728741259052,0.665038909506433
"PHJJKLOP_02353",6.81997821113771,-6.78464303072463,3.52812095366259,-1.92301883065585,0.0544776850136645,0.665038909506433
"PHJJKLOP_02385",7.32592235850766,-6.88370325260778,3.55170345825522,-1.93814132669438,0.0526059826867013,0.665038909506433
"PHJJKLOP_02781",7.55442205817884,6.81877821381061,3.57381189765848,1.90798464191084,0.056393201306118,0.67567409713071
"PHJJKLOP_01177",27.6844074971324,-5.94716779672719,3.17735007696401,-1.87173828903668,0.0612428195587296,0.720438259172692
"PHJJKLOP_01639",15.9362123070539,-6.47137444833201,3.49628655621565,-1.85092793290278,0.0641799216051367,0.741507308545062
"PHJJKLOP_00025",5.54408213365586,6.7281262322129,3.91222055578492,1.71977170925708,0.0854739470424561,0.746851834156509
"PHJJKLOP_00252",3.9060578668939,6.22246509028677,3.91449083129533,1.5895975641429,0.111925546492842,0.746851834156509
"PHJJKLOP_00348",17.7445894008149,4.49344521915924,2.57418426849836,1.74558025008073,0.0808839165704415,0.746851834156509
"PHJJKLOP_00387",43.327004668753,4.46824449291072,2.59554476360958,1.72150546411567,0.0851591415090544,0.746851834156509
"PHJJKLOP_00562",3.88903897924141,6.21814161088691,3.91451386994304,1.58848373450198,0.112176996229876,0.746851834156509
"PHJJKLOP_00596",4.10509670031037,6.29611679839871,3.91410876313848,1.60856971009417,0.107710461900144,0.746851834156509
"PHJJKLOP_00802",5.97002117269666,5.13539724507803,3.06884130729063,1.67339941393447,0.0942486931584755,0.746851834156509
"PHJJKLOP_00807",4.42885771724772,-6.16200668687875,3.69082774108226,-1.66954599866313,0.0950092222550493,0.746851834156509
"PHJJKLOP_00818",34.8318930459713,-5.36675324035415,2.98348377595971,-1.79882099027933,0.0720470018730199,0.746851834156509
"PHJJKLOP_00977",32.1269800606474,3.90129760438604,2.43078634621152,1.60495290360108,0.108504169627649,0.746851834156509
"PHJJKLOP_01006",11.1636863980907,5.80348148500418,3.47531002199496,1.66991763275058,0.0949356611645864,0.746851834156509
"PHJJKLOP_01007",4.67865013535395,-6.23734915423663,3.63603038240115,-1.71542822755998,0.0862667438010181,0.746851834156509
"PHJJKLOP_01070",41.0369609594417,-4.56664248737589,2.60471857196884,-1.75321915254901,0.0795643966994729,0.746851834156509
"PHJJKLOP_01190",4.64524100298279,6.47439691021672,3.91326067102618,1.6544762678738,0.0980307813878848,0.746851834156509
"PHJJKLOP_01231",3.54859395529428,-5.84250154765049,3.74657646878073,-1.55942407590892,0.118896041604514,0.746851834156509
"PHJJKLOP_01282",4.91407280028587,6.55396626072941,3.91291463217761,1.67495764074004,0.0939425429834227,0.746851834156509
"PHJJKLOP_01358",4.10509670031037,6.29611679839871,3.91410876313848,1.60856971009417,0.107710461900144,0.746851834156509
"PHJJKLOP_01662",10.313186064485,-5.29985886711631,2.88460505313741,-1.83729098766986,0.066166949633777,0.746851834156509
"PHJJKLOP_01701",55.8946159946035,-4.76682737185653,2.98997566419242,-1.59426962197167,0.110875658606461,0.746851834156509
"PHJJKLOP_01711",3.30586998767089,5.75606823906491,3.54160438506961,1.62527137794691,0.104104747306267,0.746851834156509
"PHJJKLOP_01816",3.9060578668939,6.22246509028677,3.91449083129533,1.5895975641429,0.111925546492842,0.746851834156509
"PHJJKLOP_01906",4.53721214244831,6.44045989592354,3.91341415485051,1.64573940837334,0.0998174217942965,0.746851834156509
"PHJJKLOP_01920",8.7074207034747,5.44115629328913,3.48560675063742,1.56103561949267,0.118515346821327,0.746851834156509
"PHJJKLOP_01924",4.64524100298279,6.47439691021672,3.91326067102618,1.6544762678738,0.0980307813878848,0.746851834156509
"PHJJKLOP_01956",3.64056842635636,6.12339922351659,3.91503641596608,1.56407209867691,0.117800637526016,0.746851834156509
"PHJJKLOP_01974",4.42918328191382,6.40570536777834,3.91357511613875,1.63679121460134,0.101674102052239,0.746851834156509
"PHJJKLOP_02050",5.90842376585925,5.03681198038432,3.17390977158244,1.58694239687635,0.112525691474062,0.746851834156509
"PHJJKLOP_02065",5.0743757603315,-5.3650475964919,3.38320731331454,-1.58578741993666,0.112787540362966,0.746851834156509
"PHJJKLOP_02073",4.41006533358989,6.39771570273783,3.91361266965529,1.63473400225407,0.102104821266662,0.746851834156509
"PHJJKLOP_02077",4.36868211162764,6.38626343117389,3.91366686165258,1.63178514087355,0.102724756642208,0.746851834156509
"PHJJKLOP_02130",7.14921556914345,6.20351449661008,3.9010831573342,1.59020309140225,0.111789033919044,0.746851834156509
"PHJJKLOP_02153",4.78474707463979,6.5174336346458,3.9130711450266,1.66555459716833,0.0958021606490888,0.746851834156509
"PHJJKLOP_02243",3.67298125817244,6.13570978737173,3.91496656667391,1.56724449184365,0.117057554463863,0.746851834156509
"PHJJKLOP_02310",3.51818118139296,5.74898082427216,3.63648768928954,1.58091579443662,0.113897292445408,0.746851834156509
"PHJJKLOP_02335",4.53721214244831,6.44045989592354,3.91341415485051,1.64573940837334,0.0998174217942965,0.746851834156509
"PHJJKLOP_02337",8.85675582986422,-5.18747175825605,3.14654565003265,-1.64862434403335,0.0992246182505405,0.746851834156509
"PHJJKLOP_02358",14.5690798477051,6.00267404605049,3.4773057892691,1.72624278962599,0.084303742954857,0.746851834156509
"PHJJKLOP_02455",4.84364631608655,-6.2917706313115,3.5975969649566,-1.74888145965161,0.0803115120377884,0.746851834156509
"PHJJKLOP_02529",8.07834439825732,6.37009112467106,3.89203275885376,1.63670028474969,0.10169310945784,0.746851834156509
"PHJJKLOP_02604",4.53721214244831,6.44045989592354,3.91341415485051,1.64573940837334,0.0998174217942965,0.746851834156509
"PHJJKLOP_02621",42.8393098606346,4.62420374609681,2.59444669793249,1.7823467908521,0.0746926967561051,0.746851834156509
"PHJJKLOP_02675",4.2646658708746,6.35151885781766,3.91383392459911,1.62283811224009,0.104624016117694,0.746851834156509
"PHJJKLOP_02712",6.5026655538505,4.28432163705277,2.5826837022549,1.65886424005858,0.0971431519429126,0.746851834156509
"PHJJKLOP_02723",36.444074395733,-4.07021008778263,2.60008632549969,-1.56541344334035,0.117485998303781,0.746851834156509
"PHJJKLOP_02801",94.9027351783426,-2.84802073388013,1.77108355853416,-1.60806683578346,0.107820541648713,0.746851834156509
"PHJJKLOP_02854",4.6802328967748,6.48364341792163,3.65479763787016,1.77400886734182,0.076061683577208,0.746851834156509
"PHJJKLOP_02875",3.78101011870692,6.17751430113738,3.91473376086464,1.57801645743923,0.114561829020155,0.746851834156509
"PHJJKLOP_01839",3.53655218560333,6.08160906122375,3.91527801579074,1.55330197158311,0.120351009476299,0.748722145491974
"PHJJKLOP_00325",3.84504100028672,-5.94822677179114,3.91398119271167,-1.51973821000149,0.128576784219708,0.749452066577939
"PHJJKLOP_00598",3.24086581603451,5.95521021813747,3.91605273528391,1.52071757473555,0.128330726434319,0.749452066577939
"PHJJKLOP_00869",5.51881815907794,5.37079039339498,3.53027886962911,1.52135017989648,0.128171983979109,0.749452066577939
"PHJJKLOP_00937",3.24086581603451,5.95521021813747,3.91605273528391,1.52071757473555,0.128330726434319,0.749452066577939
"PHJJKLOP_01208",4.29965694578843,-5.474334865701,3.56247104955259,-1.53666788854004,0.124374658491104,0.749452066577939
"PHJJKLOP_01612",3.24086581603451,5.95521021813747,3.91605273528391,1.52071757473555,0.128330726434319,0.749452066577939
"PHJJKLOP_02845",3.5430664698643,-5.84046655606897,3.80065843250589,-1.53669861677577,0.124367130013074,0.749452066577939
"PHJJKLOP_01474",126.028645160553,-2.65197557711028,1.75176265512311,-1.51388977802127,0.130053797127403,0.751292917334193
"PHJJKLOP_02138",47.456110564143,-3.76754126856196,2.50060662604942,-1.5066509179471,0.131900158594212,0.755215952304911
"PHJJKLOP_02035",63.7679999063844,4.00372252829169,2.67628579039752,1.49599962106326,0.134653753923928,0.764219112182293
"PHJJKLOP_00758",10.5342666277193,-4.61509622975651,3.14489008352403,-1.46749047094995,0.142242679585842,0.795884041505239
"PHJJKLOP_01345",3.30087097921744,-5.73888782880045,3.91509841138189,-1.4658348847928,0.142693274829378,0.795884041505239
"PHJJKLOP_01987",9.80215708522138,-4.77375713125416,3.27669784411166,-1.4568804810101,0.145149374904066,0.802663637290005
"PHJJKLOP_02960",3.17633821762816,-5.67109318225969,3.91549618205123,-1.44837152651462,0.147513173552812,0.808822231259911
"PHJJKLOP_00617",8.32187767362613,-5.62483239630534,3.89653808337639,-1.44354611091889,0.148866692891438,0.80938445630891
"PHJJKLOP_00238",3.15050846237281,5.63837338227307,3.91831980354729,1.43897733338882,0.150156944930782,0.809596194751797
"PHJJKLOP_01195",125.922430355609,2.99572050436826,2.09185029379198,1.43209125110851,0.15211770797314,0.810298515061899
"PHJJKLOP_01510",7.32556529550527,5.5720699132132,3.89726417644465,1.4297388272756,0.152791992020945,0.810298515061899
"PHJJKLOP_03066",75.6002909157828,-3.77700772263432,2.67657625124145,-1.41113398913349,0.158205109609966,0.832184600956487
"PHJJKLOP_00384",17.1240847984738,-4.24575249884592,3.16284038328861,-1.3423859519687,0.179470887254528,0.921568762330792
"PHJJKLOP_00814",90.3181145801902,-3.05147787213186,2.25955224795537,-1.35047900525119,0.176862383637048,0.921568762330792
"PHJJKLOP_01059",7.76682401119255,3.48802382857025,2.59080323242157,1.34630981809841,0.178202620798711,0.921568762330792
"PHJJKLOP_02462",6.98043988473981,-5.17918245103768,3.89385672144906,-1.33009065857726,0.183488402964911,0.934779501718878
"PHJJKLOP_00274",16.4173533178706,-3.85426886416805,2.91335136784729,-1.3229673930529,0.1858462216052,0.939394573270037
"PHJJKLOP_00561",71.7665525179821,3.53364021785834,2.69112437387073,1.31307205722929,0.189158668548944,0.945755535111996
"PHJJKLOP_01847",4.26367332911829,-5.1196205881601,3.91952412197016,-1.306184227688,0.191489915146324,0.945755535111996
"PHJJKLOP_01953",6.85372469227971,-4.32844175900211,3.30876332326207,-1.30817509024331,0.190813928918579,0.945755535111996
"PHJJKLOP_00985",28.8189207476797,3.54431814761549,2.73921876678006,1.29391569253223,0.195694543440944,0.958026530216067
"PHJJKLOP_02401",5.197927435144,-4.66296033700537,3.61377184286182,-1.29033058526259,0.196935901883674,0.958026530216067
"PHJJKLOP_01673",13.7796300473932,-3.51366259924192,2.78313505822342,-1.2624836832334,0.206774793974568,0.998382773892131
"PHJJKLOP_00800",76.2709098733178,3.57961235281018,2.88341514075564,1.24144882997046,0.214439990069822,0.998779506493969
"PHJJKLOP_00839",66.9407779911189,2.52184207332304,2.02681042212554,1.24424171387394,0.213410615546839,0.998779506493969
"PHJJKLOP_01034",5.56786729686119,-3.88622408767658,3.13131967039648,-1.24108187497335,0.214575504486339,0.998779506493969
"PHJJKLOP_01691",5.78434822497455,-4.8910605470674,3.91654690782863,-1.24881960108555,0.211731063069929,0.998779506493969
"PHJJKLOP_02990",5.80320310714808,4.85636924939285,3.91071660596488,1.24181057813946,0.21430645891857,0.998779506493969
"PHJJKLOP_00051",44.1283476169843,1.10152512652274,2.39222376064133,0.460460741443113,0.645185544294347,1
"PHJJKLOP_00069",35.105183058154,0.0528144212912705,2.55910718687353,0.0206378308662382,0.98353456221838,1
"PHJJKLOP_00070",4.96341141442955,1.60813661287488,3.74862209583258,0.428994060154177,0.667927547356765,1
"PHJJKLOP_00073",6.53154263183333,0.141962187039637,3.60993495726548,0.039325414091996,0.968630944769389,1
"PHJJKLOP_00076",4.34795426662059,-0.717130298032223,4.00580369838464,-0.179022825886702,0.857919778754894,1
"PHJJKLOP_00077",26.8046193516357,-1.23099982703673,3.28598351285849,-0.374621425280944,0.707942036509342,1
"PHJJKLOP_00078",198.546524301877,-0.337073106859949,1.73204277046562,-0.19461015201682,0.84569815485752,1
"PHJJKLOP_00084",15.8424114741078,-1.59800613379445,3.26135418292071,-0.489982395093117,0.624146356556186,1
"PHJJKLOP_00102",5.93644976911921,0.0504670453778599,3.74225572335607,0.0134857286910903,0.989240271423313,1
"PHJJKLOP_00136",35.8805064520008,-0.0402272066051087,2.42376701575206,-0.016596977491513,0.986758135839557,1
"PHJJKLOP_00137",27.4954911015048,-1.46684024660633,2.85957309048322,-0.512957773832756,0.607980858619109,1
"PHJJKLOP_00155",273.28780768527,0.278022908757241,1.70448946207721,0.163112131194066,0.870430148404047,1
"PHJJKLOP_00156",37.8474088164716,-1.71906342699703,2.22004307843099,-0.774337869250706,0.438731014832282,1
"PHJJKLOP_00161",37.8454412808439,2.45129318385946,2.32982608455709,1.05213569377881,0.292737297921472,1
"PHJJKLOP_00165",78.9106767042435,-1.1427775722504,2.14748904231871,-0.532145938689637,0.594624922363001,1
"PHJJKLOP_00169",110.319944293567,1.3061852522453,2.08196836078422,0.627379972168882,0.53041019279514,1
"PHJJKLOP_00172",473.105164847812,-0.551119207681897,1.73611494197487,-0.317443963160059,0.75090675306031,1
"PHJJKLOP_00173",313.718369080352,-0.720057108701996,1.69060906085719,-0.425915798852342,0.670169202265191,1
"PHJJKLOP_00174",20.8318931801317,-1.4381962358846,3.27305828886338,-0.439404406813677,0.660368533960252,1
"PHJJKLOP_00191",2035.36527823691,-0.88985134382354,1.71371984152575,-0.519251351511045,0.603585473411553,1
"PHJJKLOP_00203",27.6739655523951,2.21101937002801,2.9493367142889,0.749666648543757,0.4534554990527,1
"PHJJKLOP_00211",37.7892679416285,-1.70604598490646,2.79794409578044,-0.609749847210793,0.542027528760078,1
"PHJJKLOP_00213",20.3062704402819,-2.20846480949184,3.26247470443451,-0.676929328061913,0.498450795086184,1
"PHJJKLOP_00214",217.160826340155,0.6633854562046,1.89886692358033,0.349358582197946,0.726820123329979,1
"PHJJKLOP_00216",129.273135590169,-1.09937430555633,3.00102275885504,-0.3663332116734,0.714116450109619,1
"PHJJKLOP_00244",9.5173586920957,3.11318925506827,3.21016789515444,0.969790165731658,0.332151095775623,1
"PHJJKLOP_00245",39.2879681191933,0.668585544021924,2.69429691085898,0.24814842838118,0.804019566694062,1
"PHJJKLOP_00258",37.2199542035406,0.0471012498316408,2.69430373798474,0.0174817891418846,0.986052260787056,1
"PHJJKLOP_00266",24.6656449058216,-0.671979723934455,2.91850291304256,-0.230248090872697,0.817898994426386,1
"PHJJKLOP_00268",13.7531636846332,0,3.66975244279033,0,1,1
"PHJJKLOP_00278",34.7725754946397,0.38599406152162,2.98802054770433,0.129180524484069,0.897214806287898,1
"PHJJKLOP_00295",314.757624980381,-0.761563905711178,1.65869372178302,-0.459134736998059,0.646137413019992,1
"PHJJKLOP_00299",48.3028038705285,-1.7984375993702,3.0359351668563,-0.592383401004072,0.553593879024472,1
"PHJJKLOP_00306",15.2817780568264,0.628500573673961,2.5088543701666,0.250512975622505,0.80219067145197,1
"PHJJKLOP_00307",6.29159803019156,1.12022627352585,2.62697774461216,0.426431581243272,0.66979339305881,1
"PHJJKLOP_00314",155.566688049723,-0.702700606124989,1.82145150791308,-0.385791553094984,0.699651051604298,1
"PHJJKLOP_00315",18.6420326321585,-2.73401908081683,3.26706980059978,-0.8368413433698,0.402681754821187,1
"PHJJKLOP_00327",219.332709964119,-0.18828709200865,1.88978082551013,-0.0996343541361861,0.920634618860901,1
"PHJJKLOP_00329",100.453034380175,-1.01027751967768,2.18267440665689,-0.462862219209817,0.643463129802029,1
"PHJJKLOP_00330",13.5749062479663,-0.0113352400448373,3.33478212317558,-0.00339909464131443,0.99728792008748,1
"PHJJKLOP_00333",254.553714446031,1.03506463190376,1.75689899485258,0.589142935898039,0.555765393138576,1
"PHJJKLOP_00334",65.6868370269846,-1.89438340892331,3.05981716090501,-0.619116538441467,0.535839588937708,1
"PHJJKLOP_00335",263.957680795633,0.589553155273619,1.68289012504025,0.350321834147977,0.72609718094097,1
"PHJJKLOP_00339",46.0564686684589,-1.00464576428588,2.76970697894872,-0.362726372111467,0.716809297421395,1
"PHJJKLOP_00341",139.324296112142,0.110614049545442,2.76558493083272,0.0399966199960944,0.968095820990833,1
"PHJJKLOP_00345",23.3132828885536,-0.986522187201361,2.36444015061426,-0.417232885740445,0.676508073320324,1
"PHJJKLOP_00351",44.3234453097038,-1.11125085678277,2.3877201109802,-0.46540247815167,0.64164325985783,1
"PHJJKLOP_00353",185.653405262115,-0.856967511677542,1.71845659462416,-0.498684409229998,0.618001729713748,1
"PHJJKLOP_00356",51.4225863520135,1.10000081699357,3.04365273633872,0.361408121189535,0.717794377875039,1
"PHJJKLOP_00358",119.176199378118,0.223795313566296,2.08018134212742,0.107584521134787,0.914325276061743,1
"PHJJKLOP_00359",13.2899145672666,-2.52383874374502,3.24609907350408,-0.777498987737488,0.436864431444646,1
"PHJJKLOP_00364",174.594750763417,-0.827881139039754,2.18594637708993,-0.378728933022539,0.70488916567678,1
"PHJJKLOP_00365",632.379537947341,-0.163057396470639,1.68009840977667,-0.0970522890336606,0.922684869756781,1
"PHJJKLOP_00370",129.31894962679,0.286033223995219,1.81073965857301,0.157964853004122,0.87448449417747,1
"PHJJKLOP_00433",6200.31907869634,-0.830422692447535,1.68085213764799,-0.49404862798315,0.621271837186816,1
"PHJJKLOP_00434",18.2801487832496,-2.16243596659944,2.78556722230075,-0.776300047361043,0.437571845127813,1
"PHJJKLOP_00435",31.8835264279933,1.02728419161456,2.96148095758086,0.346881916962826,0.728680032327965,1
"PHJJKLOP_00452",131.594459066434,-0.576004793117487,1.76071498014673,-0.327142552663173,0.743560068538195,1
"PHJJKLOP_00454",52.0463133991338,-2.60067766487841,2.17787493065695,-1.19413545207296,0.23242498735554,1
"PHJJKLOP_00463",118.112313663724,-0.438003148634554,1.92832712753752,-0.227141516799531,0.820313701884546,1
"PHJJKLOP_00464",298.896374402518,0.311829838079169,1.68137040417499,0.185461714625682,0.852866906606389,1
"PHJJKLOP_00472",67.8679834381166,-1.35373282023789,2.34091520245629,-0.578292122165485,0.563066912161083,1
"PHJJKLOP_00484",375.752540203671,-1.48657049930922,1.72211365976867,-0.863224381780301,0.388014110724568,1
"PHJJKLOP_00487",7.00571828818802,-0.766279941411602,3.60005011342969,-0.212852576288607,0.831441953315794,1
"PHJJKLOP_00490",11.308324086822,-3.14443962084766,2.88437861364635,-1.09016188303814,0.275641840628875,1
"PHJJKLOP_00491",38.0110139479142,1.7252897472131,2.99323794580431,0.576395788925327,0.564347690120275,1
"PHJJKLOP_00501",134.539580320617,0.406217723274099,1.81421439610669,0.223908334178057,0.822828630631146,1
"PHJJKLOP_00505",35.4028625034939,0.31594526265371,2.25234925223573,0.140273655313489,0.888443778516674,1
"PHJJKLOP_00509",43.4154693042413,-0.931641429088391,3.09573057234217,-0.300943963732454,0.763457225140482,1
"PHJJKLOP_00511",69.2008484534205,-0.153624690934625,2.04408752775579,-0.0751556324514585,0.940090884643601,1
"PHJJKLOP_00513",32.3779198097855,-2.2240333809221,3.09579429096783,-0.718404768498623,0.472507747468703,1
"PHJJKLOP_00520",50.7176631830765,-1.52224727054713,2.37580474408964,-0.64072911477009,0.521698694610342,1
"PHJJKLOP_00522",125.855748238095,-1.56778685577702,1.7757869117295,-0.882868797726465,0.377307163843717,1
"PHJJKLOP_00524",135.04892946892,1.8017556319303,2.43964612350184,0.738531549544605,0.46019150256553,1
"PHJJKLOP_00528",36.7092361371932,-0.111669642321923,3.0513307888359,-0.0365970293127498,0.970806312210255,1
"PHJJKLOP_00531",6.25918631919447,-0.364738328628533,3.58786788498875,-0.101658795786366,0.919027508843087,1
"PHJJKLOP_00541",189.6598799447,-0.235833757211162,1.73125601092321,-0.136221191853307,0.891646422646148,1
"PHJJKLOP_00542",295.386631462186,-0.575992278403171,1.68333569712174,-0.342173150244501,0.732220590013256,1
"PHJJKLOP_00546",55.5231938685221,1.23038558561959,2.2217843351142,0.553782635953435,0.579727613196994,1
"PHJJKLOP_00550",333.733927376561,1.46443241852994,1.70621096230281,0.858295047262769,0.390729563573357,1
"PHJJKLOP_00557",208.443720006966,-1.1068912880188,2.22666267550134,-0.497107756912296,0.619113064860776,1
"PHJJKLOP_00572",12.3396740005375,-1.33281674840278,2.8776231937378,-0.463165834673287,0.643245503446308,1
"PHJJKLOP_00577",10.3204636291869,1.40389358441194,3.32711744368778,0.421954922894414,0.673057920014627,1
"PHJJKLOP_00585",55.4136687435486,1.43414349334264,2.38175780074376,0.602136578662531,0.547083227735708,1
"PHJJKLOP_00587",571.336117717674,0.0914124041292505,1.65931427671843,0.0550904704502596,0.95606638809555,1
"PHJJKLOP_00589",12.1517338403089,0,3.72180737476032,0,1,1
"PHJJKLOP_00591",124.705536597183,0.265433743442696,1.78559360000699,0.14865294288782,0.881827494693034,1
"PHJJKLOP_00593",44.2801012003214,-3.75741552661065,3.32613798381577,-1.129663154353,0.258618188515894,1
"PHJJKLOP_00594",74.6375097067187,1.79854145263839,3.42654277203212,0.524885160435854,0.599663025965001,1
"PHJJKLOP_00597",16.9379588089532,0.40946128622919,2.88843403658839,0.141758918861383,0.887270434283552,1
"PHJJKLOP_00601",4.46039301430464,2.15777783039599,3.6104903618273,0.597641210515216,0.550079360359159,1
"PHJJKLOP_00603",8.97218915512322,1.68152104779549,2.88309642062919,0.583234412752844,0.559735507977574,1
"PHJJKLOP_00608",15.4466836391807,-0.20900969823612,3.28223339961007,-0.0636791089448271,0.949225739626261,1
"PHJJKLOP_00610",273.95832557822,-0.493944341692904,1.76564044795105,-0.279753639687007,0.779666522138109,1
"PHJJKLOP_00615",41.1852373097884,-1.31994496210588,2.72272147288179,-0.484788831781911,0.627826145713888,1
"PHJJKLOP_00660",40.141861779869,-2.85464106200225,2.97216701342724,-0.960457823906244,0.33682484797938,1
"PHJJKLOP_00661",22.2111521336356,-0.521553920649923,3.06337464056721,-0.170254696811538,0.864809837729912,1
"PHJJKLOP_00668",24.0567334861013,-0.0142416135606829,3.33075978167133,-0.00427578525447927,0.996588427355401,1
"PHJJKLOP_00670",34.331743095814,-2.30134089389089,2.89864630171683,-0.793936429059262,0.427232440763909,1
"PHJJKLOP_00674",28.3736442795702,-0.00844513599311152,2.96727020664987,-0.00284609604281583,0.997729146974627,1
"PHJJKLOP_00678",28.582188821551,0.368518664098583,2.08372062774618,0.176856080988738,0.859621437023472,1
"PHJJKLOP_00680",83.0570142389688,-0.247206573500439,1.77785719326321,-0.139047486174465,0.889412624945798,1
"PHJJKLOP_00686",847.122066457625,0.396767132495838,1.67628364573717,0.236694507820813,0.812893796033343,1
"PHJJKLOP_00687",120.095715662972,1.45218387011169,2.1665512501836,0.67027441422797,0.502682874261554,1
"PHJJKLOP_00733",102.870686182468,-0.29027167614209,2.73585480994415,-0.106099079193466,0.915503741720167,1
"PHJJKLOP_00741",4.48018678121909,-1.13354482024218,3.7565934363077,-0.301748070282614,0.762844120454797,1
"PHJJKLOP_00751",5.98399506081572,0.953853518075593,3.73511240545677,0.255374782478319,0.7984336458826,1
"PHJJKLOP_00753",258.790202465671,-0.656781589215058,1.79321460047138,-0.366259336190108,0.71417156958918,1
"PHJJKLOP_00756",136.455463926069,-1.3091700781994,2.12848735695752,-0.615070638742596,0.538508071346856,1
"PHJJKLOP_00760",40.0341346518477,-0.343712839883197,2.98593843375822,-0.115110491226903,0.908357544386766,1
"PHJJKLOP_00763",22.5816752989211,-2.66217907989597,2.59866265031187,-1.02444196809327,0.305626567767731,1
"PHJJKLOP_00768",29.3556074790637,0.337054089191583,2.73753962410198,0.123122999288878,0.902009699044013,1
"PHJJKLOP_00769",478.640939547153,-0.165155953967873,1.7988568237117,-0.0918116171286474,0.926847713915156,1
"PHJJKLOP_00771",11.4862252929862,-0.714315237942965,2.93833350009327,-0.243102165877457,0.807926253412016,1
"PHJJKLOP_00772",39.1622309211923,-0.0539349271256751,2.74045964743917,-0.0196809783993991,0.984297864880055,1
"PHJJKLOP_00781",11.449128843823,-2.16305880478773,2.63563675760915,-0.820696857616257,0.411818961169163,1
"PHJJKLOP_00783",23.942525742769,-0.823989842656708,2.9359241318349,-0.280657743748211,0.778972922109403,1
"PHJJKLOP_00788",189.310996916918,-1.3553646060631,2.20410589760058,-0.614927171847128,0.538602817489765,1
"PHJJKLOP_00791",7.86340224375541,0.0972667426972747,3.59714889527608,0.0270399545665205,0.978427866535693,1
"PHJJKLOP_00810",29.9818292664798,0.920697033986868,2.98965838691464,0.307960614502528,0.758112301844049,1
"PHJJKLOP_00819",44.6463249415026,1.57179161072945,2.73069469413172,0.575601371367967,0.564884653909979,1
"PHJJKLOP_00827",11.4534494288698,0.413250211788171,2.14439975566675,0.192711368622443,0.847185019476163,1
"PHJJKLOP_00829",102.405424433018,-0.47856384767515,2.17024353414994,-0.220511587821686,0.825472748700057,1
"PHJJKLOP_00846",83.7050547060614,0.0572290412572411,2.14609004730346,0.0266666542390189,0.978725609731163,1
"PHJJKLOP_00848",146.146058956547,1.28627034816174,2.06594302743491,0.622606882707111,0.533542887173041,1
"PHJJKLOP_00849",7.61433362898628,0.344766172831156,3.40503329978989,0.101251923983366,0.919350479088975,1
"PHJJKLOP_00851",11.2375559513038,-3.41221898302955,3.25181324945895,-1.0493280890584,0.294027142378136,1
"PHJJKLOP_00856",55.0207827992466,2.5396922323121,2.66936383773667,0.951422281372285,0.341390053949067,1
"PHJJKLOP_00859",92.0614124253118,0.188449541073366,2.47170272061471,0.0762428019768082,0.939225930714212,1
"PHJJKLOP_00860",96.0084439233919,-0.655015798114865,2.465690583315,-0.265652066219204,0.790507182786397,1
"PHJJKLOP_00863",329.928908008592,-0.40271893560066,1.7044446379844,-0.236275750250766,0.813218702775203,1
"PHJJKLOP_00865",74.165674899289,-1.35742674166954,2.44027533422899,-0.556259665714491,0.578033356027116,1
"PHJJKLOP_00875",112.200631047531,-1.02452675006287,1.6999102460289,-0.602694614292861,0.54671186504887,1
"PHJJKLOP_00880",21.7303609858851,0.788746327736191,2.65833962992634,0.296706379748041,0.766690685932134,1
"PHJJKLOP_00881",14.1314307681112,-1.59950891661729,2.90962871673395,-0.549729560826142,0.582504878275879,1
"PHJJKLOP_00883",103.873466751801,-0.766761099002525,2.79023679944259,-0.274801443073112,0.783468789356096,1
"PHJJKLOP_00897",41.6754618207287,-0.704967952279832,2.75245814217075,-0.256123041974347,0.7978558303268,1
"PHJJKLOP_00902",74.6528478185817,3.29116231832291,2.70484126849809,1.21676726714185,0.223692777340993,1
"PHJJKLOP_00910",10.8727317699996,-0.711727870465858,3.25401415095551,-0.218723040972906,0.826865799430049,1
"PHJJKLOP_00913",69.16096362246,-0.403797019727332,2.75492304551199,-0.146572885360683,0.883469156844222,1
"PHJJKLOP_00925",27.7263425651356,0.927848293076431,3.24891340558351,0.285587264801165,0.775194258617161,1
"PHJJKLOP_00926",1746.58938064192,0.333426935678223,1.64803784237015,0.202317523970628,0.839668501096748,1
"PHJJKLOP_00929",55.375860720547,0.100362316084191,2.22746639837689,0.0450567138329555,0.964062103715275,1
"PHJJKLOP_00932",139.833101870526,-0.773247309106167,2.11222299704843,-0.366082231936061,0.714303715499031,1
"PHJJKLOP_00938",16.1087568571321,-0.452351926882682,3.28741652005326,-0.137601038421305,0.890555734795157,1
"PHJJKLOP_00944",75.2513310102993,-0.276509405108606,1.71272725808457,-0.161443921560424,0.871743775952493,1
"PHJJKLOP_00950",17.886738475593,2.75009087405072,3.2681200411335,0.841490165427613,0.400073392226979,1
"PHJJKLOP_00956",53.5606158918063,-0.471274557585633,2.75487225717771,-0.171069477489472,0.864169135495111,1
"PHJJKLOP_00957",40.0130736923399,1.02578447221118,2.42317788353419,0.423321985225071,0.67206035593759,1
"PHJJKLOP_00958",16.3565904777122,-0.158815964669558,2.98178090891699,-0.0532621173455839,0.957523063315045,1
"PHJJKLOP_00965",385.131116561722,-0.0385180407647028,2.33224526307821,-0.0165154331641196,0.986823189882862,1
"PHJJKLOP_00966",18.2816824356612,1.20761162405458,3.43736546489594,0.351318949465021,0.725349080263337,1
"PHJJKLOP_00970",85.4934052446525,2.32367885009917,2.39447347263146,0.970434158765399,0.331830128956188,1
"PHJJKLOP_00973",72.1832995411121,0.0945942524338696,2.18530892939325,0.043286443926321,0.965473197274105,1
"PHJJKLOP_00975",34.4622828127543,-1.93160944299964,2.7850924342267,-0.693553082569757,0.487962525486119,1
"PHJJKLOP_00976",3.16801565868378,-3.13320259633795,3.83029783462962,-0.818004951993745,0.413354359656446,1
"PHJJKLOP_00980",11.9764370576635,-1.55824538639482,2.50874677985925,-0.621125017042269,0.534517370216624,1
"PHJJKLOP_00987",864.730014684101,0.423049139075187,1.71636464810581,0.246479755652196,0.805310873774115,1
"PHJJKLOP_00990",39.0012186229338,0.536392395161485,2.77156179210279,0.193534344675217,0.846540511302754,1
"PHJJKLOP_00991",25.9156130284281,-0.498989855439456,2.75754769001869,-0.180954206973688,0.856403520083767,1
"PHJJKLOP_01000",34.038463620018,0.192054843350395,2.34418531932701,0.0819281827963719,0.934703823137963,1
"PHJJKLOP_01008",901.748228836309,0.601092910384763,1.66159448850825,0.36175668283807,0.717533864855862,1
"PHJJKLOP_01009",42.8548843396485,1.33257318773013,3.39440391125573,0.392579440328642,0.694630127117129,1
"PHJJKLOP_01017",24.7141537374004,-2.19593857831554,2.64505331252829,-0.830205791283858,0.406422441472454,1
"PHJJKLOP_01021",8.21669529694934,1.55970746309406,2.44855815835986,0.636990164096739,0.524131250440541,1
"PHJJKLOP_01022",39.9661912497539,-1.50907862752837,2.84546675371125,-0.530344846081975,0.595872858631678,1
"PHJJKLOP_01027",16.5986553998851,0.395362513719248,2.91585489932936,0.135590599453416,0.892144937367222,1
"PHJJKLOP_01031",20.1116139174084,-0.581397884730668,3.30874451970711,-0.175715556540501,0.860517413113879,1
"PHJJKLOP_01036",51.152275014248,-1.59175016913365,2.75646904361936,-0.577459838636031,0.563628861368266,1
"PHJJKLOP_01040",16.9914563713462,-2.26206445639567,2.91117725121519,-0.777027388301908,0.437142611777802,1
"PHJJKLOP_01046",26.6732628432095,0.0110113048743025,2.73651555726442,0.0040238415035031,0.996789447653076,1
"PHJJKLOP_01047",3.34063376253607,-1.48066137268385,4.01898617196073,-0.368416637761529,0.712562593432013,1
"PHJJKLOP_01049",37.7165072155787,-1.91062047403629,2.26404375580991,-0.843897327131298,0.398726781935726,1
"PHJJKLOP_01050",3.76139615466629,-1.11879191168763,3.76241094060545,-0.297360370610552,0.766191395678236,1
"PHJJKLOP_01056",4.86437680998038,2.28445356341308,3.26953940998965,0.698708067697006,0.4847344910438,1
"PHJJKLOP_01057",3.96073759353721,0,4.08052381408439,0,1,1
"PHJJKLOP_01062",58.2119984294936,2.20254209366342,2.68004727959787,0.821829566377611,0.411173903852837,1
"PHJJKLOP_01078",11.7303435178018,-1.51116982662037,2.77478840537655,-0.544607229759308,0.586023681282837,1
"PHJJKLOP_01081",7.8291830609678,1.79815559146257,3.24182557476647,0.554673763282932,0.579117825109447,1
"PHJJKLOP_01085",52.3479284686176,-0.377237634467096,3.02634075592056,-0.124651407389961,0.900799528531776,1
"PHJJKLOP_01087",32.5035754330872,-1.70010742912014,2.94316962880277,-0.577645070974626,0.563503771034205,1
"PHJJKLOP_01095",37.6430465535229,0.35842973420933,2.21760522367583,0.161629189173359,0.871597869897911,1
"PHJJKLOP_01102",203.060922584723,1.8669551809672,1.80201521684951,1.03603741162144,0.300184689322755,1
"PHJJKLOP_01103",108.089685516525,-0.141516088047795,2.15687411155739,-0.0656116586913885,0.947687006822813,1
"PHJJKLOP_01109",28.6435282518333,-0.455013852415513,2.89002548932834,-0.157442850969893,0.874895844356436,1
"PHJJKLOP_01111",139.473096494118,2.17726179132203,2.05358670982539,1.06022393936663,0.289042732608653,1
"PHJJKLOP_01117",4.55817445465388,-0.446366267815348,3.40248004928787,-0.131188504076246,0.895626189779674,1
"PHJJKLOP_01123",42.6596687237574,-2.231711430751,3.07951971656354,-0.724694639474946,0.468639384440287,1
"PHJJKLOP_01131",3.74069661611848,0,4.08052381408439,0,1,1
"PHJJKLOP_01132",7.17494205779816,-2.5776639734936,2.6170101017213,-0.984965236396369,0.324641147139105,1
"PHJJKLOP_01136",10.8987301396214,-1.12156780736906,2.92588578812601,-0.383325901482781,0.701478136680581,1
"PHJJKLOP_01137",23.1014114741572,2.7731916970269,2.4637169416205,1.12561295097595,0.260329383830106,1
"PHJJKLOP_01154",516.416842230175,0.159430557163065,1.67822853029316,0.0949993128380523,0.924315372729073,1
"PHJJKLOP_01157",10.2965537007561,-2.636469574405,3.23301080595828,-0.815484306314755,0.414795144153863,1
"PHJJKLOP_01158",12.8102914585745,1.23576546977794,1.78405771902481,0.692671238491898,0.488515892608237,1
"PHJJKLOP_01159",20.3764566040208,-0.337914518567432,3.284568721343,-0.102879418040998,0.91805867303456,1
"PHJJKLOP_01163",21.01701471466,0.597450600796765,2.88080559223107,0.207390114212484,0.835705202491762,1
"PHJJKLOP_01170",215.755433780402,0.214146305450001,1.77845383788493,0.12041150626922,0.904157177035909,1
"PHJJKLOP_01173",3.55875848026793,-4.83689709167146,3.92226304113664,-1.23319039058374,0.217504739704088,1
"PHJJKLOP_01179",193.38383527118,0.365574908965555,2.53666787874069,0.144116189600289,0.885408720725107,1
"PHJJKLOP_01184",26.3884467385392,1.19219661707476,2.94970935861659,0.404174266726364,0.686084575452476,1
"PHJJKLOP_01185",22.9284886895705,0.816091902501979,3.26850418558759,0.249683603313259,0.802832039329407,1
"PHJJKLOP_01188",33.0666070103265,-0.944184435163036,2.69888716331188,-0.34984213048922,0.726457178941527,1
"PHJJKLOP_01189",5.49248148131714,1.20981439823994,2.44785534363306,0.494234433168894,0.62114062451491,1
"PHJJKLOP_01194",74.6792920502585,1.2537951100833,2.92305972585422,0.428932429602305,0.667972399063139,1
"PHJJKLOP_01199",46.0802370044814,-1.90175715563596,2.97625717496313,-0.638976084336368,0.522838490114365,1
"PHJJKLOP_01200",4.78696413842908,0,3.8070119992929,0,1,1
"PHJJKLOP_01202",120.056917530445,1.49010664119714,1.67365912080129,0.890328635429498,0.373289449508851,1
"PHJJKLOP_01207",37.8942211822886,0.475353783345728,3.02348500401701,0.157220486529343,0.875071083167504,1
"PHJJKLOP_01214",75.3590236686424,-1.93383625807197,2.0798455637643,-0.929798006046145,0.352475678924179,1
"PHJJKLOP_01216",122.012891259126,0.202351357772225,2.26343119817416,0.0894002689083087,0.928763809770575,1
"PHJJKLOP_01220",42.5743245226629,-3.20553297336514,3.3373066046611,-0.960514976025304,0.336796097396143,1
"PHJJKLOP_01221",116.442782975511,1.53416365029017,1.69514017746784,0.905036451075018,0.365446076660685,1
"PHJJKLOP_01228",127.985380198189,-0.560700620280214,2.47787555743365,-0.226282800440929,0.82098147474383,1
"PHJJKLOP_01232",27.7904282276482,1.87845338392813,2.67970426121958,0.700992796523453,0.483307510699139,1
"PHJJKLOP_01235",5.95113383997738,0.657025011195535,3.34203470623877,0.196594311234718,0.844145022714088,1
"PHJJKLOP_01236",4.65340350384775,-0.31077751033011,3.75116275771232,-0.0828483140837217,0.933972152061353,1
"PHJJKLOP_01238",116.53755076899,0.765315884408285,1.94705293279226,0.393063728016243,0.694272413266598,1
"PHJJKLOP_01241",72.700155936516,2.12287774615374,2.19835073294027,0.965668359622678,0.334210156835569,1
"PHJJKLOP_01248",15.0898182897929,-0.416922393396293,2.65383270610294,-0.157101987792037,0.875164471005672,1
"PHJJKLOP_01253",88.1931277669781,-1.1336338959207,1.75392334533393,-0.646341756574811,0.518058051049284,1
"PHJJKLOP_01256",64.8603946887216,-1.51024669499245,2.16893554601493,-0.696307779992485,0.486236101964886,1
"PHJJKLOP_01261",16.9659202450405,-2.36704729846152,3.23827426439073,-0.73095948804907,0.464803898346102,1
"PHJJKLOP_01265",4.51084003708405,0,4.08052381408439,0,1,1
"PHJJKLOP_01266",4.39509291410993,-0.0543618511081283,3.75227876864012,-0.0144876898706089,0.988440900294612,1
"PHJJKLOP_01271",251.921103476649,-0.0990376044117405,1.71224003804471,-0.0578409581666109,0.953875312874076,1
"PHJJKLOP_01274",9.75606611726571,0,3.69350735003346,0,1,1
"PHJJKLOP_01277",61.3492708278051,-1.01017254763697,2.49549469583051,-0.404798515230176,0.685625620278132,1
"PHJJKLOP_01281",117.335463618114,0.000809587234241643,2.12371983218131,0.000381211882082441,0.999695836932259,1
"PHJJKLOP_01286",368.844587240219,2.53006674350367,2.11123794668478,1.19838066925453,0.230768854503575,1
"PHJJKLOP_01293",18.4145042335809,0.436080975043069,2.79542760028346,0.155997950009097,0.876034637095573,1
"PHJJKLOP_01298",53.9804203010068,0.0451955211629132,2.05476651014191,0.0219954534687213,0.982451582268196,1
"PHJJKLOP_01299",8.35494785821565,-2.29715591358755,2.84277869355537,-0.808067092522975,0.41905196013883,1
"PHJJKLOP_01308",13.3411771761959,-3.24043198549509,3.21411334781199,-1.0081884597197,0.313363996967979,1
"PHJJKLOP_01309",5.44061033369525,-0.0668884335466527,3.34884914897435,-0.0199735582497463,0.984064465816988,1
"PHJJKLOP_01310",83.0810722666621,1.31315703385556,2.42745606226159,0.540960165776235,0.58853503927819,1
"PHJJKLOP_01314",19.5635858689148,0,3.68766861088201,0,1,1
"PHJJKLOP_01317",3.42608812348835,4.24189273457337,3.8465753409845,1.10277125976888,0.270126512005161,1
"PHJJKLOP_01320",229.131297414178,0.0881691254848621,2.62915587793744,0.0335351457191006,0.973247839353801,1
"PHJJKLOP_01322",22.3935301213136,0,3.20566113117502,0,1,1
"PHJJKLOP_01324",753.108673103543,0.0736523655148007,2.42825934688734,0.0303313423293158,0.975802800502136,1
"PHJJKLOP_01333",7.61280494991558,0.950635084518635,3.54567857706812,0.268110902851409,0.788613953715539,1
"PHJJKLOP_01336",12.9869621050891,-1.78858688081713,3.24616027948098,-0.550985387912854,0.58164369134105,1
"PHJJKLOP_01350",141.769559888527,-2.03243125884793,2.66196031796198,-0.763509224812178,0.445159762951623,1
"PHJJKLOP_01361",49.6255273804121,1.37822597145178,2.42477361702033,0.568393668496528,0.569767688686218,1
"PHJJKLOP_01371",46.7304644476981,-1.91422277104538,2.96169458755903,-0.646326862697563,0.518067694556225,1
"PHJJKLOP_01374",111.129475332373,-0.731746565621658,2.79312037905704,-0.261981750270533,0.793335512110519,1
"PHJJKLOP_01388",172.637361297857,-0.411063348465298,2.15326472409286,-0.190902374364803,0.848602079911672,1
"PHJJKLOP_01404",168.612093126219,0.699770242090408,2.09004401487127,0.334811246610761,0.737767476122196,1
"PHJJKLOP_01405",50.1130295945149,-1.46983125146111,3.0937379328572,-0.475098823287743,0.634716537179536,1
"PHJJKLOP_01406",40.4552608084015,0.469277432569305,2.96919333309312,0.158048796398327,0.874418347923349,1
"PHJJKLOP_01408",527.382235016653,-0.446859686180805,1.67802049909506,-0.266301684885132,0.790006875588886,1
"PHJJKLOP_01416",61.945103908848,-2.91247249669612,2.52302188920465,-1.15435879060655,0.248353102765556,1
"PHJJKLOP_01418",12.8998578294146,2.43175025746963,3.22365785236003,0.754345023213102,0.450642074005134,1
"PHJJKLOP_01420",153.228070396625,-0.170877341944897,1.75130097613659,-0.0975716591684066,0.922272429804843,1
"PHJJKLOP_01439",42.0538064411611,0.470451784742213,2.88015419597508,0.163342568741512,0.870248718941293,1
"PHJJKLOP_01446",137.438000632313,0.608227097427556,2.19220577089354,0.277449820406067,0.781434731339943,1
"PHJJKLOP_01447",25.1272108538871,0.572846668348693,2.13800063554619,0.267935686652567,0.788748823673021,1
"PHJJKLOP_01462",27.8787196521802,-1.35511163158427,3.02702802860449,-0.447670658738169,0.654390900293991,1
"PHJJKLOP_01466",76.4646982291957,-0.126654081065288,1.80006741732413,-0.0703607430734814,0.943906536265282,1
"PHJJKLOP_01468",25.5549399657107,3.43545605697689,2.91311394075495,1.17930713554121,0.238275897944642,1
"PHJJKLOP_01471",11.8492937568279,-0.459177434898424,3.27796923857998,-0.140079848674035,0.88859690202552,1
"PHJJKLOP_01482",18.5043720968164,-0.430466099750781,3.00057559263898,-0.143461174851519,0.885925972004393,1
"PHJJKLOP_01483",38.7277338749811,2.55429795285817,3.03965111555846,0.840326029452521,0.400725610874851,1
"PHJJKLOP_01491",14.8742481519246,-2.39490526399851,3.2457866458078,-0.73785048906148,0.460605308358823,1
"PHJJKLOP_01494",51.2410295110774,0.547680862079661,1.72953004584471,0.316664554857253,0.751498146768591,1
"PHJJKLOP_01520",26.3330225699736,0.88409261822934,3.3158586881102,0.266625541492303,0.789757488051381,1
"PHJJKLOP_01524",4.22854328301517,0,3.82923453159383,0,1,1
"PHJJKLOP_01527",77.1623955552222,1.33972609324379,2.45678369639041,0.545317072566121,0.585535464123181,1
"PHJJKLOP_01534",19.7459316198467,-1.01559549338754,2.65385430930735,-0.382686980903865,0.701951868709904,1
"PHJJKLOP_01537",25.6665142595886,0.835760002359125,2.74686998290048,0.304259032120853,0.76093055407607,1
"PHJJKLOP_01541",4.83347531328528,-3.5103862234078,3.1240425193147,-1.12366787638276,0.261153949070123,1
"PHJJKLOP_01542",26.8044838860132,0.903718696800768,3.33885893600968,0.270666929666941,0.786647213953957,1
"PHJJKLOP_01544",16.6653008240233,0.80968341603285,2.96446703088819,0.273129506112354,0.784753666119838,1
"PHJJKLOP_01557",6.41509180894651,2.73330762135207,3.58722802385253,0.761955360288642,0.446086647188231,1
"PHJJKLOP_01563",103.096770735423,-1.49184504681852,2.24902411664493,-0.663329946432073,0.507119261230975,1
"PHJJKLOP_01572",71.8487374839712,-1.3808235378894,2.72952391895855,-0.505884388225567,0.612937812521613,1
"PHJJKLOP_01574",122.1956328421,1.03764917750201,2.05129407974843,0.505851007783959,0.612961247453649,1
"PHJJKLOP_01577",79.3344285227723,-0.363575571643668,2.75574473034961,-0.131933690243342,0.89503674058096,1
"PHJJKLOP_01605",13.3727242506192,0.826996140369491,2.93802559280809,0.281480237065964,0.778342084111443,1
"PHJJKLOP_01608",64.1618588863855,0.0518077473729523,2.54443804132873,0.0203611746607505,0.983755255556875,1
"PHJJKLOP_01620",39.9753022103631,1.78712828074644,3.01193164934576,0.593349547336055,0.552947246219121,1
"PHJJKLOP_01621",5.78718597626358,-0.0760796057791612,2.93643616152743,-0.0259088233471377,0.97933006239689,1
"PHJJKLOP_01622",52.8743278402496,-0.903610512338076,2.43397078393836,-0.37124953113692,0.71045168437582,1
"PHJJKLOP_01623",37.4783683665373,2.14440892468616,3.34252333192034,0.641553913538176,0.52116286466253,1
"PHJJKLOP_01635",88.1606589143154,-1.08861897825293,2.28637062941817,-0.476134080907941,0.633978858238144,1
"PHJJKLOP_01637",4.22158113434739,-4.46083915553525,3.92683493962139,-1.13598845485605,0.255961396165873,1
"PHJJKLOP_01652",41.5539397550549,-2.15443334203384,2.26538695536014,-0.951022224673902,0.341593093956875,1
"PHJJKLOP_01654",72.98954999539,-0.90394900713651,2.23440914066268,-0.404558409060401,0.685802135570701,1
"PHJJKLOP_01659",921.59006516099,-0.454097094026316,1.70110457691057,-0.266942491478694,0.789513439843873,1
"PHJJKLOP_01668",168.669819217731,-0.0713102146846299,1.91788391841482,-0.0371817157440736,0.97034011725343,1
"PHJJKLOP_01669",77.3816617760124,-1.7945002163495,2.4939072870679,-0.719553700193602,0.471799827619607,1
"PHJJKLOP_01674",29.005445743431,-0.526232039230772,2.98994881826119,-0.176000350245729,0.860293667285905,1
"PHJJKLOP_01684",35.2742756051411,-0.420935484562433,2.69465084114205,-0.156211512874162,0.8758663021798,1
"PHJJKLOP_01686",101.043659784424,1.59009561872073,2.09354167192712,0.759524226358977,0.447539027512282,1
"PHJJKLOP_01707",6.50015393603467,0,3.34199777366719,0,1,1
"PHJJKLOP_01709",53.1560510723978,-1.40067798292238,2.94833376869227,-0.475074429427185,0.634733923548046,1
"PHJJKLOP_01710",9.02706350797245,-1.23732109763905,2.91918199236791,-0.423858841577529,0.671668762255486,1
"PHJJKLOP_01721",10.0444512737824,-1.76624841844681,2.40591704359538,-0.734126898992057,0.462871400850744,1
"PHJJKLOP_01736",9.26054070171748,-2.05000724691466,2.9252238347791,-0.700803549643397,0.48342562253397,1
"PHJJKLOP_01746",340.262522073559,1.55209067874338,2.15818138368285,0.719166002671563,0.47203864395841,1
"PHJJKLOP_01756",46.1544797194559,-0.62209480708299,2.0422714827136,-0.3046092609864,0.760663765789339,1
"PHJJKLOP_01766",78.1858874778876,0.216005860229678,1.77204911702823,0.121896090889357,0.902981311560279,1
"PHJJKLOP_01775",3.6780505992064,-3.27165558475405,3.35227086460711,-0.975952038749556,0.329088232269914,1
"PHJJKLOP_01781",33.639288108402,1.33547282813829,2.50247670821032,0.533660442775258,0.593576481967096,1
"PHJJKLOP_01783",53.4686686434165,1.18827717730983,2.76332134178999,0.430017732407518,0.66718274220453,1
"PHJJKLOP_01784",99.004156598388,0.143031275397247,2.1371676610456,0.0669256221700781,0.94664091522119,1
"PHJJKLOP_01786",23.6372543063603,1.36265373817955,2.45489467579595,0.555076253011845,0.578842504826934,1
"PHJJKLOP_01796",60.2348480663383,1.46402573419993,2.56999384893417,0.569661182188078,0.568907522995675,1
"PHJJKLOP_01797",60.1415585300738,-1.04489114203654,2.23336696415377,-0.467854660164392,0.639888528827304,1
"PHJJKLOP_01810",5.64614175847306,-2.79698646556352,3.2473901691445,-0.861302867804259,0.389071256628319,1
"PHJJKLOP_01829",27.6135028069956,2.78915630090728,2.61123391728485,1.06813728270175,0.285458590407464,1
"PHJJKLOP_01831",3.49293019261418,1.51403464268155,3.76845409865863,0.401765446266272,0.687856654187881,1
"PHJJKLOP_01835",95.9715551095383,-0.893814322408505,1.80167964821532,-0.496100582195002,0.619823448488851,1
"PHJJKLOP_01838",36.4232439274783,-0.566478935038382,2.07621432103799,-0.272842225052747,0.784974499623633,1
"PHJJKLOP_01842",171.963817259524,0.680299233478646,1.73174510367939,0.392840281189901,0.69443745138683,1
"PHJJKLOP_01845",44.5183373477637,-0.236262618467716,2.52649352444855,-0.0935140407768447,0.925495195646651,1
"PHJJKLOP_01849",18.485887364522,-1.93843447328659,2.91690956508447,-0.664550761699895,0.506337871232838,1
"PHJJKLOP_01850",28.8869065773369,-0.896769783140511,3.05664245290652,-0.293383932519744,0.769228705384524,1
"PHJJKLOP_01858",772.723192788722,0.628715010618652,1.69291716606181,0.37137966536261,0.71035476903674,1
"PHJJKLOP_01866",16.3404425871142,-0.681355744673233,2.94972797750075,-0.230989348804473,0.817323076720074,1
"PHJJKLOP_01868",589.877903127889,0.557664683903183,1.81074555148162,0.30797517820595,0.75810121988028,1
"PHJJKLOP_01886",48.5431788562091,-0.80763017769457,2.67425728707098,-0.302001674109353,0.762650786749697,1
"PHJJKLOP_01893",37.0068673081388,-2.3865862767793,2.61393421758681,-0.913024612755022,0.361229596953302,1
"PHJJKLOP_01911",32.5276617213473,-1.58162887402712,3.33149103418162,-0.474751052246383,0.634964424956451,1
"PHJJKLOP_01921",71.5595814956355,2.43198435595918,2.25229894261924,1.07977866966939,0.280240751902377,1
"PHJJKLOP_01929",55.086455411213,1.05885908635356,2.34488503260913,0.451561194527043,0.651585130924171,1
"PHJJKLOP_01930",5.65532566052095,-2.86573353115171,3.26075637111903,-0.878855457136848,0.379479652621252,1
"PHJJKLOP_01932",300.566165650174,1.06677534586699,1.69262742451333,0.630248175361874,0.52853222423598,1
"PHJJKLOP_01935",74.9725100905276,0.92129609699343,2.45894952667937,0.374670601001547,0.707905459172096,1
"PHJJKLOP_01938",733.506921826812,0.902843619500985,1.71079611409302,0.527733031460402,0.597684643691847,1
"PHJJKLOP_01941",7.44864014230104,1.375306633732,3.20422728847371,0.429216316420271,0.667765809948693,1
"PHJJKLOP_01952",103.70653182417,-1.034416296349,2.18416391978047,-0.473598289478644,0.635786395485861,1
"PHJJKLOP_01954",76.1897698903279,-0.26783366372583,2.5588639080097,-0.10466897551193,0.916638480656788,1
"PHJJKLOP_01971",75.609474300988,-0.505876385293229,3.10760852709868,-0.162786393743592,0.870686621585196,1
"PHJJKLOP_01973",52.1933362011871,0.563523693713061,2.7893601923028,0.202026147525908,0.839896282855936,1
"PHJJKLOP_02008",64.9788240134227,-1.30600092004888,2.80586108937605,-0.465454588965166,0.641605949563825,1
"PHJJKLOP_02009",10.3429396633845,-1.26368721831934,3.17343110937081,-0.398208492564344,0.690476506360504,1
"PHJJKLOP_02011",80.186299736159,-1.2725081476511,1.80030567076446,-0.706828939282714,0.479672788193194,1
"PHJJKLOP_02026",4.7423682352539,-0.0792647423366766,2.39380513193606,-0.0331124456536564,0.973584917996629,1
"PHJJKLOP_02030",4.35019105858937,-3.18009981741742,3.33807816796447,-0.95267386124652,0.340755341025474,1
"PHJJKLOP_02038",37.0348149341516,-3.18149623459051,3.29895388806569,-0.964395484914142,0.334847685033899,1
"PHJJKLOP_02047",42.0029920729389,-1.23454947130004,2.54060602610822,-0.485927160139489,0.627018810854083,1
"PHJJKLOP_02052",92.4987374119537,0.461574006765185,2.13120770127981,0.216578612440263,0.828536754936196,1
"PHJJKLOP_02054",42.5265748891209,1.77057561321382,2.40488570624982,0.736241064850795,0.461584005383442,1
"PHJJKLOP_02062",90.543703658677,-0.239411247418593,2.07800377009273,-0.115212133329243,0.908276981713981,1
"PHJJKLOP_02075",710.365731383847,0.70614828521814,1.70194403463056,0.414906877576278,0.678210074888953,1
"PHJJKLOP_02090",40.4032073156745,-1.38301725003789,3.34878661178355,-0.41299055758626,0.679613531813894,1
"PHJJKLOP_02092",18.1722649422254,-1.60773483869529,3.26035985135182,-0.493115763902161,0.621930792972065,1
"PHJJKLOP_02097",43.8456642452452,1.48432366640492,2.63854350956671,0.56255417468885,0.573738503908069,1
"PHJJKLOP_02098",6.87284043687593,0.0110523284936635,2.68237919067787,0.00412034530094547,0.996712449401461,1
"PHJJKLOP_02099",6.18061669314204,0.562134744199105,3.74507943422693,0.150099551710882,0.880686073661469,1
"PHJJKLOP_02100",6.47524427075001,1.27062922716871,3.19178736998765,0.398093318845869,0.690561399064997,1
"PHJJKLOP_02120",29.8823311942069,0.660583788060962,2.21263886365894,0.29855020577944,0.765283263462818,1
"PHJJKLOP_02121",96.936098304917,0.746707581249021,1.76768529464146,0.422421108277917,0.672717673413088,1
"PHJJKLOP_02122",12.3534379661468,1.7222483750752,2.9627087436272,0.581308702308239,0.561032416566062,1
"PHJJKLOP_02126",19.992111604314,0,3.65755790171867,0,1,1
"PHJJKLOP_02131",15.7765826370959,2.22123638935387,2.29750526115896,0.966803613861318,0.333642217530132,1
"PHJJKLOP_02136",5.85718690671949,2.75299394583581,3.29531654897615,0.835426249624234,0.403477755324857,1
"PHJJKLOP_02146",1038.01711782237,-0.940207057760158,1.70074661430654,-0.552820184883048,0.580386545382527,1
"PHJJKLOP_02154",44.4304431989517,-0.901577261818058,2.34495583230153,-0.384475157015294,0.700626305433036,1
"PHJJKLOP_02168",23.7849403122398,-0.48788830549672,2.48475466748821,-0.196352707122558,0.84433410990033,1
"PHJJKLOP_02172",49.6448972048305,3.27425305752877,2.68649448379946,1.21878272122787,0.222926671324631,1
"PHJJKLOP_02184",99.1998640585839,-1.58987629713605,1.76836940200726,-0.899063450957361,0.368618864502557,1
"PHJJKLOP_02188",44.3787954598718,0.709985722242545,2.70961523185057,0.262024553854331,0.793302512107461,1
"PHJJKLOP_02189",49.5240979807826,-0.107483042186633,1.85949179581008,-0.0578023750515167,0.95390604632668,1
"PHJJKLOP_02191",61.3519000926916,0.353085627745324,2.27543816786471,0.155172587298499,0.876685258667637,1
"PHJJKLOP_02192",19.6572033975677,-3.11206723503716,2.62877196602757,-1.18384830455261,0.236473116888287,1
"PHJJKLOP_02200",119.527286853967,-0.896596864236848,2.02684832286023,-0.442360118477735,0.65822863369042,1
"PHJJKLOP_02201",73.2208859297154,-2.21805018296505,2.18069740645217,-1.01712882145059,0.30909215109981,1
"PHJJKLOP_02210",20.3286497240819,-1.60611691613593,3.27107432005278,-0.491005938412922,0.623422247450303,1
"PHJJKLOP_02230",18.4909816795075,-0.111267595855145,3.31076758351129,-0.0336077942798806,0.973189906844235,1
"PHJJKLOP_02231",39.520423056012,0.864664297074885,2.4835481756971,0.34815684492699,0.72772239543016,1
"PHJJKLOP_02232",29.7275955894113,-2.55845305546707,2.37030440614493,-1.07937742039983,0.280419512438795,1
"PHJJKLOP_02235",9.24261032863007,2.04059771428549,2.97576649503821,0.685738520709867,0.492878011072347,1
"PHJJKLOP_02236",23.6980171849928,0.109149006093836,2.95921630486847,0.0368844298114556,0.970577154510402,1
"PHJJKLOP_02246",25.2132388660209,-0.673594759979391,3.31649050757712,-0.203104685039937,0.839053209918374,1
"PHJJKLOP_02249",29.472984452176,-0.606802163059852,2.06174310212177,-0.294315117356466,0.768517121978732,1
"PHJJKLOP_02250",159.268386046329,-0.0232026519662394,2.14880201051313,-0.0107979478112544,0.991384651572101,1
"PHJJKLOP_02255",32.1008705884655,-2.02293979027471,2.63376742341485,-0.768078370280636,0.442440626313026,1
"PHJJKLOP_02256",892.991469610343,0.0594276150486055,1.6796370083708,0.0353812250816315,0.971775755552336,1
"PHJJKLOP_02261",80.3807045092087,-0.536508243911556,1.72023938989123,-0.311879990113166,0.755131730137373,1
"PHJJKLOP_02262",58.8177712945149,-0.376742332011541,2.17438492179521,-0.1732638633736,0.862444026904811,1
"PHJJKLOP_02265",25.2776517997316,-0.251986607680694,1.76245779339181,-0.142974548738413,0.886310281825489,1
"PHJJKLOP_02272",77.5842197112599,0.279451835081082,2.7608714807255,0.101218704685105,0.919376848781304,1
"PHJJKLOP_02273",17.4017076412328,0.0113358937229138,2.74233295721439,0.0041336679023938,0.99670181959398,1
"PHJJKLOP_02274",88.7926974512826,2.47127239910899,2.74709598022296,0.89959448701476,0.368336092120163,1
"PHJJKLOP_02288",9.41719656531101,0.473906869435874,3.61415228352631,0.131125318541776,0.895676172780767,1
"PHJJKLOP_02298",26.1567767264987,0.570132186047341,2.75699332281116,0.206794909994924,0.836170031469623,1
"PHJJKLOP_02308",64.3356727188377,-0.788697228687601,1.88992161984931,-0.417317427561088,0.676446242886515,1
"PHJJKLOP_02313",328.834321516072,-0.160284951811076,1.78221585581835,-0.0899357680427982,0.92833825752263,1
"PHJJKLOP_02317",65.886595465281,0.350394991308071,2.72936864801666,0.128379503282816,0.897848650936254,1
"PHJJKLOP_02318",63.2801184439751,-0.98799556736826,3.06173740113327,-0.322691151436621,0.74692915408857,1
"PHJJKLOP_02334",10.6520727792502,-1.40389836299142,3.00937019964675,-0.466509026757897,0.640851187845594,1
"PHJJKLOP_02360",101.568970734365,1.4519238336129,1.76291306046138,0.823593554427983,0.410170539573264,1
"PHJJKLOP_02361",12.9672083847657,3.10900423049335,2.63752193908457,1.17875957140755,0.238493927018858,1
"PHJJKLOP_02362",39.4870689921277,-0.863188346960129,3.02941550355579,-0.284935607527907,0.775693475360497,1
"PHJJKLOP_02364",70.7193965105456,-0.920692663002538,2.37140757152519,-0.388247332115241,0.697833008982156,1
"PHJJKLOP_02370",9.66204022300882,-0.0379466120361806,2.93661432146395,-0.0129218916351479,0.989690109084906,1
"PHJJKLOP_02371",64.4073296142839,1.10038088272562,2.47831548556375,0.444003553678039,0.657040014638748,1
"PHJJKLOP_02376",12.5625165572058,-0.303023678262287,2.95563104783482,-0.102524189710441,0.918340613400219,1
"PHJJKLOP_02379",388.324423849181,0.400474338068917,1.76269348810628,0.227194541065197,0.820272472317649,1
"PHJJKLOP_02387",106.663006649439,1.91771523618685,2.38478644787523,0.804145477216826,0.421312962841236,1
"PHJJKLOP_02391",41.8344538146874,1.37461321008327,2.70593994352002,0.507998417841862,0.611454452776728,1
"PHJJKLOP_02395",360.661560418544,-0.421882632831436,1.7578149486714,-0.240004007902143,0.810327149546978,1
"PHJJKLOP_02413",10.7020737384421,0,3.71508578008558,0,1,1
"PHJJKLOP_02417",8.3843654566485,2.01401853872101,3.45772961450786,0.582468487492672,0.560251161627049,1
"PHJJKLOP_02423",41.3269104272968,2.45000545547146,2.85042265546057,0.859523569523265,0.390051722169679,1
"PHJJKLOP_02431",3.7662011738343,-4.04927301145606,3.93338866451728,-1.02946170765787,0.303262764871478,1
"PHJJKLOP_02436",8.53443600323368,0,3.71552506786143,0,1,1
"PHJJKLOP_02452",5.39469286908318,0,4.08052381408439,0,1,1
"PHJJKLOP_02468",5.93226489795204,0.476737668667921,3.34689870204206,0.142441618677329,0.886731190563247,1
"PHJJKLOP_02513",20.8696911444753,0.528889655431687,3.09551407240896,0.170856808614053,0.864336358926044,1
"PHJJKLOP_02521",7.8395544850602,-4.23222236611856,3.46221330800964,-1.22240370237372,0.221554999858444,1
"PHJJKLOP_02548",41.1408615250954,-0.462524686223084,2.34464770455869,-0.197268308293736,0.843617578340853,1
"PHJJKLOP_02549",46.3483129915313,-2.23870489057414,2.36103845795989,-0.948186541827254,0.343034497242948,1
"PHJJKLOP_02555",57.8813848195873,-0.916105678952714,2.1102742131278,-0.43411689023811,0.664203560870621,1
"PHJJKLOP_02560",30.6027498475271,-1.34178134905294,3.23254236959123,-0.415085463898377,0.678079340223203,1
"PHJJKLOP_02565",34.0116403871653,-0.370289955161617,2.79714583480497,-0.132381354791762,0.894682661595906,1
"PHJJKLOP_02574",3.74069661611848,0,4.08052381408439,0,1,1
"PHJJKLOP_02575",24.3935897005305,0.957361918808248,3.021243585294,0.316876773348643,0.751337106703977,1
"PHJJKLOP_02579",58.7304695494737,0.00381838172533296,2.13316203671145,0.00179001016313767,0.998571779289855,1
"PHJJKLOP_02581",15.891511629588,-0.718564431964801,2.54143651608025,-0.282739477228048,0.777376551987758,1
"PHJJKLOP_02588",22.9098606999739,1.18138685903954,2.72534127766662,0.43348217293763,0.664664514439932,1
"PHJJKLOP_02590",36.0287851246647,-1.84524161947312,2.25509316686984,-0.818255159734436,0.413211504419579,1
"PHJJKLOP_02591",103.462125913829,1.12193479311679,2.24425525857852,0.499914075650825,0.617135580719705,1
"PHJJKLOP_02594",302.443361778486,0.273071868421997,2.12341071463369,0.128600588920502,0.897673700287562,1
"PHJJKLOP_02595",8.82662909407835,0.290136699716798,3.29550180850244,0.0880402186302069,0.929844710387639,1
"PHJJKLOP_02599",55.6516644934435,0.27166522357889,2.44259387401482,0.111219972533691,0.911441914097577,1
"PHJJKLOP_02606",304.130277639858,-0.135062123461077,1.76322587577296,-0.0765994449814142,0.93894220049839,1
"PHJJKLOP_02615",4.00168871581593,-1.10180603419947,3.64082461380592,-0.302625407997256,0.762175349117986,1
"PHJJKLOP_02631",21.2542467906689,0.0377878081685981,2.44408277511366,0.0154609363289019,0.987664449059056,1
"PHJJKLOP_02634",3.41063514999038,0,4.08052381408439,0,1,1
"PHJJKLOP_02640",181.157171966369,0.321584440809505,1.87034197658143,0.171938845856034,0.863485606750314,1
"PHJJKLOP_02641",157.871772841939,-0.0374801823578299,2.44769276873704,-0.0153124537672957,0.987782906979092,1
"PHJJKLOP_02644",5.40612618864906,-1.36648847825379,3.42057548744207,-0.399490811786078,0.689531592588648,1
"PHJJKLOP_02648",23.6990667090389,-2.09619414598503,2.88338169348625,-0.726991556726767,0.467231128044534,1
"PHJJKLOP_02653",50.4877217446774,2.06483657788711,2.71933134278098,0.75931775778948,0.447662497328116,1
"PHJJKLOP_02656",23.7132365515457,0,3.66320927756052,0,1,1
"PHJJKLOP_02662",3.90383291657919,-1.27277337028158,3.37842371686672,-0.376735861735542,0.706369909334071,1
"PHJJKLOP_02666",115.660849516313,1.15699018937469,2.43670539332679,0.474817428706501,0.634917109307423,1
"PHJJKLOP_02667",206.491789137402,-0.223782705002872,1.68806873387333,-0.13256729451377,0.894535599272077,1
"PHJJKLOP_02673",22.3719743725291,-0.0120505750209206,2.66770418020833,-0.00451720813361679,0.996395801629638,1
"PHJJKLOP_02676",27.187638036136,1.6088232975972,2.55269201056638,0.630245752694718,0.528533809057972,1
"PHJJKLOP_02677",15.6280461652357,2.05715039114006,3.22415187168193,0.638043886582463,0.523445112258319,1
"PHJJKLOP_02685",14.3447394128688,-1.34031265775713,3.28352333544006,-0.4081934315163,0.683131670123329,1
"PHJJKLOP_02700",151.849028538628,-0.258633394755891,2.11473469492701,-0.122300634389893,0.902660929600668,1
"PHJJKLOP_02707",108.358129475041,-2.51951354083435,2.43156733265802,-1.03616852677495,0.30012352708692,1
"PHJJKLOP_02720",21.4254654898136,-0.976516949658623,2.71987859028228,-0.359029610052292,0.719572938404798,1
"PHJJKLOP_02721",953.596172177747,-1.56391279867364,1.82926458260254,-0.854940730579617,0.392583960427612,1
"PHJJKLOP_02736",77.6052090076053,-0.87431986142187,3.07307617718438,-0.284509661007799,0.776019831406132,1
"PHJJKLOP_02739",16.2835455308064,-3.2309022029489,2.88586740546944,-1.11956016995983,0.262901236674293,1
"PHJJKLOP_02748",187.057194791925,0.721274006152878,2.18073421193873,0.330748241672077,0.740834659546664,1
"PHJJKLOP_02789",32.9267742156048,1.79124862731984,2.92865585000937,0.611628241438511,0.540783748575245,1
"PHJJKLOP_02797",28.7211714651618,1.61211221412919,3.04997041896301,0.528566508090039,0.597106198847363,1
"PHJJKLOP_02805",62.5694537904743,-2.16544261607931,2.69658349825137,-0.803031917047446,0.421956287013725,1
"PHJJKLOP_02809",18.0476785379373,0.479095469794178,2.46705123203985,0.19419761680346,0.846021148865934,1
"PHJJKLOP_02811",7.46834876500062,3.37431856440103,3.44511154869591,0.979451177909848,0.327357100509421,1
"PHJJKLOP_02826",32.9657681786638,0.87890007161044,3.29588132449192,0.266666176685209,0.789726198220535,1
"PHJJKLOP_02829",10.7728413602584,0.836494674681578,3.30135821257498,0.253378949153516,0.799975393156937,1
"PHJJKLOP_02831",44.4522848993754,1.15174573849175,2.70573527667219,0.425668301116394,0.670349563309673,1
"PHJJKLOP_02832",64.4601526080254,-0.729749767840638,2.46764746243724,-0.295726913568067,0.767438641944279,1
"PHJJKLOP_02856",32.5941428258113,-1.48761349386021,2.67285942590244,-0.556562563464386,0.577826337711629,1
"PHJJKLOP_02860",33.2497576051056,3.05369979711318,3.38469278936365,0.902208852368934,0.366945933218775,1
"PHJJKLOP_02863",26.9446185759296,-0.756189040520785,2.56344263374467,-0.294989648126491,0.768001787630264,1
"PHJJKLOP_02865",17.6703547894139,1.30899755982509,2.96717654861399,0.441159310333774,0.659097668202143,1
"PHJJKLOP_02866",528.085088984263,0.971215761037342,1.77060333591637,0.548522495883977,0.583333186993038,1
"PHJJKLOP_02872",54.7782946015081,-0.805678938746293,2.34380712766126,-0.343747968524283,0.731035833272759,1
"PHJJKLOP_02874",4.66986041102253,-2.96522469507937,3.92111538483873,-0.756219698748122,0.449517484079668,1
"PHJJKLOP_02894",68.0578550368671,1.50554917880337,1.89456431973068,0.79466775718514,0.426806792657674,1
"PHJJKLOP_02900",40.2764718272824,0.274024124066151,3.37663700936493,0.0811529706350311,0.935320300090856,1
"PHJJKLOP_02904",4.88018027867285,-1.07285967335296,3.61631509765951,-0.296672066559498,0.76671688506165,1
"PHJJKLOP_02918",60.929999516366,-0.207091810428566,2.41812282160809,-0.0856415598819117,0.931751359797036,1
"PHJJKLOP_02932",20.8502115385507,-1.46411078951922,3.31370875269938,-0.441834481780132,0.65860898446268,1
"PHJJKLOP_02934",50.1988888218826,0.781028648453565,2.05101022961323,0.380801927351113,0.703350229011667,1
"PHJJKLOP_02936",18.1804769920261,-2.48405462753245,2.59898952717226,-0.955777082424467,0.339184869125258,1
"PHJJKLOP_02949",18.5154049014009,-0.011999997797501,2.98173257727476,-0.00402450504413401,0.996788918228538,1
"PHJJKLOP_02950",988.590758358307,0.560119035479368,1.7488445113379,0.320279494173478,0.748756466383368,1
"PHJJKLOP_02952",41.7791846246711,0.243494686321733,2.59761560659262,0.0937377669366307,0.925317468668282,1
"PHJJKLOP_02953",10.5510516598841,-0.678376135444382,2.92778012905412,-0.231703237791816,0.816768516422076,1
"PHJJKLOP_02959",50.1724937468286,0.936854305157093,3.42304575651348,0.27369026644602,0.784322658506718,1
"PHJJKLOP_02971",214.572644973848,0.175957901627679,1.76573996855244,0.0996510838297049,0.920621336598286,1
"PHJJKLOP_02973",37.8089833473821,-1.00680111692615,2.79078576095805,-0.360759013110531,0.718279605055839,1
"PHJJKLOP_02980",57.7373792688275,-0.402939723750384,2.73828044164692,-0.147150641556655,0.883013118716988,1
"PHJJKLOP_02991",70.2868034565102,2.63362591517702,2.19195955967982,1.20149384305325,0.229559693376819,1
"PHJJKLOP_02997",1052.81578889716,0.00717874225406809,1.70230610669294,0.00421706896652929,0.996635275752626,1
"PHJJKLOP_03005",89.1436392128392,0.988156420016797,2.45980420371426,0.401721575450882,0.687888944234371,1
"PHJJKLOP_03006",161.800935027672,0.0674279423866537,2.46990890011333,0.0272997689848236,0.978220641124398,1
"PHJJKLOP_03009",4.40081954837468,0,4.08052381408439,0,1,1
"PHJJKLOP_03018",235.432187812818,-0.239427004280251,1.68571522451342,-0.142032889540617,0.887054026933602,1
"PHJJKLOP_03022",137.44995784251,0.508306499117778,2.16751483239398,0.234511197580302,0.814588141128648,1
"PHJJKLOP_03024",60.5155722641953,0.908337618538465,1.78582103975605,0.508638658811271,0.611005526182705,1
"PHJJKLOP_03038",5.28098345804962,0,4.08052381408439,0,1,1
"PHJJKLOP_03067",9.5606017484096,0.968783082640877,3.21678580189709,0.301164933664386,0.76328872806514,1
"PHJJKLOP_03075",41.0658769854878,-0.924401595828375,3.08819337780335,-0.299334103386333,0.764685136031849,1
"PHJJKLOP_03076",69.8369856797434,0.716594155035266,2.45661892448146,0.291699354708229,0.770516502644001,1
"PHJJKLOP_03082",542.882896430202,1.64683532740863,1.66965581352057,0.986332221331401,0.3239701131749,1
"PHJJKLOP_03085",396.876446394472,-0.463762622829601,1.74384407102063,-0.265942712732435,0.790283329175467,1
"PHJJKLOP_03087",106.954962053274,-0.759774287486168,2.09143349796333,-0.36327919975751,0.716396329710879,1
"PHJJKLOP_03088",18.5890831010284,-0.469846515897528,3.31531862748235,-0.141719867285977,0.887301281509889,1
"PHJJKLOP_03115",75.0406144062168,-1.20041607344859,2.17881570381432,-0.550948880782847,0.581668717805424,1
"PHJJKLOP_03132",353.76994682004,-0.871608293032516,1.76903493346388,-0.492702702781484,0.622222667630969,1
"PHJJKLOP_03133",22.4855637727532,0.794449650443966,2.9867269597946,0.265993397166308,0.790244294202643,1
"PHJJKLOP_03155",12.1223798814366,-0.250984758625309,3.26616473936501,-0.0768438761218469,0.938747745809618,1
"PHJJKLOP_03156",78.1558579167226,0.614124204149244,2.75468082975841,0.222938424486405,0.823583430449373,1
"PHJJKLOP_03166",21.0494287273276,0.352647997666241,2.76296693891328,0.127633810126205,0.898438773334395,1
"PHJJKLOP_03174",81.8765521359565,0.0075527783600919,2.27480269678778,0.00332019052498799,0.997350876108365,1
"PHJJKLOP_03175",174.685558098595,0.479087843531182,1.76552506649701,0.271357146167141,0.786116358280234,1
"PHJJKLOP_00001",0,NA,NA,NA,NA,NA
"PHJJKLOP_00002",0,NA,NA,NA,NA,NA
"PHJJKLOP_00003",0,NA,NA,NA,NA,NA
"PHJJKLOP_00004",0,NA,NA,NA,NA,NA
"PHJJKLOP_00005",0,NA,NA,NA,NA,NA
"PHJJKLOP_00006",0,NA,NA,NA,NA,NA
"PHJJKLOP_00023",0,NA,NA,NA,NA,NA
"PHJJKLOP_00024",0,NA,NA,NA,NA,NA
"PHJJKLOP_00026",0,NA,NA,NA,NA,NA
"PHJJKLOP_00027",0,NA,NA,NA,NA,NA
"PHJJKLOP_00028",0,NA,NA,NA,NA,NA
"PHJJKLOP_00029",0,NA,NA,NA,NA,NA
"PHJJKLOP_00030",0,NA,NA,NA,NA,NA
"PHJJKLOP_00031",0,NA,NA,NA,NA,NA
"PHJJKLOP_00032",0,NA,NA,NA,NA,NA
"PHJJKLOP_00033",0,NA,NA,NA,NA,NA
"PHJJKLOP_00034",0,NA,NA,NA,NA,NA
"PHJJKLOP_00035",0,NA,NA,NA,NA,NA
"PHJJKLOP_00036",13.8065041173855,-2.5786773008513,3.28420623046249,-0.785175205178321,NA,NA
"PHJJKLOP_00037",0,NA,NA,NA,NA,NA
"PHJJKLOP_00038",0,NA,NA,NA,NA,NA
"PHJJKLOP_00039",0,NA,NA,NA,NA,NA
"PHJJKLOP_00040",0.914070134350857,-2.96459250032929,3.96264981315269,-0.74813385994627,0.454379420243942,NA
"PHJJKLOP_00041",0,NA,NA,NA,NA,NA
"PHJJKLOP_00042",0,NA,NA,NA,NA,NA
"PHJJKLOP_00043",6.47363144289981,0,4.08052381408439,0,NA,NA
"PHJJKLOP_00044",0,NA,NA,NA,NA,NA
"PHJJKLOP_00045",0,NA,NA,NA,NA,NA
"PHJJKLOP_00046",0,NA,NA,NA,NA,NA
"PHJJKLOP_00047",0,NA,NA,NA,NA,NA
"PHJJKLOP_00048",0,NA,NA,NA,NA,NA
"PHJJKLOP_00049",2.59468428100249,5.57206673691442,3.91886057314738,1.4218588880388,0.155067220143943,NA
"PHJJKLOP_00050",0,NA,NA,NA,NA,NA
"PHJJKLOP_00052",0,NA,NA,NA,NA,NA
"PHJJKLOP_00053",0,NA,NA,NA,NA,NA
"PHJJKLOP_00054",0,NA,NA,NA,NA,NA
"PHJJKLOP_00055",0,NA,NA,NA,NA,NA
"PHJJKLOP_00056",0,NA,NA,NA,NA,NA
"PHJJKLOP_00057",0,NA,NA,NA,NA,NA
"PHJJKLOP_00058",0,NA,NA,NA,NA,NA
"PHJJKLOP_00059",0,NA,NA,NA,NA,NA
"PHJJKLOP_00060",6.09413373660072,-6.62231780447945,3.91130721121766,-1.69312136502257,NA,NA
"PHJJKLOP_00061",0.416064963012156,3.00137577022529,3.97785193651619,0.754521741413508,0.450535995423208,NA
"PHJJKLOP_00062",0,NA,NA,NA,NA,NA
"PHJJKLOP_00063",0,NA,NA,NA,NA,NA
"PHJJKLOP_00064",0,NA,NA,NA,NA,NA
"PHJJKLOP_00065",0,NA,NA,NA,NA,NA
"PHJJKLOP_00066",0,NA,NA,NA,NA,NA
"PHJJKLOP_00067",0,NA,NA,NA,NA,NA
"PHJJKLOP_00068",0,NA,NA,NA,NA,NA
"PHJJKLOP_00071",0,NA,NA,NA,NA,NA
"PHJJKLOP_00072",0,NA,NA,NA,NA,NA
"PHJJKLOP_00074",0,NA,NA,NA,NA,NA
"PHJJKLOP_00075",0,NA,NA,NA,NA,NA
"PHJJKLOP_00079",0,NA,NA,NA,NA,NA
"PHJJKLOP_00080",0,NA,NA,NA,NA,NA
"PHJJKLOP_00081",0,NA,NA,NA,NA,NA
"PHJJKLOP_00082",0,NA,NA,NA,NA,NA
"PHJJKLOP_00083",0,NA,NA,NA,NA,NA
"PHJJKLOP_00085",0,NA,NA,NA,NA,NA
"PHJJKLOP_00086",0,NA,NA,NA,NA,NA
"PHJJKLOP_00087",0,NA,NA,NA,NA,NA
"PHJJKLOP_00088",0,NA,NA,NA,NA,NA
"PHJJKLOP_00089",0,NA,NA,NA,NA,NA
"PHJJKLOP_00090",0,NA,NA,NA,NA,NA
"PHJJKLOP_00091",0,NA,NA,NA,NA,NA
"PHJJKLOP_00092",0,NA,NA,NA,NA,NA
"PHJJKLOP_00093",0,NA,NA,NA,NA,NA
"PHJJKLOP_00094",0,NA,NA,NA,NA,NA
"PHJJKLOP_00095",0,NA,NA,NA,NA,NA
"PHJJKLOP_00096",0,NA,NA,NA,NA,NA
"PHJJKLOP_00097",0,NA,NA,NA,NA,NA
"PHJJKLOP_00098",0,NA,NA,NA,NA,NA
"PHJJKLOP_00099",0.300079179928859,-2.31021834726982,3.99384447763628,-0.578444744207241,0.562963892673078,NA
"PHJJKLOP_00100",0,NA,NA,NA,NA,NA
"PHJJKLOP_00101",0,NA,NA,NA,NA,NA
"PHJJKLOP_00103",0,NA,NA,NA,NA,NA
"PHJJKLOP_00104",0,NA,NA,NA,NA,NA
"PHJJKLOP_00105",0,NA,NA,NA,NA,NA
"PHJJKLOP_00106",0,NA,NA,NA,NA,NA
"PHJJKLOP_00107",0,NA,NA,NA,NA,NA
"PHJJKLOP_00108",0,NA,NA,NA,NA,NA
"PHJJKLOP_00109",0,NA,NA,NA,NA,NA
"PHJJKLOP_00110",0,NA,NA,NA,NA,NA
"PHJJKLOP_00111",0.104016240753039,1.20760870447799,4.08052381408439,0.295944530530564,0.767272442967984,NA
"PHJJKLOP_00112",0,NA,NA,NA,NA,NA
"PHJJKLOP_00113",0,NA,NA,NA,NA,NA
"PHJJKLOP_00114",0,NA,NA,NA,NA,NA
"PHJJKLOP_00115",0,NA,NA,NA,NA,NA
"PHJJKLOP_00116",0.216057721068967,2.05558959307993,4.0424860936357,0.508496391939642,0.611105268781378,NA
"PHJJKLOP_00117",0,NA,NA,NA,NA,NA
"PHJJKLOP_00118",0,NA,NA,NA,NA,NA
"PHJJKLOP_00119",2.69463287900691,2.46179120652889,3.80634487867513,0.646759893019931,0.517787353413848,NA
"PHJJKLOP_00120",0,NA,NA,NA,NA,NA
"PHJJKLOP_00121",0,NA,NA,NA,NA,NA
"PHJJKLOP_00122",0.326078209778334,2.05558926029197,4.04248538459663,0.508496398805678,0.611105263967459,NA
"PHJJKLOP_00123",2.77621648000699,-5.49096254805991,3.91664792684912,-1.40195459245103,0.160928806594376,NA
"PHJJKLOP_00124",0,NA,NA,NA,NA,NA
"PHJJKLOP_00125",0,NA,NA,NA,NA,NA
"PHJJKLOP_00126",0,NA,NA,NA,NA,NA
"PHJJKLOP_00127",0.440081954837468,0,4.08052381408439,0,1,NA
"PHJJKLOP_00128",0,NA,NA,NA,NA,NA
"PHJJKLOP_00129",0.208032481506078,2.00837770032275,4.04691766467302,0.496273427516106,0.619701511433552,NA
"PHJJKLOP_00130",0,NA,NA,NA,NA,NA
"PHJJKLOP_00131",0,NA,NA,NA,NA,NA
"PHJJKLOP_00132",3.79190543610711,-5.93932445376176,3.91402549234404,-1.51744654330414,NA,NA
"PHJJKLOP_00133",0,NA,NA,NA,NA,NA
"PHJJKLOP_00134",0,NA,NA,NA,NA,NA
"PHJJKLOP_00135",0,NA,NA,NA,NA,NA
"PHJJKLOP_00138",0,NA,NA,NA,NA,NA
"PHJJKLOP_00139",0,NA,NA,NA,NA,NA
"PHJJKLOP_00140",0,NA,NA,NA,NA,NA
"PHJJKLOP_00141",0,NA,NA,NA,NA,NA
"PHJJKLOP_00142",0,NA,NA,NA,NA,NA
"PHJJKLOP_00143",0,NA,NA,NA,NA,NA
"PHJJKLOP_00144",0,NA,NA,NA,NA,NA
"PHJJKLOP_00146",0,NA,NA,NA,NA,NA
"PHJJKLOP_00147",0,NA,NA,NA,NA,NA
"PHJJKLOP_00148",0,NA,NA,NA,NA,NA
"PHJJKLOP_00149",0,NA,NA,NA,NA,NA
"PHJJKLOP_00150",0,NA,NA,NA,NA,NA
"PHJJKLOP_00151",0,NA,NA,NA,NA,NA
"PHJJKLOP_00152",0,NA,NA,NA,NA,NA
"PHJJKLOP_00153",0,NA,NA,NA,NA,NA
"PHJJKLOP_00154",0,NA,NA,NA,NA,NA
"PHJJKLOP_00157",0,NA,NA,NA,NA,NA
"PHJJKLOP_00158",1.35221112978951,4.69624349328662,3.92889637546999,1.19530856619369,0.231966494153139,NA
"PHJJKLOP_00159",0,NA,NA,NA,NA,NA
"PHJJKLOP_00160",0,NA,NA,NA,NA,NA
"PHJJKLOP_00162",0,NA,NA,NA,NA,NA
"PHJJKLOP_00163",0,NA,NA,NA,NA,NA
"PHJJKLOP_00164",0,NA,NA,NA,NA,NA
"PHJJKLOP_00166",0,NA,NA,NA,NA,NA
"PHJJKLOP_00167",0,NA,NA,NA,NA,NA
"PHJJKLOP_00168",0,NA,NA,NA,NA,NA
"PHJJKLOP_00170",0,NA,NA,NA,NA,NA
"PHJJKLOP_00171",0,NA,NA,NA,NA,NA
"PHJJKLOP_00175",0,NA,NA,NA,NA,NA
"PHJJKLOP_00176",0,NA,NA,NA,NA,NA
"PHJJKLOP_00177",0,NA,NA,NA,NA,NA
"PHJJKLOP_00178",0,NA,NA,NA,NA,NA
"PHJJKLOP_00179",0,NA,NA,NA,NA,NA
"PHJJKLOP_00180",0,NA,NA,NA,NA,NA
"PHJJKLOP_00181",0,NA,NA,NA,NA,NA
"PHJJKLOP_00182",0,NA,NA,NA,NA,NA
"PHJJKLOP_00183",0,NA,NA,NA,NA,NA
"PHJJKLOP_00184",0,NA,NA,NA,NA,NA
"PHJJKLOP_00185",0,NA,NA,NA,NA,NA
"PHJJKLOP_00186",0,NA,NA,NA,NA,NA
"PHJJKLOP_00187",0,NA,NA,NA,NA,NA
"PHJJKLOP_00188",0,NA,NA,NA,NA,NA
"PHJJKLOP_00189",0,NA,NA,NA,NA,NA
"PHJJKLOP_00190",0,NA,NA,NA,NA,NA
"PHJJKLOP_00192",2.28835729656686,5.45414480419352,3.91988547339936,1.39140412167798,0.164102915475151,NA
"PHJJKLOP_00193",0,NA,NA,NA,NA,NA
"PHJJKLOP_00194",0,NA,NA,NA,NA,NA
"PHJJKLOP_00195",0,NA,NA,NA,NA,NA
"PHJJKLOP_00196",0,NA,NA,NA,NA,NA
"PHJJKLOP_00197",0,NA,NA,NA,NA,NA
"PHJJKLOP_00198",0,NA,NA,NA,NA,NA
"PHJJKLOP_00199",0,NA,NA,NA,NA,NA
"PHJJKLOP_00200",0,NA,NA,NA,NA,NA
"PHJJKLOP_00201",0,NA,NA,NA,NA,NA
"PHJJKLOP_00202",0,NA,NA,NA,NA,NA
"PHJJKLOP_00204",0,NA,NA,NA,NA,NA
"PHJJKLOP_00205",0,NA,NA,NA,NA,NA
"PHJJKLOP_00206",0,NA,NA,NA,NA,NA
"PHJJKLOP_00207",0,NA,NA,NA,NA,NA
"PHJJKLOP_00208",0.550102443546835,0,4.08052381408439,0,1,NA
"PHJJKLOP_00209",0,NA,NA,NA,NA,NA
"PHJJKLOP_00210",0,NA,NA,NA,NA,NA
"PHJJKLOP_00212",0.750197949822146,-3.61292903757254,3.94266769168907,-0.916366612684199,0.359474640667273,NA
"PHJJKLOP_00215",0,NA,NA,NA,NA,NA
"PHJJKLOP_00217",2.50536609171363,-5.34344092175323,3.91770358902377,-1.36392169553714,0.172592211768989,NA
"PHJJKLOP_00218",0,NA,NA,NA,NA,NA
"PHJJKLOP_00219",0,NA,NA,NA,NA,NA
"PHJJKLOP_00220",0,NA,NA,NA,NA,NA
"PHJJKLOP_00222",0,NA,NA,NA,NA,NA
"PHJJKLOP_00223",0,NA,NA,NA,NA,NA
"PHJJKLOP_00225",0,NA,NA,NA,NA,NA
"PHJJKLOP_00226",0,NA,NA,NA,NA,NA
"PHJJKLOP_00227",0,NA,NA,NA,NA,NA
"PHJJKLOP_00228",0,NA,NA,NA,NA,NA
"PHJJKLOP_00229",0,NA,NA,NA,NA,NA
"PHJJKLOP_00230",2.77621648000699,-5.49096254805991,3.91664792684912,-1.40195459245103,0.160928806594376,NA
"PHJJKLOP_00231",0,NA,NA,NA,NA,NA
"PHJJKLOP_00232",0,NA,NA,NA,NA,NA
"PHJJKLOP_00233",0,NA,NA,NA,NA,NA
"PHJJKLOP_00234",65.1047643786625,-3.19116000254863,3.73038668511483,-0.855450191070582,NA,NA
"PHJJKLOP_00235",0,NA,NA,NA,NA,NA
"PHJJKLOP_00236",0,NA,NA,NA,NA,NA
"PHJJKLOP_00237",0,NA,NA,NA,NA,NA
"PHJJKLOP_00239",1.98036879676861,0,4.08052381408439,0,1,NA
"PHJJKLOP_00240",0,NA,NA,NA,NA,NA
"PHJJKLOP_00241",1.49332249403338,2.63838902822469,3.93800325169043,0.669981424492764,0.502869631672351,NA
"PHJJKLOP_00242",0,NA,NA,NA,NA,NA
"PHJJKLOP_00243",0,NA,NA,NA,NA,NA
"PHJJKLOP_00246",0,NA,NA,NA,NA,NA
"PHJJKLOP_00247",0,NA,NA,NA,NA,NA
"PHJJKLOP_00248",0,NA,NA,NA,NA,NA
"PHJJKLOP_00249",0,NA,NA,NA,NA,NA
"PHJJKLOP_00250",0,NA,NA,NA,NA,NA
"PHJJKLOP_00251",7.00462958735344,-6.77851776025945,3.17377462625116,-2.13579052028221,NA,NA
"PHJJKLOP_00253",0,NA,NA,NA,NA,NA
"PHJJKLOP_00254",0,NA,NA,NA,NA,NA
"PHJJKLOP_00255",0,NA,NA,NA,NA,NA
"PHJJKLOP_00256",0,NA,NA,NA,NA,NA
"PHJJKLOP_00257",0,NA,NA,NA,NA,NA
"PHJJKLOP_00259",11.2908337593503,-0.437230919650668,3.35287590699808,-0.130404742608602,NA,NA
"PHJJKLOP_00260",0,NA,NA,NA,NA,NA
"PHJJKLOP_00261",0,NA,NA,NA,NA,NA
"PHJJKLOP_00262",0,NA,NA,NA,NA,NA
"PHJJKLOP_00263",0,NA,NA,NA,NA,NA
"PHJJKLOP_00264",0,NA,NA,NA,NA,NA
"PHJJKLOP_00265",0,NA,NA,NA,NA,NA
"PHJJKLOP_00267",0,NA,NA,NA,NA,NA
"PHJJKLOP_00269",51.058528936694,0.832461057011131,3.11129806485744,0.267560689994282,NA,NA
"PHJJKLOP_00270",0,NA,NA,NA,NA,NA
"PHJJKLOP_00271",0,NA,NA,NA,NA,NA
"PHJJKLOP_00272",0,NA,NA,NA,NA,NA
"PHJJKLOP_00273",0,NA,NA,NA,NA,NA
"PHJJKLOP_00275",0,NA,NA,NA,NA,NA
"PHJJKLOP_00276",0,NA,NA,NA,NA,NA
"PHJJKLOP_00277",0,NA,NA,NA,NA,NA
"PHJJKLOP_00279",0,NA,NA,NA,NA,NA
"PHJJKLOP_00280",0.440081954837468,0,4.08052381408439,0,1,NA
"PHJJKLOP_00281",0,NA,NA,NA,NA,NA
"PHJJKLOP_00282",0,NA,NA,NA,NA,NA
"PHJJKLOP_00283",0,NA,NA,NA,NA,NA
"PHJJKLOP_00284",0.108028860534484,1.20760870447799,4.08052381408439,0.295944530530564,0.767272442967984,NA
"PHJJKLOP_00285",0,NA,NA,NA,NA,NA
"PHJJKLOP_00286",5.29341416618969,6.66278842746074,3.91247119192066,1.70296165789528,NA,NA
"PHJJKLOP_00287",0,NA,NA,NA,NA,NA
"PHJJKLOP_00288",0,NA,NA,NA,NA,NA
"PHJJKLOP_00289",0,NA,NA,NA,NA,NA
"PHJJKLOP_00290",2.6955660528636,-3.74913363915274,3.93947038252002,-0.951684687309282,0.341256917529594,NA
"PHJJKLOP_00291",0,NA,NA,NA,NA,NA
"PHJJKLOP_00292",0,NA,NA,NA,NA,NA
"PHJJKLOP_00293",0,NA,NA,NA,NA,NA
"PHJJKLOP_00294",0,NA,NA,NA,NA,NA
"PHJJKLOP_00296",0,NA,NA,NA,NA,NA
"PHJJKLOP_00297",0,NA,NA,NA,NA,NA
"PHJJKLOP_00298",0,NA,NA,NA,NA,NA
"PHJJKLOP_00300",0,NA,NA,NA,NA,NA
"PHJJKLOP_00301",0,NA,NA,NA,NA,NA
"PHJJKLOP_00302",0,NA,NA,NA,NA,NA
"PHJJKLOP_00303",0,NA,NA,NA,NA,NA
"PHJJKLOP_00304",0,NA,NA,NA,NA,NA
"PHJJKLOP_00305",0,NA,NA,NA,NA,NA
"PHJJKLOP_00308",0,NA,NA,NA,NA,NA
"PHJJKLOP_00309",0,NA,NA,NA,NA,NA
"PHJJKLOP_00310",0,NA,NA,NA,NA,NA
"PHJJKLOP_00311",0,NA,NA,NA,NA,NA
"PHJJKLOP_00312",21.2502115458391,-16.1014309629126,3.82416849479957,-4.21043972952778,NA,NA
"PHJJKLOP_00313",0,NA,NA,NA,NA,NA
"PHJJKLOP_00316",0,NA,NA,NA,NA,NA
"PHJJKLOP_00317",0,NA,NA,NA,NA,NA
"PHJJKLOP_00318",0,NA,NA,NA,NA,NA
"PHJJKLOP_00319",2.32775290635431,4.4076098229316,3.92049451140716,1.12424843603457,0.260907646623691,NA
"PHJJKLOP_00320",0.206902280978641,1.20760870447799,4.08052381408439,0.295944530530564,0.767272442967984,NA
"PHJJKLOP_00321",0,NA,NA,NA,NA,NA
"PHJJKLOP_00322",0,NA,NA,NA,NA,NA
"PHJJKLOP_00323",0,NA,NA,NA,NA,NA
"PHJJKLOP_00324",0,NA,NA,NA,NA,NA
"PHJJKLOP_00326",0,NA,NA,NA,NA,NA
"PHJJKLOP_00328",1.35221112978951,4.69624349328662,3.92889637546999,1.19530856619369,0.231966494153139,NA
"PHJJKLOP_00331",0.119882063757404,0,4.08052381408439,0,1,NA
"PHJJKLOP_00332",0,NA,NA,NA,NA,NA
"PHJJKLOP_00336",0,NA,NA,NA,NA,NA
"PHJJKLOP_00337",0,NA,NA,NA,NA,NA
"PHJJKLOP_00338",0,NA,NA,NA,NA,NA
"PHJJKLOP_00340",2.56457716954836,-5.17909150632562,3.91901283702777,-1.32152961005698,0.186324836253662,NA
"PHJJKLOP_00342",0,NA,NA,NA,NA,NA
"PHJJKLOP_00343",0,NA,NA,NA,NA,NA
"PHJJKLOP_00344",0,NA,NA,NA,NA,NA
"PHJJKLOP_00346",0,NA,NA,NA,NA,NA
"PHJJKLOP_00347",0,NA,NA,NA,NA,NA
"PHJJKLOP_00349",0,NA,NA,NA,NA,NA
"PHJJKLOP_00350",0,NA,NA,NA,NA,NA
"PHJJKLOP_00352",0,NA,NA,NA,NA,NA
"PHJJKLOP_00354",0,NA,NA,NA,NA,NA
"PHJJKLOP_00355",0,NA,NA,NA,NA,NA
"PHJJKLOP_00357",1.89283977022493,0.394882874297006,3.78839645585642,0.104234833629031,0.916982991284345,NA
"PHJJKLOP_00360",10.1218849612618,0,4.08052381408439,0,NA,NA
"PHJJKLOP_00361",0,NA,NA,NA,NA,NA
"PHJJKLOP_00362",21.0850567602675,-1.21885495559951,3.66986348248719,-0.332125421399451,NA,NA
"PHJJKLOP_00363",58.2128624033865,26.9236057804346,3.90732223305259,6.89055168081199,NA,NA
"PHJJKLOP_00366",0,NA,NA,NA,NA,NA
"PHJJKLOP_00367",9.287121627635,0.400681051681044,3.71852649767787,0.1077526412495,NA,NA
"PHJJKLOP_00368",0,NA,NA,NA,NA,NA
"PHJJKLOP_00369",0,NA,NA,NA,NA,NA
"PHJJKLOP_00372",0,NA,NA,NA,NA,NA
"PHJJKLOP_00373",0,NA,NA,NA,NA,NA
"PHJJKLOP_00375",6.89389368181483,3.37329008252311,3.8705249553192,0.871532962960811,NA,NA
"PHJJKLOP_00376",0,NA,NA,NA,NA,NA
"PHJJKLOP_00377",0,NA,NA,NA,NA,NA
"PHJJKLOP_00378",21.3449065197052,1.58638472161638,3.7214409169139,0.426282388202452,NA,NA
"PHJJKLOP_00379",0,NA,NA,NA,NA,NA
"PHJJKLOP_00380",0,NA,NA,NA,NA,NA
"PHJJKLOP_00381",0,NA,NA,NA,NA,NA
"PHJJKLOP_00382",10.2297892530057,6.20352054570193,3.88831020190112,1.59542840554975,NA,NA
"PHJJKLOP_00383",0,NA,NA,NA,NA,NA
"PHJJKLOP_00385",0,NA,NA,NA,NA,NA
"PHJJKLOP_00386",3.58876764488709,-5.86011250423062,3.91443187744473,-1.49705313253682,NA,NA
"PHJJKLOP_00388",1.26406071204083,4.45571002035162,3.93288987148266,1.1329353645674,0.257241397517123,NA
"PHJJKLOP_00389",0,NA,NA,NA,NA,NA
"PHJJKLOP_00390",0,NA,NA,NA,NA,NA
"PHJJKLOP_00391",0,NA,NA,NA,NA,NA
"PHJJKLOP_00392",0.175741457607825,0.246471812927612,4.08043159981438,0.0604033683443741,0.951834376007192,NA
"PHJJKLOP_00419",0,NA,NA,NA,NA,NA
"PHJJKLOP_00420",0,NA,NA,NA,NA,NA
"PHJJKLOP_00421",0,NA,NA,NA,NA,NA
"PHJJKLOP_00422",7.07304176168683,0,4.08052381408439,0,NA,NA
"PHJJKLOP_00423",0,NA,NA,NA,NA,NA
"PHJJKLOP_00424",0,NA,NA,NA,NA,NA
"PHJJKLOP_00425",0,NA,NA,NA,NA,NA
"PHJJKLOP_00426",0,NA,NA,NA,NA,NA
"PHJJKLOP_00427",0,NA,NA,NA,NA,NA
"PHJJKLOP_00428",0,NA,NA,NA,NA,NA
"PHJJKLOP_00429",0,NA,NA,NA,NA,NA
"PHJJKLOP_00431",0,NA,NA,NA,NA,NA
"PHJJKLOP_00432",0,NA,NA,NA,NA,NA
"PHJJKLOP_00436",6.30166277850603,-6.67004815247631,3.91116096564039,-1.70538830057694,NA,NA
"PHJJKLOP_00437",0,NA,NA,NA,NA,NA
"PHJJKLOP_00438",0,NA,NA,NA,NA,NA
"PHJJKLOP_00439",0,NA,NA,NA,NA,NA
"PHJJKLOP_00440",0,NA,NA,NA,NA,NA
"PHJJKLOP_00441",3.52105504781375,-5.83271317043235,3.9145776931923,-1.48999806047426,NA,NA
"PHJJKLOP_00442",0.413804561957282,2.05558899328719,4.04248481565866,0.508496404321625,0.611105260100117,NA
"PHJJKLOP_00443",0,NA,NA,NA,NA,NA
"PHJJKLOP_00444",0,NA,NA,NA,NA,NA
"PHJJKLOP_00445",0,NA,NA,NA,NA,NA
"PHJJKLOP_00446",0,NA,NA,NA,NA,NA
"PHJJKLOP_00447",0,NA,NA,NA,NA,NA
"PHJJKLOP_00448",0,NA,NA,NA,NA,NA
"PHJJKLOP_00449",0,NA,NA,NA,NA,NA
"PHJJKLOP_00450",0,NA,NA,NA,NA,NA
"PHJJKLOP_00451",0,NA,NA,NA,NA,NA
"PHJJKLOP_00453",0,NA,NA,NA,NA,NA
"PHJJKLOP_00455",0,NA,NA,NA,NA,NA
"PHJJKLOP_00456",7.19292382544424,0,4.08052381408439,0,NA,NA
"PHJJKLOP_00457",0,NA,NA,NA,NA,NA
"PHJJKLOP_00458",4.33360621269384,-6.13147187189706,3.91312724392307,-1.56689815835122,NA,NA
"PHJJKLOP_00459",7.91221620798866,0,4.08052381408439,0,NA,NA
"PHJJKLOP_00460",0,NA,NA,NA,NA,NA
"PHJJKLOP_00461",0,NA,NA,NA,NA,NA
"PHJJKLOP_00462",0,NA,NA,NA,NA,NA
"PHJJKLOP_00465",0,NA,NA,NA,NA,NA
"PHJJKLOP_00466",0,NA,NA,NA,NA,NA
"PHJJKLOP_00467",0,NA,NA,NA,NA,NA
"PHJJKLOP_00468",0,NA,NA,NA,NA,NA
"PHJJKLOP_00469",0,NA,NA,NA,NA,NA
"PHJJKLOP_00470",0,NA,NA,NA,NA,NA
"PHJJKLOP_00471",0,NA,NA,NA,NA,NA
"PHJJKLOP_00473",0,NA,NA,NA,NA,NA
"PHJJKLOP_00474",0,NA,NA,NA,NA,NA
"PHJJKLOP_00475",0,NA,NA,NA,NA,NA
"PHJJKLOP_00476",0,NA,NA,NA,NA,NA
"PHJJKLOP_00477",1.51240404748277,4.85636515049819,3.92658203010291,1.23679197665225,0.2161643215207,NA
"PHJJKLOP_00478",0,NA,NA,NA,NA,NA
"PHJJKLOP_00479",0,NA,NA,NA,NA,NA
"PHJJKLOP_00480",0,NA,NA,NA,NA,NA
"PHJJKLOP_00481",0,NA,NA,NA,NA,NA
"PHJJKLOP_00482",0.59941031878702,0,4.08052381408439,0,1,NA
"PHJJKLOP_00483",0,NA,NA,NA,NA,NA
"PHJJKLOP_00485",0.270850388293365,-2.17572872296281,4.00210676099862,-0.543645847773415,0.586685203515902,NA
"PHJJKLOP_00486",0,NA,NA,NA,NA,NA
"PHJJKLOP_00488",0,NA,NA,NA,NA,NA
"PHJJKLOP_00489",0,NA,NA,NA,NA,NA
"PHJJKLOP_00492",0,NA,NA,NA,NA,NA
"PHJJKLOP_00493",0,NA,NA,NA,NA,NA
"PHJJKLOP_00494",1.11220300870853,2.70827368691977,3.99367080450663,0.678141444173023,0.497682015366745,NA
"PHJJKLOP_00495",0,NA,NA,NA,NA,NA
"PHJJKLOP_00496",0,NA,NA,NA,NA,NA
"PHJJKLOP_00497",0,NA,NA,NA,NA,NA
"PHJJKLOP_00498",0,NA,NA,NA,NA,NA
"PHJJKLOP_00499",0,NA,NA,NA,NA,NA
"PHJJKLOP_00500",0,NA,NA,NA,NA,NA
"PHJJKLOP_00502",0,NA,NA,NA,NA,NA
"PHJJKLOP_00503",0,NA,NA,NA,NA,NA
"PHJJKLOP_00504",0,NA,NA,NA,NA,NA
"PHJJKLOP_00506",0,NA,NA,NA,NA,NA
"PHJJKLOP_00507",0,NA,NA,NA,NA,NA
"PHJJKLOP_00508",0,NA,NA,NA,NA,NA
"PHJJKLOP_00510",0,NA,NA,NA,NA,NA
"PHJJKLOP_00512",0,NA,NA,NA,NA,NA
"PHJJKLOP_00514",7.62615174812412,0.217544433605634,3.72180376173615,0.0584513444373955,NA,NA
"PHJJKLOP_00515",0,NA,NA,NA,NA,NA
"PHJJKLOP_00516",0.135425194146683,-1.38296253698121,4.04131707155564,-0.342205897853212,0.732195947041088,NA
"PHJJKLOP_00517",0,NA,NA,NA,NA,NA
"PHJJKLOP_00518",0,NA,NA,NA,NA,NA
"PHJJKLOP_00519",0,NA,NA,NA,NA,NA
"PHJJKLOP_00521",0,NA,NA,NA,NA,NA
"PHJJKLOP_00523",0,NA,NA,NA,NA,NA
"PHJJKLOP_00525",0,NA,NA,NA,NA,NA
"PHJJKLOP_00526",0,NA,NA,NA,NA,NA
"PHJJKLOP_00527",0,NA,NA,NA,NA,NA
"PHJJKLOP_00529",0,NA,NA,NA,NA,NA
"PHJJKLOP_00530",0,NA,NA,NA,NA,NA
"PHJJKLOP_00532",0,NA,NA,NA,NA,NA
"PHJJKLOP_00533",0,NA,NA,NA,NA,NA
"PHJJKLOP_00534",0.744838567806754,-3.60672156750334,3.94282051552273,-0.914756721312525,0.360319359670541,NA
"PHJJKLOP_00535",0,NA,NA,NA,NA,NA
"PHJJKLOP_00537",0,NA,NA,NA,NA,NA
"PHJJKLOP_00538",0,NA,NA,NA,NA,NA
"PHJJKLOP_00539",0,NA,NA,NA,NA,NA
"PHJJKLOP_00540",0,NA,NA,NA,NA,NA
"PHJJKLOP_00543",0,NA,NA,NA,NA,NA
"PHJJKLOP_00544",0,NA,NA,NA,NA,NA
"PHJJKLOP_00545",0,NA,NA,NA,NA,NA
"PHJJKLOP_00547",28.8544274683453,30.16942603278,3.90784693180689,7.72021692744001,NA,NA
"PHJJKLOP_00548",0,NA,NA,NA,NA,NA
"PHJJKLOP_00549",0,NA,NA,NA,NA,NA
"PHJJKLOP_00551",0,NA,NA,NA,NA,NA
"PHJJKLOP_00552",0,NA,NA,NA,NA,NA
"PHJJKLOP_00553",0,NA,NA,NA,NA,NA
"PHJJKLOP_00554",0,NA,NA,NA,NA,NA
"PHJJKLOP_00555",0,NA,NA,NA,NA,NA
"PHJJKLOP_00556",0,NA,NA,NA,NA,NA
"PHJJKLOP_00558",0,NA,NA,NA,NA,NA
"PHJJKLOP_00559",0.229902552466771,0,4.08052381408439,0,1,NA
"PHJJKLOP_00560",0,NA,NA,NA,NA,NA
"PHJJKLOP_00563",0,NA,NA,NA,NA,NA
"PHJJKLOP_00564",0,NA,NA,NA,NA,NA
"PHJJKLOP_00565",0,NA,NA,NA,NA,NA
"PHJJKLOP_00566",0,NA,NA,NA,NA,NA
"PHJJKLOP_00567",0,NA,NA,NA,NA,NA
"PHJJKLOP_00568",0.793704509934724,-1.150392044793,3.89931388017653,-0.295024222246228,0.767975376130324,NA
"PHJJKLOP_00569",0,NA,NA,NA,NA,NA
"PHJJKLOP_00570",14.1926430435083,0,4.08052381408439,0,NA,NA
"PHJJKLOP_00571",0,NA,NA,NA,NA,NA
"PHJJKLOP_00573",0.0677125970733413,-0.715316873664277,4.08043159981643,-0.175304218724426,0.86084059704069,NA
"PHJJKLOP_00574",0,NA,NA,NA,NA,NA
"PHJJKLOP_00575",0,NA,NA,NA,NA,NA
"PHJJKLOP_00576",1.08340155317346,-4.14152916693274,3.93175637015028,-1.0533534575985,0.292179026867419,NA
"PHJJKLOP_00578",0,NA,NA,NA,NA,NA
"PHJJKLOP_00579",0,NA,NA,NA,NA,NA
"PHJJKLOP_00580",0,NA,NA,NA,NA,NA
"PHJJKLOP_00581",3.08057368386228,0,4.08052381408439,0,1,NA
"PHJJKLOP_00582",0,NA,NA,NA,NA,NA
"PHJJKLOP_00583",0,NA,NA,NA,NA,NA
"PHJJKLOP_00584",0.197746840888315,0,4.08052381408439,0,1,NA
"PHJJKLOP_00586",2.1275681451374,4.33365669118085,3.92122197284641,1.10518015077709,0.26908153591977,NA
"PHJJKLOP_00588",0,NA,NA,NA,NA,NA
"PHJJKLOP_00590",0,NA,NA,NA,NA,NA
"PHJJKLOP_00592",1.44432614522636,0.476917272658999,3.79309967164939,0.125732860705877,0.899943389192362,NA
"PHJJKLOP_00595",0,NA,NA,NA,NA,NA
"PHJJKLOP_00600",0.108028860534484,1.20760870447799,4.08052381408439,0.295944530530564,0.767272442967984,NA
"PHJJKLOP_00602",0,NA,NA,NA,NA,NA
"PHJJKLOP_00604",0,NA,NA,NA,NA,NA
"PHJJKLOP_00605",0,NA,NA,NA,NA,NA
"PHJJKLOP_00606",0,NA,NA,NA,NA,NA
"PHJJKLOP_00607",0.135425194146683,-1.38296253698121,4.04131707155564,-0.342205897853212,0.732195947041088,NA
"PHJJKLOP_00609",0,NA,NA,NA,NA,NA
"PHJJKLOP_00611",12.7350280778624,1.28162286254511,3.62307443032772,0.35373903771256,NA,NA
"PHJJKLOP_00612",2.50536609171363,-5.34344092175323,3.91770358902377,-1.36392169553714,0.172592211768989,NA
"PHJJKLOP_00613",0,NA,NA,NA,NA,NA
"PHJJKLOP_00614",4.35114810896845,-6.13656667469251,3.91310500998824,-1.56820904602071,NA,NA
"PHJJKLOP_00616",2.80875037389657,5.74885383184811,3.91747246616664,1.46749055200725,0.142242657551531,NA
"PHJJKLOP_00618",0,NA,NA,NA,NA,NA
"PHJJKLOP_00628",0,NA,NA,NA,NA,NA
"PHJJKLOP_00629",0,NA,NA,NA,NA,NA
"PHJJKLOP_00630",0,NA,NA,NA,NA,NA
"PHJJKLOP_00631",2.28044797669747,-2.31021227328523,3.99384237039948,-0.578443528569745,0.562964713189352,NA
"PHJJKLOP_00632",0,NA,NA,NA,NA,NA
"PHJJKLOP_00633",0,NA,NA,NA,NA,NA
"PHJJKLOP_00634",0,NA,NA,NA,NA,NA
"PHJJKLOP_00635",0,NA,NA,NA,NA,NA
"PHJJKLOP_00636",0,NA,NA,NA,NA,NA
"PHJJKLOP_00637",0,NA,NA,NA,NA,NA
"PHJJKLOP_00638",6.30166277850603,-6.67004815247631,3.91116096564039,-1.70538830057694,NA,NA
"PHJJKLOP_00639",0,NA,NA,NA,NA,NA
"PHJJKLOP_00640",0,NA,NA,NA,NA,NA
"PHJJKLOP_00641",0,NA,NA,NA,NA,NA
"PHJJKLOP_00642",14.0286728760123,-2.90417817752373,3.61517784419038,-0.803329269731714,NA,NA
"PHJJKLOP_00643",3.72419283903377,-5.9134012629524,3.91415605129503,-1.51077299562339,NA,NA
"PHJJKLOP_00644",0,NA,NA,NA,NA,NA
"PHJJKLOP_00645",0,NA,NA,NA,NA,NA
"PHJJKLOP_00646",0,NA,NA,NA,NA,NA
"PHJJKLOP_00647",0,NA,NA,NA,NA,NA
"PHJJKLOP_00648",0,NA,NA,NA,NA,NA
"PHJJKLOP_00649",0,NA,NA,NA,NA,NA
"PHJJKLOP_00650",0.104016240753039,1.20760870447799,4.08052381408439,0.295944530530564,0.767272442967984,NA
"PHJJKLOP_00651",0,NA,NA,NA,NA,NA
"PHJJKLOP_00652",3.1147794653737,-5.65638957646631,3.91558493217133,-1.44458354867804,0.14857489647976,NA
"PHJJKLOP_00653",0,NA,NA,NA,NA,NA
"PHJJKLOP_00654",0,NA,NA,NA,NA,NA
"PHJJKLOP_00655",0,NA,NA,NA,NA,NA
"PHJJKLOP_00656",0,NA,NA,NA,NA,NA
"PHJJKLOP_00657",2.45637852463736,5.42101342653642,3.27650718120093,1.65450985660574,0.0980239623004704,NA
"PHJJKLOP_00658",0,NA,NA,NA,NA,NA
"PHJJKLOP_00659",0.0750197949822146,-0.717122931731708,4.08036077501795,-0.175749883716729,0.860490443656887,NA
"PHJJKLOP_00662",1.31870270133144,0,4.08052381408439,0,1,NA
"PHJJKLOP_00663",0,NA,NA,NA,NA,NA
"PHJJKLOP_00664",1.35221112978951,4.69624349328662,3.92889637546999,1.19530856619369,0.231966494153139,NA
"PHJJKLOP_00665",0,NA,NA,NA,NA,NA
"PHJJKLOP_00666",0,NA,NA,NA,NA,NA
"PHJJKLOP_00667",0,NA,NA,NA,NA,NA
"PHJJKLOP_00669",0,NA,NA,NA,NA,NA
"PHJJKLOP_00671",0,NA,NA,NA,NA,NA
"PHJJKLOP_00672",0,NA,NA,NA,NA,NA
"PHJJKLOP_00673",0,NA,NA,NA,NA,NA
"PHJJKLOP_00675",0,NA,NA,NA,NA,NA
"PHJJKLOP_00676",0,NA,NA,NA,NA,NA
"PHJJKLOP_00677",0,NA,NA,NA,NA,NA
"PHJJKLOP_00679",0,NA,NA,NA,NA,NA
"PHJJKLOP_00681",0,NA,NA,NA,NA,NA
"PHJJKLOP_00682",0,NA,NA,NA,NA,NA
"PHJJKLOP_00683",0,NA,NA,NA,NA,NA
"PHJJKLOP_00684",0,NA,NA,NA,NA,NA
"PHJJKLOP_00685",0,NA,NA,NA,NA,NA
"PHJJKLOP_00688",0,NA,NA,NA,NA,NA
"PHJJKLOP_00689",0,NA,NA,NA,NA,NA
"PHJJKLOP_00690",0.660122932256202,0,4.08052381408439,0,1,NA
"PHJJKLOP_00691",0,NA,NA,NA,NA,NA
"PHJJKLOP_00692",0,NA,NA,NA,NA,NA
"PHJJKLOP_00693",0,NA,NA,NA,NA,NA
"PHJJKLOP_00694",1.20969365571609,-2.1947747660184,3.77252043863043,-0.581779423523862,0.560715265594156,NA
"PHJJKLOP_00695",0,NA,NA,NA,NA,NA
"PHJJKLOP_00696",0,NA,NA,NA,NA,NA
"PHJJKLOP_00697",0,NA,NA,NA,NA,NA
"PHJJKLOP_00698",0,NA,NA,NA,NA,NA
"PHJJKLOP_00699",0,NA,NA,NA,NA,NA
"PHJJKLOP_00700",0,NA,NA,NA,NA,NA
"PHJJKLOP_00701",0,NA,NA,NA,NA,NA
"PHJJKLOP_00702",0,NA,NA,NA,NA,NA
"PHJJKLOP_00703",0,NA,NA,NA,NA,NA
"PHJJKLOP_00704",0,NA,NA,NA,NA,NA
"PHJJKLOP_00705",0.54170077658673,-3.1539019577464,3.95588992562144,-0.797267370186228,0.425295766565687,NA
"PHJJKLOP_00706",0,NA,NA,NA,NA,NA
"PHJJKLOP_00707",0.32408658160345,2.63821751331185,3.9979429600613,0.659893735270149,0.509322024744802,NA
"PHJJKLOP_00708",0,NA,NA,NA,NA,NA
"PHJJKLOP_00709",0,NA,NA,NA,NA,NA
"PHJJKLOP_00710",0,NA,NA,NA,NA,NA
"PHJJKLOP_00711",0,NA,NA,NA,NA,NA
"PHJJKLOP_00712",0,NA,NA,NA,NA,NA
"PHJJKLOP_00713",0,NA,NA,NA,NA,NA
"PHJJKLOP_00714",0,NA,NA,NA,NA,NA
"PHJJKLOP_00715",0,NA,NA,NA,NA,NA
"PHJJKLOP_00716",0,NA,NA,NA,NA,NA
"PHJJKLOP_00717",0,NA,NA,NA,NA,NA
"PHJJKLOP_00718",0,NA,NA,NA,NA,NA
"PHJJKLOP_00719",0,NA,NA,NA,NA,NA
"PHJJKLOP_00720",0,NA,NA,NA,NA,NA
"PHJJKLOP_00721",0.150039589964429,-1.48058523000675,4.03615226154514,-0.366830866147737,0.713745182377456,NA
"PHJJKLOP_00722",0,NA,NA,NA,NA,NA
"PHJJKLOP_00723",0,NA,NA,NA,NA,NA
"PHJJKLOP_00724",0,NA,NA,NA,NA,NA
"PHJJKLOP_00725",0,NA,NA,NA,NA,NA
"PHJJKLOP_00726",0,NA,NA,NA,NA,NA
"PHJJKLOP_00727",0.0750197949822146,-0.717122931731708,4.08036077501795,-0.175749883716729,0.860490443656887,NA
"PHJJKLOP_00728",0,NA,NA,NA,NA,NA
"PHJJKLOP_00729",0.864230884275868,4.04994495160972,3.94132234013493,1.02755994108086,0.304156875853738,NA
"PHJJKLOP_00730",0,NA,NA,NA,NA,NA
"PHJJKLOP_00731",0,NA,NA,NA,NA,NA
"PHJJKLOP_00732",0,NA,NA,NA,NA,NA
"PHJJKLOP_00734",0,NA,NA,NA,NA,NA
"PHJJKLOP_00735",0,NA,NA,NA,NA,NA
"PHJJKLOP_00736",0,NA,NA,NA,NA,NA
"PHJJKLOP_00737",0,NA,NA,NA,NA,NA
"PHJJKLOP_00738",0,NA,NA,NA,NA,NA
"PHJJKLOP_00739",0,NA,NA,NA,NA,NA
"PHJJKLOP_00740",0,NA,NA,NA,NA,NA
"PHJJKLOP_00742",0,NA,NA,NA,NA,NA
"PHJJKLOP_00743",0,NA,NA,NA,NA,NA
"PHJJKLOP_00744",0,NA,NA,NA,NA,NA
"PHJJKLOP_00745",0,NA,NA,NA,NA,NA
"PHJJKLOP_00746",2.70072151336209,5.69229835342709,3.91789824496038,1.45289591447382,0.146252655481559,NA
"PHJJKLOP_00747",0,NA,NA,NA,NA,NA
"PHJJKLOP_00748",0,NA,NA,NA,NA,NA
"PHJJKLOP_00749",1.53980038109497,3.12076503367594,3.88735364595267,0.80279936375872,0.422090709978364,NA
"PHJJKLOP_00750",0,NA,NA,NA,NA,NA
"PHJJKLOP_00752",35.7625598079309,-5.74797558466726,2.83717677086169,-2.02594905037289,NA,NA
"PHJJKLOP_00754",0,NA,NA,NA,NA,NA
"PHJJKLOP_00755",0.220040977418734,0,4.08052381408439,0,1,NA
"PHJJKLOP_00757",0,NA,NA,NA,NA,NA
"PHJJKLOP_00759",16.8082293284883,-20.2080908957576,3.88898581308048,-5.19623672264072,NA,NA
"PHJJKLOP_00761",0,NA,NA,NA,NA,NA
"PHJJKLOP_00762",0,NA,NA,NA,NA,NA
"PHJJKLOP_00764",0,NA,NA,NA,NA,NA
"PHJJKLOP_00765",0,NA,NA,NA,NA,NA
"PHJJKLOP_00766",0,NA,NA,NA,NA,NA
"PHJJKLOP_00767",0,NA,NA,NA,NA,NA
"PHJJKLOP_00770",0,NA,NA,NA,NA,NA
"PHJJKLOP_00773",0,NA,NA,NA,NA,NA
"PHJJKLOP_00774",0,NA,NA,NA,NA,NA
"PHJJKLOP_00775",0,NA,NA,NA,NA,NA
"PHJJKLOP_00776",0,NA,NA,NA,NA,NA
"PHJJKLOP_00777",0.6583538783803,1.28819629259015,4.02560398099634,0.320000749867928,0.748967762107757,NA
"PHJJKLOP_00778",0,NA,NA,NA,NA,NA
"PHJJKLOP_00779",0.203137791220024,-1.82321180907035,4.02035952661402,-0.453494717823378,0.650192546068365,NA
"PHJJKLOP_00780",0,NA,NA,NA,NA,NA
"PHJJKLOP_00782",0.177733085782708,-0.715315136036705,4.08043135383913,-0.175303803448057,0.860840923330882,NA
"PHJJKLOP_00784",6.35374937914241,0,4.08052381408439,0,NA,NA
"PHJJKLOP_00785",0,NA,NA,NA,NA,NA
"PHJJKLOP_00786",0,NA,NA,NA,NA,NA
"PHJJKLOP_00787",25.2003733347994,26.5231644238862,3.9079977864108,6.78689341025592,NA,NA
"PHJJKLOP_00789",0,NA,NA,NA,NA,NA
"PHJJKLOP_00790",0,NA,NA,NA,NA,NA
"PHJJKLOP_00792",0,NA,NA,NA,NA,NA
"PHJJKLOP_00793",0,NA,NA,NA,NA,NA
"PHJJKLOP_00794",0,NA,NA,NA,NA,NA
"PHJJKLOP_00795",0,NA,NA,NA,NA,NA
"PHJJKLOP_00796",7.48916933421881,7.16351291238629,3.91081095750603,1.83172057924133,NA,NA
"PHJJKLOP_00797",0.108028860534484,1.20760870447799,4.08052381408439,0.295944530530564,0.767272442967984,NA
"PHJJKLOP_00798",7.48139323223696,0,4.08052381408439,0,NA,NA
"PHJJKLOP_00799",0,NA,NA,NA,NA,NA
"PHJJKLOP_00801",0,NA,NA,NA,NA,NA
"PHJJKLOP_00803",0,NA,NA,NA,NA,NA
"PHJJKLOP_00804",0,NA,NA,NA,NA,NA
"PHJJKLOP_00805",0,NA,NA,NA,NA,NA
"PHJJKLOP_00806",0,NA,NA,NA,NA,NA
"PHJJKLOP_00808",0,NA,NA,NA,NA,NA
"PHJJKLOP_00809",0,NA,NA,NA,NA,NA
"PHJJKLOP_00811",0,NA,NA,NA,NA,NA
"PHJJKLOP_00812",0,NA,NA,NA,NA,NA
"PHJJKLOP_00813",0,NA,NA,NA,NA,NA
"PHJJKLOP_00815",0,NA,NA,NA,NA,NA
"PHJJKLOP_00816",0.16717569566464,-0.717122931731708,4.08036077501795,-0.175749883716729,0.860490443656887,NA
"PHJJKLOP_00817",0,NA,NA,NA,NA,NA
"PHJJKLOP_00820",1.74972197603039,1.37212821270455,3.80828240612098,0.360301066564588,0.718622001805129,NA
"PHJJKLOP_00821",0,NA,NA,NA,NA,NA
"PHJJKLOP_00822",0,NA,NA,NA,NA,NA
"PHJJKLOP_00823",0,NA,NA,NA,NA,NA
"PHJJKLOP_00824",0,NA,NA,NA,NA,NA
"PHJJKLOP_00825",0,NA,NA,NA,NA,NA
"PHJJKLOP_00826",0,NA,NA,NA,NA,NA
"PHJJKLOP_00828",0,NA,NA,NA,NA,NA
"PHJJKLOP_00830",0,NA,NA,NA,NA,NA
"PHJJKLOP_00831",0,NA,NA,NA,NA,NA
"PHJJKLOP_00832",15.9496846432758,-1.56241735485384,3.28561665257388,-0.475532455568084,NA,NA
"PHJJKLOP_00833",0,NA,NA,NA,NA,NA
"PHJJKLOP_00834",0,NA,NA,NA,NA,NA
"PHJJKLOP_00835",0,NA,NA,NA,NA,NA
"PHJJKLOP_00836",0.126001866673997,1.20760870447799,4.08052381408439,0.295944530530564,0.767272442967984,NA
"PHJJKLOP_00837",0.239764127514808,0,4.08052381408439,0,1,NA
"PHJJKLOP_00838",0,NA,NA,NA,NA,NA
"PHJJKLOP_00840",0,NA,NA,NA,NA,NA
"PHJJKLOP_00841",0,NA,NA,NA,NA,NA
"PHJJKLOP_00842",0,NA,NA,NA,NA,NA
"PHJJKLOP_00843",0,NA,NA,NA,NA,NA
"PHJJKLOP_00844",0,NA,NA,NA,NA,NA
"PHJJKLOP_00845",6.42677232887022,0,4.08052381408439,0,NA,NA
"PHJJKLOP_00847",0,NA,NA,NA,NA,NA
"PHJJKLOP_00850",0,NA,NA,NA,NA,NA
"PHJJKLOP_00852",0,NA,NA,NA,NA,NA
"PHJJKLOP_00853",0,NA,NA,NA,NA,NA
"PHJJKLOP_00854",0,NA,NA,NA,NA,NA
"PHJJKLOP_00855",0,NA,NA,NA,NA,NA
"PHJJKLOP_00857",0,NA,NA,NA,NA,NA
"PHJJKLOP_00858",0,NA,NA,NA,NA,NA
"PHJJKLOP_00861",0,NA,NA,NA,NA,NA
"PHJJKLOP_00862",2.43765349464029,-5.30407680109095,3.91800386811401,-1.3537701798248,0.175809710179144,NA
"PHJJKLOP_00864",0,NA,NA,NA,NA,NA
"PHJJKLOP_00866",0,NA,NA,NA,NA,NA
"PHJJKLOP_00867",0,NA,NA,NA,NA,NA
"PHJJKLOP_00868",2.01602986678395,5.2669209921986,3.92169417153102,1.34302185785752,0.179264896280673,NA
"PHJJKLOP_00870",0,NA,NA,NA,NA,NA
"PHJJKLOP_00871",0,NA,NA,NA,NA,NA
"PHJJKLOP_00872",0,NA,NA,NA,NA,NA
"PHJJKLOP_00873",0,NA,NA,NA,NA,NA
"PHJJKLOP_00874",0,NA,NA,NA,NA,NA
"PHJJKLOP_00876",0,NA,NA,NA,NA,NA
"PHJJKLOP_00877",0,NA,NA,NA,NA,NA
"PHJJKLOP_00878",0,NA,NA,NA,NA,NA
"PHJJKLOP_00879",0,NA,NA,NA,NA,NA
"PHJJKLOP_00882",0,NA,NA,NA,NA,NA
"PHJJKLOP_00884",0.825217744804361,-3.74913989571725,3.93947116643222,-0.951686086108014,0.341256207912721,NA
"PHJJKLOP_00886",0,NA,NA,NA,NA,NA
"PHJJKLOP_00887",0,NA,NA,NA,NA,NA
"PHJJKLOP_00888",0,NA,NA,NA,NA,NA
"PHJJKLOP_00889",0,NA,NA,NA,NA,NA
"PHJJKLOP_00890",0,NA,NA,NA,NA,NA
"PHJJKLOP_00891",0,NA,NA,NA,NA,NA
"PHJJKLOP_00892",0,NA,NA,NA,NA,NA
"PHJJKLOP_00893",0,NA,NA,NA,NA,NA
"PHJJKLOP_00894",0,NA,NA,NA,NA,NA
"PHJJKLOP_00895",0,NA,NA,NA,NA,NA
"PHJJKLOP_00896",0,NA,NA,NA,NA,NA
"PHJJKLOP_00898",0,NA,NA,NA,NA,NA
"PHJJKLOP_00899",0,NA,NA,NA,NA,NA
"PHJJKLOP_00900",0,NA,NA,NA,NA,NA
"PHJJKLOP_00901",0,NA,NA,NA,NA,NA
"PHJJKLOP_00903",0,NA,NA,NA,NA,NA
"PHJJKLOP_00904",0,NA,NA,NA,NA,NA
"PHJJKLOP_00905",0,NA,NA,NA,NA,NA
"PHJJKLOP_00906",0,NA,NA,NA,NA,NA
"PHJJKLOP_00907",0,NA,NA,NA,NA,NA
"PHJJKLOP_00908",2.16057721068967,5.37055292056244,3.9206642044982,1.36980691037013,0.170747184357877,NA
"PHJJKLOP_00909",0,NA,NA,NA,NA,NA
"PHJJKLOP_00911",0,NA,NA,NA,NA,NA
"PHJJKLOP_00912",0,NA,NA,NA,NA,NA
"PHJJKLOP_00914",0,NA,NA,NA,NA,NA
"PHJJKLOP_00915",14.1681943683343,8.08310132950137,3.6198992613113,2.23296305946737,NA,NA
"PHJJKLOP_00916",0,NA,NA,NA,NA,NA
"PHJJKLOP_00917",5.56426455448306,4.23861125300536,3.71532551680047,1.14084519212075,NA,NA
"PHJJKLOP_00918",0,NA,NA,NA,NA,NA
"PHJJKLOP_00919",0,NA,NA,NA,NA,NA
"PHJJKLOP_00920",1.9636653151269,-4.99358555750056,3.9206800953573,-1.27365289593858,0.202786457015549,NA
"PHJJKLOP_00921",7.56950581102261,4.50883229827036,3.87431004149495,1.16377684025788,NA,NA
"PHJJKLOP_00922",0,NA,NA,NA,NA,NA
"PHJJKLOP_00923",0,NA,NA,NA,NA,NA
"PHJJKLOP_00924",0,NA,NA,NA,NA,NA
"PHJJKLOP_00927",1.62510232976019,-4.72211164783101,3.92353634490321,-1.20353457512001,0.228769519995071,NA
"PHJJKLOP_00930",0,NA,NA,NA,NA,NA
"PHJJKLOP_00931",0,NA,NA,NA,NA,NA
"PHJJKLOP_00933",0,NA,NA,NA,NA,NA
"PHJJKLOP_00934",0.0677125970733413,-0.715316873664277,4.08043159981643,-0.175304218724426,0.86084059704069,NA
"PHJJKLOP_00935",6.55302316744146,6.97093981188302,3.91138242792397,1.78221893162796,NA,NA
"PHJJKLOP_00936",0,NA,NA,NA,NA,NA
"PHJJKLOP_00939",0,NA,NA,NA,NA,NA
"PHJJKLOP_00940",35.7856780614316,23.1380117439219,3.12989253730236,7.39258983117179,NA,NA
"PHJJKLOP_00941",0,NA,NA,NA,NA,NA
"PHJJKLOP_00942",0,NA,NA,NA,NA,NA
"PHJJKLOP_00943",0,NA,NA,NA,NA,NA
"PHJJKLOP_00945",0.0677125970733413,-0.715316873664277,4.08043159981643,-0.175304218724426,0.86084059704069,NA
"PHJJKLOP_00946",0,NA,NA,NA,NA,NA
"PHJJKLOP_00947",0,NA,NA,NA,NA,NA
"PHJJKLOP_00948",0,NA,NA,NA,NA,NA
"PHJJKLOP_00949",0,NA,NA,NA,NA,NA
"PHJJKLOP_00951",6.00394551790544,5.86376126417008,3.74382857211856,1.56624726565722,NA,NA
"PHJJKLOP_00952",0,NA,NA,NA,NA,NA
"PHJJKLOP_00953",19.9310137319919,0.515664775534834,2.90953489038364,0.177232717586294,NA,NA
"PHJJKLOP_00954",0,NA,NA,NA,NA,NA
"PHJJKLOP_00955",0,NA,NA,NA,NA,NA
"PHJJKLOP_00959",16.3171639057581,18.2791879332779,3.83595965805096,4.76521902281045,NA,NA
"PHJJKLOP_00960",13.8295035734145,6.38643257684298,3.60141816947814,1.77331047834648,NA,NA
"PHJJKLOP_00961",0,NA,NA,NA,NA,NA
"PHJJKLOP_00962",0,NA,NA,NA,NA,NA
"PHJJKLOP_00963",0,NA,NA,NA,NA,NA
"PHJJKLOP_00964",0,NA,NA,NA,NA,NA
"PHJJKLOP_00967",0,NA,NA,NA,NA,NA
"PHJJKLOP_00968",0,NA,NA,NA,NA,NA
"PHJJKLOP_00969",0,NA,NA,NA,NA,NA
"PHJJKLOP_00971",0,NA,NA,NA,NA,NA
"PHJJKLOP_00972",0.283770318142308,1.09445264273834,4.04239301708193,0.270743749584347,0.786588125714867,NA
"PHJJKLOP_00974",0,NA,NA,NA,NA,NA
"PHJJKLOP_00978",0,NA,NA,NA,NA,NA
"PHJJKLOP_00979",0,NA,NA,NA,NA,NA
"PHJJKLOP_00981",0,NA,NA,NA,NA,NA
"PHJJKLOP_00982",0,NA,NA,NA,NA,NA
"PHJJKLOP_00983",0,NA,NA,NA,NA,NA
"PHJJKLOP_00984",0,NA,NA,NA,NA,NA
"PHJJKLOP_00986",21.8012802131471,0.433557767178723,2.53330258865145,0.171143300891473,NA,NA
"PHJJKLOP_00988",0,NA,NA,NA,NA,NA
"PHJJKLOP_00992",39.7311326087435,-0.0704817354697326,2.31119752459821,-0.0304957645201638,NA,NA
"PHJJKLOP_00993",0,NA,NA,NA,NA,NA
"PHJJKLOP_00994",0,NA,NA,NA,NA,NA
"PHJJKLOP_00995",0,NA,NA,NA,NA,NA
"PHJJKLOP_00996",0,NA,NA,NA,NA,NA
"PHJJKLOP_00997",0,NA,NA,NA,NA,NA
"PHJJKLOP_00998",0,NA,NA,NA,NA,NA
"PHJJKLOP_00999",0,NA,NA,NA,NA,NA
"PHJJKLOP_01001",0,NA,NA,NA,NA,NA
"PHJJKLOP_01002",0,NA,NA,NA,NA,NA
"PHJJKLOP_01003",0,NA,NA,NA,NA,NA
"PHJJKLOP_01004",15.1132402226021,6.9548906717947,3.90194656900048,1.78241566069836,NA,NA
"PHJJKLOP_01005",0,NA,NA,NA,NA,NA
"PHJJKLOP_01010",2.50536609171363,-5.34344092175323,3.91770358902377,-1.36392169553714,0.172592211768989,NA
"PHJJKLOP_01011",0.0677125970733413,-0.715316873664277,4.08043159981643,-0.175304218724426,0.86084059704069,NA
"PHJJKLOP_01012",0,NA,NA,NA,NA,NA
"PHJJKLOP_01013",20.5898603963735,-20.5338940841953,3.90469925033951,-5.25876457256214,NA,NA
"PHJJKLOP_01014",0,NA,NA,NA,NA,NA
"PHJJKLOP_01015",0.135425194146683,-1.38296253698121,4.04131707155564,-0.342205897853212,0.732195947041088,NA
"PHJJKLOP_01016",0,NA,NA,NA,NA,NA
"PHJJKLOP_01018",0,NA,NA,NA,NA,NA
"PHJJKLOP_01019",0,NA,NA,NA,NA,NA
"PHJJKLOP_01020",0,NA,NA,NA,NA,NA
"PHJJKLOP_01023",0.16717569566464,-0.717122931731708,4.08036077501795,-0.175749883716729,0.860490443656887,NA
"PHJJKLOP_01024",0,NA,NA,NA,NA,NA
"PHJJKLOP_01025",8.75438281857328,-5.28086294341896,3.89128216913369,-1.35710100524389,NA,NA
"PHJJKLOP_01026",0,NA,NA,NA,NA,NA
"PHJJKLOP_01028",0,NA,NA,NA,NA,NA
"PHJJKLOP_01029",5.66046182054847,-5.52673203924559,3.75510558195583,-1.47179138339088,NA,NA
"PHJJKLOP_01030",5.61104492417772,0,4.08052381408439,0,NA,NA
"PHJJKLOP_01032",0,NA,NA,NA,NA,NA
"PHJJKLOP_01033",0,NA,NA,NA,NA,NA
"PHJJKLOP_01035",0,NA,NA,NA,NA,NA
"PHJJKLOP_01037",0,NA,NA,NA,NA,NA
"PHJJKLOP_01038",0,NA,NA,NA,NA,NA
"PHJJKLOP_01039",0,NA,NA,NA,NA,NA
"PHJJKLOP_01041",0,NA,NA,NA,NA,NA
"PHJJKLOP_01042",0,NA,NA,NA,NA,NA
"PHJJKLOP_01043",0,NA,NA,NA,NA,NA
"PHJJKLOP_01044",0,NA,NA,NA,NA,NA
"PHJJKLOP_01045",0,NA,NA,NA,NA,NA
"PHJJKLOP_01051",0,NA,NA,NA,NA,NA
"PHJJKLOP_01052",0,NA,NA,NA,NA,NA
"PHJJKLOP_01053",4.27549063766448,-5.77629488615332,3.91488658061844,-1.47546928045124,NA,NA
"PHJJKLOP_01054",0,NA,NA,NA,NA,NA
"PHJJKLOP_01055",13.132708651795,3.57859269626679,3.59915990608176,0.994285552642379,NA,NA
"PHJJKLOP_01058",0,NA,NA,NA,NA,NA
"PHJJKLOP_01060",0,NA,NA,NA,NA,NA
"PHJJKLOP_01061",0.208032481506078,2.00837770032275,4.04691766467302,0.496273427516106,0.619701511433552,NA
"PHJJKLOP_01063",0,NA,NA,NA,NA,NA
"PHJJKLOP_01064",0,NA,NA,NA,NA,NA
"PHJJKLOP_01065",15.1587724893259,19.8577238063812,3.86822216808516,5.13355307516144,NA,NA
"PHJJKLOP_01066",0,NA,NA,NA,NA,NA
"PHJJKLOP_01067",0,NA,NA,NA,NA,NA
"PHJJKLOP_01068",0,NA,NA,NA,NA,NA
"PHJJKLOP_01069",1.72846176855174,5.0488502715087,3.92411779625531,1.28662046698157,0.198226606383332,NA
"PHJJKLOP_01071",0,NA,NA,NA,NA,NA
"PHJJKLOP_01072",10.1393056189346,-2.67912415239284,3.41931475563907,-0.783526625612481,NA,NA
"PHJJKLOP_01074",0,NA,NA,NA,NA,NA
"PHJJKLOP_01076",0,NA,NA,NA,NA,NA
"PHJJKLOP_01077",0,NA,NA,NA,NA,NA
"PHJJKLOP_01079",0,NA,NA,NA,NA,NA
"PHJJKLOP_01080",29.730650663474,6.87647440872814,3.57153186907566,1.92535714668223,NA,NA
"PHJJKLOP_01082",16.5132674284598,-2.23666392087587,3.36776734738639,-0.664138490033069,NA,NA
"PHJJKLOP_01083",0,NA,NA,NA,NA,NA
"PHJJKLOP_01084",0,NA,NA,NA,NA,NA
"PHJJKLOP_01086",0,NA,NA,NA,NA,NA
"PHJJKLOP_01088",0,NA,NA,NA,NA,NA
"PHJJKLOP_01089",0,NA,NA,NA,NA,NA
"PHJJKLOP_01090",0,NA,NA,NA,NA,NA
"PHJJKLOP_01091",0,NA,NA,NA,NA,NA
"PHJJKLOP_01092",0,NA,NA,NA,NA,NA
"PHJJKLOP_01093",0,NA,NA,NA,NA,NA
"PHJJKLOP_01094",0,NA,NA,NA,NA,NA
"PHJJKLOP_01096",0,NA,NA,NA,NA,NA
"PHJJKLOP_01097",0,NA,NA,NA,NA,NA
"PHJJKLOP_01098",0.312048722259117,2.58879801545943,4.00107951758923,0.647024885178802,0.517615837852279,NA
"PHJJKLOP_01099",0,NA,NA,NA,NA,NA
"PHJJKLOP_01100",0,NA,NA,NA,NA,NA
"PHJJKLOP_01101",5.13435512434286,-5.38271501819527,3.77508694725686,-1.42585193225989,NA,NA
"PHJJKLOP_01104",0,NA,NA,NA,NA,NA
"PHJJKLOP_01106",8.16080163823032,3.80560477358866,3.85708767337423,0.986652390574122,NA,NA
"PHJJKLOP_01107",0,NA,NA,NA,NA,NA
"PHJJKLOP_01108",0,NA,NA,NA,NA,NA
"PHJJKLOP_01110",0.239764127514808,0,4.08052381408439,0,1,NA
"PHJJKLOP_01112",0,NA,NA,NA,NA,NA
"PHJJKLOP_01113",0,NA,NA,NA,NA,NA
"PHJJKLOP_01114",0,NA,NA,NA,NA,NA
"PHJJKLOP_01115",0.639017723116575,3.37311967601221,3.96183160819571,0.851404100324292,0.394544914818445,NA
"PHJJKLOP_01118",0,NA,NA,NA,NA,NA
"PHJJKLOP_01119",14.3626221217049,-1.7946119290181,3.62285494562185,-0.4953584827311,NA,NA
"PHJJKLOP_01120",0,NA,NA,NA,NA,NA
"PHJJKLOP_01121",0,NA,NA,NA,NA,NA
"PHJJKLOP_01122",0,NA,NA,NA,NA,NA
"PHJJKLOP_01124",0,NA,NA,NA,NA,NA
"PHJJKLOP_01125",0,NA,NA,NA,NA,NA
"PHJJKLOP_01126",0,NA,NA,NA,NA,NA
"PHJJKLOP_01127",0,NA,NA,NA,NA,NA
"PHJJKLOP_01128",0,NA,NA,NA,NA,NA
"PHJJKLOP_01129",0,NA,NA,NA,NA,NA
"PHJJKLOP_01130",0,NA,NA,NA,NA,NA
"PHJJKLOP_01133",0,NA,NA,NA,NA,NA
"PHJJKLOP_01134",11.1297377605752,24.2130894181604,3.90950225328675,6.19339441429002,NA,NA
"PHJJKLOP_01135",7.71212679464427,0,4.08052381408439,0,NA,NA
"PHJJKLOP_01138",0,NA,NA,NA,NA,NA
"PHJJKLOP_01139",0,NA,NA,NA,NA,NA
"PHJJKLOP_01140",2.86053270644354,0,4.08052381408439,0,1,NA
"PHJJKLOP_01141",0,NA,NA,NA,NA,NA
"PHJJKLOP_01142",0,NA,NA,NA,NA,NA
"PHJJKLOP_01143",0,NA,NA,NA,NA,NA
"PHJJKLOP_01144",0,NA,NA,NA,NA,NA
"PHJJKLOP_01145",0,NA,NA,NA,NA,NA
"PHJJKLOP_01146",0,NA,NA,NA,NA,NA
"PHJJKLOP_01147",0,NA,NA,NA,NA,NA
"PHJJKLOP_01148",0,NA,NA,NA,NA,NA
"PHJJKLOP_01149",0,NA,NA,NA,NA,NA
"PHJJKLOP_01150",0,NA,NA,NA,NA,NA
"PHJJKLOP_01151",0.283770318142308,1.09445264273834,4.04239301708193,0.270743749584347,0.786588125714867,NA
"PHJJKLOP_01152",0,NA,NA,NA,NA,NA
"PHJJKLOP_01153",0,NA,NA,NA,NA,NA
"PHJJKLOP_01155",0,NA,NA,NA,NA,NA
"PHJJKLOP_01156",0,NA,NA,NA,NA,NA
"PHJJKLOP_01160",0,NA,NA,NA,NA,NA
"PHJJKLOP_01161",0,NA,NA,NA,NA,NA
"PHJJKLOP_01165",0,NA,NA,NA,NA,NA
"PHJJKLOP_01166",0,NA,NA,NA,NA,NA
"PHJJKLOP_01167",0,NA,NA,NA,NA,NA
"PHJJKLOP_01168",9.85630280757981,-2.57549931492538,3.29962431251629,-0.780543198556233,NA,NA
"PHJJKLOP_01169",0,NA,NA,NA,NA,NA
"PHJJKLOP_01172",0,NA,NA,NA,NA,NA
"PHJJKLOP_01174",0,NA,NA,NA,NA,NA
"PHJJKLOP_01175",15.0712962640992,6.85537892657769,3.8962194465015,1.75949507483037,NA,NA
"PHJJKLOP_01176",0,NA,NA,NA,NA,NA
"PHJJKLOP_01178",0,NA,NA,NA,NA,NA
"PHJJKLOP_01180",0,NA,NA,NA,NA,NA
"PHJJKLOP_01181",0,NA,NA,NA,NA,NA
"PHJJKLOP_01182",0,NA,NA,NA,NA,NA
"PHJJKLOP_01183",0,NA,NA,NA,NA,NA
"PHJJKLOP_01186",0,NA,NA,NA,NA,NA
"PHJJKLOP_01187",0,NA,NA,NA,NA,NA
"PHJJKLOP_01191",0,NA,NA,NA,NA,NA
"PHJJKLOP_01192",24.3492467724507,2.6516437049626,3.30907945238071,0.801323674188264,NA,NA
"PHJJKLOP_01193",0,NA,NA,NA,NA,NA
"PHJJKLOP_01196",0.104016240753039,1.20760870447799,4.08052381408439,0.295944530530564,0.767272442967984,NA
"PHJJKLOP_01197",0,NA,NA,NA,NA,NA
"PHJJKLOP_01198",12.0658839273525,24.7647139967341,3.90929321707936,6.33483154666917,NA,NA
"PHJJKLOP_01201",0,NA,NA,NA,NA,NA
"PHJJKLOP_01203",0.0988734204441573,0,4.08052381408439,0,1,NA
"PHJJKLOP_01204",0,NA,NA,NA,NA,NA
"PHJJKLOP_01206",0,NA,NA,NA,NA,NA
"PHJJKLOP_01209",0,NA,NA,NA,NA,NA
"PHJJKLOP_01210",3.65648024196043,-5.887003652951,3.91429142021161,-1.50397684305088,NA,NA
"PHJJKLOP_01211",3.58876764488709,-5.86011250423062,3.91443187744473,-1.49705313253682,NA,NA
"PHJJKLOP_01212",0,NA,NA,NA,NA,NA
"PHJJKLOP_01213",0,NA,NA,NA,NA,NA
"PHJJKLOP_01215",0,NA,NA,NA,NA,NA
"PHJJKLOP_01217",0,NA,NA,NA,NA,NA
"PHJJKLOP_01218",0,NA,NA,NA,NA,NA
"PHJJKLOP_01219",3.58876764488709,-5.86011250423062,3.91443187744473,-1.49705313253682,NA,NA
"PHJJKLOP_01222",0,NA,NA,NA,NA,NA
"PHJJKLOP_01223",0,NA,NA,NA,NA,NA
"PHJJKLOP_01224",0,NA,NA,NA,NA,NA
"PHJJKLOP_01225",0,NA,NA,NA,NA,NA
"PHJJKLOP_01226",0,NA,NA,NA,NA,NA
"PHJJKLOP_01227",0,NA,NA,NA,NA,NA
"PHJJKLOP_01229",0,NA,NA,NA,NA,NA
"PHJJKLOP_01230",0,NA,NA,NA,NA,NA
"PHJJKLOP_01233",0,NA,NA,NA,NA,NA
"PHJJKLOP_01234",0,NA,NA,NA,NA,NA
"PHJJKLOP_01237",0,NA,NA,NA,NA,NA
"PHJJKLOP_01239",0,NA,NA,NA,NA,NA
"PHJJKLOP_01240",0,NA,NA,NA,NA,NA
"PHJJKLOP_01242",0,NA,NA,NA,NA,NA
"PHJJKLOP_01243",0,NA,NA,NA,NA,NA
"PHJJKLOP_01244",0,NA,NA,NA,NA,NA
"PHJJKLOP_01245",0,NA,NA,NA,NA,NA
"PHJJKLOP_01246",0,NA,NA,NA,NA,NA
"PHJJKLOP_01247",0,NA,NA,NA,NA,NA
"PHJJKLOP_01249",0,NA,NA,NA,NA,NA
"PHJJKLOP_01250",0,NA,NA,NA,NA,NA
"PHJJKLOP_01251",0,NA,NA,NA,NA,NA
"PHJJKLOP_01252",0,NA,NA,NA,NA,NA
"PHJJKLOP_01254",0,NA,NA,NA,NA,NA
"PHJJKLOP_01255",0,NA,NA,NA,NA,NA
"PHJJKLOP_01257",0,NA,NA,NA,NA,NA
"PHJJKLOP_01258",6.15491083171068,-2.13056284377534,3.71249638678454,-0.57388954003014,NA,NA
"PHJJKLOP_01259",13.0697474110306,-2.81875075314791,3.58884488815244,-0.78542005603341,NA,NA
"PHJJKLOP_01260",0,NA,NA,NA,NA,NA
"PHJJKLOP_01262",0,NA,NA,NA,NA,NA
"PHJJKLOP_01263",0,NA,NA,NA,NA,NA
"PHJJKLOP_01264",0,NA,NA,NA,NA,NA
"PHJJKLOP_01267",0,NA,NA,NA,NA,NA
"PHJJKLOP_01268",0,NA,NA,NA,NA,NA
"PHJJKLOP_01269",1.71814808668206,-4.80022354796033,3.92265931288865,-1.22371665879529,0.221059133097212,NA
"PHJJKLOP_01270",0,NA,NA,NA,NA,NA
"PHJJKLOP_01272",0,NA,NA,NA,NA,NA
"PHJJKLOP_01273",0,NA,NA,NA,NA,NA
"PHJJKLOP_01275",0,NA,NA,NA,NA,NA
"PHJJKLOP_01276",0,NA,NA,NA,NA,NA
"PHJJKLOP_01278",0.119882063757404,0,4.08052381408439,0,1,NA
"PHJJKLOP_01279",0,NA,NA,NA,NA,NA
"PHJJKLOP_01280",0,NA,NA,NA,NA,NA
"PHJJKLOP_01283",0,NA,NA,NA,NA,NA
"PHJJKLOP_01285",0,NA,NA,NA,NA,NA
"PHJJKLOP_01287",0,NA,NA,NA,NA,NA
"PHJJKLOP_01288",0,NA,NA,NA,NA,NA
"PHJJKLOP_01289",0,NA,NA,NA,NA,NA
"PHJJKLOP_01290",0,NA,NA,NA,NA,NA
"PHJJKLOP_01291",0,NA,NA,NA,NA,NA
"PHJJKLOP_01292",0,NA,NA,NA,NA,NA
"PHJJKLOP_01294",0,NA,NA,NA,NA,NA
"PHJJKLOP_01295",0,NA,NA,NA,NA,NA
"PHJJKLOP_01296",0,NA,NA,NA,NA,NA
"PHJJKLOP_01297",0,NA,NA,NA,NA,NA
"PHJJKLOP_01300",0.203137791220024,-1.82321180907035,4.02035952661402,-0.453494717823378,0.650192546068365,NA
"PHJJKLOP_01301",7.7298308131795,7.05003444422247,3.50368787382518,2.01217537009812,NA,NA
"PHJJKLOP_01302",14.9261217271471,-1.20577269854299,3.63675687623339,-0.331551637785535,NA,NA
"PHJJKLOP_01303",0,NA,NA,NA,NA,NA
"PHJJKLOP_01304",0,NA,NA,NA,NA,NA
"PHJJKLOP_01305",0,NA,NA,NA,NA,NA
"PHJJKLOP_01306",0,NA,NA,NA,NA,NA
"PHJJKLOP_01307",0,NA,NA,NA,NA,NA
"PHJJKLOP_01311",7.99624825945036,-1.53502420069666,3.39498235996911,-0.452144971000859,NA,NA
"PHJJKLOP_01312",0,NA,NA,NA,NA,NA
"PHJJKLOP_01315",0,NA,NA,NA,NA,NA
"PHJJKLOP_01316",0,NA,NA,NA,NA,NA
"PHJJKLOP_01318",0,NA,NA,NA,NA,NA
"PHJJKLOP_01319",0,NA,NA,NA,NA,NA
"PHJJKLOP_01321",0,NA,NA,NA,NA,NA
"PHJJKLOP_01323",0,NA,NA,NA,NA,NA
"PHJJKLOP_01325",0,NA,NA,NA,NA,NA
"PHJJKLOP_01326",1.61631785087156,-0.715314755947566,3.9790094405234,-0.179772068058595,0.857331512793491,NA
"PHJJKLOP_01327",0,NA,NA,NA,NA,NA
"PHJJKLOP_01328",0,NA,NA,NA,NA,NA
"PHJJKLOP_01329",0,NA,NA,NA,NA,NA
"PHJJKLOP_01330",0,NA,NA,NA,NA,NA
"PHJJKLOP_01331",0,NA,NA,NA,NA,NA
"PHJJKLOP_01332",0,NA,NA,NA,NA,NA
"PHJJKLOP_01334",0,NA,NA,NA,NA,NA
"PHJJKLOP_01335",0,NA,NA,NA,NA,NA
"PHJJKLOP_01337",0,NA,NA,NA,NA,NA
"PHJJKLOP_01338",0,NA,NA,NA,NA,NA
"PHJJKLOP_01339",0,NA,NA,NA,NA,NA
"PHJJKLOP_01340",0,NA,NA,NA,NA,NA
"PHJJKLOP_01341",0.50152708699392,-2.96305383236757,3.96270926369603,-0.747734349202272,0.454620408111585,NA
"PHJJKLOP_01342",0,NA,NA,NA,NA,NA
"PHJJKLOP_01343",0,NA,NA,NA,NA,NA
"PHJJKLOP_01344",0.203137791220024,-1.82321180907035,4.02035952661402,-0.453494717823378,0.650192546068365,NA
"PHJJKLOP_01346",0,NA,NA,NA,NA,NA
"PHJJKLOP_01347",0,NA,NA,NA,NA,NA
"PHJJKLOP_01348",0,NA,NA,NA,NA,NA
"PHJJKLOP_01349",0.540144302672418,3.37312061013078,3.96183187598521,0.851404278555351,0.394544815845662,NA
"PHJJKLOP_01352",0,NA,NA,NA,NA,NA
"PHJJKLOP_01353",0,NA,NA,NA,NA,NA
"PHJJKLOP_01354",0,NA,NA,NA,NA,NA
"PHJJKLOP_01355",0,NA,NA,NA,NA,NA
"PHJJKLOP_01356",0,NA,NA,NA,NA,NA
"PHJJKLOP_01357",0,NA,NA,NA,NA,NA
"PHJJKLOP_01359",0,NA,NA,NA,NA,NA
"PHJJKLOP_01360",0.110020488709367,0,4.08052381408439,0,1,NA
"PHJJKLOP_01362",0,NA,NA,NA,NA,NA
"PHJJKLOP_01363",0,NA,NA,NA,NA,NA
"PHJJKLOP_01364",0,NA,NA,NA,NA,NA
"PHJJKLOP_01365",0,NA,NA,NA,NA,NA
"PHJJKLOP_01366",0,NA,NA,NA,NA,NA
"PHJJKLOP_01367",0,NA,NA,NA,NA,NA
"PHJJKLOP_01368",2.91677923443105,5.80327540530017,3.91707816966632,1.48153168099643,0.138464949144968,NA
"PHJJKLOP_01369",0,NA,NA,NA,NA,NA
"PHJJKLOP_01372",0,NA,NA,NA,NA,NA
"PHJJKLOP_01373",0,NA,NA,NA,NA,NA
"PHJJKLOP_01375",0,NA,NA,NA,NA,NA
"PHJJKLOP_01376",0,NA,NA,NA,NA,NA
"PHJJKLOP_01377",0,NA,NA,NA,NA,NA
"PHJJKLOP_01378",0,NA,NA,NA,NA,NA
"PHJJKLOP_01379",0,NA,NA,NA,NA,NA
"PHJJKLOP_01380",0,NA,NA,NA,NA,NA
"PHJJKLOP_01381",0,NA,NA,NA,NA,NA
"PHJJKLOP_01382",0,NA,NA,NA,NA,NA
"PHJJKLOP_01383",0,NA,NA,NA,NA,NA
"PHJJKLOP_01384",0,NA,NA,NA,NA,NA
"PHJJKLOP_01385",0,NA,NA,NA,NA,NA
"PHJJKLOP_01386",0,NA,NA,NA,NA,NA
"PHJJKLOP_01387",0,NA,NA,NA,NA,NA
"PHJJKLOP_01389",0,NA,NA,NA,NA,NA
"PHJJKLOP_01390",0,NA,NA,NA,NA,NA
"PHJJKLOP_01391",0,NA,NA,NA,NA,NA
"PHJJKLOP_01392",16.0174941119535,0,4.08052381408439,0,NA,NA
"PHJJKLOP_01393",0,NA,NA,NA,NA,NA
"PHJJKLOP_01394",0,NA,NA,NA,NA,NA
"PHJJKLOP_01395",0,NA,NA,NA,NA,NA
"PHJJKLOP_01396",0,NA,NA,NA,NA,NA
"PHJJKLOP_01397",0,NA,NA,NA,NA,NA
"PHJJKLOP_01398",0,NA,NA,NA,NA,NA
"PHJJKLOP_01399",0,NA,NA,NA,NA,NA
"PHJJKLOP_01400",0,NA,NA,NA,NA,NA
"PHJJKLOP_01401",0,NA,NA,NA,NA,NA
"PHJJKLOP_01402",0,NA,NA,NA,NA,NA
"PHJJKLOP_01403",0,NA,NA,NA,NA,NA
"PHJJKLOP_01407",0.406275582440048,-2.74653940721918,3.97157799519816,-0.691548651578766,0.489220817722869,NA
"PHJJKLOP_01409",0,NA,NA,NA,NA,NA
"PHJJKLOP_01410",0,NA,NA,NA,NA,NA
"PHJJKLOP_01411",0,NA,NA,NA,NA,NA
"PHJJKLOP_01412",0,NA,NA,NA,NA,NA
"PHJJKLOP_01413",0,NA,NA,NA,NA,NA
"PHJJKLOP_01414",0,NA,NA,NA,NA,NA
"PHJJKLOP_01415",0,NA,NA,NA,NA,NA
"PHJJKLOP_01417",0,NA,NA,NA,NA,NA
"PHJJKLOP_01419",6.50040931904076,-6.71527125114298,3.91102678277119,-1.71700978390765,NA,NA
"PHJJKLOP_01421",0,NA,NA,NA,NA,NA
"PHJJKLOP_01422",0,NA,NA,NA,NA,NA
"PHJJKLOP_01423",0,NA,NA,NA,NA,NA
"PHJJKLOP_01424",0,NA,NA,NA,NA,NA
"PHJJKLOP_01425",0,NA,NA,NA,NA,NA
"PHJJKLOP_01426",0,NA,NA,NA,NA,NA
"PHJJKLOP_01428",0,NA,NA,NA,NA,NA
"PHJJKLOP_01429",0,NA,NA,NA,NA,NA
"PHJJKLOP_01430",0,NA,NA,NA,NA,NA
"PHJJKLOP_01431",0,NA,NA,NA,NA,NA
"PHJJKLOP_01432",0,NA,NA,NA,NA,NA
"PHJJKLOP_01433",0,NA,NA,NA,NA,NA
"PHJJKLOP_01434",0,NA,NA,NA,NA,NA
"PHJJKLOP_01435",0,NA,NA,NA,NA,NA
"PHJJKLOP_01436",0,NA,NA,NA,NA,NA
"PHJJKLOP_01437",0,NA,NA,NA,NA,NA
"PHJJKLOP_01438",0,NA,NA,NA,NA,NA
"PHJJKLOP_01440",0,NA,NA,NA,NA,NA
"PHJJKLOP_01441",0,NA,NA,NA,NA,NA
"PHJJKLOP_01442",0.690045900582356,-1.15482608967695,3.92347028327867,-0.294337921864393,0.768499697904443,NA
"PHJJKLOP_01443",0,NA,NA,NA,NA,NA
"PHJJKLOP_01444",0,NA,NA,NA,NA,NA
"PHJJKLOP_01445",0,NA,NA,NA,NA,NA
"PHJJKLOP_01448",17.7394527380504,7.77486144243442,3.51396670354511,2.21255979306539,NA,NA
"PHJJKLOP_01449",0,NA,NA,NA,NA,NA
"PHJJKLOP_01450",0,NA,NA,NA,NA,NA
"PHJJKLOP_01451",0,NA,NA,NA,NA,NA
"PHJJKLOP_01452",0,NA,NA,NA,NA,NA
"PHJJKLOP_01453",0.795285759964318,2.62956022778178,3.95395044230927,0.665046329272152,0.50602086107883,NA
"PHJJKLOP_01454",0,NA,NA,NA,NA,NA
"PHJJKLOP_01455",7.67004909794833,7.19770572920423,3.91071721676412,1.84050784811281,NA,NA
"PHJJKLOP_01457",0,NA,NA,NA,NA,NA
"PHJJKLOP_01458",7.07310437120665,7.08108049081545,3.91104628621185,1.81053354335881,NA,NA
"PHJJKLOP_01459",0,NA,NA,NA,NA,NA
"PHJJKLOP_01460",0,NA,NA,NA,NA,NA
"PHJJKLOP_01461",0,NA,NA,NA,NA,NA
"PHJJKLOP_01463",0,NA,NA,NA,NA,NA
"PHJJKLOP_01464",0,NA,NA,NA,NA,NA
"PHJJKLOP_01465",9.56949414927959,26.192801570103,3.90994168705029,6.69902614068476,NA,NA
"PHJJKLOP_01467",0,NA,NA,NA,NA,NA
"PHJJKLOP_01469",0,NA,NA,NA,NA,NA
"PHJJKLOP_01470",0,NA,NA,NA,NA,NA
"PHJJKLOP_01472",0,NA,NA,NA,NA,NA
"PHJJKLOP_01473",0,NA,NA,NA,NA,NA
"PHJJKLOP_01475",0,NA,NA,NA,NA,NA
"PHJJKLOP_01476",0,NA,NA,NA,NA,NA
"PHJJKLOP_01477",37.4864697613844,-1.98355810294622,3.7301226465986,-0.531767529079768,NA,NA
"PHJJKLOP_01478",1.01568895610012,-4.04928049174878,3.93338936595361,-1.02946342581751,0.303261957873564,NA
"PHJJKLOP_01479",2.72172785675153,2.63821381490235,3.99794043092935,0.659893227645985,0.509322350524143,NA
"PHJJKLOP_01480",0,NA,NA,NA,NA,NA
"PHJJKLOP_01481",0,NA,NA,NA,NA,NA
"PHJJKLOP_01484",0,NA,NA,NA,NA,NA
"PHJJKLOP_01485",0,NA,NA,NA,NA,NA
"PHJJKLOP_01487",0,NA,NA,NA,NA,NA
"PHJJKLOP_01488",0,NA,NA,NA,NA,NA
"PHJJKLOP_01489",0,NA,NA,NA,NA,NA
"PHJJKLOP_01490",0,NA,NA,NA,NA,NA
"PHJJKLOP_01492",0,NA,NA,NA,NA,NA
"PHJJKLOP_01493",0,NA,NA,NA,NA,NA
"PHJJKLOP_01495",1.65030733064051,0,4.08052381408439,0,1,NA
"PHJJKLOP_01496",0,NA,NA,NA,NA,NA
"PHJJKLOP_01497",0,NA,NA,NA,NA,NA
"PHJJKLOP_01498",0,NA,NA,NA,NA,NA
"PHJJKLOP_01499",0,NA,NA,NA,NA,NA
"PHJJKLOP_01500",0,NA,NA,NA,NA,NA
"PHJJKLOP_01502",0,NA,NA,NA,NA,NA
"PHJJKLOP_01503",14.8743224276846,24.4535337344611,3.90882386846751,6.25598250454,NA,NA
"PHJJKLOP_01504",0,NA,NA,NA,NA,NA
"PHJJKLOP_01506",3.01894074954083,-2.27459134052452,2.95572402999276,-0.76955470722011,0.441564080971723,NA
"PHJJKLOP_01507",0,NA,NA,NA,NA,NA
"PHJJKLOP_01508",0,NA,NA,NA,NA,NA
"PHJJKLOP_01509",0,NA,NA,NA,NA,NA
"PHJJKLOP_01511",0.0988734204441573,0,4.08052381408439,0,1,NA
"PHJJKLOP_01512",0,NA,NA,NA,NA,NA
"PHJJKLOP_01513",0,NA,NA,NA,NA,NA
"PHJJKLOP_01514",0,NA,NA,NA,NA,NA
"PHJJKLOP_01515",0.999264736443382,-1.07007702833948,3.86111378285794,-0.27714206017193,0.781671026840713,NA
"PHJJKLOP_01516",0,NA,NA,NA,NA,NA
"PHJJKLOP_01517",0,NA,NA,NA,NA,NA
"PHJJKLOP_01518",0,NA,NA,NA,NA,NA
"PHJJKLOP_01519",20.4652170694516,1.22817738361405,3.65744516747956,0.335801994937471,NA,NA
"PHJJKLOP_01521",0,NA,NA,NA,NA,NA
"PHJJKLOP_01522",0,NA,NA,NA,NA,NA
"PHJJKLOP_01523",0,NA,NA,NA,NA,NA
"PHJJKLOP_01525",0,NA,NA,NA,NA,NA
"PHJJKLOP_01526",0,NA,NA,NA,NA,NA
"PHJJKLOP_01528",0,NA,NA,NA,NA,NA
"PHJJKLOP_01529",0.790987363553258,0,4.08052381408439,0,1,NA
"PHJJKLOP_01530",0,NA,NA,NA,NA,NA
"PHJJKLOP_01531",0.203137791220024,-1.82321180907035,4.02035952661402,-0.453494717823378,0.650192546068365,NA
"PHJJKLOP_01532",0,NA,NA,NA,NA,NA
"PHJJKLOP_01533",0,NA,NA,NA,NA,NA
"PHJJKLOP_01535",0,NA,NA,NA,NA,NA
"PHJJKLOP_01536",0,NA,NA,NA,NA,NA
"PHJJKLOP_01538",0,NA,NA,NA,NA,NA
"PHJJKLOP_01539",0,NA,NA,NA,NA,NA
"PHJJKLOP_01540",0,NA,NA,NA,NA,NA
"PHJJKLOP_01543",0,NA,NA,NA,NA,NA
"PHJJKLOP_01545",0,NA,NA,NA,NA,NA
"PHJJKLOP_01546",0,NA,NA,NA,NA,NA
"PHJJKLOP_01547",0,NA,NA,NA,NA,NA
"PHJJKLOP_01548",0,NA,NA,NA,NA,NA
"PHJJKLOP_01549",0,NA,NA,NA,NA,NA
"PHJJKLOP_01550",0,NA,NA,NA,NA,NA
"PHJJKLOP_01551",0,NA,NA,NA,NA,NA
"PHJJKLOP_01552",0,NA,NA,NA,NA,NA
"PHJJKLOP_01553",130.164725294299,-0.827523431648454,2.17109357593621,-0.38115511962289,NA,NA
"PHJJKLOP_01554",0,NA,NA,NA,NA,NA
"PHJJKLOP_01555",0,NA,NA,NA,NA,NA
"PHJJKLOP_01556",0,NA,NA,NA,NA,NA
"PHJJKLOP_01558",0.216057721068967,2.05558959307993,4.0424860936357,0.508496391939642,0.611105268781378,NA
"PHJJKLOP_01559",0,NA,NA,NA,NA,NA
"PHJJKLOP_01560",0,NA,NA,NA,NA,NA
"PHJJKLOP_01561",2.53047124031544,0,4.08052381408439,0,1,NA
"PHJJKLOP_01562",0,NA,NA,NA,NA,NA
"PHJJKLOP_01564",0,NA,NA,NA,NA,NA
"PHJJKLOP_01565",0,NA,NA,NA,NA,NA
"PHJJKLOP_01566",0,NA,NA,NA,NA,NA
"PHJJKLOP_01567",0,NA,NA,NA,NA,NA
"PHJJKLOP_01568",0,NA,NA,NA,NA,NA
"PHJJKLOP_01569",0,NA,NA,NA,NA,NA
"PHJJKLOP_01570",13.9028950799687,20.3745103680282,3.88428814596936,5.24536532882361,NA,NA
"PHJJKLOP_01571",0,NA,NA,NA,NA,NA
"PHJJKLOP_01573",0,NA,NA,NA,NA,NA
"PHJJKLOP_01575",0,NA,NA,NA,NA,NA
"PHJJKLOP_01576",0.32408658160345,2.63821751331185,3.9979429600613,0.659893735270149,0.509322024744802,NA
"PHJJKLOP_01579",0,NA,NA,NA,NA,NA
"PHJJKLOP_01580",0,NA,NA,NA,NA,NA
"PHJJKLOP_01581",0,NA,NA,NA,NA,NA
"PHJJKLOP_01582",0,NA,NA,NA,NA,NA
"PHJJKLOP_01585",0,NA,NA,NA,NA,NA
"PHJJKLOP_01586",0,NA,NA,NA,NA,NA
"PHJJKLOP_01587",0,NA,NA,NA,NA,NA
"PHJJKLOP_01588",0,NA,NA,NA,NA,NA
"PHJJKLOP_01589",0,NA,NA,NA,NA,NA
"PHJJKLOP_01590",0,NA,NA,NA,NA,NA
"PHJJKLOP_01591",8.31327436575122,1.6783422462228,3.61355339506208,0.464457574783939,NA,NA
"PHJJKLOP_01592",0,NA,NA,NA,NA,NA
"PHJJKLOP_01593",0,NA,NA,NA,NA,NA
"PHJJKLOP_01594",0,NA,NA,NA,NA,NA
"PHJJKLOP_01595",0,NA,NA,NA,NA,NA
"PHJJKLOP_01596",4.85621192377943,-4.30266502969807,3.24963401173426,-1.32404603538779,NA,NA
"PHJJKLOP_01597",0,NA,NA,NA,NA,NA
"PHJJKLOP_01598",0,NA,NA,NA,NA,NA
"PHJJKLOP_01599",0.239764127514808,0,4.08052381408439,0,1,NA
"PHJJKLOP_01600",25.6702747311,-0.194288695537903,3.72973256587847,-0.0520918570182102,NA,NA
"PHJJKLOP_01601",0,NA,NA,NA,NA,NA
"PHJJKLOP_01602",0,NA,NA,NA,NA,NA
"PHJJKLOP_01603",0,NA,NA,NA,NA,NA
"PHJJKLOP_01604",0,NA,NA,NA,NA,NA
"PHJJKLOP_01606",18.4275763928328,-1.16424970639442,3.65303005638456,-0.318707946122593,NA,NA
"PHJJKLOP_01607",0,NA,NA,NA,NA,NA
"PHJJKLOP_01609",0,NA,NA,NA,NA,NA
"PHJJKLOP_01610",0,NA,NA,NA,NA,NA
"PHJJKLOP_01611",0,NA,NA,NA,NA,NA
"PHJJKLOP_01613",0,NA,NA,NA,NA,NA
"PHJJKLOP_01614",0,NA,NA,NA,NA,NA
"PHJJKLOP_01615",0,NA,NA,NA,NA,NA
"PHJJKLOP_01616",0,NA,NA,NA,NA,NA
"PHJJKLOP_01617",0,NA,NA,NA,NA,NA
"PHJJKLOP_01618",0,NA,NA,NA,NA,NA
"PHJJKLOP_01619",0,NA,NA,NA,NA,NA
"PHJJKLOP_01625",0,NA,NA,NA,NA,NA
"PHJJKLOP_01626",0,NA,NA,NA,NA,NA
"PHJJKLOP_01627",0,NA,NA,NA,NA,NA
"PHJJKLOP_01628",0,NA,NA,NA,NA,NA
"PHJJKLOP_01629",0,NA,NA,NA,NA,NA
"PHJJKLOP_01630",0,NA,NA,NA,NA,NA
"PHJJKLOP_01631",0,NA,NA,NA,NA,NA
"PHJJKLOP_01632",0,NA,NA,NA,NA,NA
"PHJJKLOP_01633",0,NA,NA,NA,NA,NA
"PHJJKLOP_01636",0,NA,NA,NA,NA,NA
"PHJJKLOP_01638",0,NA,NA,NA,NA,NA
"PHJJKLOP_01640",0,NA,NA,NA,NA,NA
"PHJJKLOP_01641",0,NA,NA,NA,NA,NA
"PHJJKLOP_01642",0,NA,NA,NA,NA,NA
"PHJJKLOP_01643",0,NA,NA,NA,NA,NA
"PHJJKLOP_01644",0,NA,NA,NA,NA,NA
"PHJJKLOP_01645",0,NA,NA,NA,NA,NA
"PHJJKLOP_01646",0,NA,NA,NA,NA,NA
"PHJJKLOP_01647",0,NA,NA,NA,NA,NA
"PHJJKLOP_01648",0,NA,NA,NA,NA,NA
"PHJJKLOP_01649",0,NA,NA,NA,NA,NA
"PHJJKLOP_01650",0,NA,NA,NA,NA,NA
"PHJJKLOP_01651",0,NA,NA,NA,NA,NA
"PHJJKLOP_01653",0,NA,NA,NA,NA,NA
"PHJJKLOP_01656",0,NA,NA,NA,NA,NA
"PHJJKLOP_01657",0,NA,NA,NA,NA,NA
"PHJJKLOP_01658",0,NA,NA,NA,NA,NA
"PHJJKLOP_01660",2.26860607122415,5.44089892668483,3.92000589252754,1.38798233366345,0.165142424690947,NA
"PHJJKLOP_01661",9.8237120564315,-5.04242199962581,3.87655159654662,-1.30074935778432,NA,NA
"PHJJKLOP_01663",0,NA,NA,NA,NA,NA
"PHJJKLOP_01664",0,NA,NA,NA,NA,NA
"PHJJKLOP_01665",0,NA,NA,NA,NA,NA
"PHJJKLOP_01666",0,NA,NA,NA,NA,NA
"PHJJKLOP_01667",0,NA,NA,NA,NA,NA
"PHJJKLOP_01670",0,NA,NA,NA,NA,NA
"PHJJKLOP_01671",0,NA,NA,NA,NA,NA
"PHJJKLOP_01672",0,NA,NA,NA,NA,NA
"PHJJKLOP_01675",0.318914397862891,0,4.08052381408439,0,1,NA
"PHJJKLOP_01676",0,NA,NA,NA,NA,NA
"PHJJKLOP_01677",0,NA,NA,NA,NA,NA
"PHJJKLOP_01678",2.31201768106571,-2.18767067982401,3.81421149755666,-0.573557780218903,0.566267088739542,NA
"PHJJKLOP_01680",0,NA,NA,NA,NA,NA
"PHJJKLOP_01681",0,NA,NA,NA,NA,NA
"PHJJKLOP_01682",6.6422763510771,3.63572627011372,3.87664027411576,0.937854949913557,NA,NA
"PHJJKLOP_01683",0.135425194146683,-1.38296253698121,4.04131707155564,-0.342205897853212,0.732195947041088,NA
"PHJJKLOP_01685",0,NA,NA,NA,NA,NA
"PHJJKLOP_01687",0.234888292737981,-1.79959924879354,4.02134037974333,-0.447512291637547,0.654505215013475,NA
"PHJJKLOP_01688",0,NA,NA,NA,NA,NA
"PHJJKLOP_01689",0,NA,NA,NA,NA,NA
"PHJJKLOP_01690",0,NA,NA,NA,NA,NA
"PHJJKLOP_01692",2.39403546680594,5.51528651292151,3.91934368990723,1.4071964464673,0.159369145076736,NA
"PHJJKLOP_01693",0,NA,NA,NA,NA,NA
"PHJJKLOP_01694",0,NA,NA,NA,NA,NA
"PHJJKLOP_01695",0,NA,NA,NA,NA,NA
"PHJJKLOP_01696",0,NA,NA,NA,NA,NA
"PHJJKLOP_01697",0,NA,NA,NA,NA,NA
"PHJJKLOP_01698",0,NA,NA,NA,NA,NA
"PHJJKLOP_01699",0,NA,NA,NA,NA,NA
"PHJJKLOP_01700",0,NA,NA,NA,NA,NA
"PHJJKLOP_01702",0.880163909674936,0,4.08052381408439,0,1,NA
"PHJJKLOP_01703",0,NA,NA,NA,NA,NA
"PHJJKLOP_01704",0,NA,NA,NA,NA,NA
"PHJJKLOP_01705",0,NA,NA,NA,NA,NA
"PHJJKLOP_01706",0,NA,NA,NA,NA,NA
"PHJJKLOP_01712",0,NA,NA,NA,NA,NA
"PHJJKLOP_01713",0,NA,NA,NA,NA,NA
"PHJJKLOP_01714",0.89979049394463,3.37311811883438,3.96183116177034,0.85140380321687,0.394545079804023,NA
"PHJJKLOP_01715",0,NA,NA,NA,NA,NA
"PHJJKLOP_01716",0,NA,NA,NA,NA,NA
"PHJJKLOP_01717",0,NA,NA,NA,NA,NA
"PHJJKLOP_01719",0,NA,NA,NA,NA,NA
"PHJJKLOP_01720",0.660122932256202,0,4.08052381408439,0,1,NA
"PHJJKLOP_01722",0,NA,NA,NA,NA,NA
"PHJJKLOP_01723",2.09909050927358,-5.08932236858205,3.91979322951502,-1.29836500820012,0.194161937361698,NA
"PHJJKLOP_01724",0,NA,NA,NA,NA,NA
"PHJJKLOP_01725",0,NA,NA,NA,NA,NA
"PHJJKLOP_01726",0,NA,NA,NA,NA,NA
"PHJJKLOP_01727",0,NA,NA,NA,NA,NA
"PHJJKLOP_01728",0,NA,NA,NA,NA,NA
"PHJJKLOP_01729",0,NA,NA,NA,NA,NA
"PHJJKLOP_01730",0,NA,NA,NA,NA,NA
"PHJJKLOP_01731",0,NA,NA,NA,NA,NA
"PHJJKLOP_01732",0,NA,NA,NA,NA,NA
"PHJJKLOP_01733",0.239764127514808,0,4.08052381408439,0,1,NA
"PHJJKLOP_01734",0,NA,NA,NA,NA,NA
"PHJJKLOP_01735",0,NA,NA,NA,NA,NA
"PHJJKLOP_01737",0,NA,NA,NA,NA,NA
"PHJJKLOP_01738",16.5041749571606,3.66545329410445,3.0431479066888,1.20449396693727,NA,NA
"PHJJKLOP_01739",0,NA,NA,NA,NA,NA
"PHJJKLOP_01740",0,NA,NA,NA,NA,NA
"PHJJKLOP_01741",0,NA,NA,NA,NA,NA
"PHJJKLOP_01744",0,NA,NA,NA,NA,NA
"PHJJKLOP_01745",0,NA,NA,NA,NA,NA
"PHJJKLOP_01747",0,NA,NA,NA,NA,NA
"PHJJKLOP_01748",0,NA,NA,NA,NA,NA
"PHJJKLOP_01749",0,NA,NA,NA,NA,NA
"PHJJKLOP_01750",1.43026635322177,0,4.08052381408439,0,1,NA
"PHJJKLOP_01751",0,NA,NA,NA,NA,NA
"PHJJKLOP_01752",2.62655033180062,3.85759769685058,3.94621785562904,0.977543014090809,0.328300393622566,NA
"PHJJKLOP_01753",0,NA,NA,NA,NA,NA
"PHJJKLOP_01754",0,NA,NA,NA,NA,NA
"PHJJKLOP_01755",0,NA,NA,NA,NA,NA
"PHJJKLOP_01757",0,NA,NA,NA,NA,NA
"PHJJKLOP_01758",0,NA,NA,NA,NA,NA
"PHJJKLOP_01759",0,NA,NA,NA,NA,NA
"PHJJKLOP_01760",0,NA,NA,NA,NA,NA
"PHJJKLOP_01761",0,NA,NA,NA,NA,NA
"PHJJKLOP_01762",0,NA,NA,NA,NA,NA
"PHJJKLOP_01763",0,NA,NA,NA,NA,NA
"PHJJKLOP_01764",0,NA,NA,NA,NA,NA
"PHJJKLOP_01765",0,NA,NA,NA,NA,NA
"PHJJKLOP_01767",0,NA,NA,NA,NA,NA
"PHJJKLOP_01768",0,NA,NA,NA,NA,NA
"PHJJKLOP_01769",0,NA,NA,NA,NA,NA
"PHJJKLOP_01770",0,NA,NA,NA,NA,NA
"PHJJKLOP_01771",12.230595548555,-0.413875290263138,3.62177299487577,-0.114274221727509,NA,NA
"PHJJKLOP_01772",0,NA,NA,NA,NA,NA
"PHJJKLOP_01773",0,NA,NA,NA,NA,NA
"PHJJKLOP_01774",0,NA,NA,NA,NA,NA
"PHJJKLOP_01776",0,NA,NA,NA,NA,NA
"PHJJKLOP_01777",0,NA,NA,NA,NA,NA
"PHJJKLOP_01778",0,NA,NA,NA,NA,NA
"PHJJKLOP_01779",0,NA,NA,NA,NA,NA
"PHJJKLOP_01780",0,NA,NA,NA,NA,NA
"PHJJKLOP_01782",0,NA,NA,NA,NA,NA
"PHJJKLOP_01785",0,NA,NA,NA,NA,NA
"PHJJKLOP_01787",0,NA,NA,NA,NA,NA
"PHJJKLOP_01788",0,NA,NA,NA,NA,NA
"PHJJKLOP_01789",0,NA,NA,NA,NA,NA
"PHJJKLOP_01790",0,NA,NA,NA,NA,NA
"PHJJKLOP_01791",0.270850388293365,-2.17572872296281,4.00210676099862,-0.543645847773415,0.586685203515902,NA
"PHJJKLOP_01792",0,NA,NA,NA,NA,NA
"PHJJKLOP_01793",0,NA,NA,NA,NA,NA
"PHJJKLOP_01794",0,NA,NA,NA,NA,NA
"PHJJKLOP_01795",0,NA,NA,NA,NA,NA
"PHJJKLOP_01798",0,NA,NA,NA,NA,NA
"PHJJKLOP_01799",2.79533643307948,0.408430887929477,2.31095592690634,0.176736770777035,0.85971515659867,NA
"PHJJKLOP_01800",0,NA,NA,NA,NA,NA
"PHJJKLOP_01801",0,NA,NA,NA,NA,NA
"PHJJKLOP_01802",0,NA,NA,NA,NA,NA
"PHJJKLOP_01803",0,NA,NA,NA,NA,NA
"PHJJKLOP_01804",1.3202458645124,0,4.08052381408439,0,1,NA
"PHJJKLOP_01805",1.62043290801725,4.95581577701755,3.92526804080046,1.26254200363014,0.206753821912005,NA
"PHJJKLOP_01806",0,NA,NA,NA,NA,NA
"PHJJKLOP_01807",0,NA,NA,NA,NA,NA
"PHJJKLOP_01808",0,NA,NA,NA,NA,NA
"PHJJKLOP_01811",2.5926926528276,5.63343536100292,3.91835942874867,1.43770255471483,0.15051846793531,NA
"PHJJKLOP_01812",0.32408658160345,2.63821751331185,3.9979429600613,0.659893735270149,0.509322024744802,NA
"PHJJKLOP_01813",0,NA,NA,NA,NA,NA
"PHJJKLOP_01814",0,NA,NA,NA,NA,NA
"PHJJKLOP_01815",0,NA,NA,NA,NA,NA
"PHJJKLOP_01817",0,NA,NA,NA,NA,NA
"PHJJKLOP_01818",0,NA,NA,NA,NA,NA
"PHJJKLOP_01819",0,NA,NA,NA,NA,NA
"PHJJKLOP_01820",0,NA,NA,NA,NA,NA
"PHJJKLOP_01821",0,NA,NA,NA,NA,NA
"PHJJKLOP_01822",0,NA,NA,NA,NA,NA
"PHJJKLOP_01823",0,NA,NA,NA,NA,NA
"PHJJKLOP_01824",0,NA,NA,NA,NA,NA
"PHJJKLOP_01825",0,NA,NA,NA,NA,NA
"PHJJKLOP_01826",0,NA,NA,NA,NA,NA
"PHJJKLOP_01827",0,NA,NA,NA,NA,NA
"PHJJKLOP_01828",2.13473735099178,2.05649667384152,3.81070330644392,0.539663287447222,0.589429262637988,NA
"PHJJKLOP_01830",0,NA,NA,NA,NA,NA
"PHJJKLOP_01832",0,NA,NA,NA,NA,NA
"PHJJKLOP_01833",0,NA,NA,NA,NA,NA
"PHJJKLOP_01834",0,NA,NA,NA,NA,NA
"PHJJKLOP_01836",9.84967548482859,-0.379879857960409,3.59298443897404,-0.105728222432514,NA,NA
"PHJJKLOP_01837",6.09413373660072,-6.62231780447945,3.91130721121766,-1.69312136502257,NA,NA
"PHJJKLOP_01840",0,NA,NA,NA,NA,NA
"PHJJKLOP_01841",0,NA,NA,NA,NA,NA
"PHJJKLOP_01843",0,NA,NA,NA,NA,NA
"PHJJKLOP_01844",0,NA,NA,NA,NA,NA
"PHJJKLOP_01846",0,NA,NA,NA,NA,NA
"PHJJKLOP_01848",2.64049172902481,0,4.08052381408439,0,1,NA
"PHJJKLOP_01851",0,NA,NA,NA,NA,NA
"PHJJKLOP_01852",0,NA,NA,NA,NA,NA
"PHJJKLOP_01853",2.81862153956674,0.11330787686737,3.49952479774886,0.0323780751433046,0.974170546820555,NA
"PHJJKLOP_01854",0,NA,NA,NA,NA,NA
"PHJJKLOP_01855",0,NA,NA,NA,NA,NA
"PHJJKLOP_01856",0,NA,NA,NA,NA,NA
"PHJJKLOP_01857",0,NA,NA,NA,NA,NA
"PHJJKLOP_01859",0,NA,NA,NA,NA,NA
"PHJJKLOP_01860",0,NA,NA,NA,NA,NA
"PHJJKLOP_01861",0,NA,NA,NA,NA,NA
"PHJJKLOP_01862",0.0750197949822146,-0.717122931731708,4.08036077501795,-0.175749883716729,0.860490443656887,NA
"PHJJKLOP_01863",0,NA,NA,NA,NA,NA
"PHJJKLOP_01864",1.75110419643419,-3.76032296124317,3.92353634490256,-0.958401459981012,0.337860359319141,NA
"PHJJKLOP_01865",0,NA,NA,NA,NA,NA
"PHJJKLOP_01867",0,NA,NA,NA,NA,NA
"PHJJKLOP_01869",0,NA,NA,NA,NA,NA
"PHJJKLOP_01870",0,NA,NA,NA,NA,NA
"PHJJKLOP_01871",0,NA,NA,NA,NA,NA
"PHJJKLOP_01872",0,NA,NA,NA,NA,NA
"PHJJKLOP_01873",0,NA,NA,NA,NA,NA
"PHJJKLOP_01874",0,NA,NA,NA,NA,NA
"PHJJKLOP_01875",0,NA,NA,NA,NA,NA
"PHJJKLOP_01876",0,NA,NA,NA,NA,NA
"PHJJKLOP_01877",0,NA,NA,NA,NA,NA
"PHJJKLOP_01878",0,NA,NA,NA,NA,NA
"PHJJKLOP_01879",0,NA,NA,NA,NA,NA
"PHJJKLOP_01880",0,NA,NA,NA,NA,NA
"PHJJKLOP_01881",0,NA,NA,NA,NA,NA
"PHJJKLOP_01882",0,NA,NA,NA,NA,NA
"PHJJKLOP_01883",0,NA,NA,NA,NA,NA
"PHJJKLOP_01884",0,NA,NA,NA,NA,NA
"PHJJKLOP_01885",5.51286075991107,6.72168878655193,3.91224474957648,1.71811561310923,NA,NA
"PHJJKLOP_01887",0,NA,NA,NA,NA,NA
"PHJJKLOP_01888",0,NA,NA,NA,NA,NA
"PHJJKLOP_01889",0,NA,NA,NA,NA,NA
"PHJJKLOP_01890",0,NA,NA,NA,NA,NA
"PHJJKLOP_01891",0,NA,NA,NA,NA,NA
"PHJJKLOP_01892",0,NA,NA,NA,NA,NA
"PHJJKLOP_01894",0,NA,NA,NA,NA,NA
"PHJJKLOP_01895",0,NA,NA,NA,NA,NA
"PHJJKLOP_01896",0,NA,NA,NA,NA,NA
"PHJJKLOP_01897",0,NA,NA,NA,NA,NA
"PHJJKLOP_01898",0,NA,NA,NA,NA,NA
"PHJJKLOP_01899",0,NA,NA,NA,NA,NA
"PHJJKLOP_01900",0,NA,NA,NA,NA,NA
"PHJJKLOP_01901",0,NA,NA,NA,NA,NA
"PHJJKLOP_01903",0,NA,NA,NA,NA,NA
"PHJJKLOP_01904",0,NA,NA,NA,NA,NA
"PHJJKLOP_01905",0,NA,NA,NA,NA,NA
"PHJJKLOP_01907",0,NA,NA,NA,NA,NA
"PHJJKLOP_01908",0,NA,NA,NA,NA,NA
"PHJJKLOP_01910",0,NA,NA,NA,NA,NA
"PHJJKLOP_01912",0,NA,NA,NA,NA,NA
"PHJJKLOP_01913",0,NA,NA,NA,NA,NA
"PHJJKLOP_01914",0,NA,NA,NA,NA,NA
"PHJJKLOP_01915",0,NA,NA,NA,NA,NA
"PHJJKLOP_01916",0,NA,NA,NA,NA,NA
"PHJJKLOP_01917",0,NA,NA,NA,NA,NA
"PHJJKLOP_01918",0,NA,NA,NA,NA,NA
"PHJJKLOP_01919",0,NA,NA,NA,NA,NA
"PHJJKLOP_01922",0,NA,NA,NA,NA,NA
"PHJJKLOP_01923",0,NA,NA,NA,NA,NA
"PHJJKLOP_01925",0,NA,NA,NA,NA,NA
"PHJJKLOP_01926",0,NA,NA,NA,NA,NA
"PHJJKLOP_01927",0,NA,NA,NA,NA,NA
"PHJJKLOP_01928",0,NA,NA,NA,NA,NA
"PHJJKLOP_01931",1.0782382503066,3.84285086777965,3.94662118271258,0.973706542855575,0.330202267703802,NA
"PHJJKLOP_01933",0,NA,NA,NA,NA,NA
"PHJJKLOP_01934",0.54170077658673,-3.1539019577464,3.95588992562144,-0.797267370186228,0.425295766565687,NA
"PHJJKLOP_01936",0,NA,NA,NA,NA,NA
"PHJJKLOP_01937",0.692113943109101,0,4.08052381408439,0,1,NA
"PHJJKLOP_01939",7.0583143158767,-3.47193519392476,3.86547246339717,-0.898191676903952,NA,NA
"PHJJKLOP_01940",0,NA,NA,NA,NA,NA
"PHJJKLOP_01942",0,NA,NA,NA,NA,NA
"PHJJKLOP_01943",0,NA,NA,NA,NA,NA
"PHJJKLOP_01944",0,NA,NA,NA,NA,NA
"PHJJKLOP_01945",0,NA,NA,NA,NA,NA
"PHJJKLOP_01946",0,NA,NA,NA,NA,NA
"PHJJKLOP_01947",0,NA,NA,NA,NA,NA
"PHJJKLOP_01948",0,NA,NA,NA,NA,NA
"PHJJKLOP_01949",0,NA,NA,NA,NA,NA
"PHJJKLOP_01950",0,NA,NA,NA,NA,NA
"PHJJKLOP_01951",0,NA,NA,NA,NA,NA
"PHJJKLOP_01955",0,NA,NA,NA,NA,NA
"PHJJKLOP_01957",2.50536609171363,-5.34344092175323,3.91770358902377,-1.36392169553714,0.172592211768989,NA
"PHJJKLOP_01958",0,NA,NA,NA,NA,NA
"PHJJKLOP_01959",0,NA,NA,NA,NA,NA
"PHJJKLOP_01960",0,NA,NA,NA,NA,NA
"PHJJKLOP_01961",20.7400233278568,-3.33060442907972,3.23784132624091,-1.02864967535222,NA,NA
"PHJJKLOP_01962",0,NA,NA,NA,NA,NA
"PHJJKLOP_01963",0,NA,NA,NA,NA,NA
"PHJJKLOP_01964",0,NA,NA,NA,NA,NA
"PHJJKLOP_01965",0,NA,NA,NA,NA,NA
"PHJJKLOP_01966",0,NA,NA,NA,NA,NA
"PHJJKLOP_01967",0,NA,NA,NA,NA,NA
"PHJJKLOP_01968",0,NA,NA,NA,NA,NA
"PHJJKLOP_01969",0,NA,NA,NA,NA,NA
"PHJJKLOP_01970",0,NA,NA,NA,NA,NA
"PHJJKLOP_01972",0,NA,NA,NA,NA,NA
"PHJJKLOP_01975",0,NA,NA,NA,NA,NA
"PHJJKLOP_01977",0,NA,NA,NA,NA,NA
"PHJJKLOP_01979",0.409772184816305,1.74713895614371,3.99357823974461,0.437487098351036,0.661758130637544,NA
"PHJJKLOP_01980",0,NA,NA,NA,NA,NA
"PHJJKLOP_01981",0,NA,NA,NA,NA,NA
"PHJJKLOP_01982",0,NA,NA,NA,NA,NA
"PHJJKLOP_01983",10.2446842606496,1.19007777595674,3.70368738844975,0.321322414971655,NA,NA
"PHJJKLOP_01984",0,NA,NA,NA,NA,NA
"PHJJKLOP_01986",0,NA,NA,NA,NA,NA
"PHJJKLOP_01988",0,NA,NA,NA,NA,NA
"PHJJKLOP_01989",0,NA,NA,NA,NA,NA
"PHJJKLOP_01990",0,NA,NA,NA,NA,NA
"PHJJKLOP_01991",7.79233414423126,0,4.08052381408439,0,NA,NA
"PHJJKLOP_01992",0.59941031878702,0,4.08052381408439,0,1,NA
"PHJJKLOP_01993",0,NA,NA,NA,NA,NA
"PHJJKLOP_01994",0,NA,NA,NA,NA,NA
"PHJJKLOP_01995",0,NA,NA,NA,NA,NA
"PHJJKLOP_01996",0,NA,NA,NA,NA,NA
"PHJJKLOP_01997",0,NA,NA,NA,NA,NA
"PHJJKLOP_01998",0,NA,NA,NA,NA,NA
"PHJJKLOP_01999",0,NA,NA,NA,NA,NA
"PHJJKLOP_02000",0,NA,NA,NA,NA,NA
"PHJJKLOP_02001",0,NA,NA,NA,NA,NA
"PHJJKLOP_02002",2.50536609171363,-5.34344092175323,3.91770358902377,-1.36392169553714,0.172592211768989,NA
"PHJJKLOP_02003",0,NA,NA,NA,NA,NA
"PHJJKLOP_02004",0,NA,NA,NA,NA,NA
"PHJJKLOP_02005",0,NA,NA,NA,NA,NA
"PHJJKLOP_02006",0,NA,NA,NA,NA,NA
"PHJJKLOP_02007",0,NA,NA,NA,NA,NA
"PHJJKLOP_02012",0,NA,NA,NA,NA,NA
"PHJJKLOP_02013",2.32171053599489,1.25648402174278,3.11836034303275,0.402930990496367,0.6869989922906,NA
"PHJJKLOP_02014",0,NA,NA,NA,NA,NA
"PHJJKLOP_02015",0,NA,NA,NA,NA,NA
"PHJJKLOP_02016",0,NA,NA,NA,NA,NA
"PHJJKLOP_02017",0,NA,NA,NA,NA,NA
"PHJJKLOP_02018",0,NA,NA,NA,NA,NA
"PHJJKLOP_02019",0,NA,NA,NA,NA,NA
"PHJJKLOP_02020",0,NA,NA,NA,NA,NA
"PHJJKLOP_02021",0,NA,NA,NA,NA,NA
"PHJJKLOP_02022",0,NA,NA,NA,NA,NA
"PHJJKLOP_02023",0,NA,NA,NA,NA,NA
"PHJJKLOP_02024",0,NA,NA,NA,NA,NA
"PHJJKLOP_02025",0,NA,NA,NA,NA,NA
"PHJJKLOP_02027",0,NA,NA,NA,NA,NA
"PHJJKLOP_02028",0,NA,NA,NA,NA,NA
"PHJJKLOP_02029",0,NA,NA,NA,NA,NA
"PHJJKLOP_02031",0,NA,NA,NA,NA,NA
"PHJJKLOP_02032",0,NA,NA,NA,NA,NA
"PHJJKLOP_02033",0,NA,NA,NA,NA,NA
"PHJJKLOP_02034",0,NA,NA,NA,NA,NA
"PHJJKLOP_02037",0,NA,NA,NA,NA,NA
"PHJJKLOP_02039",0,NA,NA,NA,NA,NA
"PHJJKLOP_02040",0,NA,NA,NA,NA,NA
"PHJJKLOP_02041",0,NA,NA,NA,NA,NA
"PHJJKLOP_02043",0,NA,NA,NA,NA,NA
"PHJJKLOP_02044",0,NA,NA,NA,NA,NA
"PHJJKLOP_02045",0,NA,NA,NA,NA,NA
"PHJJKLOP_02046",0,NA,NA,NA,NA,NA
"PHJJKLOP_02048",0,NA,NA,NA,NA,NA
"PHJJKLOP_02049",0,NA,NA,NA,NA,NA
"PHJJKLOP_02051",0,NA,NA,NA,NA,NA
"PHJJKLOP_02053",0,NA,NA,NA,NA,NA
"PHJJKLOP_02055",0,NA,NA,NA,NA,NA
"PHJJKLOP_02056",0,NA,NA,NA,NA,NA
"PHJJKLOP_02057",0,NA,NA,NA,NA,NA
"PHJJKLOP_02058",0,NA,NA,NA,NA,NA
"PHJJKLOP_02059",0,NA,NA,NA,NA,NA
"PHJJKLOP_02060",0,NA,NA,NA,NA,NA
"PHJJKLOP_02061",0,NA,NA,NA,NA,NA
"PHJJKLOP_02063",0,NA,NA,NA,NA,NA
"PHJJKLOP_02064",0,NA,NA,NA,NA,NA
"PHJJKLOP_02066",0,NA,NA,NA,NA,NA
"PHJJKLOP_02067",0,NA,NA,NA,NA,NA
"PHJJKLOP_02068",0,NA,NA,NA,NA,NA
"PHJJKLOP_02069",0,NA,NA,NA,NA,NA
"PHJJKLOP_02070",0,NA,NA,NA,NA,NA
"PHJJKLOP_02071",0,NA,NA,NA,NA,NA
"PHJJKLOP_02072",0.378879248827849,-1.21394003637849,4.00210676099479,-0.303325250642925,0.761642004850116,NA
"PHJJKLOP_02074",1.82961736209011,1.20761116407667,3.54644403614315,0.340513244187544,0.73347005064721,NA
"PHJJKLOP_02076",0,NA,NA,NA,NA,NA
"PHJJKLOP_02078",0.270850388293365,-2.17572872296281,4.00210676099862,-0.543645847773415,0.586685203515902,NA
"PHJJKLOP_02079",0,NA,NA,NA,NA,NA
"PHJJKLOP_02080",0,NA,NA,NA,NA,NA
"PHJJKLOP_02081",0,NA,NA,NA,NA,NA
"PHJJKLOP_02082",0,NA,NA,NA,NA,NA
"PHJJKLOP_02083",0,NA,NA,NA,NA,NA
"PHJJKLOP_02084",0,NA,NA,NA,NA,NA
"PHJJKLOP_02085",0,NA,NA,NA,NA,NA
"PHJJKLOP_02086",0,NA,NA,NA,NA,NA
"PHJJKLOP_02087",0,NA,NA,NA,NA,NA
"PHJJKLOP_02088",0,NA,NA,NA,NA,NA
"PHJJKLOP_02089",0,NA,NA,NA,NA,NA
"PHJJKLOP_02091",14.96417476377,-16.5711466601447,3.8211077000347,-4.33673896707862,NA,NA
"PHJJKLOP_02093",0,NA,NA,NA,NA,NA
"PHJJKLOP_02094",1.55738973268685,-4.66109830031387,3.92425482159798,-1.1877664708878,0.234925427503065,NA
"PHJJKLOP_02095",0,NA,NA,NA,NA,NA
"PHJJKLOP_02096",0,NA,NA,NA,NA,NA
"PHJJKLOP_02101",0,NA,NA,NA,NA,NA
"PHJJKLOP_02102",0,NA,NA,NA,NA,NA
"PHJJKLOP_02103",0,NA,NA,NA,NA,NA
"PHJJKLOP_02104",1.08028860534484,4.37144166669517,3.93445308925424,1.11106717186041,0.266539437057623,NA
"PHJJKLOP_02105",0,NA,NA,NA,NA,NA
"PHJJKLOP_02106",0,NA,NA,NA,NA,NA
"PHJJKLOP_02107",0,NA,NA,NA,NA,NA
"PHJJKLOP_02108",0.0677125970733413,-0.715316873664277,4.08043159981643,-0.175304218724426,0.86084059704069,NA
"PHJJKLOP_02109",2.20040977418734,0,4.08052381408439,0,1,NA
"PHJJKLOP_02110",0,NA,NA,NA,NA,NA
"PHJJKLOP_02111",0,NA,NA,NA,NA,NA
"PHJJKLOP_02112",0,NA,NA,NA,NA,NA
"PHJJKLOP_02113",0,NA,NA,NA,NA,NA
"PHJJKLOP_02114",0,NA,NA,NA,NA,NA
"PHJJKLOP_02115",0,NA,NA,NA,NA,NA
"PHJJKLOP_02116",2.47315357971845,-1.54654331255153,3.54959889869743,-0.435695231120072,0.663057866210624,NA
"PHJJKLOP_02117",0,NA,NA,NA,NA,NA
"PHJJKLOP_02118",0,NA,NA,NA,NA,NA
"PHJJKLOP_02119",0,NA,NA,NA,NA,NA
"PHJJKLOP_02123",0.880163909674936,0,4.08052381408439,0,1,NA
"PHJJKLOP_02124",0,NA,NA,NA,NA,NA
"PHJJKLOP_02125",0,NA,NA,NA,NA,NA
"PHJJKLOP_02127",0,NA,NA,NA,NA,NA
"PHJJKLOP_02128",0,NA,NA,NA,NA,NA
"PHJJKLOP_02129",0,NA,NA,NA,NA,NA
"PHJJKLOP_02132",0,NA,NA,NA,NA,NA
"PHJJKLOP_02133",0,NA,NA,NA,NA,NA
"PHJJKLOP_02134",0.0677125970733413,-0.715316873664277,4.08043159981643,-0.175304218724426,0.86084059704069,NA
"PHJJKLOP_02135",0,NA,NA,NA,NA,NA
"PHJJKLOP_02137",0,NA,NA,NA,NA,NA
"PHJJKLOP_02140",0,NA,NA,NA,NA,NA
"PHJJKLOP_02141",0,NA,NA,NA,NA,NA
"PHJJKLOP_02142",0,NA,NA,NA,NA,NA
"PHJJKLOP_02143",0,NA,NA,NA,NA,NA
"PHJJKLOP_02144",0,NA,NA,NA,NA,NA
"PHJJKLOP_02145",0,NA,NA,NA,NA,NA
"PHJJKLOP_02147",0,NA,NA,NA,NA,NA
"PHJJKLOP_02148",0,NA,NA,NA,NA,NA
"PHJJKLOP_02149",0,NA,NA,NA,NA,NA
"PHJJKLOP_02150",0,NA,NA,NA,NA,NA
"PHJJKLOP_02151",16.5437247985218,0,4.08052381408439,0,NA,NA
"PHJJKLOP_02152",0,NA,NA,NA,NA,NA
"PHJJKLOP_02155",0,NA,NA,NA,NA,NA
"PHJJKLOP_02156",0,NA,NA,NA,NA,NA
"PHJJKLOP_02157",0,NA,NA,NA,NA,NA
"PHJJKLOP_02158",0,NA,NA,NA,NA,NA
"PHJJKLOP_02159",0,NA,NA,NA,NA,NA
"PHJJKLOP_02160",2.80875037389657,5.74885383184811,3.91747246616664,1.46749055200725,0.142242657551531,NA
"PHJJKLOP_02161",20.685846706434,-1.56270456769835,3.28447061101526,-0.475785827541719,NA,NA
"PHJJKLOP_02162",2.91677923443105,5.80327540530017,3.91707816966632,1.48153168099643,0.138464949144968,NA
"PHJJKLOP_02163",0,NA,NA,NA,NA,NA
"PHJJKLOP_02164",0,NA,NA,NA,NA,NA
"PHJJKLOP_02165",0,NA,NA,NA,NA,NA
"PHJJKLOP_02166",0.34587018327558,-2.51764598454414,3.98245522862342,-0.63218437873422,0.527266403657878,NA
"PHJJKLOP_02167",0,NA,NA,NA,NA,NA
"PHJJKLOP_02169",0,NA,NA,NA,NA,NA
"PHJJKLOP_02170",0,NA,NA,NA,NA,NA
"PHJJKLOP_02171",0,NA,NA,NA,NA,NA
"PHJJKLOP_02173",0.880263761953437,-3.84491819922809,3.93739400916833,-0.976513447796967,0.328810087080394,NA
"PHJJKLOP_02174",0,NA,NA,NA,NA,NA
"PHJJKLOP_02175",0,NA,NA,NA,NA,NA
"PHJJKLOP_02176",0,NA,NA,NA,NA,NA
"PHJJKLOP_02177",0.216057721068967,2.05558959307993,4.0424860936357,0.508496391939642,0.611105268781378,NA
"PHJJKLOP_02178",0,NA,NA,NA,NA,NA
"PHJJKLOP_02179",0,NA,NA,NA,NA,NA
"PHJJKLOP_02180",15.4086728675115,1.38326093824706,3.63631930165544,0.380401395888784,NA,NA
"PHJJKLOP_02181",0,NA,NA,NA,NA,NA
"PHJJKLOP_02182",0,NA,NA,NA,NA,NA
"PHJJKLOP_02183",2.43765349464029,-5.30407680109095,3.91800386811401,-1.3537701798248,0.175809710179144,NA
"PHJJKLOP_02185",0,NA,NA,NA,NA,NA
"PHJJKLOP_02186",0,NA,NA,NA,NA,NA
"PHJJKLOP_02187",1.40564835596042,-1.52754723790144,3.98391736597166,-0.38342844431184,0.701402116398481,NA
"PHJJKLOP_02193",41.7332756377706,0.108850956719141,3.02058545951232,0.0360363771123747,NA,NA
"PHJJKLOP_02194",0,NA,NA,NA,NA,NA
"PHJJKLOP_02195",0,NA,NA,NA,NA,NA
"PHJJKLOP_02196",0,NA,NA,NA,NA,NA
"PHJJKLOP_02197",0,NA,NA,NA,NA,NA
"PHJJKLOP_02198",14.7902190698069,-6.96416968260283,3.61654550832062,-1.92564137975875,NA,NA
"PHJJKLOP_02199",0,NA,NA,NA,NA,NA
"PHJJKLOP_02202",0,NA,NA,NA,NA,NA
"PHJJKLOP_02203",0,NA,NA,NA,NA,NA
"PHJJKLOP_02204",0,NA,NA,NA,NA,NA
"PHJJKLOP_02205",0,NA,NA,NA,NA,NA
"PHJJKLOP_02206",0,NA,NA,NA,NA,NA
"PHJJKLOP_02207",0,NA,NA,NA,NA,NA
"PHJJKLOP_02208",7.43268795295905,0,4.08052381408439,0,NA,NA
"PHJJKLOP_02209",0,NA,NA,NA,NA,NA
"PHJJKLOP_02211",1.01568895610012,-4.04928049174878,3.93338936595361,-1.02946342581751,0.303261957873564,NA
"PHJJKLOP_02213",0,NA,NA,NA,NA,NA
"PHJJKLOP_02215",9.12174242200305,3.37334548761224,3.84293475843985,0.877804516510123,NA,NA
"PHJJKLOP_02216",0,NA,NA,NA,NA,NA
"PHJJKLOP_02217",10.0631318266814,5.95521349572653,3.88294842167929,1.53368338927124,NA,NA
"PHJJKLOP_02218",0,NA,NA,NA,NA,NA
"PHJJKLOP_02219",0,NA,NA,NA,NA,NA
"PHJJKLOP_02220",0,NA,NA,NA,NA,NA
"PHJJKLOP_02221",0,NA,NA,NA,NA,NA
"PHJJKLOP_02222",0,NA,NA,NA,NA,NA
"PHJJKLOP_02223",0,NA,NA,NA,NA,NA
"PHJJKLOP_02224",0,NA,NA,NA,NA,NA
"PHJJKLOP_02225",0,NA,NA,NA,NA,NA
"PHJJKLOP_02226",0,NA,NA,NA,NA,NA
"PHJJKLOP_02227",0,NA,NA,NA,NA,NA
"PHJJKLOP_02228",0,NA,NA,NA,NA,NA
"PHJJKLOP_02229",8.94475684787274,-1.46807630466578,3.7028753794684,-0.396469271638448,NA,NA
"PHJJKLOP_02233",0,NA,NA,NA,NA,NA
"PHJJKLOP_02234",0,NA,NA,NA,NA,NA
"PHJJKLOP_02237",0,NA,NA,NA,NA,NA
"PHJJKLOP_02238",0.110020488709367,0,4.08052381408439,0,1,NA
"PHJJKLOP_02239",0,NA,NA,NA,NA,NA
"PHJJKLOP_02240",0,NA,NA,NA,NA,NA
"PHJJKLOP_02241",0,NA,NA,NA,NA,NA
"PHJJKLOP_02242",0,NA,NA,NA,NA,NA
"PHJJKLOP_02244",0,NA,NA,NA,NA,NA
"PHJJKLOP_02245",0,NA,NA,NA,NA,NA
"PHJJKLOP_02247",2.18482501625155,-1.38613050414005,3.75080810804886,-0.369555163636752,0.711713963744761,NA
"PHJJKLOP_02248",5.24029128354034,0,4.08052381408439,0,NA,NA
"PHJJKLOP_02251",0,NA,NA,NA,NA,NA
"PHJJKLOP_02252",0,NA,NA,NA,NA,NA
"PHJJKLOP_02253",0,NA,NA,NA,NA,NA
"PHJJKLOP_02254",0,NA,NA,NA,NA,NA
"PHJJKLOP_02257",0,NA,NA,NA,NA,NA
"PHJJKLOP_02258",0,NA,NA,NA,NA,NA
"PHJJKLOP_02259",0,NA,NA,NA,NA,NA
"PHJJKLOP_02260",17.9927782239025,0.0931616024046646,3.72673720007814,0.024998167942379,NA,NA
"PHJJKLOP_02263",0,NA,NA,NA,NA,NA
"PHJJKLOP_02264",13.8814040965351,-0.0520292708896968,3.51124408470142,-0.0148179020411568,NA,NA
"PHJJKLOP_02266",0.108028860534484,1.20760870447799,4.08052381408439,0.295944530530564,0.767272442967984,NA
"PHJJKLOP_02267",1.01568895610012,-4.04928049174878,3.93338936595361,-1.02946342581751,0.303261957873564,NA
"PHJJKLOP_02268",4.10307208786162,-5.05283703486549,3.81734960547332,-1.32365058406511,NA,NA
"PHJJKLOP_02269",0.108028860534484,1.20760870447799,4.08052381408439,0.295944530530564,0.767272442967984,NA
"PHJJKLOP_02270",0,NA,NA,NA,NA,NA
"PHJJKLOP_02271",0,NA,NA,NA,NA,NA
"PHJJKLOP_02275",0,NA,NA,NA,NA,NA
"PHJJKLOP_02276",0,NA,NA,NA,NA,NA
"PHJJKLOP_02277",0,NA,NA,NA,NA,NA
"PHJJKLOP_02278",0,NA,NA,NA,NA,NA
"PHJJKLOP_02279",0,NA,NA,NA,NA,NA
"PHJJKLOP_02280",0,NA,NA,NA,NA,NA
"PHJJKLOP_02281",25.0743714681254,25.6932866865967,3.90800374812262,6.57452969407709,NA,NA
"PHJJKLOP_02282",0,NA,NA,NA,NA,NA
"PHJJKLOP_02283",13.0334390475235,6.48315027390429,3.66440204246686,1.76922460984654,NA,NA
"PHJJKLOP_02285",0,NA,NA,NA,NA,NA
"PHJJKLOP_02286",5.39100394675899,0,4.08052381408439,0,NA,NA
"PHJJKLOP_02287",0,NA,NA,NA,NA,NA
"PHJJKLOP_02289",0,NA,NA,NA,NA,NA
"PHJJKLOP_02290",0,NA,NA,NA,NA,NA
"PHJJKLOP_02291",0,NA,NA,NA,NA,NA
"PHJJKLOP_02292",1.93225636173325,-3.9292565764853,3.92169693552349,-1.00192764537548,0.316378539484972,NA
"PHJJKLOP_02293",0,NA,NA,NA,NA,NA
"PHJJKLOP_02294",0,NA,NA,NA,NA,NA
"PHJJKLOP_02295",0,NA,NA,NA,NA,NA
"PHJJKLOP_02296",0,NA,NA,NA,NA,NA
"PHJJKLOP_02297",3.52105504781375,-5.83271317043235,3.9145776931923,-1.48999806047426,NA,NA
"PHJJKLOP_02299",0,NA,NA,NA,NA,NA
"PHJJKLOP_02300",0,NA,NA,NA,NA,NA
"PHJJKLOP_02301",0,NA,NA,NA,NA,NA
"PHJJKLOP_02302",0,NA,NA,NA,NA,NA
"PHJJKLOP_02303",0,NA,NA,NA,NA,NA
"PHJJKLOP_02304",0,NA,NA,NA,NA,NA
"PHJJKLOP_02305",0,NA,NA,NA,NA,NA
"PHJJKLOP_02306",0,NA,NA,NA,NA,NA
"PHJJKLOP_02307",64.0541270586955,7.41250504243924,3.05230135707074,2.4284971158788,NA,NA
"PHJJKLOP_02309",0,NA,NA,NA,NA,NA
"PHJJKLOP_02311",0,NA,NA,NA,NA,NA
"PHJJKLOP_02312",0,NA,NA,NA,NA,NA
"PHJJKLOP_02314",0,NA,NA,NA,NA,NA
"PHJJKLOP_02315",0,NA,NA,NA,NA,NA
"PHJJKLOP_02316",0,NA,NA,NA,NA,NA
"PHJJKLOP_02319",0,NA,NA,NA,NA,NA
"PHJJKLOP_02320",0,NA,NA,NA,NA,NA
"PHJJKLOP_02321",0.126001866673997,1.20760870447799,4.08052381408439,0.295944530530564,0.767272442967984,NA
"PHJJKLOP_02322",14.1424537593728,-20.0810932164661,3.88233442453431,-5.17242746775347,NA,NA
"PHJJKLOP_02323",0,NA,NA,NA,NA,NA
"PHJJKLOP_02324",0,NA,NA,NA,NA,NA
"PHJJKLOP_02325",0,NA,NA,NA,NA,NA
"PHJJKLOP_02326",0,NA,NA,NA,NA,NA
"PHJJKLOP_02327",0,NA,NA,NA,NA,NA
"PHJJKLOP_02328",0,NA,NA,NA,NA,NA
"PHJJKLOP_02329",0,NA,NA,NA,NA,NA
"PHJJKLOP_02330",0,NA,NA,NA,NA,NA
"PHJJKLOP_02331",0.32408658160345,2.63821751331185,3.9979429600613,0.659893735270149,0.509322024744802,NA
"PHJJKLOP_02332",0,NA,NA,NA,NA,NA
"PHJJKLOP_02333",0,NA,NA,NA,NA,NA
"PHJJKLOP_02336",0,NA,NA,NA,NA,NA
"PHJJKLOP_02338",0.540144302672418,3.37312061013078,3.96183187598521,0.851404278555351,0.394544815845662,NA
"PHJJKLOP_02340",0,NA,NA,NA,NA,NA
"PHJJKLOP_02341",0,NA,NA,NA,NA,NA
"PHJJKLOP_02342",0,NA,NA,NA,NA,NA
"PHJJKLOP_02343",6.49120883385266,0,4.08052381408439,0,NA,NA
"PHJJKLOP_02344",50.1564231822165,-1.27949727510027,3.01283734490563,-0.424681829327346,NA,NA
"PHJJKLOP_02345",1.7718909798415,-0.437497411015345,3.79387932856808,-0.115316638492155,0.908194150730865,NA
"PHJJKLOP_02346",2.37663493175864,5.50797348798119,3.91940729315632,1.40530776109915,0.159929781493286,NA
"PHJJKLOP_02347",0,NA,NA,NA,NA,NA
"PHJJKLOP_02348",1.68281187196048,-4.14152500890241,3.93175596933758,-1.05335250742944,0.292179462183471,NA
"PHJJKLOP_02349",0,NA,NA,NA,NA,NA
"PHJJKLOP_02350",0,NA,NA,NA,NA,NA
"PHJJKLOP_02351",0,NA,NA,NA,NA,NA
"PHJJKLOP_02352",0,NA,NA,NA,NA,NA
"PHJJKLOP_02354",2.09038928547797,0,4.08052381408439,0,1,NA
"PHJJKLOP_02355",0,NA,NA,NA,NA,NA
"PHJJKLOP_02357",0,NA,NA,NA,NA,NA
"PHJJKLOP_02359",0,NA,NA,NA,NA,NA
"PHJJKLOP_02363",8.66721242538769,-7.12972193565512,3.90997416108209,-1.82347034581987,NA,NA
"PHJJKLOP_02365",0,NA,NA,NA,NA,NA
"PHJJKLOP_02366",13.828513717838,6.77510257909235,3.88965837717995,1.74182458254968,NA,NA
"PHJJKLOP_02367",0,NA,NA,NA,NA,NA
"PHJJKLOP_02368",0,NA,NA,NA,NA,NA
"PHJJKLOP_02369",13.314078816389,25.2673655209775,3.90906006499558,6.46379566976699,NA,NA
"PHJJKLOP_02372",0,NA,NA,NA,NA,NA
"PHJJKLOP_02373",0,NA,NA,NA,NA,NA
"PHJJKLOP_02374",1.97857687315072,-3.87586931661638,3.77084624731203,-1.02785132631149,0.304019768335719,NA
"PHJJKLOP_02378",0.677561124993984,1.42320665342206,3.93517064479743,0.361663262380664,0.71760368356033,NA
"PHJJKLOP_02380",0,NA,NA,NA,NA,NA
"PHJJKLOP_02381",0,NA,NA,NA,NA,NA
"PHJJKLOP_02382",0,NA,NA,NA,NA,NA
"PHJJKLOP_02383",0,NA,NA,NA,NA,NA
"PHJJKLOP_02384",0,NA,NA,NA,NA,NA
"PHJJKLOP_02386",2.37663493175864,5.50797348798119,3.91940729315632,1.40530776109915,0.159929781493286,NA
"PHJJKLOP_02388",0,NA,NA,NA,NA,NA
"PHJJKLOP_02389",8.93818091284555,-0.268736313769247,3.57664731501486,-0.0751363749624083,NA,NA
"PHJJKLOP_02390",0,NA,NA,NA,NA,NA
"PHJJKLOP_02392",0,NA,NA,NA,NA,NA
"PHJJKLOP_02393",0,NA,NA,NA,NA,NA
"PHJJKLOP_02394",0,NA,NA,NA,NA,NA
"PHJJKLOP_02396",0,NA,NA,NA,NA,NA
"PHJJKLOP_02397",0.110020488709367,0,4.08052381408439,0,1,NA
"PHJJKLOP_02398",0,NA,NA,NA,NA,NA
"PHJJKLOP_02399",0,NA,NA,NA,NA,NA
"PHJJKLOP_02400",0,NA,NA,NA,NA,NA
"PHJJKLOP_02402",0,NA,NA,NA,NA,NA
"PHJJKLOP_02403",0,NA,NA,NA,NA,NA
"PHJJKLOP_02404",1.64234081794097,3.05198434829507,3.97542352420423,0.76771300710809,0.442657706889092,NA
"PHJJKLOP_02405",0,NA,NA,NA,NA,NA
"PHJJKLOP_02406",0.220040977418734,0,4.08052381408439,0,1,NA
"PHJJKLOP_02407",0,NA,NA,NA,NA,NA
"PHJJKLOP_02408",0,NA,NA,NA,NA,NA
"PHJJKLOP_02409",0,NA,NA,NA,NA,NA
"PHJJKLOP_02410",0,NA,NA,NA,NA,NA
"PHJJKLOP_02411",0,NA,NA,NA,NA,NA
"PHJJKLOP_02412",0,NA,NA,NA,NA,NA
"PHJJKLOP_02414",2.86053270644354,0,4.08052381408439,0,1,NA
"PHJJKLOP_02415",0,NA,NA,NA,NA,NA
"PHJJKLOP_02416",0,NA,NA,NA,NA,NA
"PHJJKLOP_02418",0,NA,NA,NA,NA,NA
"PHJJKLOP_02419",0,NA,NA,NA,NA,NA
"PHJJKLOP_02420",0,NA,NA,NA,NA,NA
"PHJJKLOP_02421",5.78136738115066,-6.48804334550818,3.50804152447466,-1.84947735089304,NA,NA
"PHJJKLOP_02422",0,NA,NA,NA,NA,NA
"PHJJKLOP_02424",0,NA,NA,NA,NA,NA
"PHJJKLOP_02425",0.32408658160345,2.63821751331185,3.9979429600613,0.659893735270149,0.509322024744802,NA
"PHJJKLOP_02426",0,NA,NA,NA,NA,NA
"PHJJKLOP_02427",0,NA,NA,NA,NA,NA
"PHJJKLOP_02428",0,NA,NA,NA,NA,NA
"PHJJKLOP_02429",3.58876764488709,-5.86011250423062,3.91443187744473,-1.49705313253682,NA,NA
"PHJJKLOP_02430",6.93010266706982,7.05025811099938,3.9111377858682,1.80261051821634,NA,NA
"PHJJKLOP_02432",0,NA,NA,NA,NA,NA
"PHJJKLOP_02433",0,NA,NA,NA,NA,NA
"PHJJKLOP_02434",22.227120596527,1.68877518086443,3.64803239463224,0.462927682152526,NA,NA
"PHJJKLOP_02437",0,NA,NA,NA,NA,NA
"PHJJKLOP_02438",0,NA,NA,NA,NA,NA
"PHJJKLOP_02439",0,NA,NA,NA,NA,NA
"PHJJKLOP_02440",0,NA,NA,NA,NA,NA
"PHJJKLOP_02441",0,NA,NA,NA,NA,NA
"PHJJKLOP_02442",0,NA,NA,NA,NA,NA
"PHJJKLOP_02443",0,NA,NA,NA,NA,NA
"PHJJKLOP_02444",0,NA,NA,NA,NA,NA
"PHJJKLOP_02445",0,NA,NA,NA,NA,NA
"PHJJKLOP_02446",0,NA,NA,NA,NA,NA
"PHJJKLOP_02447",0.119882063757404,0,4.08052381408439,0,1,NA
"PHJJKLOP_02448",0,NA,NA,NA,NA,NA
"PHJJKLOP_02449",0,NA,NA,NA,NA,NA
"PHJJKLOP_02450",0,NA,NA,NA,NA,NA
"PHJJKLOP_02451",0,NA,NA,NA,NA,NA
"PHJJKLOP_02453",2.36994089756695,-5.26360790470557,3.91832116995898,-1.34333243151701,0.179164355107044,NA
"PHJJKLOP_02454",0,NA,NA,NA,NA,NA
"PHJJKLOP_02456",0,NA,NA,NA,NA,NA
"PHJJKLOP_02457",2.12337389505715,-0.254410527041502,3.78162039487993,-0.0672755328340088,0.946362354720201,NA
"PHJJKLOP_02458",0,NA,NA,NA,NA,NA
"PHJJKLOP_02459",8.41120301072194,-0.991563957580569,3.59774215507839,-0.27560728780436,NA,NA
"PHJJKLOP_02460",0,NA,NA,NA,NA,NA
"PHJJKLOP_02461",0,NA,NA,NA,NA,NA
"PHJJKLOP_02463",5.70150441864831,-6.52586008834763,3.9116178967425,-1.66832759758621,NA,NA
"PHJJKLOP_02464",0,NA,NA,NA,NA,NA
"PHJJKLOP_02465",1.76052752390687,-4.83690349121698,3.92226340737021,-1.23319190703207,0.217504174065861,NA
"PHJJKLOP_02466",0,NA,NA,NA,NA,NA
"PHJJKLOP_02467",0,NA,NA,NA,NA,NA
"PHJJKLOP_02469",0,NA,NA,NA,NA,NA
"PHJJKLOP_02470",0,NA,NA,NA,NA,NA
"PHJJKLOP_02471",0,NA,NA,NA,NA,NA
"PHJJKLOP_02472",0,NA,NA,NA,NA,NA
"PHJJKLOP_02473",0,NA,NA,NA,NA,NA
"PHJJKLOP_02474",0,NA,NA,NA,NA,NA
"PHJJKLOP_02475",0,NA,NA,NA,NA,NA
"PHJJKLOP_02476",4.65122728889731,-6.23260493398188,3.91270019727311,-1.59291655883208,NA,NA
"PHJJKLOP_02477",0.918149902694408,4.13377986148893,3.93938232630303,1.04934721209666,0.29401834417339,NA
"PHJJKLOP_02478",0,NA,NA,NA,NA,NA
"PHJJKLOP_02479",0,NA,NA,NA,NA,NA
"PHJJKLOP_02480",0,NA,NA,NA,NA,NA
"PHJJKLOP_02481",0,NA,NA,NA,NA,NA
"PHJJKLOP_02482",0,NA,NA,NA,NA,NA
"PHJJKLOP_02483",0.550102443546835,0,4.08052381408439,0,1,NA
"PHJJKLOP_02484",1.45622737054255,4.80296929123732,3.92732558968411,1.22296183027281,0.22134411332636,NA
"PHJJKLOP_02485",0,NA,NA,NA,NA,NA
"PHJJKLOP_02486",0,NA,NA,NA,NA,NA
"PHJJKLOP_02487",0,NA,NA,NA,NA,NA
"PHJJKLOP_02488",0,NA,NA,NA,NA,NA
"PHJJKLOP_02489",2.72142381278259,-3.5336714053711,3.87806919419929,-0.911193490476309,0.362193433273412,NA
"PHJJKLOP_02490",0,NA,NA,NA,NA,NA
"PHJJKLOP_02491",0,NA,NA,NA,NA,NA
"PHJJKLOP_02492",0,NA,NA,NA,NA,NA
"PHJJKLOP_02493",0,NA,NA,NA,NA,NA
"PHJJKLOP_02494",0,NA,NA,NA,NA,NA
"PHJJKLOP_02495",1.62120669797323,-4.71708593382351,3.92359439750579,-1.20223587250052,0.229272154516309,NA
"PHJJKLOP_02496",0,NA,NA,NA,NA,NA
"PHJJKLOP_02497",0,NA,NA,NA,NA,NA
"PHJJKLOP_02498",0,NA,NA,NA,NA,NA
"PHJJKLOP_02499",0,NA,NA,NA,NA,NA
"PHJJKLOP_02501",0,NA,NA,NA,NA,NA
"PHJJKLOP_02502",0,NA,NA,NA,NA,NA
"PHJJKLOP_02503",25.182403128372,22.173252699487,3.90906052155003,5.67227152847836,NA,NA
"PHJJKLOP_02504",0,NA,NA,NA,NA,NA
"PHJJKLOP_02505",0,NA,NA,NA,NA,NA
"PHJJKLOP_02506",0,NA,NA,NA,NA,NA
"PHJJKLOP_02507",0,NA,NA,NA,NA,NA
"PHJJKLOP_02508",0,NA,NA,NA,NA,NA
"PHJJKLOP_02509",0,NA,NA,NA,NA,NA
"PHJJKLOP_02511",0,NA,NA,NA,NA,NA
"PHJJKLOP_02512",0,NA,NA,NA,NA,NA
"PHJJKLOP_02514",0,NA,NA,NA,NA,NA
"PHJJKLOP_02515",5.72106541288709,0,4.08052381408439,0,NA,NA
"PHJJKLOP_02516",0,NA,NA,NA,NA,NA
"PHJJKLOP_02517",0,NA,NA,NA,NA,NA
"PHJJKLOP_02518",0,NA,NA,NA,NA,NA
"PHJJKLOP_02519",1.21022537580304,0,4.08052381408439,0,1,NA
"PHJJKLOP_02520",0,NA,NA,NA,NA,NA
"PHJJKLOP_02522",0,NA,NA,NA,NA,NA
"PHJJKLOP_02523",0,NA,NA,NA,NA,NA
"PHJJKLOP_02524",0,NA,NA,NA,NA,NA
"PHJJKLOP_02525",0,NA,NA,NA,NA,NA
"PHJJKLOP_02526",0,NA,NA,NA,NA,NA
"PHJJKLOP_02527",0,NA,NA,NA,NA,NA
"PHJJKLOP_02528",10.713672797563,24.4765337359723,3.90960669478909,6.26061280501587,NA,NA
"PHJJKLOP_02530",0,NA,NA,NA,NA,NA
"PHJJKLOP_02531",0,NA,NA,NA,NA,NA
"PHJJKLOP_02532",0,NA,NA,NA,NA,NA
"PHJJKLOP_02534",0,NA,NA,NA,NA,NA
"PHJJKLOP_02535",2.04840215115253,-3.25337233019612,3.88173336324357,-0.838123597309014,0.40196129123018,NA
"PHJJKLOP_02536",18.884823304834,0,4.08052381408439,0,NA,NA
"PHJJKLOP_02537",0,NA,NA,NA,NA,NA
"PHJJKLOP_02538",0,NA,NA,NA,NA,NA
"PHJJKLOP_02539",0,NA,NA,NA,NA,NA
"PHJJKLOP_02540",0,NA,NA,NA,NA,NA
"PHJJKLOP_02541",0,NA,NA,NA,NA,NA
"PHJJKLOP_02542",0,NA,NA,NA,NA,NA
"PHJJKLOP_02543",0,NA,NA,NA,NA,NA
"PHJJKLOP_02544",3.1169336576925,0,4.08052381408439,0,1,NA
"PHJJKLOP_02545",0,NA,NA,NA,NA,NA
"PHJJKLOP_02546",2.86732919288056,0,4.08052381408439,0,1,NA
"PHJJKLOP_02547",0,NA,NA,NA,NA,NA
"PHJJKLOP_02550",0,NA,NA,NA,NA,NA
"PHJJKLOP_02551",0,NA,NA,NA,NA,NA
"PHJJKLOP_02552",0,NA,NA,NA,NA,NA
"PHJJKLOP_02553",0,NA,NA,NA,NA,NA
"PHJJKLOP_02554",0,NA,NA,NA,NA,NA
"PHJJKLOP_02556",8.58159811933063,0,4.08052381408439,0,NA,NA
"PHJJKLOP_02557",0,NA,NA,NA,NA,NA
"PHJJKLOP_02558",0,NA,NA,NA,NA,NA
"PHJJKLOP_02559",0.110020488709367,0,4.08052381408439,0,1,NA
"PHJJKLOP_02561",0,NA,NA,NA,NA,NA
"PHJJKLOP_02562",0,NA,NA,NA,NA,NA
"PHJJKLOP_02563",0,NA,NA,NA,NA,NA
"PHJJKLOP_02564",0,NA,NA,NA,NA,NA
"PHJJKLOP_02566",0,NA,NA,NA,NA,NA
"PHJJKLOP_02567",0,NA,NA,NA,NA,NA
"PHJJKLOP_02568",38.6152246558941,2.47242933036947,3.44785997439311,0.717090992305934,NA,NA
"PHJJKLOP_02569",0,NA,NA,NA,NA,NA
"PHJJKLOP_02570",0,NA,NA,NA,NA,NA
"PHJJKLOP_02571",0,NA,NA,NA,NA,NA
"PHJJKLOP_02572",0,NA,NA,NA,NA,NA
"PHJJKLOP_02573",0,NA,NA,NA,NA,NA
"PHJJKLOP_02576",0,NA,NA,NA,NA,NA
"PHJJKLOP_02577",0,NA,NA,NA,NA,NA
"PHJJKLOP_02578",0,NA,NA,NA,NA,NA
"PHJJKLOP_02580",0,NA,NA,NA,NA,NA
"PHJJKLOP_02582",0,NA,NA,NA,NA,NA
"PHJJKLOP_02583",0,NA,NA,NA,NA,NA
"PHJJKLOP_02584",0,NA,NA,NA,NA,NA
"PHJJKLOP_02585",0,NA,NA,NA,NA,NA
"PHJJKLOP_02586",0,NA,NA,NA,NA,NA
"PHJJKLOP_02587",0,NA,NA,NA,NA,NA
"PHJJKLOP_02589",0,NA,NA,NA,NA,NA
"PHJJKLOP_02592",0,NA,NA,NA,NA,NA
"PHJJKLOP_02596",0,NA,NA,NA,NA,NA
"PHJJKLOP_02597",0,NA,NA,NA,NA,NA
"PHJJKLOP_02598",0,NA,NA,NA,NA,NA
"PHJJKLOP_02600",0,NA,NA,NA,NA,NA
"PHJJKLOP_02601",0,NA,NA,NA,NA,NA
"PHJJKLOP_02602",0,NA,NA,NA,NA,NA
"PHJJKLOP_02603",0,NA,NA,NA,NA,NA
"PHJJKLOP_02605",9.54570283181713,-14.5086907050336,3.88392187046014,-3.73557738516371,NA,NA
"PHJJKLOP_02607",0,NA,NA,NA,NA,NA
"PHJJKLOP_02608",0,NA,NA,NA,NA,NA
"PHJJKLOP_02609",0,NA,NA,NA,NA,NA
"PHJJKLOP_02610",0,NA,NA,NA,NA,NA
"PHJJKLOP_02611",0,NA,NA,NA,NA,NA
"PHJJKLOP_02612",0,NA,NA,NA,NA,NA
"PHJJKLOP_02613",12.6899813718708,24.3104935423576,3.90917097116272,6.21883609637233,NA,NA
"PHJJKLOP_02614",0,NA,NA,NA,NA,NA
"PHJJKLOP_02616",0.252003733347994,2.24933012005502,4.02569970395432,0.558742649841857,0.576337367430194,NA
"PHJJKLOP_02617",12.9222030166721,7.01600757861052,3.89202217997564,1.80266382208912,NA,NA
"PHJJKLOP_02618",0,NA,NA,NA,NA,NA
"PHJJKLOP_02619",51.2932990360056,5.26365918235718,3.44168040508813,1.52938639351157,NA,NA
"PHJJKLOP_02620",1.1598544056411,3.25849491841001,3.93741217883048,0.827572723000485,0.407912521264907,NA
"PHJJKLOP_02622",9.58506315752127,-1.41955937326165,3.39170893603235,-0.418538088036016,NA,NA
"PHJJKLOP_02623",0,NA,NA,NA,NA,NA
"PHJJKLOP_02624",0,NA,NA,NA,NA,NA
"PHJJKLOP_02625",0,NA,NA,NA,NA,NA
"PHJJKLOP_02626",0,NA,NA,NA,NA,NA
"PHJJKLOP_02627",0,NA,NA,NA,NA,NA
"PHJJKLOP_02628",0,NA,NA,NA,NA,NA
"PHJJKLOP_02629",0,NA,NA,NA,NA,NA
"PHJJKLOP_02630",0,NA,NA,NA,NA,NA
"PHJJKLOP_02632",2.94948319397193,1.53698788801404,2.4996416967108,0.614883281086452,0.538631804803113,NA
"PHJJKLOP_02633",0,NA,NA,NA,NA,NA
"PHJJKLOP_02635",2.50536609171363,-5.34344092175323,3.91770358902377,-1.36392169553714,0.172592211768989,NA
"PHJJKLOP_02636",0,NA,NA,NA,NA,NA
"PHJJKLOP_02637",0,NA,NA,NA,NA,NA
"PHJJKLOP_02638",0,NA,NA,NA,NA,NA
"PHJJKLOP_02639",0,NA,NA,NA,NA,NA
"PHJJKLOP_02642",0,NA,NA,NA,NA,NA
"PHJJKLOP_02643",0,NA,NA,NA,NA,NA
"PHJJKLOP_02645",0,NA,NA,NA,NA,NA
"PHJJKLOP_02646",1.00305417398784,-3.98958083564662,3.93450221480327,-1.01399887910499,0.310583287147581,NA
"PHJJKLOP_02647",2.64049172902481,0,4.08052381408439,0,1,NA
"PHJJKLOP_02649",19.7535708158461,-0.0591286810624402,3.27437240649453,-0.0180580195903074,NA,NA
"PHJJKLOP_02650",0,NA,NA,NA,NA,NA
"PHJJKLOP_02651",0,NA,NA,NA,NA,NA
"PHJJKLOP_02652",0,NA,NA,NA,NA,NA
"PHJJKLOP_02654",0,NA,NA,NA,NA,NA
"PHJJKLOP_02655",0,NA,NA,NA,NA,NA
"PHJJKLOP_02657",0,NA,NA,NA,NA,NA
"PHJJKLOP_02658",2.50866229996535,-4.31900782400351,3.91818532054105,-1.10229799528908,0.270332140626562,NA
"PHJJKLOP_02659",0,NA,NA,NA,NA,NA
"PHJJKLOP_02660",8.10213785807918,-7.03219088314198,3.9101954475633,-1.79842439526244,NA,NA
"PHJJKLOP_02661",0,NA,NA,NA,NA,NA
"PHJJKLOP_02663",0,NA,NA,NA,NA,NA
"PHJJKLOP_02664",0,NA,NA,NA,NA,NA
"PHJJKLOP_02665",0,NA,NA,NA,NA,NA
"PHJJKLOP_02668",0,NA,NA,NA,NA,NA
"PHJJKLOP_02669",0,NA,NA,NA,NA,NA
"PHJJKLOP_02670",0,NA,NA,NA,NA,NA
"PHJJKLOP_02671",0,NA,NA,NA,NA,NA
"PHJJKLOP_02672",0,NA,NA,NA,NA,NA
"PHJJKLOP_02674",0,NA,NA,NA,NA,NA
"PHJJKLOP_02678",0,NA,NA,NA,NA,NA
"PHJJKLOP_02679",0,NA,NA,NA,NA,NA
"PHJJKLOP_02680",0,NA,NA,NA,NA,NA
"PHJJKLOP_02681",0,NA,NA,NA,NA,NA
"PHJJKLOP_02682",0.976243001160119,3.85760102127578,3.94621846393642,0.977543705836233,0.328300051341873,NA
"PHJJKLOP_02683",0,NA,NA,NA,NA,NA
"PHJJKLOP_02684",0,NA,NA,NA,NA,NA
"PHJJKLOP_02686",0,NA,NA,NA,NA,NA
"PHJJKLOP_02687",0,NA,NA,NA,NA,NA
"PHJJKLOP_02688",0,NA,NA,NA,NA,NA
"PHJJKLOP_02689",0,NA,NA,NA,NA,NA
"PHJJKLOP_02690",6.71124981127139,0,4.08052381408439,0,NA,NA
"PHJJKLOP_02691",0,NA,NA,NA,NA,NA
"PHJJKLOP_02692",2.70850388293365,-5.45547240514475,3.91689218835154,-1.39280637372884,0.163678350505105,NA
"PHJJKLOP_02693",0,NA,NA,NA,NA,NA
"PHJJKLOP_02694",0,NA,NA,NA,NA,NA
"PHJJKLOP_02695",0,NA,NA,NA,NA,NA
"PHJJKLOP_02696",6.22664298352382,-6.65279342511906,3.91121327819097,-1.70095388615477,NA,NA
"PHJJKLOP_02697",0,NA,NA,NA,NA,NA
"PHJJKLOP_02698",0,NA,NA,NA,NA,NA
"PHJJKLOP_02699",0,NA,NA,NA,NA,NA
"PHJJKLOP_02701",0.32408658160345,2.63821751331185,3.9979429600613,0.659893735270149,0.509322024744802,NA
"PHJJKLOP_02702",0,NA,NA,NA,NA,NA
"PHJJKLOP_02703",0,NA,NA,NA,NA,NA
"PHJJKLOP_02704",0,NA,NA,NA,NA,NA
"PHJJKLOP_02705",0.756202023741384,3.85760305654437,3.94621883098567,0.977544130663639,0.328299841134281,NA
"PHJJKLOP_02706",0,NA,NA,NA,NA,NA
"PHJJKLOP_02708",0,NA,NA,NA,NA,NA
"PHJJKLOP_02709",0,NA,NA,NA,NA,NA
"PHJJKLOP_02710",0,NA,NA,NA,NA,NA
"PHJJKLOP_02711",9.59056510059232,0,4.08052381408439,0,NA,NA
"PHJJKLOP_02713",0.729066851642631,1.0858221617662,3.90012953971656,0.278406691549305,0.780700183379475,NA
"PHJJKLOP_02715",3.92733063025379,-5.9898129302291,3.91377781780916,-1.53044276120458,NA,NA
"PHJJKLOP_02716",0,NA,NA,NA,NA,NA
"PHJJKLOP_02717",0,NA,NA,NA,NA,NA
"PHJJKLOP_02718",3.04455932030824,5.86563302899115,3.75860019292394,1.56058977489385,0.118620572880412,NA
"PHJJKLOP_02719",0,NA,NA,NA,NA,NA
"PHJJKLOP_02722",0,NA,NA,NA,NA,NA
"PHJJKLOP_02724",0,NA,NA,NA,NA,NA
"PHJJKLOP_02725",0.239764127514808,0,4.08052381408439,0,1,NA
"PHJJKLOP_02726",0,NA,NA,NA,NA,NA
"PHJJKLOP_02727",0,NA,NA,NA,NA,NA
"PHJJKLOP_02728",0,NA,NA,NA,NA,NA
"PHJJKLOP_02729",0,NA,NA,NA,NA,NA
"PHJJKLOP_02730",0,NA,NA,NA,NA,NA
"PHJJKLOP_02731",0,NA,NA,NA,NA,NA
"PHJJKLOP_02732",0,NA,NA,NA,NA,NA
"PHJJKLOP_02733",0,NA,NA,NA,NA,NA
"PHJJKLOP_02734",0,NA,NA,NA,NA,NA
"PHJJKLOP_02735",0,NA,NA,NA,NA,NA
"PHJJKLOP_02737",0,NA,NA,NA,NA,NA
"PHJJKLOP_02738",0,NA,NA,NA,NA,NA
"PHJJKLOP_02740",0,NA,NA,NA,NA,NA
"PHJJKLOP_02741",0,NA,NA,NA,NA,NA
"PHJJKLOP_02742",0,NA,NA,NA,NA,NA
"PHJJKLOP_02743",0,NA,NA,NA,NA,NA
"PHJJKLOP_02744",0,NA,NA,NA,NA,NA
"PHJJKLOP_02745",0,NA,NA,NA,NA,NA
"PHJJKLOP_02746",0,NA,NA,NA,NA,NA
"PHJJKLOP_02747",0,NA,NA,NA,NA,NA
"PHJJKLOP_02749",0,NA,NA,NA,NA,NA
"PHJJKLOP_02750",0,NA,NA,NA,NA,NA
"PHJJKLOP_02751",0,NA,NA,NA,NA,NA
"PHJJKLOP_02752",0,NA,NA,NA,NA,NA
"PHJJKLOP_02753",0,NA,NA,NA,NA,NA
"PHJJKLOP_02769",0,NA,NA,NA,NA,NA
"PHJJKLOP_02770",0,NA,NA,NA,NA,NA
"PHJJKLOP_02771",0,NA,NA,NA,NA,NA
"PHJJKLOP_02772",0,NA,NA,NA,NA,NA
"PHJJKLOP_02773",0.350224351181338,-0.903960691348567,4.01862974885712,-0.224942517186523,0.822023992822215,NA
"PHJJKLOP_02774",0,NA,NA,NA,NA,NA
"PHJJKLOP_02775",0,NA,NA,NA,NA,NA
"PHJJKLOP_02776",0,NA,NA,NA,NA,NA
"PHJJKLOP_02777",0,NA,NA,NA,NA,NA
"PHJJKLOP_02778",0,NA,NA,NA,NA,NA
"PHJJKLOP_02779",0,NA,NA,NA,NA,NA
"PHJJKLOP_02780",0.110020488709367,0,4.08052381408439,0,1,NA
"PHJJKLOP_02782",0,NA,NA,NA,NA,NA
"PHJJKLOP_02783",0.733889088035596,-1.27526777714301,3.91902616544873,-0.325404251797587,0.744875138004666,NA
"PHJJKLOP_02785",0.108028860534484,1.20760870447799,4.08052381408439,0.295944530530564,0.767272442967984,NA
"PHJJKLOP_02786",0,NA,NA,NA,NA,NA
"PHJJKLOP_02787",0,NA,NA,NA,NA,NA
"PHJJKLOP_02788",0,NA,NA,NA,NA,NA
"PHJJKLOP_02790",0,NA,NA,NA,NA,NA
"PHJJKLOP_02791",0,NA,NA,NA,NA,NA
"PHJJKLOP_02792",0,NA,NA,NA,NA,NA
"PHJJKLOP_02793",0,NA,NA,NA,NA,NA
"PHJJKLOP_02794",0,NA,NA,NA,NA,NA
"PHJJKLOP_02795",0,NA,NA,NA,NA,NA
"PHJJKLOP_02796",0,NA,NA,NA,NA,NA
"PHJJKLOP_02798",0,NA,NA,NA,NA,NA
"PHJJKLOP_02799",0,NA,NA,NA,NA,NA
"PHJJKLOP_02800",0,NA,NA,NA,NA,NA
"PHJJKLOP_02802",0,NA,NA,NA,NA,NA
"PHJJKLOP_02803",0,NA,NA,NA,NA,NA
"PHJJKLOP_02804",19.7068441127776,-0.810563073102046,3.67303588173772,-0.220679323371752,NA,NA
"PHJJKLOP_02806",0,NA,NA,NA,NA,NA
"PHJJKLOP_02807",0,NA,NA,NA,NA,NA
"PHJJKLOP_02808",0,NA,NA,NA,NA,NA
"PHJJKLOP_02810",0,NA,NA,NA,NA,NA
"PHJJKLOP_02812",0,NA,NA,NA,NA,NA
"PHJJKLOP_02813",1.1432445486258,2.00682789719136,3.91224577382021,0.512960589189095,0.607978889209267,NA
"PHJJKLOP_02814",0,NA,NA,NA,NA,NA
"PHJJKLOP_02815",0,NA,NA,NA,NA,NA
"PHJJKLOP_02816",0,NA,NA,NA,NA,NA
"PHJJKLOP_02817",0,NA,NA,NA,NA,NA
"PHJJKLOP_02818",0.6315633061916,1.67708242705902,3.99784737046462,0.41949636182937,0.674853413044908,NA
"PHJJKLOP_02819",0,NA,NA,NA,NA,NA
"PHJJKLOP_02820",0,NA,NA,NA,NA,NA
"PHJJKLOP_02821",0,NA,NA,NA,NA,NA
"PHJJKLOP_02822",0,NA,NA,NA,NA,NA
"PHJJKLOP_02823",0,NA,NA,NA,NA,NA
"PHJJKLOP_02824",0,NA,NA,NA,NA,NA
"PHJJKLOP_02825",0,NA,NA,NA,NA,NA
"PHJJKLOP_02827",0,NA,NA,NA,NA,NA
"PHJJKLOP_02828",0,NA,NA,NA,NA,NA
"PHJJKLOP_02830",0,NA,NA,NA,NA,NA
"PHJJKLOP_02833",0,NA,NA,NA,NA,NA
"PHJJKLOP_02834",0,NA,NA,NA,NA,NA
"PHJJKLOP_02835",0,NA,NA,NA,NA,NA
"PHJJKLOP_02836",0,NA,NA,NA,NA,NA
"PHJJKLOP_02837",0,NA,NA,NA,NA,NA
"PHJJKLOP_02838",0,NA,NA,NA,NA,NA
"PHJJKLOP_02839",0,NA,NA,NA,NA,NA
"PHJJKLOP_02840",0,NA,NA,NA,NA,NA
"PHJJKLOP_02841",0,NA,NA,NA,NA,NA
"PHJJKLOP_02842",0,NA,NA,NA,NA,NA
"PHJJKLOP_02843",1.2963463264138,4.63418384432547,3.92986431316798,1.17922235350404,0.238309647244537,NA
"PHJJKLOP_02844",0,NA,NA,NA,NA,NA
"PHJJKLOP_02847",0,NA,NA,NA,NA,NA
"PHJJKLOP_02848",0,NA,NA,NA,NA,NA
"PHJJKLOP_02849",0.812551164880096,-3.73073978869529,3.93988591350004,-0.946915690099524,0.34368174211001,NA
"PHJJKLOP_02850",0.783598357353584,2.00682631189658,3.91224733472608,0.512959979315083,0.607979315830645,NA
"PHJJKLOP_02851",0,NA,NA,NA,NA,NA
"PHJJKLOP_02852",0,NA,NA,NA,NA,NA
"PHJJKLOP_02853",0,NA,NA,NA,NA,NA
"PHJJKLOP_02855",0,NA,NA,NA,NA,NA
"PHJJKLOP_02857",0,NA,NA,NA,NA,NA
"PHJJKLOP_02858",0,NA,NA,NA,NA,NA
"PHJJKLOP_02859",0,NA,NA,NA,NA,NA
"PHJJKLOP_02861",0,NA,NA,NA,NA,NA
"PHJJKLOP_02862",0,NA,NA,NA,NA,NA
"PHJJKLOP_02864",0,NA,NA,NA,NA,NA
"PHJJKLOP_02867",0,NA,NA,NA,NA,NA
"PHJJKLOP_02868",0,NA,NA,NA,NA,NA
"PHJJKLOP_02869",0,NA,NA,NA,NA,NA
"PHJJKLOP_02870",0,NA,NA,NA,NA,NA
"PHJJKLOP_02871",0,NA,NA,NA,NA,NA
"PHJJKLOP_02873",0,NA,NA,NA,NA,NA
"PHJJKLOP_02876",14.8687617891155,-19.5276521483711,3.87419071882364,-5.04044678376095,NA,NA
"PHJJKLOP_02877",0,NA,NA,NA,NA,NA
"PHJJKLOP_02878",0,NA,NA,NA,NA,NA
"PHJJKLOP_02879",0,NA,NA,NA,NA,NA
"PHJJKLOP_02880",0,NA,NA,NA,NA,NA
"PHJJKLOP_02881",0,NA,NA,NA,NA,NA
"PHJJKLOP_02882",0,NA,NA,NA,NA,NA
"PHJJKLOP_02883",0,NA,NA,NA,NA,NA
"PHJJKLOP_02884",0,NA,NA,NA,NA,NA
"PHJJKLOP_02885",0,NA,NA,NA,NA,NA
"PHJJKLOP_02886",0,NA,NA,NA,NA,NA
"PHJJKLOP_02887",0,NA,NA,NA,NA,NA
"PHJJKLOP_02888",6.81296848529915,-4.53095285814315,3.88655301726039,-1.1658024058905,NA,NA
"PHJJKLOP_02889",0,NA,NA,NA,NA,NA
"PHJJKLOP_02890",0,NA,NA,NA,NA,NA
"PHJJKLOP_02891",0,NA,NA,NA,NA,NA
"PHJJKLOP_02892",0,NA,NA,NA,NA,NA
"PHJJKLOP_02895",0,NA,NA,NA,NA,NA
"PHJJKLOP_02896",0,NA,NA,NA,NA,NA
"PHJJKLOP_02897",1.30431283911334,4.04994171898611,3.94132184865064,1.02755924903029,0.304157201537978,NA
"PHJJKLOP_02898",0,NA,NA,NA,NA,NA
"PHJJKLOP_02899",0,NA,NA,NA,NA,NA
"PHJJKLOP_02901",0,NA,NA,NA,NA,NA
"PHJJKLOP_02902",0,NA,NA,NA,NA,NA
"PHJJKLOP_02903",0,NA,NA,NA,NA,NA
"PHJJKLOP_02905",0,NA,NA,NA,NA,NA
"PHJJKLOP_02906",0,NA,NA,NA,NA,NA
"PHJJKLOP_02907",0,NA,NA,NA,NA,NA
"PHJJKLOP_02908",0,NA,NA,NA,NA,NA
"PHJJKLOP_02909",0,NA,NA,NA,NA,NA
"PHJJKLOP_02910",0,NA,NA,NA,NA,NA
"PHJJKLOP_02911",0,NA,NA,NA,NA,NA
"PHJJKLOP_02912",0,NA,NA,NA,NA,NA
"PHJJKLOP_02913",0,NA,NA,NA,NA,NA
"PHJJKLOP_02914",0,NA,NA,NA,NA,NA
"PHJJKLOP_02915",0,NA,NA,NA,NA,NA
"PHJJKLOP_02916",0,NA,NA,NA,NA,NA
"PHJJKLOP_02917",0,NA,NA,NA,NA,NA
"PHJJKLOP_02919",0,NA,NA,NA,NA,NA
"PHJJKLOP_02920",0,NA,NA,NA,NA,NA
"PHJJKLOP_02921",0,NA,NA,NA,NA,NA
"PHJJKLOP_02922",0,NA,NA,NA,NA,NA
"PHJJKLOP_02923",0.593240522664944,0,4.08052381408439,0,1,NA
"PHJJKLOP_02924",0,NA,NA,NA,NA,NA
"PHJJKLOP_02925",0,NA,NA,NA,NA,NA
"PHJJKLOP_02926",0.630009333369984,3.58294257797007,3.95443123588355,0.906057626051886,0.364905352055553,NA
"PHJJKLOP_02927",0,NA,NA,NA,NA,NA
"PHJJKLOP_02928",0,NA,NA,NA,NA,NA
"PHJJKLOP_02929",0,NA,NA,NA,NA,NA
"PHJJKLOP_02930",0,NA,NA,NA,NA,NA
"PHJJKLOP_02931",0,NA,NA,NA,NA,NA
"PHJJKLOP_02933",0,NA,NA,NA,NA,NA
"PHJJKLOP_02935",0,NA,NA,NA,NA,NA
"PHJJKLOP_02937",0,NA,NA,NA,NA,NA
"PHJJKLOP_02938",0,NA,NA,NA,NA,NA
"PHJJKLOP_02939",0,NA,NA,NA,NA,NA
"PHJJKLOP_02941",0,NA,NA,NA,NA,NA
"PHJJKLOP_02942",0,NA,NA,NA,NA,NA
"PHJJKLOP_02943",0,NA,NA,NA,NA,NA
"PHJJKLOP_02944",0,NA,NA,NA,NA,NA
"PHJJKLOP_02945",0,NA,NA,NA,NA,NA
"PHJJKLOP_02946",33.007528309183,5.02425892063579,3.68619583529411,1.36299294587937,NA,NA
"PHJJKLOP_02947",11.4708454227244,-0.237477001281287,3.61657649473834,-0.0656634808158449,NA,NA
"PHJJKLOP_02948",0,NA,NA,NA,NA,NA
"PHJJKLOP_02951",0,NA,NA,NA,NA,NA
"PHJJKLOP_02954",9.3967926655041,-5.32513077230978,3.88227643186283,-1.37165162392999,NA,NA
"PHJJKLOP_02955",0,NA,NA,NA,NA,NA
"PHJJKLOP_02956",0,NA,NA,NA,NA,NA
"PHJJKLOP_02957",0.432115442137934,3.05198756961814,3.97542507016526,0.767713518869385,0.44265740278346,NA
"PHJJKLOP_02958",0,NA,NA,NA,NA,NA
"PHJJKLOP_02961",0,NA,NA,NA,NA,NA
"PHJJKLOP_02962",0,NA,NA,NA,NA,NA
"PHJJKLOP_02963",0,NA,NA,NA,NA,NA
"PHJJKLOP_02964",0,NA,NA,NA,NA,NA
"PHJJKLOP_02965",0,NA,NA,NA,NA,NA
"PHJJKLOP_02966",0,NA,NA,NA,NA,NA
"PHJJKLOP_02967",0,NA,NA,NA,NA,NA
"PHJJKLOP_02968",0.300079179928859,-2.31021834726982,3.99384447763628,-0.578444744207241,0.562963892673078,NA
"PHJJKLOP_02969",0,NA,NA,NA,NA,NA
"PHJJKLOP_02970",0,NA,NA,NA,NA,NA
"PHJJKLOP_02972",0,NA,NA,NA,NA,NA
"PHJJKLOP_02974",0,NA,NA,NA,NA,NA
"PHJJKLOP_02975",0,NA,NA,NA,NA,NA
"PHJJKLOP_02976",0,NA,NA,NA,NA,NA
"PHJJKLOP_02977",0,NA,NA,NA,NA,NA
"PHJJKLOP_02978",0,NA,NA,NA,NA,NA
"PHJJKLOP_02979",0,NA,NA,NA,NA,NA
"PHJJKLOP_02981",0,NA,NA,NA,NA,NA
"PHJJKLOP_02982",0,NA,NA,NA,NA,NA
"PHJJKLOP_02983",0,NA,NA,NA,NA,NA
"PHJJKLOP_02984",0,NA,NA,NA,NA,NA
"PHJJKLOP_02985",0,NA,NA,NA,NA,NA
"PHJJKLOP_02986",0,NA,NA,NA,NA,NA
"PHJJKLOP_02987",0,NA,NA,NA,NA,NA
"PHJJKLOP_02988",0,NA,NA,NA,NA,NA
"PHJJKLOP_02989",0.359646191272212,0,4.08052381408439,0,1,NA
"PHJJKLOP_02992",0,NA,NA,NA,NA,NA
"PHJJKLOP_02993",0,NA,NA,NA,NA,NA
"PHJJKLOP_02994",0,NA,NA,NA,NA,NA
"PHJJKLOP_02995",0,NA,NA,NA,NA,NA
"PHJJKLOP_02996",0,NA,NA,NA,NA,NA
"PHJJKLOP_02998",0,NA,NA,NA,NA,NA
"PHJJKLOP_02999",0,NA,NA,NA,NA,NA
"PHJJKLOP_03000",0,NA,NA,NA,NA,NA
"PHJJKLOP_03001",0,NA,NA,NA,NA,NA
"PHJJKLOP_03002",0,NA,NA,NA,NA,NA
"PHJJKLOP_03003",0,NA,NA,NA,NA,NA
"PHJJKLOP_03004",0,NA,NA,NA,NA,NA
"PHJJKLOP_03007",0,NA,NA,NA,NA,NA
"PHJJKLOP_03008",0,NA,NA,NA,NA,NA
"PHJJKLOP_03010",0,NA,NA,NA,NA,NA
"PHJJKLOP_03011",0,NA,NA,NA,NA,NA
"PHJJKLOP_03012",0,NA,NA,NA,NA,NA
"PHJJKLOP_03013",0,NA,NA,NA,NA,NA
"PHJJKLOP_03014",0,NA,NA,NA,NA,NA
"PHJJKLOP_03015",0,NA,NA,NA,NA,NA
"PHJJKLOP_03016",0.812551164880096,-3.73073978869529,3.93988591350004,-0.946915690099524,0.34368174211001,NA
"PHJJKLOP_03017",0,NA,NA,NA,NA,NA
"PHJJKLOP_03019",0,NA,NA,NA,NA,NA
"PHJJKLOP_03020",0,NA,NA,NA,NA,NA
"PHJJKLOP_03021",0,NA,NA,NA,NA,NA
"PHJJKLOP_03023",0,NA,NA,NA,NA,NA
"PHJJKLOP_03025",0,NA,NA,NA,NA,NA
"PHJJKLOP_03026",0,NA,NA,NA,NA,NA
"PHJJKLOP_03027",0,NA,NA,NA,NA,NA
"PHJJKLOP_03028",0,NA,NA,NA,NA,NA
"PHJJKLOP_03029",0,NA,NA,NA,NA,NA
"PHJJKLOP_03030",0,NA,NA,NA,NA,NA
"PHJJKLOP_03031",9.18974550231517,5.44091229133984,3.87696970068381,1.40339303925439,NA,NA
"PHJJKLOP_03032",0,NA,NA,NA,NA,NA
"PHJJKLOP_03033",0.444371880038647,-2.35229733423505,3.99140568655577,-0.589340577971885,0.55563282942206,NA
"PHJJKLOP_03034",0,NA,NA,NA,NA,NA
"PHJJKLOP_03035",0,NA,NA,NA,NA,NA
"PHJJKLOP_03036",6.07660339355939,-6.61765194701218,3.91132176790642,-1.6919221530972,NA,NA
"PHJJKLOP_03037",0,NA,NA,NA,NA,NA
"PHJJKLOP_03039",0,NA,NA,NA,NA,NA
"PHJJKLOP_03040",0,NA,NA,NA,NA,NA
"PHJJKLOP_03041",0,NA,NA,NA,NA,NA
"PHJJKLOP_03042",0,NA,NA,NA,NA,NA
"PHJJKLOP_03043",0,NA,NA,NA,NA,NA
"PHJJKLOP_03044",0,NA,NA,NA,NA,NA
"PHJJKLOP_03045",0,NA,NA,NA,NA,NA
"PHJJKLOP_03046",0,NA,NA,NA,NA,NA
"PHJJKLOP_03047",0,NA,NA,NA,NA,NA
"PHJJKLOP_03048",0,NA,NA,NA,NA,NA
"PHJJKLOP_03049",0,NA,NA,NA,NA,NA
"PHJJKLOP_03050",0,NA,NA,NA,NA,NA
"PHJJKLOP_03051",0,NA,NA,NA,NA,NA
"PHJJKLOP_03052",0,NA,NA,NA,NA,NA
"PHJJKLOP_03053",0,NA,NA,NA,NA,NA
"PHJJKLOP_03054",0,NA,NA,NA,NA,NA
"PHJJKLOP_03055",0,NA,NA,NA,NA,NA
"PHJJKLOP_03056",0,NA,NA,NA,NA,NA
"PHJJKLOP_03057",0,NA,NA,NA,NA,NA
"PHJJKLOP_03058",0,NA,NA,NA,NA,NA
"PHJJKLOP_03059",0,NA,NA,NA,NA,NA
"PHJJKLOP_03060",0,NA,NA,NA,NA,NA
"PHJJKLOP_03061",0,NA,NA,NA,NA,NA
"PHJJKLOP_03062",0,NA,NA,NA,NA,NA
"PHJJKLOP_03063",0,NA,NA,NA,NA,NA
"PHJJKLOP_03064",0,NA,NA,NA,NA,NA
"PHJJKLOP_03065",0,NA,NA,NA,NA,NA
"PHJJKLOP_03068",0,NA,NA,NA,NA,NA
"PHJJKLOP_03069",0,NA,NA,NA,NA,NA
"PHJJKLOP_03070",0,NA,NA,NA,NA,NA
"PHJJKLOP_03071",0,NA,NA,NA,NA,NA
"PHJJKLOP_03072",0,NA,NA,NA,NA,NA
"PHJJKLOP_03073",0,NA,NA,NA,NA,NA
"PHJJKLOP_03074",15.2226372563161,0.227839827296741,2.9385413609437,0.077535007784805,NA,NA
"PHJJKLOP_03077",0,NA,NA,NA,NA,NA
"PHJJKLOP_03078",0,NA,NA,NA,NA,NA
"PHJJKLOP_03079",0,NA,NA,NA,NA,NA
"PHJJKLOP_03080",0,NA,NA,NA,NA,NA
"PHJJKLOP_03081",0,NA,NA,NA,NA,NA
"PHJJKLOP_03083",0,NA,NA,NA,NA,NA
"PHJJKLOP_03084",0,NA,NA,NA,NA,NA
"PHJJKLOP_03086",0,NA,NA,NA,NA,NA
"PHJJKLOP_03089",0,NA,NA,NA,NA,NA
"PHJJKLOP_03090",0,NA,NA,NA,NA,NA
"PHJJKLOP_03091",0,NA,NA,NA,NA,NA
"PHJJKLOP_03092",0,NA,NA,NA,NA,NA
"PHJJKLOP_03093",0,NA,NA,NA,NA,NA
"PHJJKLOP_03094",0,NA,NA,NA,NA,NA
"PHJJKLOP_03095",1.89595271805356,-4.94322746292082,3.92117052890837,-1.26065097819068,0.207434623155683,NA
"PHJJKLOP_03096",0,NA,NA,NA,NA,NA
"PHJJKLOP_03097",0,NA,NA,NA,NA,NA
"PHJJKLOP_03098",0,NA,NA,NA,NA,NA
"PHJJKLOP_03099",0,NA,NA,NA,NA,NA
"PHJJKLOP_03100",0,NA,NA,NA,NA,NA
"PHJJKLOP_03101",0,NA,NA,NA,NA,NA
"PHJJKLOP_03102",0,NA,NA,NA,NA,NA
"PHJJKLOP_03103",0,NA,NA,NA,NA,NA
"PHJJKLOP_03104",0,NA,NA,NA,NA,NA
"PHJJKLOP_03105",0,NA,NA,NA,NA,NA
"PHJJKLOP_03106",0,NA,NA,NA,NA,NA
"PHJJKLOP_03107",0,NA,NA,NA,NA,NA
"PHJJKLOP_03108",0,NA,NA,NA,NA,NA
"PHJJKLOP_03109",0,NA,NA,NA,NA,NA
"PHJJKLOP_03110",0,NA,NA,NA,NA,NA
"PHJJKLOP_03111",0,NA,NA,NA,NA,NA
"PHJJKLOP_03112",24.4927575910726,-0.307624393805426,3.65953564379049,-0.0840610459218791,NA,NA
"PHJJKLOP_03113",0,NA,NA,NA,NA,NA
"PHJJKLOP_03114",0,NA,NA,NA,NA,NA
"PHJJKLOP_03116",0,NA,NA,NA,NA,NA
"PHJJKLOP_03117",0,NA,NA,NA,NA,NA
"PHJJKLOP_03118",0,NA,NA,NA,NA,NA
"PHJJKLOP_03119",0,NA,NA,NA,NA,NA
"PHJJKLOP_03120",0,NA,NA,NA,NA,NA
"PHJJKLOP_03121",0,NA,NA,NA,NA,NA
"PHJJKLOP_03122",0,NA,NA,NA,NA,NA
"PHJJKLOP_03123",0,NA,NA,NA,NA,NA
"PHJJKLOP_03124",0,NA,NA,NA,NA,NA
"PHJJKLOP_03125",0,NA,NA,NA,NA,NA
"PHJJKLOP_03126",0,NA,NA,NA,NA,NA
"PHJJKLOP_03127",0,NA,NA,NA,NA,NA
"PHJJKLOP_03128",0,NA,NA,NA,NA,NA
"PHJJKLOP_03129",0,NA,NA,NA,NA,NA
"PHJJKLOP_03130",0,NA,NA,NA,NA,NA
"PHJJKLOP_03131",0,NA,NA,NA,NA,NA
"PHJJKLOP_03134",0,NA,NA,NA,NA,NA
"PHJJKLOP_03135",0,NA,NA,NA,NA,NA
"PHJJKLOP_03136",0,NA,NA,NA,NA,NA
"PHJJKLOP_03137",0,NA,NA,NA,NA,NA
"PHJJKLOP_03138",0,NA,NA,NA,NA,NA
"PHJJKLOP_03139",0,NA,NA,NA,NA,NA
"PHJJKLOP_03140",0,NA,NA,NA,NA,NA
"PHJJKLOP_03141",0,NA,NA,NA,NA,NA
"PHJJKLOP_03142",0,NA,NA,NA,NA,NA
"PHJJKLOP_03143",0,NA,NA,NA,NA,NA
"PHJJKLOP_03144",0,NA,NA,NA,NA,NA
"PHJJKLOP_03145",0,NA,NA,NA,NA,NA
"PHJJKLOP_03146",0,NA,NA,NA,NA,NA
"PHJJKLOP_03147",0,NA,NA,NA,NA,NA
"PHJJKLOP_03148",0,NA,NA,NA,NA,NA
"PHJJKLOP_03149",17.651622590004,6.24123257778351,3.55186244026801,1.75717181696726,NA,NA
"PHJJKLOP_03150",14.6558409134022,-16.645786016503,3.52003566489378,-4.72886856872382,NA,NA
"PHJJKLOP_03151",0,NA,NA,NA,NA,NA
"PHJJKLOP_03152",0,NA,NA,NA,NA,NA
"PHJJKLOP_03154",0,NA,NA,NA,NA,NA
"PHJJKLOP_03157",0,NA,NA,NA,NA,NA
"PHJJKLOP_03158",0,NA,NA,NA,NA,NA
"PHJJKLOP_03159",0,NA,NA,NA,NA,NA
"PHJJKLOP_03160",0,NA,NA,NA,NA,NA
"PHJJKLOP_03161",18.0608870220183,19.379658902039,3.85416726023969,5.02823504884262,NA,NA
"PHJJKLOP_03164",0,NA,NA,NA,NA,NA
"PHJJKLOP_03165",0,NA,NA,NA,NA,NA
"PHJJKLOP_03167",0,NA,NA,NA,NA,NA
"PHJJKLOP_03168",0,NA,NA,NA,NA,NA
"PHJJKLOP_03169",0,NA,NA,NA,NA,NA
"PHJJKLOP_03170",0,NA,NA,NA,NA,NA
"PHJJKLOP_03171",0,NA,NA,NA,NA,NA
"PHJJKLOP_03172",0.0677125970733413,-0.715316873664277,4.08043159981643,-0.175304218724426,0.86084059704069,NA
"PHJJKLOP_03173",0,NA,NA,NA,NA,NA
"PHJJKLOP_03176",0,NA,NA,NA,NA,NA
"PHJJKLOP_03177",0,NA,NA,NA,NA,NA
"PHJJKLOP_03178",0,NA,NA,NA,NA,NA
"PHJJKLOP_03179",0,NA,NA,NA,NA,NA
"PHJJKLOP_03180",0,NA,NA,NA,NA,NA
"PHJJKLOP_03181",0,NA,NA,NA,NA,NA
"PHJJKLOP_03182",0,NA,NA,NA,NA,NA
"PHJJKLOP_03183",0,NA,NA,NA,NA,NA
"PHJJKLOP_03184",0,NA,NA,NA,NA,NA
"PHJJKLOP_03185",0,NA,NA,NA,NA,NA
"PHJJKLOP_03186",0,NA,NA,NA,NA,NA
"PHJJKLOP_03187",0,NA,NA,NA,NA,NA
"PHJJKLOP_03188",0,NA,NA,NA,NA,NA
"PHJJKLOP_03189",0,NA,NA,NA,NA,NA
"PHJJKLOP_03190",0,NA,NA,NA,NA,NA
"PHJJKLOP_03191",0,NA,NA,NA,NA,NA
"PHJJKLOP_03192",0,NA,NA,NA,NA,NA
"PHJJKLOP_03193",0,NA,NA,NA,NA,NA
"PHJJKLOP_03194",0,NA,NA,NA,NA,NA
"PHJJKLOP_03195",0,NA,NA,NA,NA,NA
"PHJJKLOP_03196",0,NA,NA,NA,NA,NA
"PHJJKLOP_03197",0,NA,NA,NA,NA,NA
"PHJJKLOP_03198",0,NA,NA,NA,NA,NA
"PHJJKLOP_03199",0,NA,NA,NA,NA,NA
"PHJJKLOP_03200",0,NA,NA,NA,NA,NA
"PHJJKLOP_03201",0,NA,NA,NA,NA,NA
"PHJJKLOP_03202",0,NA,NA,NA,NA,NA
"PHJJKLOP_03203",0,NA,NA,NA,NA,NA
"PHJJKLOP_03204",0,NA,NA,NA,NA,NA
"PHJJKLOP_03205",0,NA,NA,NA,NA,NA
"PHJJKLOP_03206",0,NA,NA,NA,NA,NA
"PHJJKLOP_03207",0,NA,NA,NA,NA,NA
"PHJJKLOP_03208",0,NA,NA,NA,NA,NA
