"","baseMean","log2FoldChange","lfcSE","stat","pvalue","padj"
"PHJJKLOP_00266",24.6656449058216,20.0346080278481,3.14496502080783,6.37037547168074,1.88565993718205e-10,7.44154560018986e-08
"PHJJKLOP_01909",19.9074007265492,-22.2264195793188,3.49526785434862,-6.35900323108739,2.03067136462792e-10,7.44154560018986e-08
"PHJJKLOP_02893",24.670848559139,-22.2640160587206,3.51967046297718,-6.32559675484169,2.52255783057284e-10,7.44154560018986e-08
"PHJJKLOP_01405",50.1130295945149,20.4848046147888,3.30947934278751,6.18973635820759,6.0264925194865e-10,1.33336146993639e-07
"PHJJKLOP_02959",50.1724937468286,21.8302204638535,3.61827459691725,6.03332330897515,1.60621600162934e-09,2.84300232288393e-07
"PHJJKLOP_02579",58.7304695494737,8.92974381690297,2.43526771583335,3.66684277003492,0.000245563679973176,0.0362206427960434
"PHJJKLOP_01709",53.1560510723978,-9.74081439695217,2.76427573447668,-3.52382154770687,0.000425370626876385,0.0537790006836572
"PHJJKLOP_01116",72.2083658284118,-9.26248342681457,2.74355467751073,-3.37608851128076,0.00073524261950765,0.0666827787545262
"PHJJKLOP_01456",35.9052423616662,-8.32665126475105,2.47121916320199,-3.36945075076308,0.000753181493997273,0.0666827787545262
"PHJJKLOP_01796",60.2348480663383,9.51734076118157,2.82468793587901,3.36934237594635,0.000753477726039844,0.0666827787545262
"PHJJKLOP_02212",46.9140114349404,-8.20837676435319,2.55477737829069,-3.21295187365606,0.0013137830187155,0.105699815596656
"PHJJKLOP_03162",46.0167349001371,-8.91930606895344,2.96049839463427,-3.0127717971809,0.00258873503348433,0.190919208719469
"PHJJKLOP_00069",35.105183058154,8.21071232888725,2.81495341062793,2.91681997218409,0.00353619811214618,0.233750723776568
"PHJJKLOP_01171",26.2554962106655,8.76653932969208,3.01996915665644,2.90285723957458,0.00369775156256718,0.233750723776568
"PHJJKLOP_01322",22.3935301213136,-8.49725438022963,2.98307920434142,-2.84848433385985,0.00439280160320844,0.242976838677467
"PHJJKLOP_01655",48.9537068155984,-9.02244991257415,3.14719295457742,-2.86682451403289,0.00414612843746616,0.242976838677467
"PHJJKLOP_00491",38.0110139479142,8.9192708087515,3.21285746514882,2.77611780338919,0.00550122718208529,0.286387415067381
"PHJJKLOP_00430",31.3575922931868,-8.39061634630824,3.14920787844746,-2.66435772745645,0.00771354871058921,0.302128042314115
"PHJJKLOP_00818",34.8318930459713,-7.94243610555501,2.97752346604694,-2.6674638155244,0.00764261183970724,0.302128042314115
"PHJJKLOP_00885",25.4219493435419,-7.24355981603395,2.68419650426409,-2.69859520513006,0.00696328174421214,0.302128042314115
"PHJJKLOP_01177",27.6844074971324,-8.59007479768172,3.16998922624585,-2.70981198502519,0.00673213579182472,0.302128042314115
"PHJJKLOP_01406",40.4552608084015,8.60592304111479,3.1922970196915,2.69584032689617,0.00702113138911519,0.302128042314115
"PHJJKLOP_02138",47.456110564143,-6.56304273349994,2.49445317563369,-2.63105469271142,0.00851203363239777,0.302128042314115
"PHJJKLOP_02139",22.1485248096752,8.51629843673492,3.24840347746071,2.62168739069081,0.00874956464197118,0.302128042314115
"PHJJKLOP_02676",27.187638036136,7.44061147791742,2.80563054864814,2.65202825136851,0.00800098469963599,0.302128042314115
"PHJJKLOP_02863",26.9446185759296,7.37635599169186,2.81885606843642,2.6167905748318,0.00887607807928475,0.302128042314115
"PHJJKLOP_00810",29.9818292664798,8.34574013909857,3.21008337831043,2.59985151647095,0.00932641052055468,0.30569901150707
"PHJJKLOP_01921",71.5595814956355,5.83471832377288,2.29608448938667,2.5411601144222,0.0110485310061752,0.337170687602243
"PHJJKLOP_02560",30.6027498475271,-7.96491206818976,3.12609464372138,-2.54787937536918,0.0108379938757212,0.337170687602243
"PHJJKLOP_01075",26.2405429821397,-7.83657505387684,3.12847999781734,-2.50491454615155,0.012248098126199,0.36131889472287
"PHJJKLOP_02656",23.7132365515457,-8.57968589424508,3.4700029438871,-2.47252986034476,0.0134160505280334,0.383006603784178
"PHJJKLOP_01109",28.6435282518333,7.64757315862423,3.11875259756354,2.45212562375058,0.014201507244899,0.392760434741738
"PHJJKLOP_01662",10.313186064485,-6.99336370260042,2.87437991351311,-2.43299908607176,0.0149743386883026,0.401584537549933
"PHJJKLOP_02126",19.992111604314,-8.33375113391698,3.46429470577029,-2.40561264029757,0.0161453738121786,0.408247309250801
"PHJJKLOP_02533",20.4130656959771,8.40299236531254,3.48642822216967,2.410200878905,0.0159437392706893,0.408247309250801
"PHJJKLOP_01314",19.5635858689148,-8.30209956714906,3.49610516693639,-2.37467100408313,0.0175645980203522,0.421574248155049
"PHJJKLOP_02581",15.891511629588,6.63899027199355,2.79724812309531,2.37340056363936,0.0176251380584597,0.421574248155049
"PHJJKLOP_00268",13.7531636846332,-7.79371049880545,3.47791124687349,-2.24091701759546,0.025031450713105,0.42326114681595
"PHJJKLOP_00374",23.2375788088061,-7.39936311377499,3.26696135986364,-2.26490683504253,0.0235183972539438,0.42326114681595
"PHJJKLOP_00597",16.9379588089532,7.32590584273631,3.11462801174332,2.3520965634146,0.0186679280194045,0.42326114681595
"PHJJKLOP_00758",10.5342666277193,-7.18461495577008,3.12646237034893,-2.29800141652376,0.0215617085057651,0.42326114681595
"PHJJKLOP_00950",17.886738475593,8.01349024101705,3.46053445330596,2.31567994746057,0.0205757500734479,0.42326114681595
"PHJJKLOP_00966",18.2816824356612,-7.23488034362897,3.23114345607352,-2.23910836581078,0.0251488660740728,0.42326114681595
"PHJJKLOP_01046",26.6732628432095,6.827620080905,2.97651834703165,2.29382764857266,0.0218004006135376,0.42326114681595
"PHJJKLOP_01070",41.0369609594417,-5.85762710890737,2.60271738367273,-2.25058131384269,0.0244120680364045,0.42326114681595
"PHJJKLOP_01105",24.5184346329728,-8.16156481351461,3.50926768646931,-2.3257173697473,0.0200336332380765,0.42326114681595
"PHJJKLOP_01284",12.8785745015986,7.73908112932061,3.47257584243631,2.2286283958858,0.0258386400851619,0.42326114681595
"PHJJKLOP_01829",27.6135028069956,6.14124573101369,2.72593280991141,2.25289695647827,0.024265646819575,0.42326114681595
"PHJJKLOP_01893",37.0068673081388,6.62243866219103,2.8658563691164,2.31080619864869,0.0208435619799612,0.42326114681595
"PHJJKLOP_02042",18.9787544795805,-6.99363131385414,3.10615156197422,-2.25154219757683,0.0243512173738786,0.42326114681595
"PHJJKLOP_02214",16.1857212066085,-7.03862178818232,3.16606676424059,-2.22314382870274,0.026206103062544,0.42326114681595
"PHJJKLOP_02231",39.520423056012,5.73495961345066,2.57561163087827,2.22663989581964,0.025971350344976,0.42326114681595
"PHJJKLOP_02435",9.76224468751493,7.31374868015359,3.29197757413145,2.22168848828906,0.0263043650563585,0.42326114681595
"PHJJKLOP_02714",17.15417980552,8.15248910583179,3.48011344401655,2.34259291743738,0.0191502648774911,0.42326114681595
"PHJJKLOP_02784",15.2866866444798,7.98636164233676,3.48382472866161,2.29241200816808,0.0218818797521673,0.42326114681595
"PHJJKLOP_00589",12.1517338403089,-7.61580028159761,3.53309976975189,-2.15555766265056,0.0311182214709825,0.483151333365254
"PHJJKLOP_01987",9.80215708522138,-7.03246402266246,3.26166738717697,-2.15609477848972,0.0310762651487141,0.483151333365254
"PHJJKLOP_01707",6.50015393603467,-6.71325929352501,3.13309921664924,-2.14268965944355,0.0321380262516016,0.490381952287369
"PHJJKLOP_00221",8.14902129464952,6.09733057983508,2.90194256648893,2.10112034960508,0.0356304029822645,0.508595268375873
"PHJJKLOP_00670",34.331743095814,6.58596536779769,3.12761197517431,2.10574886529223,0.0352261727328304,0.508595268375873
"PHJJKLOP_01639",15.9362123070539,-7.39837049352633,3.49378352235796,-2.11758125429968,0.0342105471440996,0.508595268375873
"PHJJKLOP_02413",10.7020737384421,-7.43257220756484,3.52637909546055,-2.10770651888581,0.0350563830857047,0.508595268375873
"PHJJKLOP_01274",9.75606611726571,-7.29827478090107,3.50393625291337,-2.0828788693952,0.0372622661498377,0.52344611972391
"PHJJKLOP_00077",26.8046193516357,7.05408875223052,3.48905093760597,2.02177866657078,0.043199222654025,0.558628990866643
"PHJJKLOP_00216",129.273135590169,6.21847818654231,3.06888725910733,2.02629737149455,0.0427343204631674,0.558628990866643
"PHJJKLOP_00274",16.4173533178706,-5.9049428183631,2.90465175178125,-2.03292625862703,0.0420599736660091,0.558628990866643
"PHJJKLOP_00980",11.9764370576635,5.65663333169407,2.76717571212224,2.0441901491524,0.0409347659727475,0.558628990866643
"PHJJKLOP_01031",20.1116139174084,7.06243498020615,3.50958393471516,2.01232827354486,0.0441853439103559,0.558628990866643
"PHJJKLOP_01324",753.108673103543,-4.89131889910235,2.42635524379399,-2.01591210174731,0.0438091679339026,0.558628990866643
"PHJJKLOP_02436",8.53443600323368,-7.10510211495419,3.52761142899632,-2.01413966871508,0.0439948717216015,0.558628990866643
"PHJJKLOP_02391",41.8344538146874,5.53815864814528,2.76763182401219,2.0010460206794,0.0453874306490605,0.56574473414674
"PHJJKLOP_00577",10.3204636291869,6.9572740580816,3.51868963201075,1.9772343644034,0.0480151449007282,0.57449735943037
"PHJJKLOP_00763",22.5816752989211,-5.10020672441239,2.58899046148877,-1.96995964267847,0.0488429959991802,0.57449735943037
"PHJJKLOP_00938",16.1087568571321,6.81897859508424,3.48873322104647,1.95457152010002,0.0506336655769139,0.57449735943037
"PHJJKLOP_01320",229.131297414178,-5.16252568948557,2.62218128894947,-1.9687905299461,0.0489771502264234,0.57449735943037
"PHJJKLOP_02521",7.8395544850602,-6.75365128362767,3.44054738914236,-1.96295836672408,0.0496510118574375,0.57449735943037
"PHJJKLOP_02829",10.7728413602584,6.84182852474128,3.4972522541628,1.95634401739177,0.0504246421774591,0.57449735943037
"PHJJKLOP_02860",33.2497576051056,-6.2408432851519,3.17416991095397,-1.96613396895199,0.0492831374493722,0.57449735943037
"PHJJKLOP_00330",13.5749062479663,6.80977049857787,3.53220444973648,1.92790949546703,0.0538663844553248,0.600707006287213
"PHJJKLOP_01679",21.5727110927268,-5.69150733310212,2.95750894183865,-1.9244260778342,0.0543011983084486,0.600707006287213
"PHJJKLOP_00572",12.3396740005375,5.86413420238095,3.10544342941464,1.88834037253298,0.0589802706544538,0.644414068261624
"PHJJKLOP_00174",20.8318931801317,6.54222137743591,3.47649518567324,1.88184393420035,0.0598572086430388,0.646019873769382
"PHJJKLOP_01505",93.8479252308681,-4.22216751488132,2.25987097015288,-1.86832238240385,0.061717148644859,0.658068392177111
"PHJJKLOP_01136",10.8987301396214,5.83215691148244,3.1495087718971,1.85176715922257,0.0640592653941674,0.659492077166871
"PHJJKLOP_02136",5.85718690671949,6.4047949853846,3.45909810893294,1.85157945328135,0.0640862357472891,0.659492077166871
"PHJJKLOP_02356",13.2468721593391,-6.53306000172398,3.5178845246018,-1.85709904803185,0.0632970636353033,0.659492077166871
"PHJJKLOP_01471",11.8492937568279,6.37265093363501,3.47865401112442,1.83193008366335,0.0669618378285871,0.681163522739076
"PHJJKLOP_02595",8.82662909407835,6.33371533586187,3.49193198118647,1.81381406338557,0.0697063566243991,0.701024154688559
"PHJJKLOP_00802",5.97002117269666,5.60638438170024,3.12150922967448,1.79604927270546,0.0724866810445143,0.720794524993204
"PHJJKLOP_02712",6.5026655538505,4.71460819044264,2.64480384728201,1.78259276024863,0.0746526191981244,0.728177547326524
"PHJJKLOP_02801",94.9027351783426,-3.15431612456443,1.77086322494979,-1.78123080321681,0.0748747534539137,0.728177547326524
"PHJJKLOP_01621",5.78718597626358,5.54939546865795,3.15245620348304,1.76034022694007,0.0783501374399278,0.753694256894957
"PHJJKLOP_02334",10.6520727792502,5.59729036193931,3.22735358719941,1.73432820752574,0.0828598653074138,0.788505169860874
"PHJJKLOP_01200",4.78696413842908,-6.27062385925872,3.62672892817327,-1.7290026311443,0.083808624172242,0.789049280770576
"PHJJKLOP_00025",5.54408213365586,6.5217754383437,3.91215541579226,1.66705428215278,0.0955036116932061,0.790163274333113
"PHJJKLOP_00070",4.96341141442955,5.9576334545674,3.90705710313468,1.52483910454944,0.127299233654847,0.790163274333113
"PHJJKLOP_00076",4.34795426662059,-6.07601257010897,3.83594061089062,-1.58396940579803,0.113200681435863,0.790163274333113
"PHJJKLOP_00252",3.9060578668939,6.01611850614704,3.91442565350224,1.53690963596778,0.124315439499482,0.790163274333113
"PHJJKLOP_00334",65.6868370269846,-4.60385665187264,3.0562922391962,-1.50635354591727,0.131976439155977,0.790163274333113
"PHJJKLOP_00345",23.3132828885536,-3.54971151791082,2.35261723028734,-1.50883512719886,0.131340921494533,0.790163274333113
"PHJJKLOP_00562",3.88903897924141,6.01179506274101,3.91444869176635,1.53579610722353,0.124588394772125,0.790163274333113
"PHJJKLOP_00596",4.10509670031037,6.08976960109388,3.91404359170688,1.55587679554641,0.119737392197134,0.790163274333113
"PHJJKLOP_00617",8.32187767362613,-6.41057748424639,3.89302959362555,-1.64668090238592,0.0996236516252158,0.790163274333113
"PHJJKLOP_00751",5.98399506081572,6.03557934660757,3.9029603665042,1.5464106165171,0.12200543178995,0.790163274333113
"PHJJKLOP_00781",11.449128843823,-4.38649712118829,2.61951324922145,-1.67454664430196,0.0940232153293145,0.790163274333113
"PHJJKLOP_00814",90.3181145801902,-3.86488604010935,2.25894090703544,-1.71092835057005,0.0870943402827174,0.790163274333113
"PHJJKLOP_00849",7.61433362898628,6.14532622062781,3.59410380650097,1.70983548374764,0.0872962993877837,0.790163274333113
"PHJJKLOP_01057",3.96073759353721,-5.99799860155915,3.91411565435758,-1.53240198584362,0.125423267726622,0.790163274333113
"PHJJKLOP_01131",3.74069661611848,-5.9155360360593,3.91454834026124,-1.51116693980193,0.130745923186358,0.790163274333113
"PHJJKLOP_01190",4.64524100298279,6.26804822869453,3.91319551371545,1.60177231286439,0.109205967693724,0.790163274333113
"PHJJKLOP_01205",12.1292524574295,-5.22042497801243,3.45695124583476,-1.51012398115318,0.131011791376343,0.790163274333113
"PHJJKLOP_01235",5.95113383997738,5.92010376193294,3.53041467664982,1.67688623126585,0.0935647310740724,0.790163274333113
"PHJJKLOP_01265",4.51084003708405,-6.18562599153019,3.91321846557797,-1.5807003994132,0.113946557016874,0.790163274333113
"PHJJKLOP_01282",4.91407280028587,6.34761691677657,3.91284948062848,1.62224919414918,0.104750002248385,0.790163274333113
"PHJJKLOP_01286",368.844587240219,3.3898820997665,2.11216451147865,1.6049327982475,0.108508594644101,0.790163274333113
"PHJJKLOP_01309",5.44061033369525,5.46489058770251,3.53908304656695,1.54415438004589,0.122550937551901,0.790163274333113
"PHJJKLOP_01336",12.9869621050891,5.59712572139185,3.45014220874333,1.62228841095525,0.104741608929699,0.790163274333113
"PHJJKLOP_01358",4.10509670031037,6.08976960109388,3.91404359170688,1.55587679554641,0.119737392197134,0.790163274333113
"PHJJKLOP_01491",14.8742481519246,5.30187311107617,3.45038926842279,1.53660143787188,0.124390940250792,0.790163274333113
"PHJJKLOP_01524",4.22854328301517,-6.09187576052058,3.65090935873888,-1.66859134586263,0.0951983951364741,0.790163274333113
"PHJJKLOP_01691",5.78434822497455,-5.99527391804992,3.90897067269133,-1.53372189766831,0.125098084271421,0.790163274333113
"PHJJKLOP_01701",55.8946159946035,-4.86445220005046,2.98993853569916,-1.62694053472004,0.103749727919272,0.790163274333113
"PHJJKLOP_01816",3.9060578668939,6.01611850614704,3.91442565350224,1.53690963596778,0.124315439499482,0.790163274333113
"PHJJKLOP_01906",4.53721214244831,6.23411149693375,3.91334899498425,1.59303744821227,0.11115179036075,0.790163274333113
"PHJJKLOP_01924",4.64524100298279,6.26804822869453,3.91319551371545,1.60177231286439,0.109205967693724,0.790163274333113
"PHJJKLOP_01956",3.64056842635636,5.91705346411989,3.91497122908891,1.51139130222852,0.130688784061586,0.790163274333113
"PHJJKLOP_01974",4.42918328191382,6.19935725812689,3.91350995359246,1.58409134808412,0.113172932974322,0.790163274333113
"PHJJKLOP_02073",4.41006533358989,6.19136765960193,3.91354750648372,1.58203462442821,0.113641666410707,0.790163274333113
"PHJJKLOP_02077",4.36868211162764,6.17991548338043,3.91360169757871,1.5790864684068,0.114316225007222,0.790163274333113
"PHJJKLOP_02099",6.18061669314204,5.92931752430602,3.91490138092336,1.5145509292261,0.129886167055837,0.790163274333113
"PHJJKLOP_02153",4.78474707463979,6.31108459483433,3.9130059908715,1.61284818105498,0.1067774955048,0.790163274333113
"PHJJKLOP_02192",19.6572033975677,-4.0250125497273,2.62604386637796,-1.53272860414129,0.125342738300032,0.790163274333113
"PHJJKLOP_02243",3.67298125817244,5.92936392548714,3.91490138095975,1.51456278166413,0.129883163487582,0.790163274333113
"PHJJKLOP_02335",4.53721214244831,6.23411149693375,3.91334899498425,1.59303744821227,0.11115179036075,0.790163274333113
"PHJJKLOP_02401",5.197927435144,-5.87637758116322,3.60351801474895,-1.630733510173,0.102946562507117,0.790163274333113
"PHJJKLOP_02417",8.3843654566485,-5.27512187276972,3.2551573959494,-1.62054279751077,0.10511572866361,0.790163274333113
"PHJJKLOP_02452",5.39469286908318,-6.44298354426267,3.91216278905712,-1.64691090112217,0.0995763609046145,0.790163274333113
"PHJJKLOP_02462",6.98043988473981,-6.25998152047802,3.88770116497736,-1.61020131302054,0.107353914866679,0.790163274333113
"PHJJKLOP_02468",5.93226489795204,5.8424385411873,3.53591535605527,1.65231289577735,0.0984707817733377,0.790163274333113
"PHJJKLOP_02574",3.74069661611848,-5.9155360360593,3.91454834026124,-1.51116693980193,0.130745923186358,0.790163274333113
"PHJJKLOP_02604",4.53721214244831,6.23411149693375,3.91334899498425,1.59303744821227,0.11115179036075,0.790163274333113
"PHJJKLOP_02675",4.2646658708746,6.14517119927968,3.91376875774362,1.57014161532183,0.116382168835051,0.790163274333113
"PHJJKLOP_02718",3.04455932030824,5.65929409391257,3.75854216988563,1.50571520502184,0.132140298984521,0.790163274333113
"PHJJKLOP_02854",4.6802328967748,6.27730280658126,3.65474393165072,1.71757664120288,0.0858738639956476,0.790163274333113
"PHJJKLOP_02874",4.66986041102253,-6.08019125512106,3.87169134219831,-1.57042251505224,0.116316847837194,0.790163274333113
"PHJJKLOP_02875",3.78101011870692,5.97116809122191,3.91466857902674,1.52533170322849,0.127176384069917,0.790163274333113
"PHJJKLOP_03009",4.40081954837468,-6.1500020554938,3.91337997524064,-1.57153205014691,0.116059115837444,0.790163274333113
"PHJJKLOP_03038",5.28098345804962,-6.4130359812739,3.91227618923403,-1.63920839712737,0.10116986561956,0.790163274333113
"PHJJKLOP_01839",3.53655218560333,5.87526364973845,3.9152128248909,1.5006243370441,0.133452752987214,0.792655613380432
"PHJJKLOP_00598",3.24086581603451,5.74886585894765,3.91598753148488,1.46805009278663,0.142090616552759,0.807488305515627
"PHJJKLOP_00937",3.24086581603451,5.74886585894765,3.91598753148488,1.46805009278663,0.142090616552759,0.807488305515627
"PHJJKLOP_01317",3.42608812348835,5.76204992787219,3.89306102027131,1.48008209937347,0.138851338088032,0.807488305515627
"PHJJKLOP_01506",3.01894074954083,-4.27048817114986,2.91074941736212,-1.46714387218533,0.142336921650212,0.807488305515627
"PHJJKLOP_01612",3.24086581603451,5.74886585894765,3.91598753148488,1.46805009278663,0.142090616552759,0.807488305515627
"PHJJKLOP_02631",21.2542467906689,3.66921432922066,2.49641275820944,1.46979473532751,0.141617355459244,0.807488305515627
"PHJJKLOP_02634",3.41063514999038,-5.78226851966838,3.91530193363539,-1.47683847061559,0.139718941515204,0.807488305515627
"PHJJKLOP_01047",3.34063376253607,-5.68606492622694,3.89821124263397,-1.45863437672119,0.144665766670458,0.813665691848117
"PHJJKLOP_02184",99.1998640585839,-2.57418904905762,1.76742468327333,-1.45646322212165,0.145264609392093,0.813665691848117
"PHJJKLOP_00102",5.93644976911921,5.64932773564587,3.91383111616142,1.44342654753754,0.148900350154538,0.816929592587566
"PHJJKLOP_00454",52.0463133991338,-3.05612216113707,2.17732226925398,-1.40361498354775,0.16043353086732,0.816929592587566
"PHJJKLOP_00581",3.08057368386228,-5.63542553377635,3.91621681076098,-1.43899732984428,0.150151279282024,0.816929592587566
"PHJJKLOP_00616",2.80875037389657,5.54251119061621,3.91740723872887,1.41484171873197,0.157114909134565,0.816929592587566
"PHJJKLOP_00746",2.70072151336209,5.48595618303078,3.91783301043333,1.40025268264918,0.161437664785253,0.816929592587566
"PHJJKLOP_00851",11.2375559513038,-4.51703449107748,3.24697004941259,-1.39115372865686,0.164178815111553,0.816929592587566
"PHJJKLOP_01117",4.55817445465388,5.00372709113652,3.58924739055325,1.3940881044606,0.16329100088918,0.816929592587566
"PHJJKLOP_01140",2.86053270644354,-5.52850855799473,3.9169438658004,-1.4114342067205,0.158116622689448,0.816929592587566
"PHJJKLOP_01164",50.4925900100756,4.30382914924888,2.97956280872384,1.44444988259611,0.148612467730175,0.816929592587566
"PHJJKLOP_01368",2.91677923443105,5.59693231099785,3.91701294879364,1.42887766371096,0.153039398365906,0.816929592587566
"PHJJKLOP_01637",4.22158113434739,-5.53362800934551,3.91690781399511,-1.41275421126171,0.157728005741871,0.816929592587566
"PHJJKLOP_01811",2.5926926528276,5.42709368065272,3.91829418654284,1.38506539383688,0.166032472432186,0.816929592587566
"PHJJKLOP_01831",3.49293019261418,5.4270593857787,3.91829418651034,1.38505664134731,0.166035148503572,0.816929592587566
"PHJJKLOP_01848",2.64049172902481,-5.41302917009314,3.91779192073591,-1.3816530534568,0.167078255659152,0.816929592587566
"PHJJKLOP_02160",2.80875037389657,5.54251119061621,3.91740723872887,1.41484171873197,0.157114909134565,0.816929592587566
"PHJJKLOP_02162",2.91677923443105,5.59693231099785,3.91701294879364,1.42887766371096,0.153039398365906,0.816929592587566
"PHJJKLOP_02247",2.18482501625155,-5.04642685917645,3.62117793860218,-1.39358709920906,0.16344232645944,0.816929592587566
"PHJJKLOP_02255",32.1008705884655,3.80037785537373,2.72700168867138,1.39361037844656,0.163435292767102,0.816929592587566
"PHJJKLOP_02414",2.86053270644354,-5.52850855799473,3.9169438658004,-1.4114342067205,0.158116622689448,0.816929592587566
"PHJJKLOP_02431",3.7662011738343,-5.47195444486433,3.91735073244937,-1.3968507847759,0.162458446893527,0.816929592587566
"PHJJKLOP_02544",3.1169336576925,-5.65099878594746,3.91611532286108,-1.44301133139738,0.149017279212165,0.816929592587566
"PHJJKLOP_02546",2.86732919288056,-5.5335950198654,3.91690804592596,-1.41274570528174,0.157730507632924,0.816929592587566
"PHJJKLOP_02647",2.64049172902481,-5.41302917009314,3.91779192073591,-1.3816530534568,0.167078255659152,0.816929592587566
"PHJJKLOP_01561",2.53047124031544,-5.35162728071775,3.91827117297478,-1.36581340199963,0.171997538781218,0.836361658359221
"PHJJKLOP_01692",2.39403546680594,5.30894581618394,3.9192784313133,1.35457225334332,0.175553878659751,0.84269448464279
"PHJJKLOP_02346",2.37663493175864,5.30163285212601,3.91934203350337,1.35268440641478,0.176156474190866,0.84269448464279
"PHJJKLOP_02386",2.37663493175864,5.30163285212601,3.91934203350337,1.35268440641478,0.176156474190866,0.84269448464279
"PHJJKLOP_00119",2.69463287900691,5.24777970450241,3.91982020575979,1.33878071672556,0.18064207015511,0.854910332017498
"PHJJKLOP_00192",2.28835729656686,5.24780461647282,3.91982020578464,1.33878707210306,0.180640000589376,0.854910332017498
"PHJJKLOP_01660",2.26860607122415,5.2345588492387,3.91994062290783,1.33536687230627,0.181756301639777,0.855608122080865
"PHJJKLOP_00319",2.32775290635431,5.16420541205789,3.92059892391691,1.31719808944358,0.187772234169757,0.870058833579738
"PHJJKLOP_00908",2.16057721068967,5.16421342876079,3.92059892391748,1.31720013420824,0.187771548949808,0.870058833579738
"PHJJKLOP_01266",4.39509291410993,5.16416826520952,3.92059892388017,1.31718861466671,0.187775409281051,0.870058833579738
"PHJJKLOP_02109",2.20040977418734,-5.14998801418904,3.91999598429226,-1.31377379844915,0.188922337523617,0.870813899522923
"PHJJKLOP_00586",2.1275681451374,5.09025289534204,3.9213263417381,1.29809468831044,0.194254799342579,0.873537749066004
"PHJJKLOP_01208",4.29965694578843,-4.6354182112729,3.5722743874112,-1.29760978820895,0.194421456929752,0.873537749066004
"PHJJKLOP_01236",4.65340350384775,5.11041477467258,3.92112394037059,1.30330355591606,0.192471147591512,0.873537749066004
"PHJJKLOP_01775",3.6780505992064,-4.3234633554253,3.33896817450069,-1.29485012419198,0.195371936845818,0.873537749066004
"PHJJKLOP_01847",4.26367332911829,-5.07602309493492,3.92069137388883,-1.29467550767715,0.195432192444913,0.873537749066004
"PHJJKLOP_02354",2.09038928547797,-5.07598526241781,3.92069173876649,-1.29466573773912,0.195435564197818,0.873537749066004
"PHJJKLOP_00868",2.01602986678395,5.06058236315333,3.92162887380119,1.2904286779815,0.19690186032836,0.874811223522587
"PHJJKLOP_02644",5.40612618864906,4.6502601753548,3.61005980589048,1.28813937313921,0.197697451643523,0.874811223522587
"PHJJKLOP_00239",1.98036879676861,-4.99797973315142,3.92146465590889,-1.27451862293861,0.202479676971464,0.887101555048244
"PHJJKLOP_00631",2.28044797669747,-4.99799776178196,3.92146447240627,-1.27452328000185,0.202478027603993,0.887101555048244
"PHJJKLOP_01486",11.8056600644985,-4.41300701699408,3.4710795339179,-1.2713644195911,0.20359903441059,0.8876115539575
"PHJJKLOP_02707",108.358129475041,-3.08142385260611,2.43124911356779,-1.26742415469068,0.205003667425611,0.889354145449341
"PHJJKLOP_00290",2.6955660528636,-4.91554251344401,3.92232801400799,-1.25322066280253,0.210125412154348,0.891045057016598
"PHJJKLOP_01853",2.81862153956674,4.60856802397481,3.67103237547115,1.25538746396464,0.209338137908309,0.891045057016598
"PHJJKLOP_02009",10.3429396633845,-3.97338238752889,3.15168393400897,-1.26071727708898,0.207410726949892,0.891045057016598
"PHJJKLOP_03022",137.44995784251,2.71922286757942,2.17122596267531,1.25239054539901,0.210427589736123,0.891045057016598
"PHJJKLOP_03166",21.0494287273276,3.52571773666597,2.80047244641447,1.25897247844022,0.208040272748182,0.891045057016598
"PHJJKLOP_01069",1.72846176855174,4.84251345794551,3.92405245817175,1.23405930719939,0.217180805410983,0.898164047869395
"PHJJKLOP_01137",23.1014114741572,3.05769456336533,2.46854543157278,1.23866246262164,0.215470525539166,0.898164047869395
"PHJJKLOP_01173",3.55875848026793,-4.85648621837632,3.92297741663438,-1.23795925966426,0.215731167408231,0.898164047869395
"PHJJKLOP_01828",2.13473735099178,4.84248854597601,3.9240524581464,1.23405295867616,0.217183170897232,0.898164047869395
"PHJJKLOP_03115",75.0406144062168,-2.70128391988176,2.17705348432505,-1.24079814268745,0.214680327540978,0.898164047869395
"PHJJKLOP_01624",59.4404617360037,3.60604984186457,2.9612629096044,1.21774052218359,0.223322592922018,0.919258115051098
"PHJJKLOP_01326",1.61631785087156,-4.64050612178802,3.82006732809771,-1.21477076795368,0.224453532898934,0.919636002849798
"PHJJKLOP_01805",1.62043290801725,4.74947973798501,3.92520268356515,1.20999604883363,0.226280409034359,0.922848672789899
"PHJJKLOP_01495",1.65030733064051,-4.73493372219176,3.92440031461938,-1.20653688273159,0.227610546772705,0.924015293091028
"PHJJKLOP_00214",217.160826340155,2.28354313478396,1.90057472392886,1.20150137010316,0.229556775332656,0.927660941412788
"PHJJKLOP_02662",3.90383291657919,4.25010482320874,3.56701286025256,1.19150252318065,0.23345636669891,0.939131293311524
"PHJJKLOP_00477",1.51240404748277,4.65002993941188,3.92651665098947,1.18426339494577,0.236308814126562,0.946304527158404
"PHJJKLOP_02484",1.45622737054255,4.59663452468214,3.92726019819029,1.17044308059861,0.241822707423679,0.964022955270071
"PHJJKLOP_00472",67.8679834381166,-2.71774101470354,2.33932753699481,-1.16176164804816,0.24533229654298,0.964671674368264
"PHJJKLOP_00741",4.48018678121909,4.54316433995952,3.92803200236345,1.15660064307672,0.247435559414233,0.964671674368264
"PHJJKLOP_00749",1.53980038109497,4.54319961603533,3.92803200448233,1.15660962305068,0.247431888877453,0.964671674368264
"PHJJKLOP_02050",5.90842376585925,3.60074100405339,3.08692420576047,1.16644943770699,0.243432780198316,0.964671674368264
"PHJJKLOP_03066",75.6002909157828,-3.10304895479107,2.67718298019129,-1.15907241968547,0.246426666924652,0.964671674368264
"PHJJKLOP_01750",1.43026635322177,-4.5284710653492,3.92710816543926,-1.15313122903063,0.248856525335343,0.965956249656923
"PHJJKLOP_00158",1.35221112978951,4.48990961524492,3.92883095782233,1.14281058753762,0.253117241982264,0.968916075616148
"PHJJKLOP_00328",1.35221112978951,4.48990961524492,3.92883095782233,1.14281058753762,0.253117241982264,0.968916075616148
"PHJJKLOP_00664",1.35221112978951,4.48990961524492,3.92883095782233,1.14281058753762,0.253117241982264,0.968916075616148
"PHJJKLOP_02074",1.82961736209011,-3.83815333075009,3.36476027008314,-1.14069146764362,0.253998338466606,0.968916075616148
"PHJJKLOP_00049",2.59468428100249,4.40396090220515,3.91879532259741,1.1238047766389,0.261095854652031,0.97375582194409
"PHJJKLOP_00662",1.31870270133144,-4.40813744374887,3.92887360813734,-1.12198504798396,0.261868797313778,0.97375582194409
"PHJJKLOP_00883",103.873466751801,3.14144841427847,2.79936232449099,1.12220143380321,0.261776803158835,0.97375582194409
"PHJJKLOP_01804",1.3202458645124,-4.41298603034058,3.92879960669164,-1.12324029528619,0.261335453140149,0.97375582194409
"PHJJKLOP_02811",7.46834876500062,-3.67594172582776,3.24252445698011,-1.1336666151938,0.256934418516912,0.97375582194409
"PHJJKLOP_02843",1.2963463264138,4.42785048294267,3.92979887940401,1.12673717378997,0.25985362038348,0.97375582194409
"PHJJKLOP_00820",1.74972197603039,4.37462561976049,3.9306621819259,1.11294876468297,0.265730434753913,0.983980898565744
"PHJJKLOP_01050",3.76139615466629,4.30240710020446,3.93188557724386,1.09423507263412,0.273851892931187,0.994772034222783
"PHJJKLOP_01195",125.922430355609,2.2922285726873,2.09033915348033,1.09658213542565,0.2728241003691,0.994772034222783
"PHJJKLOP_01736",9.26054070171748,-3.1891944975303,2.91816795145857,-1.092875581728,0.274448430731997,0.994772034222783
"PHJJKLOP_01786",23.6372543063603,2.68457380102256,2.46701689321943,1.08818622539679,0.276512904428028,0.994772034222783
"PHJJKLOP_01902",22.7808930476475,-2.35298860189306,2.14539743346734,-1.09676117123446,0.272745808001247,0.994772034222783
"PHJJKLOP_02519",1.21022537580304,-4.28744563818589,3.93079762592941,-1.09073171559478,0.275390950754276,0.994772034222783
"PHJJKLOP_02641",157.871772841939,2.7041819381646,2.45127759412198,1.10317246184156,0.269952277798711,0.994772034222783
"PHJJKLOP_00040",0.914070134350857,-2.8277996186456,3.97251949313196,-0.711840337985639,0.476563650648178,1
"PHJJKLOP_00051",44.1283476169843,-0.391793091702794,2.38843764813389,-0.164037395746506,0.869701704981064,1
"PHJJKLOP_00061",0.416064963012156,2.79505600229412,3.97778570375029,0.702666309967104,0.482263727815336,1
"PHJJKLOP_00073",6.53154263183333,-0.162763571687598,3.60779050732156,-0.0451144741794984,0.964016064442598,1
"PHJJKLOP_00078",198.546524301877,1.12470718588342,1.73333186278514,0.648870080814314,0.516422354877111,1
"PHJJKLOP_00084",15.8424114741078,-1.56317982545135,3.26174121569243,-0.479247040792446,0.63176289272813,1
"PHJJKLOP_00099",0.300079179928859,0,4.08045587179433,0,1,1
"PHJJKLOP_00111",0.104016240753039,1.00130387001402,4.08045587181216,0.24539019694614,0.806154318719849,1
"PHJJKLOP_00116",0.216057721068967,1.84927769900659,4.04241878469916,0.457468114388898,0.647334615593316,1
"PHJJKLOP_00122",0.326078209778334,0.887512700956348,4.04241807567189,0.219549953602667,0.826221671561367,1
"PHJJKLOP_00123",2.77621648000699,0,4.08045587177877,0,1,1
"PHJJKLOP_00127",0.440081954837468,-2.82777574386938,3.97252057209089,-0.711834134664029,0.476567492434375,1
"PHJJKLOP_00129",0.208032481506078,1.80206619929779,4.04685028194995,0.445300931278703,0.656102294956092,1
"PHJJKLOP_00136",35.8805064520008,-2.07434122600338,2.41821036029593,-0.857800156703295,0.391002823224752,1
"PHJJKLOP_00137",27.4954911015048,-1.24818732218904,2.86026376481378,-0.436388887466924,0.66255460016259,1
"PHJJKLOP_00155",273.28780768527,0.972962261620606,1.70495320880329,0.570668013994077,0.568224704800581,1
"PHJJKLOP_00156",37.8474088164716,0.135650467740998,2.22575777781995,0.0609457458007232,0.951402417253039,1
"PHJJKLOP_00161",37.8454412808439,0.5926702967511,2.32114340301148,0.255335493697702,0.79846398823549,1
"PHJJKLOP_00165",78.9106767042435,-0.373374761123358,2.14852518239487,-0.173781887307075,0.862036879624858,1
"PHJJKLOP_00169",110.319944293567,0.435933982000989,2.08092044675952,0.209490940742036,0.834065006736793,1
"PHJJKLOP_00172",473.105164847812,-0.674459810646634,1.73610031809588,-0.38849126609594,0.697652516178726,1
"PHJJKLOP_00173",313.718369080352,0.467029634007649,1.6911912623423,0.276154237789056,0.782429603922657,1
"PHJJKLOP_00191",2035.36527823691,-0.481923366655414,1.71374361831638,-0.281210889134552,0.77854865320518,1
"PHJJKLOP_00203",27.6739655523951,0.0312134738901226,2.93909631312595,0.0106200922204297,0.99152655166488,1
"PHJJKLOP_00208",0.550102443546835,-3.14978329855014,3.95945559811813,-0.79550918566865,0.426317369816891,1
"PHJJKLOP_00211",37.7892679416285,0.0595566675008015,2.80215984542404,0.0212538437441598,0.983043162868774,1
"PHJJKLOP_00212",0.750197949822146,0,4.08045587178398,0,1,1
"PHJJKLOP_00213",20.3062704402819,-2.44213427949803,3.26206467239064,-0.748646800343257,0.454070116355113,1
"PHJJKLOP_00217",2.50536609171363,0,4.08045587177898,0,1,1
"PHJJKLOP_00230",2.77621648000699,0,4.08045587177877,0,1,1
"PHJJKLOP_00238",3.15050846237281,2.24273041169102,3.79208002078269,0.591424864296012,0.554235784610437,1
"PHJJKLOP_00241",1.49332249403338,-1.84254058108542,3.78356578541208,-0.486985210668075,0.626268811630388,1
"PHJJKLOP_00244",9.5173586920957,-2.50347126547156,3.04479607196544,-0.822213115854274,0.410955615320897,1
"PHJJKLOP_00245",39.2879681191933,-0.414827576937887,2.69189631728346,-0.154102360582934,0.877529027038915,1
"PHJJKLOP_00258",37.2199542035406,0.625479683677716,2.69597768612488,0.232004770253407,0.816534308756501,1
"PHJJKLOP_00278",34.7725754946397,-1.78998322905973,2.98260084464985,-0.600141729413968,0.548411784061109,1
"PHJJKLOP_00280",0.440081954837468,-2.82777574386938,3.97252057209089,-0.711834134664029,0.476567492434375,1
"PHJJKLOP_00284",0.108028860534484,1.00130387001402,4.08045587181216,0.245390196946139,0.806154318719849,1
"PHJJKLOP_00295",314.757624980381,-0.37389540847526,1.65887731128153,-0.225390633733133,0.821675397402706,1
"PHJJKLOP_00299",48.3028038705285,-2.38785797791275,3.03530438761978,-0.786694734028062,0.431460587474558,1
"PHJJKLOP_00306",15.2817780568264,-1.11431846979197,2.4975902778649,-0.446157434094661,0.655483527839783,1
"PHJJKLOP_00307",6.29159803019156,-0.895404741612313,2.59283158108617,-0.345338566586425,0.729839856053308,1
"PHJJKLOP_00314",155.566688049723,-0.571570351277536,1.82160105503595,-0.313773616729848,0.753692983932374,1
"PHJJKLOP_00315",18.6420326321585,-1.63949587743007,3.27065191543905,-0.501274950627078,0.61617763195695,1
"PHJJKLOP_00320",0.206902280978641,0.0395392047489662,4.08045587181216,0.00968989887186466,0.992268700281877,1
"PHJJKLOP_00325",3.84504100028672,0,4.08045587177824,0,1,1
"PHJJKLOP_00327",219.332709964119,-0.652246295886155,1.88957936084871,-0.345180683807425,0.729958539447514,1
"PHJJKLOP_00329",100.453034380175,-1.37146837994498,2.1824273453536,-0.628414220920046,0.529732623494498,1
"PHJJKLOP_00331",0.119882063757404,-0.922241474746552,4.08045587181216,-0.226014323820387,0.821190279763076,1
"PHJJKLOP_00333",254.553714446031,0.451640775441417,1.75657484705355,0.257114449861895,0.797090423065222,1
"PHJJKLOP_00335",263.957680795633,0.113287005223462,1.68266190881482,0.0673260651055302,0.946322127007826,1
"PHJJKLOP_00339",46.0564686684589,-0.713736167803228,2.7702682300181,-0.257641538125918,0.796683568845376,1
"PHJJKLOP_00340",2.56457716954836,-2.4126426371058,3.9941973115563,-0.604036918788506,0.545819097124306,1
"PHJJKLOP_00341",139.324296112142,-1.59218818731839,2.76456093391968,-0.575928049833553,0.564663815215699,1
"PHJJKLOP_00348",17.7445894008149,-1.30223246493517,2.4023061684659,-0.542075977670561,0.587766166686745,1
"PHJJKLOP_00351",44.3234453097038,-1.87757720174577,2.38650027316874,-0.78674920881227,0.43142869146733,1
"PHJJKLOP_00353",185.653405262115,-0.401014904144419,1.71880160030334,-0.233310757956966,0.815520105456673,1
"PHJJKLOP_00356",51.4225863520135,-1.0462516332557,3.03967680869415,-0.344198314196823,0.730697150014906,1
"PHJJKLOP_00357",1.89283977022493,4.16507738701215,3.9343875790521,1.05863423552583,0.289766388997577,1
"PHJJKLOP_00358",119.176199378118,0.125074153987867,2.08016000942211,0.0601271793618481,0.952054343118973,1
"PHJJKLOP_00359",13.2899145672666,-1.02453210097699,3.25366128376918,-0.314885912091663,0.752848278426219,1
"PHJJKLOP_00364",174.594750763417,-1.0915913123836,2.18584556320123,-0.499390867662641,0.617504051498413,1
"PHJJKLOP_00365",632.379537947341,-0.314780216680669,1.68008002484346,-0.187360251908238,0.851378185083287,1
"PHJJKLOP_00370",129.31894962679,-1.02608960074583,1.80949915186654,-0.567057243263917,0.570675290808849,1
"PHJJKLOP_00371",17.5430075907184,0.526212199258473,3.30065928911197,0.159426391265016,0.873332947593179,1
"PHJJKLOP_00384",17.1240847984738,-1.79016666220936,3.17458919039254,-0.563904982612257,0.572818798904326,1
"PHJJKLOP_00387",43.327004668753,-1.54762874805803,2.51355429228716,-0.615713276139261,0.538083773513042,1
"PHJJKLOP_00388",1.26406071204083,3.28761347953382,3.93282438734266,0.835942100571443,0.403187476337613,1
"PHJJKLOP_00392",0.175741457607825,1.00129586835844,4.08045587181214,0.245388235975153,0.806155836942687,1
"PHJJKLOP_00433",6200.31907869634,1.74097045316583,1.68094210165394,1.03571113570945,0.300336925676418,1
"PHJJKLOP_00434",18.2801487832496,-0.321295467488052,2.79440835529609,-0.114977994135724,0.908462564485627,1
"PHJJKLOP_00435",31.8835264279933,-1.41512807342518,2.95370775804613,-0.479102263780248,0.631865879359244,1
"PHJJKLOP_00442",0.413804561957282,0.115785431042425,4.01127923418644,0.0288649640881728,0.97697228857869,1
"PHJJKLOP_00452",131.594459066434,-1.3888507319133,1.76008076792635,-0.789083522314484,0.430063191952998,1
"PHJJKLOP_00463",118.112313663724,-0.516659909650457,1.92832668436997,-0.267931732645841,0.788751867281577,1
"PHJJKLOP_00464",298.896374402518,0.279079415758388,1.68139174993985,0.165981197283959,0.868171747306587,1
"PHJJKLOP_00482",0.59941031878702,-3.26688638255974,3.95537316196242,-0.825936327317068,0.408840212018706,1
"PHJJKLOP_00484",375.752540203671,-1.37219213616401,1.72216485737397,-0.796783263976473,0.425576916553122,1
"PHJJKLOP_00485",0.270850388293365,0,4.08045587179601,0,1,1
"PHJJKLOP_00487",7.00571828818802,0.144793238097611,3.60898314243586,0.0401202312072547,0.967997272614876,1
"PHJJKLOP_00490",11.308324086822,-2.34393021752439,2.88907038053693,-0.811309490178903,0.417187961464061,1
"PHJJKLOP_00494",1.11220300870853,-1.17286106937478,3.85455535126373,-0.304279213162746,0.760915180311744,1
"PHJJKLOP_00501",134.539580320617,0.857552070842294,1.81481567571288,0.472528467942309,0.636549626880845,1
"PHJJKLOP_00505",35.4028625034939,0.508316605206407,2.25323548909158,0.225594087998029,0.821517139423637,1
"PHJJKLOP_00509",43.4154693042413,0.967601984839987,3.09993950212318,0.312135763997093,0.754937347616363,1
"PHJJKLOP_00511",69.2008484534205,1.73399181542478,2.04889837521363,0.846304451407447,0.397382925241039,1
"PHJJKLOP_00513",32.3779198097855,-0.814939271244616,3.09886275208246,-0.262980111234991,0.792565908656099,1
"PHJJKLOP_00516",0.135425194146683,0,4.08045587180405,0,1,1
"PHJJKLOP_00520",50.7176631830765,-2.16587438104529,2.37496052299606,-0.911962266350852,0.361788581501237,1
"PHJJKLOP_00522",125.855748238095,-1.35265279276737,1.77602652298243,-0.7616174506763,0.446288356542734,1
"PHJJKLOP_00524",135.04892946892,-0.270743948518825,2.43751272491929,-0.111073860559144,0.911557776708973,1
"PHJJKLOP_00528",36.7092361371932,0.656459824772934,3.05324783768968,0.215003779473618,0.829764371875561,1
"PHJJKLOP_00531",6.25918631919447,1.07751408414776,3.60708590629995,0.298721492123553,0.76515255705529,1
"PHJJKLOP_00534",0.744838567806754,0,4.08045587178401,0,1,1
"PHJJKLOP_00536",20.8530889903579,-0.895907190559976,3.07657917526707,-0.291202384051177,0.770896539340398,1
"PHJJKLOP_00541",189.6598799447,-0.710226844770063,1.73100065917419,-0.410298425367956,0.681587047034743,1
"PHJJKLOP_00542",295.386631462186,-0.867400110890908,1.68324777717136,-0.515313385619639,0.606334046687952,1
"PHJJKLOP_00546",55.5231938685221,-0.62469282503791,2.21749315465824,-0.281711275512004,0.778164907916327,1
"PHJJKLOP_00550",333.733927376561,0.231489504245603,1.70557364870403,0.135725305337297,0.892038442065337,1
"PHJJKLOP_00557",208.443720006966,-1.10470718654576,2.22668739183256,-0.496121364228229,0.619808786850823,1
"PHJJKLOP_00559",0.229902552466771,-1.88220062802507,4.03242024892053,-0.466766981573641,0.640666601459995,1
"PHJJKLOP_00561",71.7665525179821,1.97788676150592,2.68559948684132,0.736478678670073,0.461439438470798,1
"PHJJKLOP_00568",0.793704509934724,2.04298812047419,4.02563268982102,0.507494915181896,0.611807603271166,1
"PHJJKLOP_00573",0.0677125970733413,0,4.08045587181214,0,1,1
"PHJJKLOP_00576",1.08340155317346,0,4.08045587178179,0,1,1
"PHJJKLOP_00584",0.197746840888315,-1.69396910370288,4.04961153646076,-0.418304098665068,0.675724793335863,1
"PHJJKLOP_00585",55.4136687435486,-0.0919322430059455,2.37836605954865,-0.0386535296519459,0.969166623662021,1
"PHJJKLOP_00587",571.336117717674,-0.70617428084031,1.65914171975699,-0.425626257498812,0.670380203986595,1
"PHJJKLOP_00591",124.705536597183,0.0330738154312933,1.78543096064537,0.0185242757408767,0.985220611646009,1
"PHJJKLOP_00592",1.44432614522636,3.81099685699589,3.92737633399119,0.970367118631327,0.331863532480195,1
"PHJJKLOP_00593",44.2801012003214,-1.71237357525712,3.32934682837175,-0.514327182937132,0.607023259813336,1
"PHJJKLOP_00594",74.6375097067187,1.77802285489543,3.42660962868036,0.518886902089333,0.603839612077048,1
"PHJJKLOP_00599",7.78148478465832,0.198224427191726,3.02410210176547,0.0655481926605597,0.947737536614617,1
"PHJJKLOP_00600",0.108028860534484,1.00130387001402,4.08045587181216,0.245390196946139,0.806154318719849,1
"PHJJKLOP_00601",4.46039301430464,1.36348434849374,3.59222555919113,0.379565349120436,0.7042680865084,1
"PHJJKLOP_00603",8.97218915512322,-1.66231482852867,2.83014641261834,-0.587360011170151,0.556961944775547,1
"PHJJKLOP_00607",0.135425194146683,0,4.08045587180405,0,1,1
"PHJJKLOP_00608",15.4466836391807,-1.06200983714758,3.27900175161119,-0.323882058503246,0.746027327710008,1
"PHJJKLOP_00610",273.95832557822,-0.753229478158796,1.76556170393021,-0.426623140093079,0.669653840552116,1
"PHJJKLOP_00612",2.50536609171363,0,4.08045587177898,0,1,1
"PHJJKLOP_00615",41.1852373097884,-0.715015370716011,2.72391280816662,-0.262495689499424,0.792939308165744,1
"PHJJKLOP_00650",0.104016240753039,1.00130387001402,4.08045587181216,0.24539019694614,0.806154318719849,1
"PHJJKLOP_00652",3.1147794653737,0,4.08045587177856,0,1,1
"PHJJKLOP_00657",2.45637852463736,3.34824362627577,3.22243792229486,1.0390405360831,0.298785884255343,1
"PHJJKLOP_00659",0.0750197949822146,0,4.08045587181213,0,1,1
"PHJJKLOP_00660",40.141861779869,-2.59791588646642,2.9726175744128,-0.873948909146041,0.382146077715083,1
"PHJJKLOP_00661",22.2111521336356,0.602933586047253,3.06781226576959,0.196535359342141,0.844191159542464,1
"PHJJKLOP_00668",24.0567334861013,0.299173542541406,3.33191842094243,0.089790176332344,0.928453954807859,1
"PHJJKLOP_00674",28.3736442795702,-1.93791940906212,2.96191041993557,-0.654280222662598,0.512931285264441,1
"PHJJKLOP_00678",28.582188821551,0.202694402591381,2.08339074118992,0.0972906323254622,0.922495595030932,1
"PHJJKLOP_00680",83.0570142389688,-0.131734919662952,1.77815379875473,-0.0740852224116992,0.940942573752484,1
"PHJJKLOP_00686",847.122066457625,0.231900567322361,1.67626499480026,0.138343619917919,0.889968853211879,1
"PHJJKLOP_00687",120.095715662972,0.6146556637679,2.16561558899826,0.283824916522798,0.776544558790298,1
"PHJJKLOP_00690",0.660122932256202,-3.41286925888846,3.95072134446215,-0.863859776815793,0.387664925297653,1
"PHJJKLOP_00694",1.20969365571609,-2.21193045600369,3.77551372923616,-0.585862114306546,0.557968178474583,1
"PHJJKLOP_00705",0.54170077658673,0,4.08045587178664,0,1,1
"PHJJKLOP_00707",0.32408658160345,2.43190076874531,3.9978763927763,0.608298138766741,0.542989755249756,1
"PHJJKLOP_00721",0.150039589964429,0,4.08045587180299,0,1,1
"PHJJKLOP_00727",0.0750197949822146,0,4.08045587181213,0,1,1
"PHJJKLOP_00729",0.864230884275868,3.84361645413178,3.94125671559297,0.97522610971397,0.32944811343801,1
"PHJJKLOP_00733",102.870686182468,2.50622073483516,2.74060414539538,0.914477466235312,0.360466013081173,1
"PHJJKLOP_00753",258.790202465671,-0.405846260193436,1.7933594126362,-0.226305032518189,0.820964184535537,1
"PHJJKLOP_00755",0.220040977418734,-1.82735637979226,4.03720744207045,-0.452628804938275,0.650816053354957,1
"PHJJKLOP_00756",136.455463926069,-1.41807181518127,2.12846309380349,-0.666242144066132,0.505256339265892,1
"PHJJKLOP_00760",40.0341346518477,-2.08175904886077,2.98277474253044,-0.697927007084252,0.485222843650088,1
"PHJJKLOP_00768",29.3556074790637,-1.08533150225141,2.7335355266108,-0.397043130292535,0.691335655680876,1
"PHJJKLOP_00769",478.640939547153,-0.204273324287363,1.79886290661121,-0.113556916169996,0.909589042262456,1
"PHJJKLOP_00771",11.4862252929862,-2.63618665315823,2.92599571221061,-0.900953696602162,0.367612939323665,1
"PHJJKLOP_00772",39.1622309211923,-0.784442039078846,2.73913414377296,-0.286383213783876,0.774584630006793,1
"PHJJKLOP_00777",0.6583538783803,-0.441873007791202,3.93620398912852,-0.112258665712351,0.910618314564465,1
"PHJJKLOP_00779",0.203137791220024,0,4.08045587179974,0,1,1
"PHJJKLOP_00782",0.177733085782708,-0.922249476387666,4.08045587181214,-0.22601628478783,0.821188754594214,1
"PHJJKLOP_00783",23.942525742769,-2.05558193907021,2.93262846166882,-0.700935002826944,0.483343578955949,1
"PHJJKLOP_00788",189.310996916918,-1.51412994948823,2.20406325756393,-0.686972093152057,0.492100314472707,1
"PHJJKLOP_00791",7.86340224375541,1.0869943644533,3.60791709250466,0.301280305667638,0.763200757450685,1
"PHJJKLOP_00797",0.108028860534484,1.00130387001402,4.08045587181216,0.245390196946139,0.806154318719849,1
"PHJJKLOP_00800",76.2709098733178,-0.463807535448551,2.86994850761616,-0.161608312559516,0.871614310892971,1
"PHJJKLOP_00807",4.42885771724772,0,3.86793467437941,0,1,1
"PHJJKLOP_00816",0.16717569566464,0,4.08045587181213,0,1,1
"PHJJKLOP_00819",44.6463249415026,1.28303639453159,2.73007751937811,0.469963356507127,0.638381197757867,1
"PHJJKLOP_00827",11.4534494288698,-0.520879753142126,2.1362444411861,-0.243829658769256,0.807362749075205,1
"PHJJKLOP_00829",102.405424433018,-0.965344035169908,2.16986754907768,-0.444886157028449,0.656402027005534,1
"PHJJKLOP_00836",0.126001866673997,1.00130387001402,4.08045587181216,0.24539019694614,0.806154318719849,1
"PHJJKLOP_00837",0.239764127514808,-1.93554547109924,4.02792994487529,-0.480531066227163,0.630849818539239,1
"PHJJKLOP_00839",66.9407779911189,-0.476155275027246,2.01670570528045,-0.236105483204863,0.813350819221853,1
"PHJJKLOP_00846",83.7050547060614,-0.780845447394975,2.14515074814804,-0.364004929755682,0.715854328142573,1
"PHJJKLOP_00848",146.146058956547,0.0481441889255776,2.06479977988437,0.0233166379590924,0.98139770014965,1
"PHJJKLOP_00856",55.0207827992466,-0.834910513793738,2.65807836858921,-0.314103046644509,0.753442775666524,1
"PHJJKLOP_00859",92.0614124253118,0.988128253086767,2.47277353306161,0.399603214720331,0.689448788306105,1
"PHJJKLOP_00860",96.0084439233919,0.245494089861293,2.46664187030988,0.0995256315139306,0.920720937922378,1
"PHJJKLOP_00862",2.43765349464029,0,4.08045587177904,0,1,1
"PHJJKLOP_00863",329.928908008592,-0.474706473721867,1.70444477587211,-0.278510914781017,0.78062018758598,1
"PHJJKLOP_00865",74.165674899289,-1.46879136092531,2.4402351754425,-0.601905658809693,0.547236937261498,1
"PHJJKLOP_00869",5.51881815907794,-0.634043619598764,3.33811983144869,-0.18994034115414,0.849355880179422,1
"PHJJKLOP_00875",112.200631047531,-1.06832791046835,1.69994767734648,-0.628447525006153,0.529710812240792,1
"PHJJKLOP_00880",21.7303609858851,0.633819738204325,2.65799837086346,0.238457534493683,0.811526248006613,1
"PHJJKLOP_00881",14.1314307681112,-0.257759266853087,2.91721620629396,-0.0883579579384502,0.929592175258392,1
"PHJJKLOP_00884",0.825217744804361,0,4.08045587178334,0,1,1
"PHJJKLOP_00897",41.6754618207287,0.136557620058532,2.75427069356495,0.049580319166734,0.960456830370152,1
"PHJJKLOP_00902",74.6528478185817,2.17903388783352,2.70132244552963,0.806654493038979,0.41986556904007,1
"PHJJKLOP_00910",10.8727317699996,-1.64731012415021,3.24923729430392,-0.506983631832008,0.612166303397327,1
"PHJJKLOP_00913",69.16096362246,-1.25765493601362,2.75407303334735,-0.456652717914688,0.647920680754414,1
"PHJJKLOP_00920",1.9636653151269,0,4.08045587177958,0,1,1
"PHJJKLOP_00925",27.7263425651356,-2.48638278166267,3.23433976159127,-0.768745080893846,0.442044657109928,1
"PHJJKLOP_00926",1746.58938064192,0.897067754461014,1.64809566367232,0.544305633607549,0.586231170862168,1
"PHJJKLOP_00927",1.62510232976019,0,4.08045587178015,0,1,1
"PHJJKLOP_00928",86.7968927249038,-0.413372262205933,2.6044747950171,-0.158716169185741,0.873892498494249,1
"PHJJKLOP_00929",55.375860720547,-0.83084312922332,2.22592137906809,-0.373258075076832,0.708956376523172,1
"PHJJKLOP_00932",139.833101870526,-0.97732757219154,2.11213516450025,-0.462720184114157,0.643564948623943,1
"PHJJKLOP_00934",0.0677125970733413,0,4.08045587181214,0,1,1
"PHJJKLOP_00944",75.2513310102993,-0.189823625181045,1.7130167812956,-0.110812472623576,0.91176505454543,1
"PHJJKLOP_00945",0.0677125970733413,0,4.08045587181214,0,1,1
"PHJJKLOP_00956",53.5606158918063,-0.729923233996708,2.75461196246861,-0.264982234863516,0.791023147308531,1
"PHJJKLOP_00957",40.0130736923399,0.105306996918383,2.42076968441806,0.0435014522844615,0.965301806868064,1
"PHJJKLOP_00958",16.3565904777122,-0.649958079304164,2.97998468713753,-0.21810785877846,0.827345074385776,1
"PHJJKLOP_00965",385.131116561722,-0.0747074205138945,2.33224503923399,-0.0320324062253903,0.974446207720217,1
"PHJJKLOP_00970",85.4934052446525,1.24909478553034,2.39235087075578,0.522120229435964,0.601586622367341,1
"PHJJKLOP_00972",0.283770318142308,1.84926963854753,4.04241879012584,0.457466119805455,0.647336048931036,1
"PHJJKLOP_00973",72.1832995411121,-1.7022748841875,2.18267921916387,-0.779901539924678,0.435448831987654,1
"PHJJKLOP_00975",34.4622828127543,-2.10260292531237,2.78491860190095,-0.754996186918053,0.450251270122125,1
"PHJJKLOP_00976",3.16801565868378,2.43185270435218,3.99787639372667,0.608286116141099,0.542997727679726,1
"PHJJKLOP_00977",32.1269800606474,-0.754018819182067,2.37690264718189,-0.317227472515986,0.751071005580153,1
"PHJJKLOP_00985",28.8189207476797,1.05402466440045,2.7190987726264,0.387637505121728,0.698284309869875,1
"PHJJKLOP_00987",864.730014684101,0.187325110857794,1.71633438220523,0.10914254984341,0.913089426554963,1
"PHJJKLOP_00989",22.6795745033165,-1.47221943276839,2.90233722449085,-0.507253058102734,0.611977270905991,1
"PHJJKLOP_00990",39.0012186229338,0.940118262146131,2.7728288508524,0.339046624481394,0.734574606818561,1
"PHJJKLOP_00991",25.9156130284281,-1.43061859903408,2.75512195949853,-0.519257811474332,0.603580969169542,1
"PHJJKLOP_01000",34.038463620018,1.96394564688287,2.35275905959525,0.834741508644207,0.403863265171135,1
"PHJJKLOP_01006",11.1636863980907,-1.49815785797028,3.27378539192984,-0.457622500748939,0.647223675197295,1
"PHJJKLOP_01007",4.67865013535395,0,3.8160072700599,0,1,1
"PHJJKLOP_01008",901.748228836309,0.520348439450154,1.66159073480102,0.313162819551029,0.754156964386193,1
"PHJJKLOP_01009",42.8548843396485,0.454665091365193,3.39269508357483,0.134012954351948,0.893392330748549,1
"PHJJKLOP_01010",2.50536609171363,0,4.08045587177898,0,1,1
"PHJJKLOP_01011",0.0677125970733413,0,4.08045587181214,0,1,1
"PHJJKLOP_01015",0.135425194146683,0,4.08045587180405,0,1,1
"PHJJKLOP_01017",24.7141537374004,-2.48602302137689,2.64450875966136,-0.94006987584917,0.347181719555401,1
"PHJJKLOP_01021",8.21669529694934,1.09665283584933,2.44224443199644,0.449034839216671,0.653406524590263,1
"PHJJKLOP_01022",39.9661912497539,-0.830290361795005,2.84674796709793,-0.291662757431045,0.770544486942132,1
"PHJJKLOP_01023",0.16717569566464,0,4.08045587181213,0,1,1
"PHJJKLOP_01027",16.5986553998851,-2.07418351636285,2.90179132397043,-0.714794168425872,0.474736239121357,1
"PHJJKLOP_01034",5.56786729686119,-0.432719146942204,3.20603135131993,-0.13497034168554,0.892635323631514,1
"PHJJKLOP_01036",51.152275014248,-0.609506919081463,2.75798438765322,-0.22099723327299,0.825094587251612,1
"PHJJKLOP_01040",16.9914563713462,-0.434926164552559,2.92008617277036,-0.148942921139869,0.881598672750205,1
"PHJJKLOP_01048",13.6339908038162,-1.50617471775266,3.33877600172592,-0.451115833159837,0.651906066828273,1
"PHJJKLOP_01049",37.7165072155787,-2.31393642651146,2.26339124506671,-1.02233161480805,0.30662397489595,1
"PHJJKLOP_01056",4.86437680998038,1.51077930869164,3.2506393777061,0.464763738190411,0.642100658315872,1
"PHJJKLOP_01059",7.76682401119255,0.88345935448849,2.51157956413148,0.351754476388247,0.725022401855093,1
"PHJJKLOP_01061",0.208032481506078,1.80206619929779,4.04685028194995,0.445300931278703,0.656102294956092,1
"PHJJKLOP_01062",58.2119984294936,-0.375374105227953,2.67348199122344,-0.140406446147847,0.888338865017002,1
"PHJJKLOP_01073",14.9679070725636,0,3.65993736657145,0,1,1
"PHJJKLOP_01078",11.7303435178018,-0.660939981463564,2.78050501362494,-0.23770501337881,0.812109894998699,1
"PHJJKLOP_01081",7.8291830609678,0.147116875631872,3.22062746680548,0.0456795693224949,0.963565648126962,1
"PHJJKLOP_01085",52.3479284686176,1.76525045367118,3.03129796603031,0.582341450247762,0.560336710787223,1
"PHJJKLOP_01087",32.5035754330872,-3.0421223405758,2.94063835481642,-1.03451086924482,0.300897398145552,1
"PHJJKLOP_01095",37.6430465535229,0.0107650235262369,2.21684075364711,0.0048560202209051,0.996125471666298,1
"PHJJKLOP_01098",0.312048722259117,2.38248168232003,4.00101289807997,0.595469633068003,0.551529591821394,1
"PHJJKLOP_01102",203.060922584723,0.569895626274875,1.80082437864312,0.316463744623602,0.751650539746626,1
"PHJJKLOP_01103",108.089685516525,0.149721289927099,2.15723922642489,0.0694041199015405,0.944667949622281,1
"PHJJKLOP_01110",0.239764127514808,-1.93554547109924,4.02792994487529,-0.480531066227163,0.630849818539239,1
"PHJJKLOP_01111",139.473096494118,1.13037603279216,2.0521950359597,0.550813160048186,0.581761761856683,1
"PHJJKLOP_01115",0.639017723116575,2.20503214797411,3.96176564217103,0.556578138924381,0.577815693460271,1
"PHJJKLOP_01123",42.6596687237574,-2.82453709596225,3.07883169781058,-0.917405487922847,0.358930198060653,1
"PHJJKLOP_01132",7.17494205779816,-1.31567136386733,2.63097767761102,-0.500069375374553,0.617026228971416,1
"PHJJKLOP_01151",0.283770318142308,1.84926963854753,4.04241879012584,0.457466119805455,0.647336048931036,1
"PHJJKLOP_01154",516.416842230175,0.610312676644101,1.67838289056723,0.363631374029223,0.716133295286902,1
"PHJJKLOP_01157",10.2965537007561,-2.67492138965136,3.23322219820855,-0.827323711662462,0.408053607570569,1
"PHJJKLOP_01158",12.8102914585745,0.0365991011785788,1.76998215127903,0.020677666807053,0.983502784517413,1
"PHJJKLOP_01159",20.3764566040208,-1.66718886076816,3.28055007673771,-0.508204057785963,0.611310245453688,1
"PHJJKLOP_01162",23.4699611587184,1.45584795012051,3.34328771100898,0.435453983013967,0.663232933763536,1
"PHJJKLOP_01163",21.01701471466,0.368404733527884,2.88017226992802,0.127910659155499,0.898219675555477,1
"PHJJKLOP_01170",215.755433780402,-0.510965566092537,1.77806595109263,-0.28737154872042,0.773827843688684,1
"PHJJKLOP_01179",193.38383527118,1.2384870721897,2.53723725665039,0.488124265455854,0.625461824388544,1
"PHJJKLOP_01184",26.3884467385392,-1.37953317185839,2.93924078595896,-0.46935017316327,0.638819357644059,1
"PHJJKLOP_01185",22.9284886895705,2.62173758533044,3.28028142937161,0.799241663186406,0.424150297965142,1
"PHJJKLOP_01188",33.0666070103265,-0.264042934551579,2.70067743291539,-0.0977691490784756,0.922115605455254,1
"PHJJKLOP_01189",5.49248148131714,-0.888608521072488,2.40307634271083,-0.369779563503205,0.711546743588662,1
"PHJJKLOP_01194",74.6792920502585,1.49551025769946,2.92356553774426,0.511536423039571,0.608975490800207,1
"PHJJKLOP_01196",0.104016240753039,1.00130387001402,4.08045587181216,0.24539019694614,0.806154318719849,1
"PHJJKLOP_01199",46.0802370044814,-2.82991569846729,2.97513319779891,-0.951189580540778,0.341508146754682,1
"PHJJKLOP_01202",120.056917530445,0.465445754893397,1.67216208574583,0.278349664103164,0.780743955369053,1
"PHJJKLOP_01203",0.0988734204441573,-0.922241474746552,4.08045587181216,-0.226014323820387,0.821190279763076,1
"PHJJKLOP_01207",37.8942211822886,-1.00100994616576,3.02046027736532,-0.331409737008334,0.740335011014385,1
"PHJJKLOP_01214",75.3590236686424,-0.0992936371936444,2.0827784864812,-0.0476736426068037,0.9619763403635,1
"PHJJKLOP_01216",122.012891259126,-1.06173750506921,2.26243130845702,-0.469290493417596,0.638862009489994,1
"PHJJKLOP_01220",42.5743245226629,-1.05557264186176,3.34101141256152,-0.315944039548329,0.752044983942235,1
"PHJJKLOP_01221",116.442782975511,0.598200078377122,1.69372991513651,0.353185046229115,0.723949717809509,1
"PHJJKLOP_01228",127.985380198189,-1.41043631631689,2.47737555242974,-0.569326808336983,0.569134376991547,1
"PHJJKLOP_01231",3.54859395529428,0,3.91963557682244,0,1,1
"PHJJKLOP_01232",27.7904282276482,-0.784800494522719,2.66649963617856,-0.294318620514586,0.768514445338618,1
"PHJJKLOP_01238",116.53755076899,-0.810059526910063,1.94531518038233,-0.41641556858198,0.677105938110243,1
"PHJJKLOP_01241",72.700155936516,-0.213379398155014,2.19281767297434,-0.0973083174150023,0.922481551007326,1
"PHJJKLOP_01248",15.0898182897929,-1.57740743506941,2.64822981136187,-0.595645977664686,0.551411754609328,1
"PHJJKLOP_01253",88.1931277669781,-1.66313750280321,1.75338581293953,-0.948529120362269,0.342860155347145,1
"PHJJKLOP_01256",64.8603946887216,0.0644714966253357,2.17170788265784,0.0296870021701226,0.976316678119723,1
"PHJJKLOP_01261",16.9659202450405,-3.49464582819897,3.23485107010665,-1.08031119592896,0.280003625739812,1
"PHJJKLOP_01269",1.71814808668206,0,4.08045587177997,0,1,1
"PHJJKLOP_01271",251.921103476649,-0.212434721631079,1.71222075338207,-0.124069703752549,0.901260085686992,1
"PHJJKLOP_01277",61.3492708278051,0.309355839608453,2.49767422667282,0.12385756168872,0.901428055002517,1
"PHJJKLOP_01278",0.119882063757404,-0.922241474746552,4.08045587181216,-0.226014323820387,0.821190279763076,1
"PHJJKLOP_01281",117.335463618114,0.85178752494214,2.12471736679848,0.400894508724993,0.688497793013752,1
"PHJJKLOP_01293",18.4145042335809,0.093712478573608,2.79418525200929,0.0335383913812513,0.973245251145989,1
"PHJJKLOP_01298",53.9804203010068,-0.194188565981135,2.05444587605731,-0.0945211398578203,0.924695190443223,1
"PHJJKLOP_01299",8.35494785821565,-0.148805062258687,2.86658935642609,-0.0519101425968488,0.958600292549996,1
"PHJJKLOP_01300",0.203137791220024,0,4.08045587179974,0,1,1
"PHJJKLOP_01308",13.3411771761959,0.435577188781583,3.25120342765375,0.1339741417214,0.893423021987421,1
"PHJJKLOP_01310",83.0810722666621,0.206716826766389,2.42591980834087,0.0852117312598912,0.93209306430768,1
"PHJJKLOP_01333",7.61280494991558,3.08216680459129,3.59125354574183,0.858242606748228,0.390758513724605,1
"PHJJKLOP_01341",0.50152708699392,0,4.08045587178802,0,1,1
"PHJJKLOP_01344",0.203137791220024,0,4.08045587179974,0,1,1
"PHJJKLOP_01345",3.30087097921744,0,4.08045587177846,0,1,1
"PHJJKLOP_01349",0.540144302672418,3.16679774734995,3.96176590995607,0.799339945702413,0.424093322433861,1
"PHJJKLOP_01350",141.769559888527,2.54344284099481,2.67083138957109,0.952303784853772,0.340942938883554,1
"PHJJKLOP_01351",6.53764691224855,-1.92418141274949,3.13928469879187,-0.612936256940951,0.539918488427615,1
"PHJJKLOP_01360",0.110020488709367,-0.922241474746552,4.08045587181216,-0.226014323820387,0.821190279763076,1
"PHJJKLOP_01361",49.6255273804121,1.23359189238715,2.42459531573333,0.508782593277444,0.610904621786517,1
"PHJJKLOP_01371",46.7304644476981,1.5173927159939,2.97266235723513,0.510449063379409,0.60973689131926,1
"PHJJKLOP_01374",111.129475332373,-0.390221570645281,2.7933838165963,-0.13969493498418,0.888901028462806,1
"PHJJKLOP_01388",172.637361297857,-0.76120833710334,2.15310817309108,-0.353539291066143,0.723684178062492,1
"PHJJKLOP_01404",168.612093126219,1.69690558224435,2.09110041113931,0.811489287269479,0.417084742447679,1
"PHJJKLOP_01407",0.406275582440048,0,4.08045587178981,0,1,1
"PHJJKLOP_01408",527.382235016653,0.105066846594693,1.67817877111702,0.0626076604012567,0.950078929268956,1
"PHJJKLOP_01416",61.945103908848,-1.90155388980774,2.52428079281947,-0.753305216763868,0.45126652467838,1
"PHJJKLOP_01418",12.8998578294146,1.29750413083369,3.21225877379693,0.403922666946294,0.68626958745733,1
"PHJJKLOP_01420",153.228070396625,1.50116778920146,1.7533951647124,0.856149155314733,0.391915282196185,1
"PHJJKLOP_01439",42.0538064411611,2.08318739733008,2.88552859514693,0.721943078586613,0.470329474398854,1
"PHJJKLOP_01442",0.690045900582356,1.84925091284872,4.04241879008768,0.457461487509218,0.647339377773963,1
"PHJJKLOP_01446",137.438000632313,0.631270313061769,2.19229333721908,0.287949747574626,0.773385205742677,1
"PHJJKLOP_01447",25.1272108538871,-0.58855555846831,2.13304968740725,-0.275922104366779,0.782607895879163,1
"PHJJKLOP_01453",0.795285759964318,3.3861700870039,3.95405284047335,0.856379573976188,0.391787859199176,1
"PHJJKLOP_01462",27.8787196521802,-0.272255894756785,3.02995835307633,-0.089854665652537,0.928402706928171,1
"PHJJKLOP_01466",76.4646982291957,1.09070592754163,1.80274983014563,0.605023453228402,0.545163413439555,1
"PHJJKLOP_01468",25.5549399657107,-0.814619950341091,2.87125569768842,-0.283715571203541,0.776628360785166,1
"PHJJKLOP_01474",126.028645160553,-1.00264123916175,1.75343200660818,-0.571816435073097,0.567446341740143,1
"PHJJKLOP_01478",1.01568895610012,0,4.08045587178212,0,1,1
"PHJJKLOP_01479",2.72172785675153,-2.87970128341516,3.83286171085526,-0.751318857985247,0.452460782685995,1
"PHJJKLOP_01482",18.5043720968164,-2.72027498382218,2.99052831525529,-0.909630238224299,0.363017546107901,1
"PHJJKLOP_01483",38.7277338749811,2.19003104985113,3.03832600899288,0.720801863713453,0.471031428593727,1
"PHJJKLOP_01494",51.2410295110774,-0.351764251637704,1.72727070643409,-0.203653226056218,0.838624496277835,1
"PHJJKLOP_01510",7.32556529550527,-0.961293833173791,3.72127243884814,-0.258323960142876,0.796156896120888,1
"PHJJKLOP_01511",0.0988734204441573,-0.922241474746552,4.08045587181216,-0.226014323820387,0.821190279763076,1
"PHJJKLOP_01515",0.999264736443382,2.43186988029453,3.997876393741,0.608290412405401,0.542994878739088,1
"PHJJKLOP_01520",26.3330225699736,-1.99155946726416,3.30511907616391,-0.602568143951916,0.546796017847619,1
"PHJJKLOP_01527",77.1623955552222,1.40727202215275,2.45705497683145,0.572747470212298,0.566815690924749,1
"PHJJKLOP_01529",0.790987363553258,-3.67967611083144,3.94333357304846,-0.933138432919028,0.350748497804589,1
"PHJJKLOP_01531",0.203137791220024,0,4.08045587179974,0,1,1
"PHJJKLOP_01534",19.7459316198467,0.551597640704925,2.66187300517594,0.207221621629717,0.835836782160544,1
"PHJJKLOP_01537",25.6665142595886,0.0122416561652559,2.74408161093048,0.00446111227759909,0.996440559196082,1
"PHJJKLOP_01541",4.83347531328528,-3.05277778062192,3.12999652265649,-0.975329447980014,0.329396867671088,1
"PHJJKLOP_01542",26.8044838860132,0.388966354413808,3.33749834019624,0.116544284001333,0.907221191633933,1
"PHJJKLOP_01544",16.6653008240233,0.203509996724544,2.96164551863867,0.0687151772363654,0.94521633707254,1
"PHJJKLOP_01557",6.41509180894651,0.739899936473979,3.54778468908357,0.208552660692919,0.834797469145176,1
"PHJJKLOP_01558",0.216057721068967,1.84927769900659,4.04241878469916,0.457468114388898,0.647334615593316,1
"PHJJKLOP_01563",103.096770735423,1.821932294924,2.25545198937345,0.807790324736694,0.419211295805017,1
"PHJJKLOP_01572",71.8487374839712,1.31931785145886,2.73446915210623,0.482476772664506,0.629467294791088,1
"PHJJKLOP_01574",122.1956328421,-0.438711555677216,2.049739126405,-0.214032873757289,0.830521421585023,1
"PHJJKLOP_01576",0.32408658160345,2.43190076874531,3.9978763927763,0.608298138766741,0.542989755249756,1
"PHJJKLOP_01577",79.3344285227723,-0.986718820905883,2.75521695918087,-0.358127448953869,0.720247938237054,1
"PHJJKLOP_01599",0.239764127514808,-1.93554547109924,4.02792994487529,-0.480531066227163,0.630849818539239,1
"PHJJKLOP_01605",13.3727242506192,0.811860077275801,2.93854201004932,0.27627989475712,0.782333096837064,1
"PHJJKLOP_01608",64.1618588863855,-0.123797347999102,2.54429634347134,-0.0486568116629834,0.961192794381653,1
"PHJJKLOP_01620",39.9753022103631,0.760959016605113,3.00913758586186,0.252882759558887,0.800358812439893,1
"PHJJKLOP_01622",52.8743278402496,-0.558636392316399,2.43463094966327,-0.229454239211764,0.818515883646773,1
"PHJJKLOP_01623",37.4783683665373,-0.286857918854519,3.33504443270621,-0.0860132225050295,0.9314559061426,1
"PHJJKLOP_01635",88.1606589143154,1.15299047098561,2.28995939211964,0.503498217022259,0.614614033579445,1
"PHJJKLOP_01652",41.5539397550549,-2.43937941459092,2.26501730976328,-1.07698047342775,0.281488989282779,1
"PHJJKLOP_01654",72.98954999539,-2.29023802458992,2.23277472363549,-1.02573627350137,0.305015911477801,1
"PHJJKLOP_01659",921.59006516099,0.218848662658471,1.70121142010716,0.128642836552723,0.89764026923502,1
"PHJJKLOP_01668",168.669819217731,-0.758716720856829,1.91747350080621,-0.395685635570881,0.692336953627622,1
"PHJJKLOP_01669",77.3816617760124,-1.7109527788065,2.4940466530986,-0.686014745025244,0.492703810292627,1
"PHJJKLOP_01673",13.7796300473932,1.10038049352472,2.86083376630288,0.384636292568222,0.70050690139162,1
"PHJJKLOP_01674",29.005445743431,-2.7043391735247,2.98403041623133,-0.906270646175296,0.364792618337147,1
"PHJJKLOP_01675",0.318914397862891,-2.36729276622034,3.99695677893014,-0.592273796579304,0.553667259640081,1
"PHJJKLOP_01678",2.31201768106571,2.79501383317626,3.9777856534197,0.702655717703991,0.482270330433334,1
"PHJJKLOP_01683",0.135425194146683,0,4.08045587180405,0,1,1
"PHJJKLOP_01684",35.2742756051411,0.751032930609629,2.6980732591722,0.278358983788326,0.780736801903517,1
"PHJJKLOP_01686",101.043659784424,0.854947474390533,2.09248957138837,0.408579084971627,0.682848582023414,1
"PHJJKLOP_01687",0.234888292737981,0,4.08045587179994,0,1,1
"PHJJKLOP_01702",0.880163909674936,-3.82796775066274,3.93977596084576,-0.971620667953156,0.331239296582991,1
"PHJJKLOP_01710",9.02706350797245,-2.08248242754605,2.9138257227377,-0.714690110426182,0.474800550007366,1
"PHJJKLOP_01711",3.30586998767089,2.56895848586103,3.41088692128403,0.753164366086328,0.451351149500239,1
"PHJJKLOP_01714",0.89979049394463,0.601696016652339,3.86614341634608,0.155632099447828,0.876323021529031,1
"PHJJKLOP_01718",37.5075356587519,0.107564587485427,3.35269493085368,0.0320830226739533,0.974405842384389,1
"PHJJKLOP_01720",0.660122932256202,-3.41286925888846,3.95072134446215,-0.863859776815793,0.387664925297653,1
"PHJJKLOP_01721",10.0444512737824,-2.28535372583401,2.40280011632494,-0.951121031794119,0.341542939383938,1
"PHJJKLOP_01723",2.09909050927358,0,4.0804558717794,0,1,1
"PHJJKLOP_01733",0.239764127514808,-1.93554547109924,4.02792994487529,-0.480531066227163,0.630849818539239,1
"PHJJKLOP_01746",340.262522073559,0.399017237625316,2.15770028340642,0.184927091447278,0.853286221557854,1
"PHJJKLOP_01752",2.62655033180062,-1.30376212932312,3.78241305081495,-0.344690574986836,0.730327004471882,1
"PHJJKLOP_01756",46.1544797194559,1.07275029245618,2.04769422510771,0.523882071503989,0.60036056535032,1
"PHJJKLOP_01766",78.1858874778876,0.45083396615249,1.77262614915253,0.25433110437191,0.799239771825691,1
"PHJJKLOP_01781",33.639288108402,1.02091254452024,2.50157812769261,0.408107399572566,0.683194827770215,1
"PHJJKLOP_01783",53.4686686434165,0.696828815512903,2.7624671203877,0.252248727367697,0.800848816478039,1
"PHJJKLOP_01784",99.004156598388,-0.731987382353792,2.13631588092323,-0.342640050982281,0.731869267662088,1
"PHJJKLOP_01791",0.270850388293365,0,4.08045587179601,0,1,1
"PHJJKLOP_01797",60.1415585300738,-1.21327374614024,2.23324043690011,-0.543279499194606,0.586937377203337,1
"PHJJKLOP_01799",2.79533643307948,-0.865438945071559,2.26848101696518,-0.381505923390692,0.702827876743851,1
"PHJJKLOP_01809",42.4029209934925,-0.851199435630869,2.94428163534074,-0.28910258631979,0.772502874472008,1
"PHJJKLOP_01810",5.64614175847306,-1.28451176489458,3.26513579330902,-0.39340224915816,0.694022408721092,1
"PHJJKLOP_01812",0.32408658160345,2.43190076874531,3.9978763927763,0.608298138766741,0.542989755249756,1
"PHJJKLOP_01835",95.9715551095383,-1.39591015188692,1.80121399204739,-0.774982960408956,0.438349728394183,1
"PHJJKLOP_01838",36.4232439274783,-0.602335405854377,2.07634444919606,-0.290094163368508,0.771744200864969,1
"PHJJKLOP_01842",171.963817259524,1.58650478218503,1.73285898043843,0.915541772351046,0.359907283462142,1
"PHJJKLOP_01845",44.5183373477637,1.40597579832532,2.53126442178832,0.555444064327347,0.57859095985243,1
"PHJJKLOP_01849",18.485887364522,-1.38351034624119,2.91904725217143,-0.473959558281223,0.635528746614174,1
"PHJJKLOP_01850",28.8869065773369,0.644887807367843,3.06139836025621,0.210651385896042,0.833159311731306,1
"PHJJKLOP_01858",772.723192788722,0.393318334550446,1.69288211333426,0.232336517382049,0.816276651546759,1
"PHJJKLOP_01862",0.0750197949822146,0,4.08045587181213,0,1,1
"PHJJKLOP_01864",1.75110419643419,1.00126251099588,4.08045587178015,0.24538006106633,0.806162166127971,1
"PHJJKLOP_01866",16.3404425871142,0.663826493584211,2.95731891649877,0.224469024926851,0.82239236650384,1
"PHJJKLOP_01868",589.877903127889,1.30752731585785,1.81098163197431,0.721999214554376,0.47029496042702,1
"PHJJKLOP_01886",48.5431788562091,-0.189182618698601,2.67539662792055,-0.070711989663246,0.943626978354737,1
"PHJJKLOP_01911",32.5276617213473,-0.179431565584195,3.33451669841839,-0.0538103664825858,0.957086250228741,1
"PHJJKLOP_01920",8.7074207034747,-1.50347416580513,3.28589559944661,-0.457553845002968,0.647273009518406,1
"PHJJKLOP_01929",55.086455411213,0.930488253297503,2.34477367665323,0.396834996299353,0.691489141841803,1
"PHJJKLOP_01930",5.65532566052095,-3.18867210409928,3.25866125123564,-0.97852211637223,0.327816158340402,1
"PHJJKLOP_01931",1.0782382503066,1.18440216234926,3.85730421431602,0.307054382165002,0.758801979209516,1
"PHJJKLOP_01932",300.566165650174,0.647373105459098,1.69242930446742,0.38251116531146,0.702082248714168,1
"PHJJKLOP_01934",0.54170077658673,0,4.08045587178664,0,1,1
"PHJJKLOP_01935",74.9725100905276,0.0302377780862519,2.45775218499366,0.0123030215458154,0.990183856693668,1
"PHJJKLOP_01937",0.692113943109101,-3.48779752797274,3.94850837882637,-0.8833202803053,0.377063249417856,1
"PHJJKLOP_01938",733.506921826812,0.592634370150693,1.71074032877238,0.346419827827387,0.729027226095572,1
"PHJJKLOP_01941",7.44864014230104,3.05687934689512,3.2461733318665,0.941687037129797,0.346352893676833,1
"PHJJKLOP_01952",103.70653182417,-0.839225864211012,2.18439441833371,-0.384191543966307,0.700836485239976,1
"PHJJKLOP_01953",6.85372469227971,2.43357585323844,3.50746720508403,0.69382711539284,0.487790635688405,1
"PHJJKLOP_01954",76.1897698903279,1.92354017195859,2.56319116512581,0.750447410294573,0.452985285993572,1
"PHJJKLOP_01957",2.50536609171363,0,4.08045587177898,0,1,1
"PHJJKLOP_01971",75.609474300988,-1.79507482498349,3.10650558941234,-0.577843745429433,0.563369617901973,1
"PHJJKLOP_01973",52.1933362011871,-1.36584255902398,2.7859940992339,-0.49025321317068,0.623954730047741,1
"PHJJKLOP_01979",0.409772184816305,2.50195089398169,3.99360597835383,0.626489169823658,0.53099413833057,1
"PHJJKLOP_01985",57.7205564641586,-0.61073065574322,2.9989820689404,-0.203645984438648,0.838630155670986,1
"PHJJKLOP_01992",0.59941031878702,-3.26688638255974,3.95537316196242,-0.825936327317068,0.408840212018706,1
"PHJJKLOP_02002",2.50536609171363,0,4.08045587177898,0,1,1
"PHJJKLOP_02008",64.9788240134227,-0.423472894866951,2.80693681785637,-0.150866557513166,0.880080981720649,1
"PHJJKLOP_02011",80.186299736159,-0.766385524301781,1.8010996100912,-0.42550979413236,0.670465083379941,1
"PHJJKLOP_02013",2.32171053599489,0.841630439705101,3.10518955370955,0.271039955902101,0.786360301652,1
"PHJJKLOP_02026",4.7423682352539,-0.212384094600003,2.39310826936147,-0.0887482180890512,0.929282011197576,1
"PHJJKLOP_02030",4.35019105858937,2.84683795094618,3.53205282485335,0.806000955284237,0.420242298285023,1
"PHJJKLOP_02035",63.7679999063844,1.78979600320794,2.66576670266439,0.671400089669911,0.501965687820381,1
"PHJJKLOP_02036",38.5870606441332,-2.08783635315637,2.88175863106798,-0.724500772079799,0.468758353341449,1
"PHJJKLOP_02038",37.0348149341516,-2.46060072862471,3.30004895472796,-0.745625523251535,0.455893660385839,1
"PHJJKLOP_02047",42.0029920729389,-1.60045327888471,2.54010882070036,-0.630072722019614,0.528647005779764,1
"PHJJKLOP_02052",92.4987374119537,-0.429259341819568,2.13021259840014,-0.201510094411213,0.840299737124756,1
"PHJJKLOP_02054",42.5265748891209,0.34098684452498,2.40036057402133,0.142056509432549,0.887035370155177,1
"PHJJKLOP_02062",90.543703658677,-0.455084621590209,2.07784734482878,-0.219017351165279,0.82663653160777,1
"PHJJKLOP_02065",5.0743757603315,1.00127006543015,3.5763328657556,0.279971161246647,0.779499630432221,1
"PHJJKLOP_02072",0.378879248827849,1.00128371013964,4.08045587179601,0.245385256353459,0.806158143826613,1
"PHJJKLOP_02075",710.365731383847,0.918667618661567,1.70201037939426,0.5397544161796,0.589366407104551,1
"PHJJKLOP_02078",0.270850388293365,0,4.08045587179601,0,1,1
"PHJJKLOP_02090",40.4032073156745,-0.319136313971079,3.35054960918446,-0.095248944560101,0.924117094535066,1
"PHJJKLOP_02092",18.1722649422254,-0.642150501594472,3.26390123595847,-0.196743239200955,0.844028471348302,1
"PHJJKLOP_02094",1.55738973268685,0,4.08045587178029,0,1,1
"PHJJKLOP_02097",43.8456642452452,2.80576970141052,2.64496016532219,1.06079847182452,0.288781496864538,1
"PHJJKLOP_02098",6.87284043687593,2.91512597328601,2.76739902757961,1.05338115112211,0.292166339384767,1
"PHJJKLOP_02100",6.47524427075001,2.64170863119728,3.22605219357898,0.818867294352907,0.412862131592604,1
"PHJJKLOP_02104",1.08028860534484,4.1651104926932,3.93438757908642,1.05864264995986,0.289762555415866,1
"PHJJKLOP_02108",0.0677125970733413,0,4.08045587181214,0,1,1
"PHJJKLOP_02116",2.47315357971845,3.37537871537258,3.72418736034504,0.906339662529722,0.364756098425804,1
"PHJJKLOP_02120",29.8823311942069,1.61102888478913,2.21791537890104,0.72637076243521,0.467611509910837,1
"PHJJKLOP_02121",96.936098304917,1.31693852849608,1.76889063281268,0.744499690408805,0.456574228441363,1
"PHJJKLOP_02122",12.3534379661468,1.68932079914869,2.96331936533466,0.570077197520664,0.568625340132299,1
"PHJJKLOP_02123",0.880163909674936,-3.82796775066274,3.93977596084576,-0.971620667953156,0.331239296582991,1
"PHJJKLOP_02130",7.14921556914345,0.222690101434678,3.72822132934794,0.0597309230762932,0.952369942643661,1
"PHJJKLOP_02131",15.7765826370959,-0.978901998443208,2.25887915615938,-0.433357400184067,0.664755143634993,1
"PHJJKLOP_02134",0.0677125970733413,0,4.08045587181214,0,1,1
"PHJJKLOP_02146",1038.01711782237,-0.116067830589449,1.70085325860666,-0.0682409431866756,0.945593834967047,1
"PHJJKLOP_02154",44.4304431989517,-2.50368237924685,2.34188170000211,-1.06909003099713,0.285029103254437,1
"PHJJKLOP_02166",0.34587018327558,0,4.08045587179202,0,1,1
"PHJJKLOP_02168",23.7849403122398,-1.69673373907781,2.48079383740181,-0.683947901472875,0.494008064561356,1
"PHJJKLOP_02172",49.6448972048305,1.36047450875821,2.67814085205686,0.507992142277856,0.611458853823465,1
"PHJJKLOP_02173",0.880263761953437,0,4.08045587178292,0,1,1
"PHJJKLOP_02177",0.216057721068967,1.84927769900659,4.04241878469916,0.457468114388898,0.647334615593316,1
"PHJJKLOP_02183",2.43765349464029,0,4.08045587177904,0,1,1
"PHJJKLOP_02187",1.40564835596042,-2.98575741621105,3.93715979071854,-0.758353121265149,0.448239613965406,1
"PHJJKLOP_02188",44.3787954598718,2.34238390455353,2.71564115886628,0.862552807062117,0.388383387177955,1
"PHJJKLOP_02189",49.5240979807826,-0.661609694190003,1.85839190496754,-0.356011932909037,0.72183162872952,1
"PHJJKLOP_02190",25.2010870125119,0,3.70846226385476,0,1,1
"PHJJKLOP_02191",61.3519000926916,0.961198790239739,2.27682091165314,0.422167059921211,0.672903082956782,1
"PHJJKLOP_02200",119.527286853967,-0.830030914827284,2.0269631539566,-0.409494821455968,0.682176566361851,1
"PHJJKLOP_02201",73.2208859297154,-0.925931588043877,2.18243380045302,-0.42426560102381,0.671372123161664,1
"PHJJKLOP_02210",20.3286497240819,0.595817808074584,3.28071698408186,0.181612071679913,0.855887174571841,1
"PHJJKLOP_02211",1.01568895610012,0,4.08045587178212,0,1,1
"PHJJKLOP_02230",18.4909816795075,-0.35340535001851,3.31017602787639,-0.106763310181191,0.914976755293879,1
"PHJJKLOP_02232",29.7275955894113,-1.88325432120436,2.37219284523943,-0.793887531101745,0.427260909205419,1
"PHJJKLOP_02235",9.24261032863007,-0.934162252354952,2.93226906483695,-0.318579991023742,0.750045028299127,1
"PHJJKLOP_02236",23.6980171849928,0.977016333705244,2.96295690673231,0.32974368661431,0.741593641048505,1
"PHJJKLOP_02238",0.110020488709367,-0.922241474746552,4.08045587181216,-0.226014323820387,0.821190279763076,1
"PHJJKLOP_02246",25.2132388660209,-1.18205243340513,3.31546148266643,-0.356527270663531,0.721445733022927,1
"PHJJKLOP_02249",29.472984452176,0.0838815271437623,2.0646028777827,0.0406284075482097,0.96759213690018,1
"PHJJKLOP_02250",159.268386046329,-0.47354898016573,2.14855715529912,-0.220403250152218,0.825557114392288,1
"PHJJKLOP_02256",892.991469610343,0.21287438364331,1.67967022082004,0.126735820522782,0.899149493743574,1
"PHJJKLOP_02261",80.3807045092087,0.396951439434139,1.7220005504652,0.230517603102335,0.81768958647191,1
"PHJJKLOP_02262",58.8177712945149,-1.20227574913228,2.17318233030595,-0.553232801668794,0.580104008592028,1
"PHJJKLOP_02265",25.2776517997316,0.134195630905704,1.7648959059065,0.076036003288691,0.939390454612854,1
"PHJJKLOP_02266",0.108028860534484,1.00130387001402,4.08045587181216,0.245390196946139,0.806154318719849,1
"PHJJKLOP_02267",1.01568895610012,0,4.08045587178212,0,1,1
"PHJJKLOP_02269",0.108028860534484,1.00130387001402,4.08045587181216,0.245390196946139,0.806154318719849,1
"PHJJKLOP_02272",77.5842197112599,1.85411059070731,2.76361338243708,0.670900858452304,0.502283689451669,1
"PHJJKLOP_02273",17.4017076412328,0.0887952910485193,2.74311823040226,0.0323702019345692,0.974176825441123,1
"PHJJKLOP_02274",88.7926974512826,1.26961974086649,2.74497895827859,0.462524398242629,0.643705310023768,1
"PHJJKLOP_02288",9.41719656531101,-0.248005823187585,3.6095903003316,-0.0687074716387622,0.945222470753487,1
"PHJJKLOP_02292",1.93225636173325,1.00126110458997,4.08045587177978,0.245379716397533,0.806162432978037,1
"PHJJKLOP_02298",26.1567767264987,2.83459234153743,2.77336124274444,1.02207829901466,0.306743843247015,1
"PHJJKLOP_02308",64.3356727188377,-0.526758343515315,1.89049678894753,-0.27863487872337,0.780525042975175,1
"PHJJKLOP_02310",3.51818118139296,1.99204655593096,3.48697027830502,0.5712829181037,0.567807878961839,1
"PHJJKLOP_02313",328.834321516072,-0.0823070845786838,1.78227276117224,-0.0461809698110118,0.963166010181012,1
"PHJJKLOP_02317",65.886595465281,0.564542841739692,2.72978161827858,0.206808793040264,0.836159188754033,1
"PHJJKLOP_02318",63.2801184439751,-1.30955348293778,3.06147847905586,-0.42775198058607,0.668831700902566,1
"PHJJKLOP_02321",0.126001866673997,1.00130387001402,4.08045587181216,0.24539019694614,0.806154318719849,1
"PHJJKLOP_02331",0.32408658160345,2.43190076874531,3.9978763927763,0.608298138766741,0.542989755249756,1
"PHJJKLOP_02337",8.85675582986422,-1.71461368945925,3.19256919292171,-0.53706390867291,0.591223469830845,1
"PHJJKLOP_02338",0.540144302672418,3.16679774734995,3.96176590995607,0.799339945702413,0.424093322433861,1
"PHJJKLOP_02339",34.0591295394818,0,3.68870711010485,0,1,1
"PHJJKLOP_02345",1.7718909798415,3.65124044483759,3.94615312373447,0.925265779190599,0.354827674667423,1
"PHJJKLOP_02348",1.68281187196048,-3.26691854115458,3.95537208514351,-0.825944682530683,0.408835472168573,1
"PHJJKLOP_02353",6.81997821113771,0,3.71528771114599,0,1,1
"PHJJKLOP_02358",14.5690798477051,-1.7438967329037,3.27478312355444,-0.532522816659347,0.594363943310479,1
"PHJJKLOP_02360",101.568970734365,1.16266115960584,1.76251867409505,0.65965891692058,0.509472736405646,1
"PHJJKLOP_02361",12.9672083847657,-2.48345659912032,2.47028085146571,-1.00533370432224,0.314736190912258,1
"PHJJKLOP_02362",39.4870689921277,-0.316480671162226,3.03049186479355,-0.104432113756486,0.916826438913128,1
"PHJJKLOP_02364",70.7193965105456,-2.19815537953461,2.36997165019848,-0.927502816057111,0.353665530351284,1
"PHJJKLOP_02370",9.66204022300882,-1.69066436665869,2.92380968097635,-0.578240224614801,0.563101944946867,1
"PHJJKLOP_02371",64.4073296142839,-0.133358653765531,2.47627229411763,-0.0538545999494172,0.957051008130179,1
"PHJJKLOP_02374",1.97857687315072,0.0395000866254843,3.93515291668921,0.0100377513813916,0.991991167638092,1
"PHJJKLOP_02375",19.323352558641,-0.397886627646772,2.9850533919414,-0.133292968467809,0.893961688330232,1
"PHJJKLOP_02376",12.5625165572058,-1.7906507936527,2.94734301963608,-0.607547469610034,0.543487649936529,1
"PHJJKLOP_02377",16.0803148238661,-1.23211964620474,2.55399202980606,-0.482428931580615,0.629501272783601,1
"PHJJKLOP_02378",0.677561124993984,1.88388885118756,3.97535851475263,0.473891560772799,0.635577237554976,1
"PHJJKLOP_02379",388.324423849181,-0.173922825492986,1.76251614998094,-0.0986787130971067,0.921393370847789,1
"PHJJKLOP_02385",7.32592235850766,0,3.73796690608127,0,1,1
"PHJJKLOP_02387",106.663006649439,2.12689642390294,2.38531442734099,0.891662918533503,0.372573634818847,1
"PHJJKLOP_02395",360.661560418544,-0.662428077607241,1.75775896160932,-0.376859451196171,0.706278056682362,1
"PHJJKLOP_02397",0.110020488709367,-0.922241474746552,4.08045587181216,-0.226014323820387,0.821190279763076,1
"PHJJKLOP_02404",1.64234081794097,-1.48130130958526,3.82158463169465,-0.387614419761884,0.698301396227538,1
"PHJJKLOP_02406",0.220040977418734,-1.82735637979226,4.03720744207045,-0.452628804938275,0.650816053354957,1
"PHJJKLOP_02423",41.3269104272968,2.50499959996055,2.85110297206061,0.878607200268916,0.379614290425399,1
"PHJJKLOP_02425",0.32408658160345,2.43190076874531,3.9978763927763,0.608298138766741,0.542989755249756,1
"PHJJKLOP_02447",0.119882063757404,-0.922241474746552,4.08045587181216,-0.226014323820387,0.821190279763076,1
"PHJJKLOP_02453",2.36994089756695,0,4.0804558717791,0,1,1
"PHJJKLOP_02455",4.84364631608655,0,3.77963150742508,0,1,1
"PHJJKLOP_02457",2.12337389505715,4.01326414753821,3.93744257994823,1.01925655194976,0.30808118500924,1
"PHJJKLOP_02465",1.76052752390687,0,4.08045587177989,0,1,1
"PHJJKLOP_02477",0.918149902694408,3.92745066606871,3.93931673406261,0.996987785244254,0.318770438939605,1
"PHJJKLOP_02483",0.550102443546835,-3.14978329855014,3.95945559811813,-0.79550918566865,0.426317369816891,1
"PHJJKLOP_02489",2.72142381278259,1.84923110848199,4.04241879006397,0.457456588374094,0.6473428983793,1
"PHJJKLOP_02495",1.62120669797323,0,4.08045587178016,0,1,1
"PHJJKLOP_02513",20.8696911444753,-0.151335408827096,3.09322092138469,-0.0489248626830542,0.960979175028579,1
"PHJJKLOP_02529",8.07834439825732,0.201056325716564,3.71761425242964,0.0540820838485767,0.956869766372613,1
"PHJJKLOP_02535",2.04840215115253,-2.67354154509827,3.89585950922344,-0.686252042397491,0.49255418513476,1
"PHJJKLOP_02548",41.1408615250954,1.51365396020198,2.35162952469934,0.643661743613932,0.519794802653776,1
"PHJJKLOP_02549",46.3483129915313,-2.41627478363046,2.36088451705819,-1.02346165861653,0.306089619280076,1
"PHJJKLOP_02555",57.8813848195873,-2.06933089877709,2.10854070617541,-0.98140429194301,0.326393410488947,1
"PHJJKLOP_02559",0.110020488709367,-0.922241474746552,4.08045587181216,-0.226014323820387,0.821190279763076,1
"PHJJKLOP_02565",34.0116403871653,0.255506580378458,2.79886771182168,0.0912892664770348,0.927262746486837,1
"PHJJKLOP_02575",24.3935897005305,-0.317897903865765,3.01683842843394,-0.105374520845913,0.91607863290765,1
"PHJJKLOP_02588",22.9098606999739,0.581564545558488,2.72286858667307,0.213585241830959,0.830870509146947,1
"PHJJKLOP_02590",36.0287851246647,-1.70965352577044,2.25556386910134,-0.757971675814971,0.448467939269919,1
"PHJJKLOP_02591",103.462125913829,-0.257340629104837,2.24266205536338,-0.114747841071017,0.908644992651988,1
"PHJJKLOP_02594",302.443361778486,-0.787588353542347,2.12304809609345,-0.370970565853671,0.710659454989393,1
"PHJJKLOP_02599",55.6516644934435,0.809671652435545,2.44381769302157,0.331314260776325,0.740407120499951,1
"PHJJKLOP_02606",304.130277639858,0.430201404563638,1.76351591447577,0.243945291920726,0.807273190687509,1
"PHJJKLOP_02615",4.00168871581593,-2.09282051800332,3.62905122366218,-0.576685306715344,0.564152059969783,1
"PHJJKLOP_02616",0.252003733347994,2.0430166130533,4.02563267451439,0.507501994900651,0.611802637018875,1
"PHJJKLOP_02620",1.1598544056411,3.05152749524103,3.93744243641812,0.775002439912999,0.438338217836854,1
"PHJJKLOP_02621",42.8393098606346,2.61002094708869,2.57340600065152,1.01422820434393,0.31047387337621,1
"PHJJKLOP_02632",2.94948319397193,2.49610822656509,2.56775022714613,0.972099310975171,0.331001144900971,1
"PHJJKLOP_02635",2.50536609171363,0,4.08045587177898,0,1,1
"PHJJKLOP_02640",181.157171966369,0.45166353771347,1.87049737815219,0.241467078750816,0.809193129015763,1
"PHJJKLOP_02646",1.00305417398784,0,4.08045587178234,0,1,1
"PHJJKLOP_02648",23.6990667090389,1.0571450977896,2.90115882433411,0.364387185190471,0.715568903421441,1
"PHJJKLOP_02653",50.4877217446774,0.124335127780414,2.7142110609068,0.0458089385793286,0.963462534335522,1
"PHJJKLOP_02658",2.50866229996535,1.0012578598334,4.08045587177908,0.245378921202952,0.806163048635033,1
"PHJJKLOP_02666",115.660849516313,-0.396988806386738,2.4351903197311,-0.163021675624341,0.870501368286503,1
"PHJJKLOP_02667",206.491789137402,0.16528988453857,1.68837868574654,0.0978985851538896,0.922012823475133,1
"PHJJKLOP_02673",22.3719743725291,1.03594508774304,2.67300203262837,0.387558660673518,0.698342666291815,1
"PHJJKLOP_02677",15.6280461652357,1.98952708146157,3.22432086697007,0.617037560325426,0.537209951569018,1
"PHJJKLOP_02682",0.976243001160119,1.78439580587106,3.90141297440981,0.457371679844017,0.647403916407356,1
"PHJJKLOP_02685",14.3447394128688,-0.994913537225346,3.2852266743606,-0.302844715401255,0.762008204601971,1
"PHJJKLOP_02692",2.70850388293365,0,4.08045587177882,0,1,1
"PHJJKLOP_02700",151.849028538628,-0.0500850455691361,2.11492978218387,-0.0236816588385352,0.981106536030153,1
"PHJJKLOP_02701",0.32408658160345,2.43190076874531,3.9978763927763,0.608298138766741,0.542989755249756,1
"PHJJKLOP_02705",0.756202023741384,3.65127616035092,3.94615312491633,0.925274829630017,0.354822968097493,1
"PHJJKLOP_02713",0.729066851642631,3.05261594728475,3.96626112814455,0.769645731498467,0.441510069705181,1
"PHJJKLOP_02720",21.4254654898136,-1.1709294395403,2.71950880924152,-0.430566518321695,0.666783590566431,1
"PHJJKLOP_02721",953.596172177747,-0.57348356906271,1.82938418377831,-0.313484490654263,0.753912601980634,1
"PHJJKLOP_02723",36.444074395733,-2.64144240016849,2.60308301061086,-1.01473613764957,0.310231623010383,1
"PHJJKLOP_02725",0.239764127514808,-1.93554547109924,4.02792994487529,-0.480531066227163,0.630849818539239,1
"PHJJKLOP_02736",77.6052090076053,1.87109571036555,3.07771405986145,0.607949820539789,0.54322075526212,1
"PHJJKLOP_02739",16.2835455308064,-2.22125808625387,2.8900075710997,-0.768599400384493,0.442131161578467,1
"PHJJKLOP_02748",187.057194791925,0.344274236415943,2.18053378106544,0.15788530285815,0.874547179421138,1
"PHJJKLOP_02773",0.350224351181338,1.00128629077928,4.08045587179939,0.245385888792305,0.80615765417941,1
"PHJJKLOP_02780",0.110020488709367,-0.922241474746552,4.08045587181216,-0.226014323820387,0.821190279763076,1
"PHJJKLOP_02781",7.55442205817884,1.83799038799264,3.39448526536981,0.541463651866051,0.588188044559623,1
"PHJJKLOP_02783",0.733889088035596,1.84924990987548,4.04241879011116,0.457461239394405,0.647339556073475,1
"PHJJKLOP_02785",0.108028860534484,1.00130387001402,4.08045587181216,0.245390196946139,0.806154318719849,1
"PHJJKLOP_02789",32.9267742156048,3.15426530455652,2.93796548985489,1.07362231294021,0.282991992915586,1
"PHJJKLOP_02797",28.7211714651618,-0.165148473509161,3.04361613484929,-0.0542606117828778,0.956727530541541,1
"PHJJKLOP_02805",62.5694537904743,-2.49726214472874,2.69631627408329,-0.926175526488553,0.354354768900081,1
"PHJJKLOP_02809",18.0476785379373,0.560287388033801,2.46803999376919,0.227017142934597,0.820410412019482,1
"PHJJKLOP_02813",1.1432445486258,0.864169661217401,3.8568199352704,0.224062744883322,0.822708480764143,1
"PHJJKLOP_02818",0.6315633061916,0.45682781942199,3.94424787782622,0.115821275328608,0.907794188715975,1
"PHJJKLOP_02826",32.9657681786638,-1.85971879626884,3.28794408116718,-0.565617525833549,0.571653811288763,1
"PHJJKLOP_02831",44.4522848993754,1.79542769709616,2.70798571634375,0.663012247908124,0.507322709870652,1
"PHJJKLOP_02832",64.4601526080254,-1.71295250830004,2.46651270955916,-0.694483552288768,0.487379012067033,1
"PHJJKLOP_02845",3.5430664698643,0,3.97134704728622,0,1,1
"PHJJKLOP_02846",51.0637724036349,1.66713904338275,2.46402069780238,0.676592954300115,0.498664250665523,1
"PHJJKLOP_02849",0.812551164880096,0,4.08045587178342,0,1,1
"PHJJKLOP_02850",0.783598357353584,3.42927025875157,3.95266869873549,0.867583529034103,0.385622366502522,1
"PHJJKLOP_02856",32.5941428258113,-0.348204277834422,2.67582758063992,-0.130129564533134,0.896463919873717,1
"PHJJKLOP_02865",17.6703547894139,0.608471239433436,2.9635447548665,0.205318727997697,0.837323112915497,1
"PHJJKLOP_02866",528.085088984263,0.965476072369903,1.77062369998795,0.545274567586818,0.585564692969544,1
"PHJJKLOP_02872",54.7782946015081,-1.46696691500237,2.34292721723343,-0.626125687649227,0.531232504591786,1
"PHJJKLOP_02894",68.0578550368671,-0.589090812848289,1.88948837704151,-0.31177265761786,0.755213305090504,1
"PHJJKLOP_02897",1.30431283911334,0.976317654483324,3.82939762278236,0.254953324427551,0.798759149814829,1
"PHJJKLOP_02900",40.2764718272824,0.25678524921829,3.37672279970225,0.0760457000618861,0.93938274004314,1
"PHJJKLOP_02904",4.88018027867285,-1.07664483768916,3.61718932534527,-0.297646802766231,0.765972749203166,1
"PHJJKLOP_02918",60.929999516366,-0.00139338550316435,2.4185554450034,-0.00057612303494758,0.999540320350722,1
"PHJJKLOP_02923",0.593240522664944,-3.26640779944097,3.95538918958514,-0.825811985339316,0.40891075415723,1
"PHJJKLOP_02926",0.630009333369984,3.37661796837968,3.95436539307631,0.853896297568199,0.393162451191471,1
"PHJJKLOP_02932",20.8502115385507,-0.940058362665422,3.31535586156369,-0.283546744880063,0.776757753986936,1
"PHJJKLOP_02934",50.1988888218826,-0.566166530373758,2.04780912039968,-0.276474269370993,0.782183819813754,1
"PHJJKLOP_02936",18.1804769920261,-1.17267659372884,2.60484210593334,-0.450191046535108,0.652572691643983,1
"PHJJKLOP_02940",32.4081698382025,-0.211394141868268,3.33710603310208,-0.0633465463102957,0.949490551567938,1
"PHJJKLOP_02949",18.5154049014009,-0.426840044152301,2.98039480556093,-0.143215940168694,0.886119641159077,1
"PHJJKLOP_02950",988.590758358307,0.598602167801094,1.74885838376705,0.342281669778031,0.732138928808741,1
"PHJJKLOP_02952",41.7791846246711,-0.903134941352618,2.59533551424939,-0.347983887398782,0.727852284167715,1
"PHJJKLOP_02953",10.5510516598841,-2.74761885358646,2.91270066215264,-0.943323455543773,0.345515481994728,1
"PHJJKLOP_02957",0.432115442137934,2.84566738033368,3.97535887780711,0.715826537377529,0.474098464113663,1
"PHJJKLOP_02960",3.17633821762816,0,4.08045587177854,0,1,1
"PHJJKLOP_02968",0.300079179928859,0,4.08045587179433,0,1,1
"PHJJKLOP_02971",214.572644973848,1.16928431239491,1.76656500374942,0.661897133653829,0.508037148898614,1
"PHJJKLOP_02973",37.8089833473821,-0.999778337954431,2.7909334863404,-0.358223634797326,0.720175961283586,1
"PHJJKLOP_02980",57.7373792688275,0.141571925192939,2.73916898999667,0.0516842610696723,0.958780278324272,1
"PHJJKLOP_02989",0.359646191272212,-2.52558313669885,3.98768263737102,-0.633346072485824,0.52650767284966,1
"PHJJKLOP_02990",5.80320310714808,-1.50295985780736,3.73616666670741,-0.402273236684026,0.687482948834452,1
"PHJJKLOP_02991",70.2868034565102,0.424482532248863,2.1856044183006,0.194217457054244,0.846005614369836,1
"PHJJKLOP_02997",1052.81578889716,0.296010324599623,1.70235132334443,0.173883217018966,0.861957242574364,1
"PHJJKLOP_03005",89.1436392128392,-1.0815336397604,2.45716128555179,-0.440155738298444,0.65982431464545,1
"PHJJKLOP_03006",161.800935027672,1.36133145311492,2.47095145970552,0.550934113969668,0.581678840933259,1
"PHJJKLOP_03016",0.812551164880096,0,4.08045587178342,0,1,1
"PHJJKLOP_03018",235.432187812818,-0.407599542994632,1.6856657787426,-0.24180329703239,0.80893258405055,1
"PHJJKLOP_03024",60.5155722641953,-1.26596623078448,1.78020485344222,-0.711135141743154,0.477000495174745,1
"PHJJKLOP_03033",0.444371880038647,-0.922263104589699,4.08045587179383,-0.226019624661265,0.821186156964185,1
"PHJJKLOP_03067",9.5606017484096,2.68475204195835,3.24492518273663,0.827369474107302,0.408027677035667,1
"PHJJKLOP_03075",41.0658769854878,-0.149861119897359,3.08962191810224,-0.0485046791710389,0.961314035393829,1
"PHJJKLOP_03076",69.8369856797434,0.0547385675285463,2.45573397031056,0.0222901047875409,0.982216542158399,1
"PHJJKLOP_03082",542.882896430202,1.63557316536375,1.66968340277058,0.979570835195322,0.327298007097562,1
"PHJJKLOP_03085",396.876446394472,0.744362555718894,1.74432514608637,0.426733833075199,0.669573204824361,1
"PHJJKLOP_03087",106.954962053274,-1.21508366810656,2.09110308408852,-0.581073060124246,0.561191214368565,1
"PHJJKLOP_03088",18.5890831010284,-0.610720301788396,3.31510151601357,-0.18422371044697,0.853837959558219,1
"PHJJKLOP_03095",1.89595271805356,0,4.08045587177967,0,1,1
"PHJJKLOP_03132",353.76994682004,0.670366984742923,1.76970765559557,0.378800974626128,0.704835663572696,1
"PHJJKLOP_03133",22.4855637727532,0.115982328056445,2.98437329524764,0.0388632106583773,0.968999448038323,1
"PHJJKLOP_03153",25.180214301052,-1.43231843370511,2.90367614976122,-0.493277610804803,0.621816445935655,1
"PHJJKLOP_03155",12.1223798814366,-0.633636071663533,3.26455753334707,-0.194095544401045,0.846101070340815,1
"PHJJKLOP_03156",78.1558579167226,-0.239655549532965,2.75376683228326,-0.0870282649654319,0.930649045144094,1
"PHJJKLOP_03163",14.752777488097,0.79676348555991,3.29307224021563,0.241951414193008,0.808817810632692,1
"PHJJKLOP_03172",0.0677125970733413,0,4.08045587181214,0,1,1
"PHJJKLOP_03174",81.8765521359565,-0.368140940824661,2.27444456081765,-0.161859711670579,0.871416329815133,1
"PHJJKLOP_03175",174.685558098595,0.178356547092288,1.76534493433287,0.101032123311181,0.919524959921094,1
"PHJJKLOP_00001",0,NA,NA,NA,NA,NA
"PHJJKLOP_00002",0,NA,NA,NA,NA,NA
"PHJJKLOP_00003",0,NA,NA,NA,NA,NA
"PHJJKLOP_00004",0,NA,NA,NA,NA,NA
"PHJJKLOP_00005",0,NA,NA,NA,NA,NA
"PHJJKLOP_00006",0,NA,NA,NA,NA,NA
"PHJJKLOP_00023",0,NA,NA,NA,NA,NA
"PHJJKLOP_00024",0,NA,NA,NA,NA,NA
"PHJJKLOP_00026",0,NA,NA,NA,NA,NA
"PHJJKLOP_00027",0,NA,NA,NA,NA,NA
"PHJJKLOP_00028",0,NA,NA,NA,NA,NA
"PHJJKLOP_00029",0,NA,NA,NA,NA,NA
"PHJJKLOP_00030",0,NA,NA,NA,NA,NA
"PHJJKLOP_00031",0,NA,NA,NA,NA,NA
"PHJJKLOP_00032",0,NA,NA,NA,NA,NA
"PHJJKLOP_00033",0,NA,NA,NA,NA,NA
"PHJJKLOP_00034",0,NA,NA,NA,NA,NA
"PHJJKLOP_00035",0,NA,NA,NA,NA,NA
"PHJJKLOP_00036",13.8065041173855,-4.21111796653475,3.2775383014094,-1.28484172548766,NA,NA
"PHJJKLOP_00037",0,NA,NA,NA,NA,NA
"PHJJKLOP_00038",0,NA,NA,NA,NA,NA
"PHJJKLOP_00039",0,NA,NA,NA,NA,NA
"PHJJKLOP_00041",0,NA,NA,NA,NA,NA
"PHJJKLOP_00042",0,NA,NA,NA,NA,NA
"PHJJKLOP_00043",6.47363144289981,-6.70614646703388,3.91126119183357,-1.71457392849034,NA,NA
"PHJJKLOP_00044",0,NA,NA,NA,NA,NA
"PHJJKLOP_00045",0,NA,NA,NA,NA,NA
"PHJJKLOP_00046",0,NA,NA,NA,NA,NA
"PHJJKLOP_00047",0,NA,NA,NA,NA,NA
"PHJJKLOP_00048",0,NA,NA,NA,NA,NA
"PHJJKLOP_00050",0,NA,NA,NA,NA,NA
"PHJJKLOP_00052",0,NA,NA,NA,NA,NA
"PHJJKLOP_00053",0,NA,NA,NA,NA,NA
"PHJJKLOP_00054",0,NA,NA,NA,NA,NA
"PHJJKLOP_00055",0,NA,NA,NA,NA,NA
"PHJJKLOP_00056",0,NA,NA,NA,NA,NA
"PHJJKLOP_00057",0,NA,NA,NA,NA,NA
"PHJJKLOP_00058",0,NA,NA,NA,NA,NA
"PHJJKLOP_00059",0,NA,NA,NA,NA,NA
"PHJJKLOP_00060",6.09413373660072,0,4.0804558717777,0,NA,NA
"PHJJKLOP_00062",0,NA,NA,NA,NA,NA
"PHJJKLOP_00063",0,NA,NA,NA,NA,NA
"PHJJKLOP_00064",0,NA,NA,NA,NA,NA
"PHJJKLOP_00065",0,NA,NA,NA,NA,NA
"PHJJKLOP_00066",0,NA,NA,NA,NA,NA
"PHJJKLOP_00067",0,NA,NA,NA,NA,NA
"PHJJKLOP_00068",0,NA,NA,NA,NA,NA
"PHJJKLOP_00071",0,NA,NA,NA,NA,NA
"PHJJKLOP_00072",0,NA,NA,NA,NA,NA
"PHJJKLOP_00074",0,NA,NA,NA,NA,NA
"PHJJKLOP_00075",0,NA,NA,NA,NA,NA
"PHJJKLOP_00079",0,NA,NA,NA,NA,NA
"PHJJKLOP_00080",0,NA,NA,NA,NA,NA
"PHJJKLOP_00081",0,NA,NA,NA,NA,NA
"PHJJKLOP_00082",0,NA,NA,NA,NA,NA
"PHJJKLOP_00083",0,NA,NA,NA,NA,NA
"PHJJKLOP_00085",0,NA,NA,NA,NA,NA
"PHJJKLOP_00086",0,NA,NA,NA,NA,NA
"PHJJKLOP_00087",0,NA,NA,NA,NA,NA
"PHJJKLOP_00088",0,NA,NA,NA,NA,NA
"PHJJKLOP_00089",0,NA,NA,NA,NA,NA
"PHJJKLOP_00090",0,NA,NA,NA,NA,NA
"PHJJKLOP_00091",0,NA,NA,NA,NA,NA
"PHJJKLOP_00092",0,NA,NA,NA,NA,NA
"PHJJKLOP_00093",0,NA,NA,NA,NA,NA
"PHJJKLOP_00094",0,NA,NA,NA,NA,NA
"PHJJKLOP_00095",0,NA,NA,NA,NA,NA
"PHJJKLOP_00096",0,NA,NA,NA,NA,NA
"PHJJKLOP_00097",0,NA,NA,NA,NA,NA
"PHJJKLOP_00098",0,NA,NA,NA,NA,NA
"PHJJKLOP_00100",0,NA,NA,NA,NA,NA
"PHJJKLOP_00101",0,NA,NA,NA,NA,NA
"PHJJKLOP_00103",0,NA,NA,NA,NA,NA
"PHJJKLOP_00104",0,NA,NA,NA,NA,NA
"PHJJKLOP_00105",0,NA,NA,NA,NA,NA
"PHJJKLOP_00106",0,NA,NA,NA,NA,NA
"PHJJKLOP_00107",0,NA,NA,NA,NA,NA
"PHJJKLOP_00108",0,NA,NA,NA,NA,NA
"PHJJKLOP_00109",0,NA,NA,NA,NA,NA
"PHJJKLOP_00110",0,NA,NA,NA,NA,NA
"PHJJKLOP_00112",0,NA,NA,NA,NA,NA
"PHJJKLOP_00113",0,NA,NA,NA,NA,NA
"PHJJKLOP_00114",0,NA,NA,NA,NA,NA
"PHJJKLOP_00115",0,NA,NA,NA,NA,NA
"PHJJKLOP_00117",0,NA,NA,NA,NA,NA
"PHJJKLOP_00118",0,NA,NA,NA,NA,NA
"PHJJKLOP_00120",0,NA,NA,NA,NA,NA
"PHJJKLOP_00121",0,NA,NA,NA,NA,NA
"PHJJKLOP_00124",0,NA,NA,NA,NA,NA
"PHJJKLOP_00125",0,NA,NA,NA,NA,NA
"PHJJKLOP_00126",0,NA,NA,NA,NA,NA
"PHJJKLOP_00128",0,NA,NA,NA,NA,NA
"PHJJKLOP_00130",0,NA,NA,NA,NA,NA
"PHJJKLOP_00131",0,NA,NA,NA,NA,NA
"PHJJKLOP_00132",3.79190543610711,0,4.08045587177825,0,NA,NA
"PHJJKLOP_00133",0,NA,NA,NA,NA,NA
"PHJJKLOP_00134",0,NA,NA,NA,NA,NA
"PHJJKLOP_00135",0,NA,NA,NA,NA,NA
"PHJJKLOP_00138",0,NA,NA,NA,NA,NA
"PHJJKLOP_00139",0,NA,NA,NA,NA,NA
"PHJJKLOP_00140",0,NA,NA,NA,NA,NA
"PHJJKLOP_00141",0,NA,NA,NA,NA,NA
"PHJJKLOP_00142",0,NA,NA,NA,NA,NA
"PHJJKLOP_00143",0,NA,NA,NA,NA,NA
"PHJJKLOP_00144",0,NA,NA,NA,NA,NA
"PHJJKLOP_00146",0,NA,NA,NA,NA,NA
"PHJJKLOP_00147",0,NA,NA,NA,NA,NA
"PHJJKLOP_00148",0,NA,NA,NA,NA,NA
"PHJJKLOP_00149",0,NA,NA,NA,NA,NA
"PHJJKLOP_00150",0,NA,NA,NA,NA,NA
"PHJJKLOP_00151",0,NA,NA,NA,NA,NA
"PHJJKLOP_00152",0,NA,NA,NA,NA,NA
"PHJJKLOP_00153",0,NA,NA,NA,NA,NA
"PHJJKLOP_00154",0,NA,NA,NA,NA,NA
"PHJJKLOP_00157",0,NA,NA,NA,NA,NA
"PHJJKLOP_00159",0,NA,NA,NA,NA,NA
"PHJJKLOP_00160",0,NA,NA,NA,NA,NA
"PHJJKLOP_00162",0,NA,NA,NA,NA,NA
"PHJJKLOP_00163",0,NA,NA,NA,NA,NA
"PHJJKLOP_00164",0,NA,NA,NA,NA,NA
"PHJJKLOP_00166",0,NA,NA,NA,NA,NA
"PHJJKLOP_00167",0,NA,NA,NA,NA,NA
"PHJJKLOP_00168",0,NA,NA,NA,NA,NA
"PHJJKLOP_00170",0,NA,NA,NA,NA,NA
"PHJJKLOP_00171",0,NA,NA,NA,NA,NA
"PHJJKLOP_00175",0,NA,NA,NA,NA,NA
"PHJJKLOP_00176",0,NA,NA,NA,NA,NA
"PHJJKLOP_00177",0,NA,NA,NA,NA,NA
"PHJJKLOP_00178",0,NA,NA,NA,NA,NA
"PHJJKLOP_00179",0,NA,NA,NA,NA,NA
"PHJJKLOP_00180",0,NA,NA,NA,NA,NA
"PHJJKLOP_00181",0,NA,NA,NA,NA,NA
"PHJJKLOP_00182",0,NA,NA,NA,NA,NA
"PHJJKLOP_00183",0,NA,NA,NA,NA,NA
"PHJJKLOP_00184",0,NA,NA,NA,NA,NA
"PHJJKLOP_00185",0,NA,NA,NA,NA,NA
"PHJJKLOP_00186",0,NA,NA,NA,NA,NA
"PHJJKLOP_00187",0,NA,NA,NA,NA,NA
"PHJJKLOP_00188",0,NA,NA,NA,NA,NA
"PHJJKLOP_00189",0,NA,NA,NA,NA,NA
"PHJJKLOP_00190",0,NA,NA,NA,NA,NA
"PHJJKLOP_00193",0,NA,NA,NA,NA,NA
"PHJJKLOP_00194",0,NA,NA,NA,NA,NA
"PHJJKLOP_00195",0,NA,NA,NA,NA,NA
"PHJJKLOP_00196",0,NA,NA,NA,NA,NA
"PHJJKLOP_00197",0,NA,NA,NA,NA,NA
"PHJJKLOP_00198",0,NA,NA,NA,NA,NA
"PHJJKLOP_00199",0,NA,NA,NA,NA,NA
"PHJJKLOP_00200",0,NA,NA,NA,NA,NA
"PHJJKLOP_00201",0,NA,NA,NA,NA,NA
"PHJJKLOP_00202",0,NA,NA,NA,NA,NA
"PHJJKLOP_00204",0,NA,NA,NA,NA,NA
"PHJJKLOP_00205",0,NA,NA,NA,NA,NA
"PHJJKLOP_00206",0,NA,NA,NA,NA,NA
"PHJJKLOP_00207",0,NA,NA,NA,NA,NA
"PHJJKLOP_00209",0,NA,NA,NA,NA,NA
"PHJJKLOP_00210",0,NA,NA,NA,NA,NA
"PHJJKLOP_00215",0,NA,NA,NA,NA,NA
"PHJJKLOP_00218",0,NA,NA,NA,NA,NA
"PHJJKLOP_00219",0,NA,NA,NA,NA,NA
"PHJJKLOP_00220",0,NA,NA,NA,NA,NA
"PHJJKLOP_00222",0,NA,NA,NA,NA,NA
"PHJJKLOP_00223",0,NA,NA,NA,NA,NA
"PHJJKLOP_00225",0,NA,NA,NA,NA,NA
"PHJJKLOP_00226",0,NA,NA,NA,NA,NA
"PHJJKLOP_00227",0,NA,NA,NA,NA,NA
"PHJJKLOP_00228",0,NA,NA,NA,NA,NA
"PHJJKLOP_00229",0,NA,NA,NA,NA,NA
"PHJJKLOP_00231",0,NA,NA,NA,NA,NA
"PHJJKLOP_00232",0,NA,NA,NA,NA,NA
"PHJJKLOP_00233",0,NA,NA,NA,NA,NA
"PHJJKLOP_00234",65.1047643786625,19.4388579698254,3.91141240349064,4.96977970220621,NA,NA
"PHJJKLOP_00235",0,NA,NA,NA,NA,NA
"PHJJKLOP_00236",0,NA,NA,NA,NA,NA
"PHJJKLOP_00237",0,NA,NA,NA,NA,NA
"PHJJKLOP_00240",0,NA,NA,NA,NA,NA
"PHJJKLOP_00242",0,NA,NA,NA,NA,NA
"PHJJKLOP_00243",0,NA,NA,NA,NA,NA
"PHJJKLOP_00246",0,NA,NA,NA,NA,NA
"PHJJKLOP_00247",0,NA,NA,NA,NA,NA
"PHJJKLOP_00248",0,NA,NA,NA,NA,NA
"PHJJKLOP_00249",0,NA,NA,NA,NA,NA
"PHJJKLOP_00250",0,NA,NA,NA,NA,NA
"PHJJKLOP_00251",7.00462958735344,-1.81796800403493,3.32924001645196,-0.546060961375917,NA,NA
"PHJJKLOP_00253",0,NA,NA,NA,NA,NA
"PHJJKLOP_00254",0,NA,NA,NA,NA,NA
"PHJJKLOP_00255",0,NA,NA,NA,NA,NA
"PHJJKLOP_00256",0,NA,NA,NA,NA,NA
"PHJJKLOP_00257",0,NA,NA,NA,NA,NA
"PHJJKLOP_00259",11.2908337593503,-0.155150626662192,3.35495508880191,-0.0462452171655143,NA,NA
"PHJJKLOP_00260",0,NA,NA,NA,NA,NA
"PHJJKLOP_00261",0,NA,NA,NA,NA,NA
"PHJJKLOP_00262",0,NA,NA,NA,NA,NA
"PHJJKLOP_00263",0,NA,NA,NA,NA,NA
"PHJJKLOP_00264",0,NA,NA,NA,NA,NA
"PHJJKLOP_00265",0,NA,NA,NA,NA,NA
"PHJJKLOP_00267",0,NA,NA,NA,NA,NA
"PHJJKLOP_00269",51.058528936694,0.509085577741492,3.11085463368825,0.16364814100552,NA,NA
"PHJJKLOP_00270",0,NA,NA,NA,NA,NA
"PHJJKLOP_00271",0,NA,NA,NA,NA,NA
"PHJJKLOP_00272",0,NA,NA,NA,NA,NA
"PHJJKLOP_00273",0,NA,NA,NA,NA,NA
"PHJJKLOP_00275",0,NA,NA,NA,NA,NA
"PHJJKLOP_00276",0,NA,NA,NA,NA,NA
"PHJJKLOP_00277",0,NA,NA,NA,NA,NA
"PHJJKLOP_00279",0,NA,NA,NA,NA,NA
"PHJJKLOP_00281",0,NA,NA,NA,NA,NA
"PHJJKLOP_00282",0,NA,NA,NA,NA,NA
"PHJJKLOP_00283",0,NA,NA,NA,NA,NA
"PHJJKLOP_00285",0,NA,NA,NA,NA,NA
"PHJJKLOP_00286",5.29341416618969,6.45643817754175,3.91240604775488,1.65024746888088,NA,NA
"PHJJKLOP_00287",0,NA,NA,NA,NA,NA
"PHJJKLOP_00288",0,NA,NA,NA,NA,NA
"PHJJKLOP_00289",0,NA,NA,NA,NA,NA
"PHJJKLOP_00291",0,NA,NA,NA,NA,NA
"PHJJKLOP_00292",0,NA,NA,NA,NA,NA
"PHJJKLOP_00293",0,NA,NA,NA,NA,NA
"PHJJKLOP_00294",0,NA,NA,NA,NA,NA
"PHJJKLOP_00296",0,NA,NA,NA,NA,NA
"PHJJKLOP_00297",0,NA,NA,NA,NA,NA
"PHJJKLOP_00298",0,NA,NA,NA,NA,NA
"PHJJKLOP_00300",0,NA,NA,NA,NA,NA
"PHJJKLOP_00301",0,NA,NA,NA,NA,NA
"PHJJKLOP_00302",0,NA,NA,NA,NA,NA
"PHJJKLOP_00303",0,NA,NA,NA,NA,NA
"PHJJKLOP_00304",0,NA,NA,NA,NA,NA
"PHJJKLOP_00305",0,NA,NA,NA,NA,NA
"PHJJKLOP_00308",0,NA,NA,NA,NA,NA
"PHJJKLOP_00309",0,NA,NA,NA,NA,NA
"PHJJKLOP_00310",0,NA,NA,NA,NA,NA
"PHJJKLOP_00311",0,NA,NA,NA,NA,NA
"PHJJKLOP_00312",21.2502115458391,-22.3248091668266,3.72618431750438,-5.99133249043856,NA,NA
"PHJJKLOP_00313",0,NA,NA,NA,NA,NA
"PHJJKLOP_00316",0,NA,NA,NA,NA,NA
"PHJJKLOP_00317",0,NA,NA,NA,NA,NA
"PHJJKLOP_00318",0,NA,NA,NA,NA,NA
"PHJJKLOP_00321",0,NA,NA,NA,NA,NA
"PHJJKLOP_00322",0,NA,NA,NA,NA,NA
"PHJJKLOP_00323",0,NA,NA,NA,NA,NA
"PHJJKLOP_00324",0,NA,NA,NA,NA,NA
"PHJJKLOP_00326",0,NA,NA,NA,NA,NA
"PHJJKLOP_00332",0,NA,NA,NA,NA,NA
"PHJJKLOP_00336",0,NA,NA,NA,NA,NA
"PHJJKLOP_00337",0,NA,NA,NA,NA,NA
"PHJJKLOP_00338",0,NA,NA,NA,NA,NA
"PHJJKLOP_00342",0,NA,NA,NA,NA,NA
"PHJJKLOP_00343",0,NA,NA,NA,NA,NA
"PHJJKLOP_00344",0,NA,NA,NA,NA,NA
"PHJJKLOP_00346",0,NA,NA,NA,NA,NA
"PHJJKLOP_00347",0,NA,NA,NA,NA,NA
"PHJJKLOP_00349",0,NA,NA,NA,NA,NA
"PHJJKLOP_00350",0,NA,NA,NA,NA,NA
"PHJJKLOP_00352",0,NA,NA,NA,NA,NA
"PHJJKLOP_00354",0,NA,NA,NA,NA,NA
"PHJJKLOP_00355",0,NA,NA,NA,NA,NA
"PHJJKLOP_00360",10.1218849612618,-21.4297500509894,3.909636453642,-5.4812641290539,NA,NA
"PHJJKLOP_00361",0,NA,NA,NA,NA,NA
"PHJJKLOP_00362",21.0850567602675,-0.634623902386152,3.67153456358993,-0.172849769325236,NA,NA
"PHJJKLOP_00363",58.2128624033865,23.0524357497586,3.90725717461776,5.89990234057573,NA,NA
"PHJJKLOP_00366",0,NA,NA,NA,NA,NA
"PHJJKLOP_00367",9.287121627635,6.45455129124816,3.89369743412787,1.65769205246269,NA,NA
"PHJJKLOP_00368",0,NA,NA,NA,NA,NA
"PHJJKLOP_00369",0,NA,NA,NA,NA,NA
"PHJJKLOP_00372",0,NA,NA,NA,NA,NA
"PHJJKLOP_00373",0,NA,NA,NA,NA,NA
"PHJJKLOP_00375",6.89389368181483,-3.55169000210579,3.69174520223493,-0.962062603875167,NA,NA
"PHJJKLOP_00376",0,NA,NA,NA,NA,NA
"PHJJKLOP_00377",0,NA,NA,NA,NA,NA
"PHJJKLOP_00378",21.3449065197052,20.8147795291382,3.89819148503122,5.33959904459938,NA,NA
"PHJJKLOP_00379",0,NA,NA,NA,NA,NA
"PHJJKLOP_00380",0,NA,NA,NA,NA,NA
"PHJJKLOP_00381",0,NA,NA,NA,NA,NA
"PHJJKLOP_00382",10.2297892530057,-0.728395222034351,3.71036209480865,-0.196313783782312,NA,NA
"PHJJKLOP_00383",0,NA,NA,NA,NA,NA
"PHJJKLOP_00385",0,NA,NA,NA,NA,NA
"PHJJKLOP_00386",3.58876764488709,0,4.08045587177833,0,NA,NA
"PHJJKLOP_00389",0,NA,NA,NA,NA,NA
"PHJJKLOP_00390",0,NA,NA,NA,NA,NA
"PHJJKLOP_00391",0,NA,NA,NA,NA,NA
"PHJJKLOP_00419",0,NA,NA,NA,NA,NA
"PHJJKLOP_00420",0,NA,NA,NA,NA,NA
"PHJJKLOP_00421",0,NA,NA,NA,NA,NA
"PHJJKLOP_00422",7.07304176168683,-6.83395617748312,3.91087914277829,-1.74742198058012,NA,NA
"PHJJKLOP_00423",0,NA,NA,NA,NA,NA
"PHJJKLOP_00424",0,NA,NA,NA,NA,NA
"PHJJKLOP_00425",0,NA,NA,NA,NA,NA
"PHJJKLOP_00426",0,NA,NA,NA,NA,NA
"PHJJKLOP_00427",0,NA,NA,NA,NA,NA
"PHJJKLOP_00428",0,NA,NA,NA,NA,NA
"PHJJKLOP_00429",0,NA,NA,NA,NA,NA
"PHJJKLOP_00431",0,NA,NA,NA,NA,NA
"PHJJKLOP_00432",0,NA,NA,NA,NA,NA
"PHJJKLOP_00436",6.30166277850603,0,4.08045587177768,0,NA,NA
"PHJJKLOP_00437",0,NA,NA,NA,NA,NA
"PHJJKLOP_00438",0,NA,NA,NA,NA,NA
"PHJJKLOP_00439",0,NA,NA,NA,NA,NA
"PHJJKLOP_00440",0,NA,NA,NA,NA,NA
"PHJJKLOP_00441",3.52105504781375,0,4.08045587177836,0,NA,NA
"PHJJKLOP_00443",0,NA,NA,NA,NA,NA
"PHJJKLOP_00444",0,NA,NA,NA,NA,NA
"PHJJKLOP_00445",0,NA,NA,NA,NA,NA
"PHJJKLOP_00446",0,NA,NA,NA,NA,NA
"PHJJKLOP_00447",0,NA,NA,NA,NA,NA
"PHJJKLOP_00448",0,NA,NA,NA,NA,NA
"PHJJKLOP_00449",0,NA,NA,NA,NA,NA
"PHJJKLOP_00450",0,NA,NA,NA,NA,NA
"PHJJKLOP_00451",0,NA,NA,NA,NA,NA
"PHJJKLOP_00453",0,NA,NA,NA,NA,NA
"PHJJKLOP_00455",0,NA,NA,NA,NA,NA
"PHJJKLOP_00456",7.19292382544424,-6.85821372629625,3.91081037213665,-1.75365539969899,NA,NA
"PHJJKLOP_00457",0,NA,NA,NA,NA,NA
"PHJJKLOP_00458",4.33360621269384,0,4.08045587177807,0,NA,NA
"PHJJKLOP_00459",7.91221620798866,-6.9957688152674,3.91044151144411,-1.788997174563,NA,NA
"PHJJKLOP_00460",0,NA,NA,NA,NA,NA
"PHJJKLOP_00461",0,NA,NA,NA,NA,NA
"PHJJKLOP_00462",0,NA,NA,NA,NA,NA
"PHJJKLOP_00465",0,NA,NA,NA,NA,NA
"PHJJKLOP_00466",0,NA,NA,NA,NA,NA
"PHJJKLOP_00467",0,NA,NA,NA,NA,NA
"PHJJKLOP_00468",0,NA,NA,NA,NA,NA
"PHJJKLOP_00469",0,NA,NA,NA,NA,NA
"PHJJKLOP_00470",0,NA,NA,NA,NA,NA
"PHJJKLOP_00471",0,NA,NA,NA,NA,NA
"PHJJKLOP_00473",0,NA,NA,NA,NA,NA
"PHJJKLOP_00474",0,NA,NA,NA,NA,NA
"PHJJKLOP_00475",0,NA,NA,NA,NA,NA
"PHJJKLOP_00476",0,NA,NA,NA,NA,NA
"PHJJKLOP_00478",0,NA,NA,NA,NA,NA
"PHJJKLOP_00479",0,NA,NA,NA,NA,NA
"PHJJKLOP_00480",0,NA,NA,NA,NA,NA
"PHJJKLOP_00481",0,NA,NA,NA,NA,NA
"PHJJKLOP_00483",0,NA,NA,NA,NA,NA
"PHJJKLOP_00486",0,NA,NA,NA,NA,NA
"PHJJKLOP_00488",0,NA,NA,NA,NA,NA
"PHJJKLOP_00489",0,NA,NA,NA,NA,NA
"PHJJKLOP_00492",0,NA,NA,NA,NA,NA
"PHJJKLOP_00493",0,NA,NA,NA,NA,NA
"PHJJKLOP_00495",0,NA,NA,NA,NA,NA
"PHJJKLOP_00496",0,NA,NA,NA,NA,NA
"PHJJKLOP_00497",0,NA,NA,NA,NA,NA
"PHJJKLOP_00498",0,NA,NA,NA,NA,NA
"PHJJKLOP_00499",0,NA,NA,NA,NA,NA
"PHJJKLOP_00500",0,NA,NA,NA,NA,NA
"PHJJKLOP_00502",0,NA,NA,NA,NA,NA
"PHJJKLOP_00503",0,NA,NA,NA,NA,NA
"PHJJKLOP_00504",0,NA,NA,NA,NA,NA
"PHJJKLOP_00506",0,NA,NA,NA,NA,NA
"PHJJKLOP_00507",0,NA,NA,NA,NA,NA
"PHJJKLOP_00508",0,NA,NA,NA,NA,NA
"PHJJKLOP_00510",0,NA,NA,NA,NA,NA
"PHJJKLOP_00512",0,NA,NA,NA,NA,NA
"PHJJKLOP_00514",7.62615174812412,6.08972540989588,3.89590572940948,1.56310902595144,NA,NA
"PHJJKLOP_00515",0,NA,NA,NA,NA,NA
"PHJJKLOP_00517",0,NA,NA,NA,NA,NA
"PHJJKLOP_00518",0,NA,NA,NA,NA,NA
"PHJJKLOP_00519",0,NA,NA,NA,NA,NA
"PHJJKLOP_00521",0,NA,NA,NA,NA,NA
"PHJJKLOP_00523",0,NA,NA,NA,NA,NA
"PHJJKLOP_00525",0,NA,NA,NA,NA,NA
"PHJJKLOP_00526",0,NA,NA,NA,NA,NA
"PHJJKLOP_00527",0,NA,NA,NA,NA,NA
"PHJJKLOP_00529",0,NA,NA,NA,NA,NA
"PHJJKLOP_00530",0,NA,NA,NA,NA,NA
"PHJJKLOP_00532",0,NA,NA,NA,NA,NA
"PHJJKLOP_00533",0,NA,NA,NA,NA,NA
"PHJJKLOP_00535",0,NA,NA,NA,NA,NA
"PHJJKLOP_00537",0,NA,NA,NA,NA,NA
"PHJJKLOP_00538",0,NA,NA,NA,NA,NA
"PHJJKLOP_00539",0,NA,NA,NA,NA,NA
"PHJJKLOP_00540",0,NA,NA,NA,NA,NA
"PHJJKLOP_00543",0,NA,NA,NA,NA,NA
"PHJJKLOP_00544",0,NA,NA,NA,NA,NA
"PHJJKLOP_00545",0,NA,NA,NA,NA,NA
"PHJJKLOP_00547",28.8544274683453,21.857448392577,3.90778186463574,5.59331332958484,NA,NA
"PHJJKLOP_00548",0,NA,NA,NA,NA,NA
"PHJJKLOP_00549",0,NA,NA,NA,NA,NA
"PHJJKLOP_00551",0,NA,NA,NA,NA,NA
"PHJJKLOP_00552",0,NA,NA,NA,NA,NA
"PHJJKLOP_00553",0,NA,NA,NA,NA,NA
"PHJJKLOP_00554",0,NA,NA,NA,NA,NA
"PHJJKLOP_00555",0,NA,NA,NA,NA,NA
"PHJJKLOP_00556",0,NA,NA,NA,NA,NA
"PHJJKLOP_00558",0,NA,NA,NA,NA,NA
"PHJJKLOP_00560",0,NA,NA,NA,NA,NA
"PHJJKLOP_00563",0,NA,NA,NA,NA,NA
"PHJJKLOP_00564",0,NA,NA,NA,NA,NA
"PHJJKLOP_00565",0,NA,NA,NA,NA,NA
"PHJJKLOP_00566",0,NA,NA,NA,NA,NA
"PHJJKLOP_00567",0,NA,NA,NA,NA,NA
"PHJJKLOP_00569",0,NA,NA,NA,NA,NA
"PHJJKLOP_00570",14.1926430435083,-22.0305755555003,3.90880896963543,-5.63613513135053,NA,NA
"PHJJKLOP_00571",0,NA,NA,NA,NA,NA
"PHJJKLOP_00574",0,NA,NA,NA,NA,NA
"PHJJKLOP_00575",0,NA,NA,NA,NA,NA
"PHJJKLOP_00578",0,NA,NA,NA,NA,NA
"PHJJKLOP_00579",0,NA,NA,NA,NA,NA
"PHJJKLOP_00580",0,NA,NA,NA,NA,NA
"PHJJKLOP_00582",0,NA,NA,NA,NA,NA
"PHJJKLOP_00583",0,NA,NA,NA,NA,NA
"PHJJKLOP_00588",0,NA,NA,NA,NA,NA
"PHJJKLOP_00590",0,NA,NA,NA,NA,NA
"PHJJKLOP_00595",0,NA,NA,NA,NA,NA
"PHJJKLOP_00602",0,NA,NA,NA,NA,NA
"PHJJKLOP_00604",0,NA,NA,NA,NA,NA
"PHJJKLOP_00605",0,NA,NA,NA,NA,NA
"PHJJKLOP_00606",0,NA,NA,NA,NA,NA
"PHJJKLOP_00609",0,NA,NA,NA,NA,NA
"PHJJKLOP_00611",12.7350280778624,0.00641373498926992,3.61540581125056,0.00177400140512896,NA,NA
"PHJJKLOP_00613",0,NA,NA,NA,NA,NA
"PHJJKLOP_00614",4.35114810896845,0,4.08045587177806,0,NA,NA
"PHJJKLOP_00618",0,NA,NA,NA,NA,NA
"PHJJKLOP_00628",0,NA,NA,NA,NA,NA
"PHJJKLOP_00629",0,NA,NA,NA,NA,NA
"PHJJKLOP_00630",0,NA,NA,NA,NA,NA
"PHJJKLOP_00632",0,NA,NA,NA,NA,NA
"PHJJKLOP_00633",0,NA,NA,NA,NA,NA
"PHJJKLOP_00634",0,NA,NA,NA,NA,NA
"PHJJKLOP_00635",0,NA,NA,NA,NA,NA
"PHJJKLOP_00636",0,NA,NA,NA,NA,NA
"PHJJKLOP_00637",0,NA,NA,NA,NA,NA
"PHJJKLOP_00638",6.30166277850603,0,4.08045587177768,0,NA,NA
"PHJJKLOP_00639",0,NA,NA,NA,NA,NA
"PHJJKLOP_00640",0,NA,NA,NA,NA,NA
"PHJJKLOP_00641",0,NA,NA,NA,NA,NA
"PHJJKLOP_00642",14.0286728760123,-0.718954965241484,3.62610953903693,-0.198271717250007,NA,NA
"PHJJKLOP_00643",3.72419283903377,0,4.08045587177827,0,NA,NA
"PHJJKLOP_00644",0,NA,NA,NA,NA,NA
"PHJJKLOP_00645",0,NA,NA,NA,NA,NA
"PHJJKLOP_00646",0,NA,NA,NA,NA,NA
"PHJJKLOP_00647",0,NA,NA,NA,NA,NA
"PHJJKLOP_00648",0,NA,NA,NA,NA,NA
"PHJJKLOP_00649",0,NA,NA,NA,NA,NA
"PHJJKLOP_00651",0,NA,NA,NA,NA,NA
"PHJJKLOP_00653",0,NA,NA,NA,NA,NA
"PHJJKLOP_00654",0,NA,NA,NA,NA,NA
"PHJJKLOP_00655",0,NA,NA,NA,NA,NA
"PHJJKLOP_00656",0,NA,NA,NA,NA,NA
"PHJJKLOP_00658",0,NA,NA,NA,NA,NA
"PHJJKLOP_00663",0,NA,NA,NA,NA,NA
"PHJJKLOP_00665",0,NA,NA,NA,NA,NA
"PHJJKLOP_00666",0,NA,NA,NA,NA,NA
"PHJJKLOP_00667",0,NA,NA,NA,NA,NA
"PHJJKLOP_00669",0,NA,NA,NA,NA,NA
"PHJJKLOP_00671",0,NA,NA,NA,NA,NA
"PHJJKLOP_00672",0,NA,NA,NA,NA,NA
"PHJJKLOP_00673",0,NA,NA,NA,NA,NA
"PHJJKLOP_00675",0,NA,NA,NA,NA,NA
"PHJJKLOP_00676",0,NA,NA,NA,NA,NA
"PHJJKLOP_00677",0,NA,NA,NA,NA,NA
"PHJJKLOP_00679",0,NA,NA,NA,NA,NA
"PHJJKLOP_00681",0,NA,NA,NA,NA,NA
"PHJJKLOP_00682",0,NA,NA,NA,NA,NA
"PHJJKLOP_00683",0,NA,NA,NA,NA,NA
"PHJJKLOP_00684",0,NA,NA,NA,NA,NA
"PHJJKLOP_00685",0,NA,NA,NA,NA,NA
"PHJJKLOP_00688",0,NA,NA,NA,NA,NA
"PHJJKLOP_00689",0,NA,NA,NA,NA,NA
"PHJJKLOP_00691",0,NA,NA,NA,NA,NA
"PHJJKLOP_00692",0,NA,NA,NA,NA,NA
"PHJJKLOP_00693",0,NA,NA,NA,NA,NA
"PHJJKLOP_00695",0,NA,NA,NA,NA,NA
"PHJJKLOP_00696",0,NA,NA,NA,NA,NA
"PHJJKLOP_00697",0,NA,NA,NA,NA,NA
"PHJJKLOP_00698",0,NA,NA,NA,NA,NA
"PHJJKLOP_00699",0,NA,NA,NA,NA,NA
"PHJJKLOP_00700",0,NA,NA,NA,NA,NA
"PHJJKLOP_00701",0,NA,NA,NA,NA,NA
"PHJJKLOP_00702",0,NA,NA,NA,NA,NA
"PHJJKLOP_00703",0,NA,NA,NA,NA,NA
"PHJJKLOP_00704",0,NA,NA,NA,NA,NA
"PHJJKLOP_00706",0,NA,NA,NA,NA,NA
"PHJJKLOP_00708",0,NA,NA,NA,NA,NA
"PHJJKLOP_00709",0,NA,NA,NA,NA,NA
"PHJJKLOP_00710",0,NA,NA,NA,NA,NA
"PHJJKLOP_00711",0,NA,NA,NA,NA,NA
"PHJJKLOP_00712",0,NA,NA,NA,NA,NA
"PHJJKLOP_00713",0,NA,NA,NA,NA,NA
"PHJJKLOP_00714",0,NA,NA,NA,NA,NA
"PHJJKLOP_00715",0,NA,NA,NA,NA,NA
"PHJJKLOP_00716",0,NA,NA,NA,NA,NA
"PHJJKLOP_00717",0,NA,NA,NA,NA,NA
"PHJJKLOP_00718",0,NA,NA,NA,NA,NA
"PHJJKLOP_00719",0,NA,NA,NA,NA,NA
"PHJJKLOP_00720",0,NA,NA,NA,NA,NA
"PHJJKLOP_00722",0,NA,NA,NA,NA,NA
"PHJJKLOP_00723",0,NA,NA,NA,NA,NA
"PHJJKLOP_00724",0,NA,NA,NA,NA,NA
"PHJJKLOP_00725",0,NA,NA,NA,NA,NA
"PHJJKLOP_00726",0,NA,NA,NA,NA,NA
"PHJJKLOP_00728",0,NA,NA,NA,NA,NA
"PHJJKLOP_00730",0,NA,NA,NA,NA,NA
"PHJJKLOP_00731",0,NA,NA,NA,NA,NA
"PHJJKLOP_00732",0,NA,NA,NA,NA,NA
"PHJJKLOP_00734",0,NA,NA,NA,NA,NA
"PHJJKLOP_00735",0,NA,NA,NA,NA,NA
"PHJJKLOP_00736",0,NA,NA,NA,NA,NA
"PHJJKLOP_00737",0,NA,NA,NA,NA,NA
"PHJJKLOP_00738",0,NA,NA,NA,NA,NA
"PHJJKLOP_00739",0,NA,NA,NA,NA,NA
"PHJJKLOP_00740",0,NA,NA,NA,NA,NA
"PHJJKLOP_00742",0,NA,NA,NA,NA,NA
"PHJJKLOP_00743",0,NA,NA,NA,NA,NA
"PHJJKLOP_00744",0,NA,NA,NA,NA,NA
"PHJJKLOP_00745",0,NA,NA,NA,NA,NA
"PHJJKLOP_00747",0,NA,NA,NA,NA,NA
"PHJJKLOP_00748",0,NA,NA,NA,NA,NA
"PHJJKLOP_00750",0,NA,NA,NA,NA,NA
"PHJJKLOP_00752",35.7625598079309,-7.91678889857954,2.83270195853325,-2.79478357217601,NA,NA
"PHJJKLOP_00754",0,NA,NA,NA,NA,NA
"PHJJKLOP_00757",0,NA,NA,NA,NA,NA
"PHJJKLOP_00759",16.8082293284883,-21.7600881485863,3.8848142689976,-5.60132007397129,NA,NA
"PHJJKLOP_00761",0,NA,NA,NA,NA,NA
"PHJJKLOP_00762",0,NA,NA,NA,NA,NA
"PHJJKLOP_00764",0,NA,NA,NA,NA,NA
"PHJJKLOP_00765",0,NA,NA,NA,NA,NA
"PHJJKLOP_00766",0,NA,NA,NA,NA,NA
"PHJJKLOP_00767",0,NA,NA,NA,NA,NA
"PHJJKLOP_00770",0,NA,NA,NA,NA,NA
"PHJJKLOP_00773",0,NA,NA,NA,NA,NA
"PHJJKLOP_00774",0,NA,NA,NA,NA,NA
"PHJJKLOP_00775",0,NA,NA,NA,NA,NA
"PHJJKLOP_00776",0,NA,NA,NA,NA,NA
"PHJJKLOP_00778",0,NA,NA,NA,NA,NA
"PHJJKLOP_00780",0,NA,NA,NA,NA,NA
"PHJJKLOP_00784",6.35374937914241,-6.67916825646662,3.91134624754971,-1.70763922029425,NA,NA
"PHJJKLOP_00785",0,NA,NA,NA,NA,NA
"PHJJKLOP_00786",0,NA,NA,NA,NA,NA
"PHJJKLOP_00787",25.2003733347994,22.1714935456276,3.9079327167279,5.6734583609187,NA,NA
"PHJJKLOP_00789",0,NA,NA,NA,NA,NA
"PHJJKLOP_00790",0,NA,NA,NA,NA,NA
"PHJJKLOP_00792",0,NA,NA,NA,NA,NA
"PHJJKLOP_00793",0,NA,NA,NA,NA,NA
"PHJJKLOP_00794",0,NA,NA,NA,NA,NA
"PHJJKLOP_00795",0,NA,NA,NA,NA,NA
"PHJJKLOP_00796",7.48916933421881,6.95715849383647,3.9107458409834,1.7789850777127,NA,NA
"PHJJKLOP_00798",7.48139323223696,-6.91553224570331,3.91065238951485,-1.76838326624096,NA,NA
"PHJJKLOP_00799",0,NA,NA,NA,NA,NA
"PHJJKLOP_00801",0,NA,NA,NA,NA,NA
"PHJJKLOP_00803",0,NA,NA,NA,NA,NA
"PHJJKLOP_00804",0,NA,NA,NA,NA,NA
"PHJJKLOP_00805",0,NA,NA,NA,NA,NA
"PHJJKLOP_00806",0,NA,NA,NA,NA,NA
"PHJJKLOP_00808",0,NA,NA,NA,NA,NA
"PHJJKLOP_00809",0,NA,NA,NA,NA,NA
"PHJJKLOP_00811",0,NA,NA,NA,NA,NA
"PHJJKLOP_00812",0,NA,NA,NA,NA,NA
"PHJJKLOP_00813",0,NA,NA,NA,NA,NA
"PHJJKLOP_00815",0,NA,NA,NA,NA,NA
"PHJJKLOP_00817",0,NA,NA,NA,NA,NA
"PHJJKLOP_00821",0,NA,NA,NA,NA,NA
"PHJJKLOP_00822",0,NA,NA,NA,NA,NA
"PHJJKLOP_00823",0,NA,NA,NA,NA,NA
"PHJJKLOP_00824",0,NA,NA,NA,NA,NA
"PHJJKLOP_00825",0,NA,NA,NA,NA,NA
"PHJJKLOP_00826",0,NA,NA,NA,NA,NA
"PHJJKLOP_00828",0,NA,NA,NA,NA,NA
"PHJJKLOP_00830",0,NA,NA,NA,NA,NA
"PHJJKLOP_00831",0,NA,NA,NA,NA,NA
"PHJJKLOP_00832",15.9496846432758,-2.08385426845668,3.28410362466412,-0.634527562652598,NA,NA
"PHJJKLOP_00833",0,NA,NA,NA,NA,NA
"PHJJKLOP_00834",0,NA,NA,NA,NA,NA
"PHJJKLOP_00835",0,NA,NA,NA,NA,NA
"PHJJKLOP_00838",0,NA,NA,NA,NA,NA
"PHJJKLOP_00840",0,NA,NA,NA,NA,NA
"PHJJKLOP_00841",0,NA,NA,NA,NA,NA
"PHJJKLOP_00842",0,NA,NA,NA,NA,NA
"PHJJKLOP_00843",0,NA,NA,NA,NA,NA
"PHJJKLOP_00844",0,NA,NA,NA,NA,NA
"PHJJKLOP_00845",6.42677232887022,-6.69706855510248,3.91128963511806,-1.7122405088521,NA,NA
"PHJJKLOP_00847",0,NA,NA,NA,NA,NA
"PHJJKLOP_00850",0,NA,NA,NA,NA,NA
"PHJJKLOP_00852",0,NA,NA,NA,NA,NA
"PHJJKLOP_00853",0,NA,NA,NA,NA,NA
"PHJJKLOP_00854",0,NA,NA,NA,NA,NA
"PHJJKLOP_00855",0,NA,NA,NA,NA,NA
"PHJJKLOP_00857",0,NA,NA,NA,NA,NA
"PHJJKLOP_00858",0,NA,NA,NA,NA,NA
"PHJJKLOP_00861",0,NA,NA,NA,NA,NA
"PHJJKLOP_00864",0,NA,NA,NA,NA,NA
"PHJJKLOP_00866",0,NA,NA,NA,NA,NA
"PHJJKLOP_00867",0,NA,NA,NA,NA,NA
"PHJJKLOP_00870",0,NA,NA,NA,NA,NA
"PHJJKLOP_00871",0,NA,NA,NA,NA,NA
"PHJJKLOP_00872",0,NA,NA,NA,NA,NA
"PHJJKLOP_00873",0,NA,NA,NA,NA,NA
"PHJJKLOP_00874",0,NA,NA,NA,NA,NA
"PHJJKLOP_00876",0,NA,NA,NA,NA,NA
"PHJJKLOP_00877",0,NA,NA,NA,NA,NA
"PHJJKLOP_00878",0,NA,NA,NA,NA,NA
"PHJJKLOP_00879",0,NA,NA,NA,NA,NA
"PHJJKLOP_00882",0,NA,NA,NA,NA,NA
"PHJJKLOP_00886",0,NA,NA,NA,NA,NA
"PHJJKLOP_00887",0,NA,NA,NA,NA,NA
"PHJJKLOP_00888",0,NA,NA,NA,NA,NA
"PHJJKLOP_00889",0,NA,NA,NA,NA,NA
"PHJJKLOP_00890",0,NA,NA,NA,NA,NA
"PHJJKLOP_00891",0,NA,NA,NA,NA,NA
"PHJJKLOP_00892",0,NA,NA,NA,NA,NA
"PHJJKLOP_00893",0,NA,NA,NA,NA,NA
"PHJJKLOP_00894",0,NA,NA,NA,NA,NA
"PHJJKLOP_00895",0,NA,NA,NA,NA,NA
"PHJJKLOP_00896",0,NA,NA,NA,NA,NA
"PHJJKLOP_00898",0,NA,NA,NA,NA,NA
"PHJJKLOP_00899",0,NA,NA,NA,NA,NA
"PHJJKLOP_00900",0,NA,NA,NA,NA,NA
"PHJJKLOP_00901",0,NA,NA,NA,NA,NA
"PHJJKLOP_00903",0,NA,NA,NA,NA,NA
"PHJJKLOP_00904",0,NA,NA,NA,NA,NA
"PHJJKLOP_00905",0,NA,NA,NA,NA,NA
"PHJJKLOP_00906",0,NA,NA,NA,NA,NA
"PHJJKLOP_00907",0,NA,NA,NA,NA,NA
"PHJJKLOP_00909",0,NA,NA,NA,NA,NA
"PHJJKLOP_00911",0,NA,NA,NA,NA,NA
"PHJJKLOP_00912",0,NA,NA,NA,NA,NA
"PHJJKLOP_00914",0,NA,NA,NA,NA,NA
"PHJJKLOP_00915",14.1681943683343,7.87675006014192,3.61984686526359,2.17598985629143,NA,NA
"PHJJKLOP_00916",0,NA,NA,NA,NA,NA
"PHJJKLOP_00917",5.56426455448306,6.45645061226772,3.79989350795398,1.69911356693365,NA,NA
"PHJJKLOP_00918",0,NA,NA,NA,NA,NA
"PHJJKLOP_00919",0,NA,NA,NA,NA,NA
"PHJJKLOP_00921",7.56950581102261,-2.42307380008285,3.69568913730914,-0.655648705845187,NA,NA
"PHJJKLOP_00922",0,NA,NA,NA,NA,NA
"PHJJKLOP_00923",0,NA,NA,NA,NA,NA
"PHJJKLOP_00924",0,NA,NA,NA,NA,NA
"PHJJKLOP_00930",0,NA,NA,NA,NA,NA
"PHJJKLOP_00931",0,NA,NA,NA,NA,NA
"PHJJKLOP_00933",0,NA,NA,NA,NA,NA
"PHJJKLOP_00935",6.55302316744146,6.76458699654253,3.91131730188627,1.72949072510181,NA,NA
"PHJJKLOP_00936",0,NA,NA,NA,NA,NA
"PHJJKLOP_00939",0,NA,NA,NA,NA,NA
"PHJJKLOP_00940",35.7856780614316,1.34208985638578,2.90362980839359,0.462211075429164,NA,NA
"PHJJKLOP_00941",0,NA,NA,NA,NA,NA
"PHJJKLOP_00942",0,NA,NA,NA,NA,NA
"PHJJKLOP_00943",0,NA,NA,NA,NA,NA
"PHJJKLOP_00946",0,NA,NA,NA,NA,NA
"PHJJKLOP_00947",0,NA,NA,NA,NA,NA
"PHJJKLOP_00948",0,NA,NA,NA,NA,NA
"PHJJKLOP_00949",0,NA,NA,NA,NA,NA
"PHJJKLOP_00951",6.00394551790544,6.62032517198701,3.74394764394703,1.76827397217755,NA,NA
"PHJJKLOP_00952",0,NA,NA,NA,NA,NA
"PHJJKLOP_00953",19.9310137319919,7.60501516843732,3.13473594715136,2.42604649854105,NA,NA
"PHJJKLOP_00954",0,NA,NA,NA,NA,NA
"PHJJKLOP_00955",0,NA,NA,NA,NA,NA
"PHJJKLOP_00959",16.3171639057581,-3.9770346493536,3.65261210372691,-1.08881932611888,NA,NA
"PHJJKLOP_00960",13.8295035734145,-1.11310238150084,3.40683433273735,-0.326726301541781,NA,NA
"PHJJKLOP_00961",0,NA,NA,NA,NA,NA
"PHJJKLOP_00962",0,NA,NA,NA,NA,NA
"PHJJKLOP_00963",0,NA,NA,NA,NA,NA
"PHJJKLOP_00964",0,NA,NA,NA,NA,NA
"PHJJKLOP_00967",0,NA,NA,NA,NA,NA
"PHJJKLOP_00968",0,NA,NA,NA,NA,NA
"PHJJKLOP_00969",0,NA,NA,NA,NA,NA
"PHJJKLOP_00971",0,NA,NA,NA,NA,NA
"PHJJKLOP_00974",0,NA,NA,NA,NA,NA
"PHJJKLOP_00978",0,NA,NA,NA,NA,NA
"PHJJKLOP_00979",0,NA,NA,NA,NA,NA
"PHJJKLOP_00981",0,NA,NA,NA,NA,NA
"PHJJKLOP_00982",0,NA,NA,NA,NA,NA
"PHJJKLOP_00983",0,NA,NA,NA,NA,NA
"PHJJKLOP_00984",0,NA,NA,NA,NA,NA
"PHJJKLOP_00986",21.8012802131471,-0.353893163696979,2.53024812279644,-0.139865003952994,NA,NA
"PHJJKLOP_00988",0,NA,NA,NA,NA,NA
"PHJJKLOP_00992",39.7311326087435,0.955305393800083,2.31450441540918,0.412747276453648,NA,NA
"PHJJKLOP_00993",0,NA,NA,NA,NA,NA
"PHJJKLOP_00994",0,NA,NA,NA,NA,NA
"PHJJKLOP_00995",0,NA,NA,NA,NA,NA
"PHJJKLOP_00996",0,NA,NA,NA,NA,NA
"PHJJKLOP_00997",0,NA,NA,NA,NA,NA
"PHJJKLOP_00998",0,NA,NA,NA,NA,NA
"PHJJKLOP_00999",0,NA,NA,NA,NA,NA
"PHJJKLOP_01001",0,NA,NA,NA,NA,NA
"PHJJKLOP_01002",0,NA,NA,NA,NA,NA
"PHJJKLOP_01003",0,NA,NA,NA,NA,NA
"PHJJKLOP_01004",15.1132402226021,-0.412317341609878,3.72339925322628,-0.110736806226893,NA,NA
"PHJJKLOP_01005",0,NA,NA,NA,NA,NA
"PHJJKLOP_01012",0,NA,NA,NA,NA,NA
"PHJJKLOP_01013",20.5898603963735,-21.9897755301214,3.90157666637049,-5.63612544632571,NA,NA
"PHJJKLOP_01014",0,NA,NA,NA,NA,NA
"PHJJKLOP_01016",0,NA,NA,NA,NA,NA
"PHJJKLOP_01018",0,NA,NA,NA,NA,NA
"PHJJKLOP_01019",0,NA,NA,NA,NA,NA
"PHJJKLOP_01020",0,NA,NA,NA,NA,NA
"PHJJKLOP_01024",0,NA,NA,NA,NA,NA
"PHJJKLOP_01025",8.75438281857328,-6.67919815963117,3.8843985870184,-1.71949350974252,NA,NA
"PHJJKLOP_01026",0,NA,NA,NA,NA,NA
"PHJJKLOP_01028",0,NA,NA,NA,NA,NA
"PHJJKLOP_01029",5.66046182054847,1.00125440877774,3.93055752226442,0.254735976539254,NA,NA
"PHJJKLOP_01030",5.61104492417772,-6.50049838520282,3.91195148511226,-1.66170219900267,NA,NA
"PHJJKLOP_01032",0,NA,NA,NA,NA,NA
"PHJJKLOP_01033",0,NA,NA,NA,NA,NA
"PHJJKLOP_01035",0,NA,NA,NA,NA,NA
"PHJJKLOP_01037",0,NA,NA,NA,NA,NA
"PHJJKLOP_01038",0,NA,NA,NA,NA,NA
"PHJJKLOP_01039",0,NA,NA,NA,NA,NA
"PHJJKLOP_01041",0,NA,NA,NA,NA,NA
"PHJJKLOP_01042",0,NA,NA,NA,NA,NA
"PHJJKLOP_01043",0,NA,NA,NA,NA,NA
"PHJJKLOP_01044",0,NA,NA,NA,NA,NA
"PHJJKLOP_01045",0,NA,NA,NA,NA,NA
"PHJJKLOP_01051",0,NA,NA,NA,NA,NA
"PHJJKLOP_01052",0,NA,NA,NA,NA,NA
"PHJJKLOP_01053",4.27549063766448,-3.84904088953825,3.93929917314122,-0.977087730675963,NA,NA
"PHJJKLOP_01054",0,NA,NA,NA,NA,NA
"PHJJKLOP_01055",13.132708651795,0.0331883796351031,3.54850959726449,0.00935276592197682,NA,NA
"PHJJKLOP_01058",0,NA,NA,NA,NA,NA
"PHJJKLOP_01060",0,NA,NA,NA,NA,NA
"PHJJKLOP_01063",0,NA,NA,NA,NA,NA
"PHJJKLOP_01064",0,NA,NA,NA,NA,NA
"PHJJKLOP_01065",15.1587724893259,-2.20518044505489,3.68694222377329,-0.598105506193168,NA,NA
"PHJJKLOP_01066",0,NA,NA,NA,NA,NA
"PHJJKLOP_01067",0,NA,NA,NA,NA,NA
"PHJJKLOP_01068",0,NA,NA,NA,NA,NA
"PHJJKLOP_01071",0,NA,NA,NA,NA,NA
"PHJJKLOP_01072",10.1393056189346,3.5286406000493,3.6130505059148,0.976637496285394,NA,NA
"PHJJKLOP_01074",0,NA,NA,NA,NA,NA
"PHJJKLOP_01076",0,NA,NA,NA,NA,NA
"PHJJKLOP_01077",0,NA,NA,NA,NA,NA
"PHJJKLOP_01079",0,NA,NA,NA,NA,NA
"PHJJKLOP_01080",29.730650663474,-1.94194065969347,3.37308551971628,-0.575716402190956,NA,NA
"PHJJKLOP_01082",16.5132674284598,-1.38389094845983,3.37086115648988,-0.410545223969084,NA,NA
"PHJJKLOP_01083",0,NA,NA,NA,NA,NA
"PHJJKLOP_01084",0,NA,NA,NA,NA,NA
"PHJJKLOP_01086",0,NA,NA,NA,NA,NA
"PHJJKLOP_01088",0,NA,NA,NA,NA,NA
"PHJJKLOP_01089",0,NA,NA,NA,NA,NA
"PHJJKLOP_01090",0,NA,NA,NA,NA,NA
"PHJJKLOP_01091",0,NA,NA,NA,NA,NA
"PHJJKLOP_01092",0,NA,NA,NA,NA,NA
"PHJJKLOP_01093",0,NA,NA,NA,NA,NA
"PHJJKLOP_01094",0,NA,NA,NA,NA,NA
"PHJJKLOP_01096",0,NA,NA,NA,NA,NA
"PHJJKLOP_01097",0,NA,NA,NA,NA,NA
"PHJJKLOP_01099",0,NA,NA,NA,NA,NA
"PHJJKLOP_01100",0,NA,NA,NA,NA,NA
"PHJJKLOP_01101",5.13435512434286,1.0012547267185,3.94913776061654,0.253537553615802,NA,NA
"PHJJKLOP_01104",0,NA,NA,NA,NA,NA
"PHJJKLOP_01106",8.16080163823032,-3.34575353890762,3.67694593403108,-0.909927314389318,NA,NA
"PHJJKLOP_01107",0,NA,NA,NA,NA,NA
"PHJJKLOP_01108",0,NA,NA,NA,NA,NA
"PHJJKLOP_01112",0,NA,NA,NA,NA,NA
"PHJJKLOP_01113",0,NA,NA,NA,NA,NA
"PHJJKLOP_01114",0,NA,NA,NA,NA,NA
"PHJJKLOP_01118",0,NA,NA,NA,NA,NA
"PHJJKLOP_01119",14.3626221217049,-1.74501833853431,3.62326810780732,-0.481614466998507,NA,NA
"PHJJKLOP_01120",0,NA,NA,NA,NA,NA
"PHJJKLOP_01121",0,NA,NA,NA,NA,NA
"PHJJKLOP_01122",0,NA,NA,NA,NA,NA
"PHJJKLOP_01124",0,NA,NA,NA,NA,NA
"PHJJKLOP_01125",0,NA,NA,NA,NA,NA
"PHJJKLOP_01126",0,NA,NA,NA,NA,NA
"PHJJKLOP_01127",0,NA,NA,NA,NA,NA
"PHJJKLOP_01128",0,NA,NA,NA,NA,NA
"PHJJKLOP_01129",0,NA,NA,NA,NA,NA
"PHJJKLOP_01130",0,NA,NA,NA,NA,NA
"PHJJKLOP_01133",0,NA,NA,NA,NA,NA
"PHJJKLOP_01134",11.1297377605752,21.0532431198339,3.90943715855424,5.38523635653468,NA,NA
"PHJJKLOP_01135",7.71212679464427,-6.95997634851469,3.9105341353784,-1.77980196760032,NA,NA
"PHJJKLOP_01138",0,NA,NA,NA,NA,NA
"PHJJKLOP_01139",0,NA,NA,NA,NA,NA
"PHJJKLOP_01141",0,NA,NA,NA,NA,NA
"PHJJKLOP_01142",0,NA,NA,NA,NA,NA
"PHJJKLOP_01143",0,NA,NA,NA,NA,NA
"PHJJKLOP_01144",0,NA,NA,NA,NA,NA
"PHJJKLOP_01145",0,NA,NA,NA,NA,NA
"PHJJKLOP_01146",0,NA,NA,NA,NA,NA
"PHJJKLOP_01147",0,NA,NA,NA,NA,NA
"PHJJKLOP_01148",0,NA,NA,NA,NA,NA
"PHJJKLOP_01149",0,NA,NA,NA,NA,NA
"PHJJKLOP_01150",0,NA,NA,NA,NA,NA
"PHJJKLOP_01152",0,NA,NA,NA,NA,NA
"PHJJKLOP_01153",0,NA,NA,NA,NA,NA
"PHJJKLOP_01155",0,NA,NA,NA,NA,NA
"PHJJKLOP_01156",0,NA,NA,NA,NA,NA
"PHJJKLOP_01160",0,NA,NA,NA,NA,NA
"PHJJKLOP_01161",0,NA,NA,NA,NA,NA
"PHJJKLOP_01165",0,NA,NA,NA,NA,NA
"PHJJKLOP_01166",0,NA,NA,NA,NA,NA
"PHJJKLOP_01167",0,NA,NA,NA,NA,NA
"PHJJKLOP_01168",9.85630280757981,-2.10003115938014,3.30255665261241,-0.635880434547267,NA,NA
"PHJJKLOP_01169",0,NA,NA,NA,NA,NA
"PHJJKLOP_01172",0,NA,NA,NA,NA,NA
"PHJJKLOP_01174",0,NA,NA,NA,NA,NA
"PHJJKLOP_01175",15.0712962640992,-0.576106554318518,3.71724245804447,-0.154982237726185,NA,NA
"PHJJKLOP_01176",0,NA,NA,NA,NA,NA
"PHJJKLOP_01178",0,NA,NA,NA,NA,NA
"PHJJKLOP_01180",0,NA,NA,NA,NA,NA
"PHJJKLOP_01181",0,NA,NA,NA,NA,NA
"PHJJKLOP_01182",0,NA,NA,NA,NA,NA
"PHJJKLOP_01183",0,NA,NA,NA,NA,NA
"PHJJKLOP_01186",0,NA,NA,NA,NA,NA
"PHJJKLOP_01187",0,NA,NA,NA,NA,NA
"PHJJKLOP_01191",0,NA,NA,NA,NA,NA
"PHJJKLOP_01192",24.3492467724507,4.20143846510629,3.33039809800625,1.26154241669231,NA,NA
"PHJJKLOP_01193",0,NA,NA,NA,NA,NA
"PHJJKLOP_01197",0,NA,NA,NA,NA,NA
"PHJJKLOP_01198",12.0658839273525,20.188807273111,3.90922812582734,5.16439732430255,NA,NA
"PHJJKLOP_01201",0,NA,NA,NA,NA,NA
"PHJJKLOP_01204",0,NA,NA,NA,NA,NA
"PHJJKLOP_01206",0,NA,NA,NA,NA,NA
"PHJJKLOP_01209",0,NA,NA,NA,NA,NA
"PHJJKLOP_01210",3.65648024196043,0,4.0804558717783,0,NA,NA
"PHJJKLOP_01211",3.58876764488709,0,4.08045587177833,0,NA,NA
"PHJJKLOP_01212",0,NA,NA,NA,NA,NA
"PHJJKLOP_01213",0,NA,NA,NA,NA,NA
"PHJJKLOP_01215",0,NA,NA,NA,NA,NA
"PHJJKLOP_01217",0,NA,NA,NA,NA,NA
"PHJJKLOP_01218",0,NA,NA,NA,NA,NA
"PHJJKLOP_01219",3.58876764488709,0,4.08045587177833,0,NA,NA
"PHJJKLOP_01222",0,NA,NA,NA,NA,NA
"PHJJKLOP_01223",0,NA,NA,NA,NA,NA
"PHJJKLOP_01224",0,NA,NA,NA,NA,NA
"PHJJKLOP_01225",0,NA,NA,NA,NA,NA
"PHJJKLOP_01226",0,NA,NA,NA,NA,NA
"PHJJKLOP_01227",0,NA,NA,NA,NA,NA
"PHJJKLOP_01229",0,NA,NA,NA,NA,NA
"PHJJKLOP_01230",0,NA,NA,NA,NA,NA
"PHJJKLOP_01233",0,NA,NA,NA,NA,NA
"PHJJKLOP_01234",0,NA,NA,NA,NA,NA
"PHJJKLOP_01237",0,NA,NA,NA,NA,NA
"PHJJKLOP_01239",0,NA,NA,NA,NA,NA
"PHJJKLOP_01240",0,NA,NA,NA,NA,NA
"PHJJKLOP_01242",0,NA,NA,NA,NA,NA
"PHJJKLOP_01243",0,NA,NA,NA,NA,NA
"PHJJKLOP_01244",0,NA,NA,NA,NA,NA
"PHJJKLOP_01245",0,NA,NA,NA,NA,NA
"PHJJKLOP_01246",0,NA,NA,NA,NA,NA
"PHJJKLOP_01247",0,NA,NA,NA,NA,NA
"PHJJKLOP_01249",0,NA,NA,NA,NA,NA
"PHJJKLOP_01250",0,NA,NA,NA,NA,NA
"PHJJKLOP_01251",0,NA,NA,NA,NA,NA
"PHJJKLOP_01252",0,NA,NA,NA,NA,NA
"PHJJKLOP_01254",0,NA,NA,NA,NA,NA
"PHJJKLOP_01255",0,NA,NA,NA,NA,NA
"PHJJKLOP_01257",0,NA,NA,NA,NA,NA
"PHJJKLOP_01258",6.15491083171068,4.24940505698774,3.88933256940993,1.09257950590542,NA,NA
"PHJJKLOP_01259",13.0697474110306,-4.46673859535023,3.58233848057784,-1.24687787588116,NA,NA
"PHJJKLOP_01260",0,NA,NA,NA,NA,NA
"PHJJKLOP_01262",0,NA,NA,NA,NA,NA
"PHJJKLOP_01263",0,NA,NA,NA,NA,NA
"PHJJKLOP_01264",0,NA,NA,NA,NA,NA
"PHJJKLOP_01267",0,NA,NA,NA,NA,NA
"PHJJKLOP_01268",0,NA,NA,NA,NA,NA
"PHJJKLOP_01270",0,NA,NA,NA,NA,NA
"PHJJKLOP_01272",0,NA,NA,NA,NA,NA
"PHJJKLOP_01273",0,NA,NA,NA,NA,NA
"PHJJKLOP_01275",0,NA,NA,NA,NA,NA
"PHJJKLOP_01276",0,NA,NA,NA,NA,NA
"PHJJKLOP_01279",0,NA,NA,NA,NA,NA
"PHJJKLOP_01280",0,NA,NA,NA,NA,NA
"PHJJKLOP_01283",0,NA,NA,NA,NA,NA
"PHJJKLOP_01285",0,NA,NA,NA,NA,NA
"PHJJKLOP_01287",0,NA,NA,NA,NA,NA
"PHJJKLOP_01288",0,NA,NA,NA,NA,NA
"PHJJKLOP_01289",0,NA,NA,NA,NA,NA
"PHJJKLOP_01290",0,NA,NA,NA,NA,NA
"PHJJKLOP_01291",0,NA,NA,NA,NA,NA
"PHJJKLOP_01292",0,NA,NA,NA,NA,NA
"PHJJKLOP_01294",0,NA,NA,NA,NA,NA
"PHJJKLOP_01295",0,NA,NA,NA,NA,NA
"PHJJKLOP_01296",0,NA,NA,NA,NA,NA
"PHJJKLOP_01297",0,NA,NA,NA,NA,NA
"PHJJKLOP_01301",7.7298308131795,3.11744721841765,3.3427228706535,0.932607140659613,NA,NA
"PHJJKLOP_01302",14.9261217271471,-1.57181118071576,3.63576191735429,-0.432319611802182,NA,NA
"PHJJKLOP_01303",0,NA,NA,NA,NA,NA
"PHJJKLOP_01304",0,NA,NA,NA,NA,NA
"PHJJKLOP_01305",0,NA,NA,NA,NA,NA
"PHJJKLOP_01306",0,NA,NA,NA,NA,NA
"PHJJKLOP_01307",0,NA,NA,NA,NA,NA
"PHJJKLOP_01311",7.99624825945036,5.09043456127374,3.58845511943747,1.41855879252901,NA,NA
"PHJJKLOP_01312",0,NA,NA,NA,NA,NA
"PHJJKLOP_01315",0,NA,NA,NA,NA,NA
"PHJJKLOP_01316",0,NA,NA,NA,NA,NA
"PHJJKLOP_01318",0,NA,NA,NA,NA,NA
"PHJJKLOP_01319",0,NA,NA,NA,NA,NA
"PHJJKLOP_01321",0,NA,NA,NA,NA,NA
"PHJJKLOP_01323",0,NA,NA,NA,NA,NA
"PHJJKLOP_01325",0,NA,NA,NA,NA,NA
"PHJJKLOP_01327",0,NA,NA,NA,NA,NA
"PHJJKLOP_01328",0,NA,NA,NA,NA,NA
"PHJJKLOP_01329",0,NA,NA,NA,NA,NA
"PHJJKLOP_01330",0,NA,NA,NA,NA,NA
"PHJJKLOP_01331",0,NA,NA,NA,NA,NA
"PHJJKLOP_01332",0,NA,NA,NA,NA,NA
"PHJJKLOP_01334",0,NA,NA,NA,NA,NA
"PHJJKLOP_01335",0,NA,NA,NA,NA,NA
"PHJJKLOP_01337",0,NA,NA,NA,NA,NA
"PHJJKLOP_01338",0,NA,NA,NA,NA,NA
"PHJJKLOP_01339",0,NA,NA,NA,NA,NA
"PHJJKLOP_01340",0,NA,NA,NA,NA,NA
"PHJJKLOP_01342",0,NA,NA,NA,NA,NA
"PHJJKLOP_01343",0,NA,NA,NA,NA,NA
"PHJJKLOP_01346",0,NA,NA,NA,NA,NA
"PHJJKLOP_01347",0,NA,NA,NA,NA,NA
"PHJJKLOP_01348",0,NA,NA,NA,NA,NA
"PHJJKLOP_01352",0,NA,NA,NA,NA,NA
"PHJJKLOP_01353",0,NA,NA,NA,NA,NA
"PHJJKLOP_01354",0,NA,NA,NA,NA,NA
"PHJJKLOP_01355",0,NA,NA,NA,NA,NA
"PHJJKLOP_01356",0,NA,NA,NA,NA,NA
"PHJJKLOP_01357",0,NA,NA,NA,NA,NA
"PHJJKLOP_01359",0,NA,NA,NA,NA,NA
"PHJJKLOP_01362",0,NA,NA,NA,NA,NA
"PHJJKLOP_01363",0,NA,NA,NA,NA,NA
"PHJJKLOP_01364",0,NA,NA,NA,NA,NA
"PHJJKLOP_01365",0,NA,NA,NA,NA,NA
"PHJJKLOP_01366",0,NA,NA,NA,NA,NA
"PHJJKLOP_01367",0,NA,NA,NA,NA,NA
"PHJJKLOP_01369",0,NA,NA,NA,NA,NA
"PHJJKLOP_01372",0,NA,NA,NA,NA,NA
"PHJJKLOP_01373",0,NA,NA,NA,NA,NA
"PHJJKLOP_01375",0,NA,NA,NA,NA,NA
"PHJJKLOP_01376",0,NA,NA,NA,NA,NA
"PHJJKLOP_01377",0,NA,NA,NA,NA,NA
"PHJJKLOP_01378",0,NA,NA,NA,NA,NA
"PHJJKLOP_01379",0,NA,NA,NA,NA,NA
"PHJJKLOP_01380",0,NA,NA,NA,NA,NA
"PHJJKLOP_01381",0,NA,NA,NA,NA,NA
"PHJJKLOP_01382",0,NA,NA,NA,NA,NA
"PHJJKLOP_01383",0,NA,NA,NA,NA,NA
"PHJJKLOP_01384",0,NA,NA,NA,NA,NA
"PHJJKLOP_01385",0,NA,NA,NA,NA,NA
"PHJJKLOP_01386",0,NA,NA,NA,NA,NA
"PHJJKLOP_01387",0,NA,NA,NA,NA,NA
"PHJJKLOP_01389",0,NA,NA,NA,NA,NA
"PHJJKLOP_01390",0,NA,NA,NA,NA,NA
"PHJJKLOP_01391",0,NA,NA,NA,NA,NA
"PHJJKLOP_01392",16.0174941119535,-22.122669221915,3.90857436703696,-5.66003538489301,NA,NA
"PHJJKLOP_01393",0,NA,NA,NA,NA,NA
"PHJJKLOP_01394",0,NA,NA,NA,NA,NA
"PHJJKLOP_01395",0,NA,NA,NA,NA,NA
"PHJJKLOP_01396",0,NA,NA,NA,NA,NA
"PHJJKLOP_01397",0,NA,NA,NA,NA,NA
"PHJJKLOP_01398",0,NA,NA,NA,NA,NA
"PHJJKLOP_01399",0,NA,NA,NA,NA,NA
"PHJJKLOP_01400",0,NA,NA,NA,NA,NA
"PHJJKLOP_01401",0,NA,NA,NA,NA,NA
"PHJJKLOP_01402",0,NA,NA,NA,NA,NA
"PHJJKLOP_01403",0,NA,NA,NA,NA,NA
"PHJJKLOP_01409",0,NA,NA,NA,NA,NA
"PHJJKLOP_01410",0,NA,NA,NA,NA,NA
"PHJJKLOP_01411",0,NA,NA,NA,NA,NA
"PHJJKLOP_01412",0,NA,NA,NA,NA,NA
"PHJJKLOP_01413",0,NA,NA,NA,NA,NA
"PHJJKLOP_01414",0,NA,NA,NA,NA,NA
"PHJJKLOP_01415",0,NA,NA,NA,NA,NA
"PHJJKLOP_01417",0,NA,NA,NA,NA,NA
"PHJJKLOP_01419",6.50040931904076,0,4.08045587177765,0,NA,NA
"PHJJKLOP_01421",0,NA,NA,NA,NA,NA
"PHJJKLOP_01422",0,NA,NA,NA,NA,NA
"PHJJKLOP_01423",0,NA,NA,NA,NA,NA
"PHJJKLOP_01424",0,NA,NA,NA,NA,NA
"PHJJKLOP_01425",0,NA,NA,NA,NA,NA
"PHJJKLOP_01426",0,NA,NA,NA,NA,NA
"PHJJKLOP_01428",0,NA,NA,NA,NA,NA
"PHJJKLOP_01429",0,NA,NA,NA,NA,NA
"PHJJKLOP_01430",0,NA,NA,NA,NA,NA
"PHJJKLOP_01431",0,NA,NA,NA,NA,NA
"PHJJKLOP_01432",0,NA,NA,NA,NA,NA
"PHJJKLOP_01433",0,NA,NA,NA,NA,NA
"PHJJKLOP_01434",0,NA,NA,NA,NA,NA
"PHJJKLOP_01435",0,NA,NA,NA,NA,NA
"PHJJKLOP_01436",0,NA,NA,NA,NA,NA
"PHJJKLOP_01437",0,NA,NA,NA,NA,NA
"PHJJKLOP_01438",0,NA,NA,NA,NA,NA
"PHJJKLOP_01440",0,NA,NA,NA,NA,NA
"PHJJKLOP_01441",0,NA,NA,NA,NA,NA
"PHJJKLOP_01443",0,NA,NA,NA,NA,NA
"PHJJKLOP_01444",0,NA,NA,NA,NA,NA
"PHJJKLOP_01445",0,NA,NA,NA,NA,NA
"PHJJKLOP_01448",17.7394527380504,0.862332907130522,3.31608277689561,0.260045651796969,NA,NA
"PHJJKLOP_01449",0,NA,NA,NA,NA,NA
"PHJJKLOP_01450",0,NA,NA,NA,NA,NA
"PHJJKLOP_01451",0,NA,NA,NA,NA,NA
"PHJJKLOP_01452",0,NA,NA,NA,NA,NA
"PHJJKLOP_01454",0,NA,NA,NA,NA,NA
"PHJJKLOP_01455",7.67004909794833,6.99135102599242,3.91065210180229,1.78777115529411,NA,NA
"PHJJKLOP_01457",0,NA,NA,NA,NA,NA
"PHJJKLOP_01458",7.07310437120665,6.87472675853193,3.91098116577096,1.75780103946799,NA,NA
"PHJJKLOP_01459",0,NA,NA,NA,NA,NA
"PHJJKLOP_01460",0,NA,NA,NA,NA,NA
"PHJJKLOP_01461",0,NA,NA,NA,NA,NA
"PHJJKLOP_01463",0,NA,NA,NA,NA,NA
"PHJJKLOP_01464",0,NA,NA,NA,NA,NA
"PHJJKLOP_01465",9.56949414927959,20.6896141737386,3.90987658500115,5.29162845014265,NA,NA
"PHJJKLOP_01467",0,NA,NA,NA,NA,NA
"PHJJKLOP_01469",0,NA,NA,NA,NA,NA
"PHJJKLOP_01470",0,NA,NA,NA,NA,NA
"PHJJKLOP_01472",0,NA,NA,NA,NA,NA
"PHJJKLOP_01473",0,NA,NA,NA,NA,NA
"PHJJKLOP_01475",0,NA,NA,NA,NA,NA
"PHJJKLOP_01476",0,NA,NA,NA,NA,NA
"PHJJKLOP_01477",37.4864697613844,19.5929123611897,3.91070991013406,5.01006538746773,NA,NA
"PHJJKLOP_01480",0,NA,NA,NA,NA,NA
"PHJJKLOP_01481",0,NA,NA,NA,NA,NA
"PHJJKLOP_01484",0,NA,NA,NA,NA,NA
"PHJJKLOP_01485",0,NA,NA,NA,NA,NA
"PHJJKLOP_01487",0,NA,NA,NA,NA,NA
"PHJJKLOP_01488",0,NA,NA,NA,NA,NA
"PHJJKLOP_01489",0,NA,NA,NA,NA,NA
"PHJJKLOP_01490",0,NA,NA,NA,NA,NA
"PHJJKLOP_01492",0,NA,NA,NA,NA,NA
"PHJJKLOP_01493",0,NA,NA,NA,NA,NA
"PHJJKLOP_01496",0,NA,NA,NA,NA,NA
"PHJJKLOP_01497",0,NA,NA,NA,NA,NA
"PHJJKLOP_01498",0,NA,NA,NA,NA,NA
"PHJJKLOP_01499",0,NA,NA,NA,NA,NA
"PHJJKLOP_01500",0,NA,NA,NA,NA,NA
"PHJJKLOP_01502",0,NA,NA,NA,NA,NA
"PHJJKLOP_01503",14.8743224276846,21.5519772635792,3.90875878503021,5.5137649696162,NA,NA
"PHJJKLOP_01504",0,NA,NA,NA,NA,NA
"PHJJKLOP_01507",0,NA,NA,NA,NA,NA
"PHJJKLOP_01508",0,NA,NA,NA,NA,NA
"PHJJKLOP_01509",0,NA,NA,NA,NA,NA
"PHJJKLOP_01512",0,NA,NA,NA,NA,NA
"PHJJKLOP_01513",0,NA,NA,NA,NA,NA
"PHJJKLOP_01514",0,NA,NA,NA,NA,NA
"PHJJKLOP_01516",0,NA,NA,NA,NA,NA
"PHJJKLOP_01517",0,NA,NA,NA,NA,NA
"PHJJKLOP_01518",0,NA,NA,NA,NA,NA
"PHJJKLOP_01519",20.4652170694516,-0.133316205438406,3.65242663752025,-0.0365007209368395,NA,NA
"PHJJKLOP_01521",0,NA,NA,NA,NA,NA
"PHJJKLOP_01522",0,NA,NA,NA,NA,NA
"PHJJKLOP_01523",0,NA,NA,NA,NA,NA
"PHJJKLOP_01525",0,NA,NA,NA,NA,NA
"PHJJKLOP_01526",0,NA,NA,NA,NA,NA
"PHJJKLOP_01528",0,NA,NA,NA,NA,NA
"PHJJKLOP_01530",0,NA,NA,NA,NA,NA
"PHJJKLOP_01532",0,NA,NA,NA,NA,NA
"PHJJKLOP_01533",0,NA,NA,NA,NA,NA
"PHJJKLOP_01535",0,NA,NA,NA,NA,NA
"PHJJKLOP_01536",0,NA,NA,NA,NA,NA
"PHJJKLOP_01538",0,NA,NA,NA,NA,NA
"PHJJKLOP_01539",0,NA,NA,NA,NA,NA
"PHJJKLOP_01540",0,NA,NA,NA,NA,NA
"PHJJKLOP_01543",0,NA,NA,NA,NA,NA
"PHJJKLOP_01545",0,NA,NA,NA,NA,NA
"PHJJKLOP_01546",0,NA,NA,NA,NA,NA
"PHJJKLOP_01547",0,NA,NA,NA,NA,NA
"PHJJKLOP_01548",0,NA,NA,NA,NA,NA
"PHJJKLOP_01549",0,NA,NA,NA,NA,NA
"PHJJKLOP_01550",0,NA,NA,NA,NA,NA
"PHJJKLOP_01551",0,NA,NA,NA,NA,NA
"PHJJKLOP_01552",0,NA,NA,NA,NA,NA
"PHJJKLOP_01553",130.164725294299,-0.628678271732978,2.1712852271671,-0.289542002067237,NA,NA
"PHJJKLOP_01554",0,NA,NA,NA,NA,NA
"PHJJKLOP_01555",0,NA,NA,NA,NA,NA
"PHJJKLOP_01556",0,NA,NA,NA,NA,NA
"PHJJKLOP_01559",0,NA,NA,NA,NA,NA
"PHJJKLOP_01560",0,NA,NA,NA,NA,NA
"PHJJKLOP_01562",0,NA,NA,NA,NA,NA
"PHJJKLOP_01564",0,NA,NA,NA,NA,NA
"PHJJKLOP_01565",0,NA,NA,NA,NA,NA
"PHJJKLOP_01566",0,NA,NA,NA,NA,NA
"PHJJKLOP_01567",0,NA,NA,NA,NA,NA
"PHJJKLOP_01568",0,NA,NA,NA,NA,NA
"PHJJKLOP_01569",0,NA,NA,NA,NA,NA
"PHJJKLOP_01570",13.9028950799687,-1.41988375833565,3.70436484503888,-0.383300192538336,NA,NA
"PHJJKLOP_01571",0,NA,NA,NA,NA,NA
"PHJJKLOP_01573",0,NA,NA,NA,NA,NA
"PHJJKLOP_01575",0,NA,NA,NA,NA,NA
"PHJJKLOP_01579",0,NA,NA,NA,NA,NA
"PHJJKLOP_01580",0,NA,NA,NA,NA,NA
"PHJJKLOP_01581",0,NA,NA,NA,NA,NA
"PHJJKLOP_01582",0,NA,NA,NA,NA,NA
"PHJJKLOP_01585",0,NA,NA,NA,NA,NA
"PHJJKLOP_01586",0,NA,NA,NA,NA,NA
"PHJJKLOP_01587",0,NA,NA,NA,NA,NA
"PHJJKLOP_01588",0,NA,NA,NA,NA,NA
"PHJJKLOP_01589",0,NA,NA,NA,NA,NA
"PHJJKLOP_01590",0,NA,NA,NA,NA,NA
"PHJJKLOP_01591",8.31327436575122,-4.60437155076554,3.42045810367672,-1.34612715934635,NA,NA
"PHJJKLOP_01592",0,NA,NA,NA,NA,NA
"PHJJKLOP_01593",0,NA,NA,NA,NA,NA
"PHJJKLOP_01594",0,NA,NA,NA,NA,NA
"PHJJKLOP_01595",0,NA,NA,NA,NA,NA
"PHJJKLOP_01596",4.85621192377943,-0.708156088980533,3.33929099335592,-0.212067798340884,NA,NA
"PHJJKLOP_01597",0,NA,NA,NA,NA,NA
"PHJJKLOP_01598",0,NA,NA,NA,NA,NA
"PHJJKLOP_01600",25.6702747311,20.3702693551478,3.90924957040813,5.21078764306704,NA,NA
"PHJJKLOP_01601",0,NA,NA,NA,NA,NA
"PHJJKLOP_01602",0,NA,NA,NA,NA,NA
"PHJJKLOP_01603",0,NA,NA,NA,NA,NA
"PHJJKLOP_01604",0,NA,NA,NA,NA,NA
"PHJJKLOP_01606",18.4275763928328,-1.51148864965736,3.65226483154289,-0.413849684886853,NA,NA
"PHJJKLOP_01607",0,NA,NA,NA,NA,NA
"PHJJKLOP_01609",0,NA,NA,NA,NA,NA
"PHJJKLOP_01610",0,NA,NA,NA,NA,NA
"PHJJKLOP_01611",0,NA,NA,NA,NA,NA
"PHJJKLOP_01613",0,NA,NA,NA,NA,NA
"PHJJKLOP_01614",0,NA,NA,NA,NA,NA
"PHJJKLOP_01615",0,NA,NA,NA,NA,NA
"PHJJKLOP_01616",0,NA,NA,NA,NA,NA
"PHJJKLOP_01617",0,NA,NA,NA,NA,NA
"PHJJKLOP_01618",0,NA,NA,NA,NA,NA
"PHJJKLOP_01619",0,NA,NA,NA,NA,NA
"PHJJKLOP_01625",0,NA,NA,NA,NA,NA
"PHJJKLOP_01626",0,NA,NA,NA,NA,NA
"PHJJKLOP_01627",0,NA,NA,NA,NA,NA
"PHJJKLOP_01628",0,NA,NA,NA,NA,NA
"PHJJKLOP_01629",0,NA,NA,NA,NA,NA
"PHJJKLOP_01630",0,NA,NA,NA,NA,NA
"PHJJKLOP_01631",0,NA,NA,NA,NA,NA
"PHJJKLOP_01632",0,NA,NA,NA,NA,NA
"PHJJKLOP_01633",0,NA,NA,NA,NA,NA
"PHJJKLOP_01636",0,NA,NA,NA,NA,NA
"PHJJKLOP_01638",0,NA,NA,NA,NA,NA
"PHJJKLOP_01640",0,NA,NA,NA,NA,NA
"PHJJKLOP_01641",0,NA,NA,NA,NA,NA
"PHJJKLOP_01642",0,NA,NA,NA,NA,NA
"PHJJKLOP_01643",0,NA,NA,NA,NA,NA
"PHJJKLOP_01644",0,NA,NA,NA,NA,NA
"PHJJKLOP_01645",0,NA,NA,NA,NA,NA
"PHJJKLOP_01646",0,NA,NA,NA,NA,NA
"PHJJKLOP_01647",0,NA,NA,NA,NA,NA
"PHJJKLOP_01648",0,NA,NA,NA,NA,NA
"PHJJKLOP_01649",0,NA,NA,NA,NA,NA
"PHJJKLOP_01650",0,NA,NA,NA,NA,NA
"PHJJKLOP_01651",0,NA,NA,NA,NA,NA
"PHJJKLOP_01653",0,NA,NA,NA,NA,NA
"PHJJKLOP_01656",0,NA,NA,NA,NA,NA
"PHJJKLOP_01657",0,NA,NA,NA,NA,NA
"PHJJKLOP_01658",0,NA,NA,NA,NA,NA
"PHJJKLOP_01661",9.8237120564315,-6.97376060328287,3.866723616203,-1.80353221369643,NA,NA
"PHJJKLOP_01663",0,NA,NA,NA,NA,NA
"PHJJKLOP_01664",0,NA,NA,NA,NA,NA
"PHJJKLOP_01665",0,NA,NA,NA,NA,NA
"PHJJKLOP_01666",0,NA,NA,NA,NA,NA
"PHJJKLOP_01667",0,NA,NA,NA,NA,NA
"PHJJKLOP_01670",0,NA,NA,NA,NA,NA
"PHJJKLOP_01671",0,NA,NA,NA,NA,NA
"PHJJKLOP_01672",0,NA,NA,NA,NA,NA
"PHJJKLOP_01676",0,NA,NA,NA,NA,NA
"PHJJKLOP_01677",0,NA,NA,NA,NA,NA
"PHJJKLOP_01680",0,NA,NA,NA,NA,NA
"PHJJKLOP_01681",0,NA,NA,NA,NA,NA
"PHJJKLOP_01682",6.6422763510771,-3.20515449997162,3.69844705930304,-0.866621705969647,NA,NA
"PHJJKLOP_01685",0,NA,NA,NA,NA,NA
"PHJJKLOP_01688",0,NA,NA,NA,NA,NA
"PHJJKLOP_01689",0,NA,NA,NA,NA,NA
"PHJJKLOP_01690",0,NA,NA,NA,NA,NA
"PHJJKLOP_01693",0,NA,NA,NA,NA,NA
"PHJJKLOP_01694",0,NA,NA,NA,NA,NA
"PHJJKLOP_01695",0,NA,NA,NA,NA,NA
"PHJJKLOP_01696",0,NA,NA,NA,NA,NA
"PHJJKLOP_01697",0,NA,NA,NA,NA,NA
"PHJJKLOP_01698",0,NA,NA,NA,NA,NA
"PHJJKLOP_01699",0,NA,NA,NA,NA,NA
"PHJJKLOP_01700",0,NA,NA,NA,NA,NA
"PHJJKLOP_01703",0,NA,NA,NA,NA,NA
"PHJJKLOP_01704",0,NA,NA,NA,NA,NA
"PHJJKLOP_01705",0,NA,NA,NA,NA,NA
"PHJJKLOP_01706",0,NA,NA,NA,NA,NA
"PHJJKLOP_01712",0,NA,NA,NA,NA,NA
"PHJJKLOP_01713",0,NA,NA,NA,NA,NA
"PHJJKLOP_01715",0,NA,NA,NA,NA,NA
"PHJJKLOP_01716",0,NA,NA,NA,NA,NA
"PHJJKLOP_01717",0,NA,NA,NA,NA,NA
"PHJJKLOP_01719",0,NA,NA,NA,NA,NA
"PHJJKLOP_01722",0,NA,NA,NA,NA,NA
"PHJJKLOP_01724",0,NA,NA,NA,NA,NA
"PHJJKLOP_01725",0,NA,NA,NA,NA,NA
"PHJJKLOP_01726",0,NA,NA,NA,NA,NA
"PHJJKLOP_01727",0,NA,NA,NA,NA,NA
"PHJJKLOP_01728",0,NA,NA,NA,NA,NA
"PHJJKLOP_01729",0,NA,NA,NA,NA,NA
"PHJJKLOP_01730",0,NA,NA,NA,NA,NA
"PHJJKLOP_01731",0,NA,NA,NA,NA,NA
"PHJJKLOP_01732",0,NA,NA,NA,NA,NA
"PHJJKLOP_01734",0,NA,NA,NA,NA,NA
"PHJJKLOP_01735",0,NA,NA,NA,NA,NA
"PHJJKLOP_01737",0,NA,NA,NA,NA,NA
"PHJJKLOP_01738",16.5041749571606,-4.5789106411067,2.80846378537705,-1.63039689703243,NA,NA
"PHJJKLOP_01739",0,NA,NA,NA,NA,NA
"PHJJKLOP_01740",0,NA,NA,NA,NA,NA
"PHJJKLOP_01741",0,NA,NA,NA,NA,NA
"PHJJKLOP_01744",0,NA,NA,NA,NA,NA
"PHJJKLOP_01745",0,NA,NA,NA,NA,NA
"PHJJKLOP_01747",0,NA,NA,NA,NA,NA
"PHJJKLOP_01748",0,NA,NA,NA,NA,NA
"PHJJKLOP_01749",0,NA,NA,NA,NA,NA
"PHJJKLOP_01751",0,NA,NA,NA,NA,NA
"PHJJKLOP_01753",0,NA,NA,NA,NA,NA
"PHJJKLOP_01754",0,NA,NA,NA,NA,NA
"PHJJKLOP_01755",0,NA,NA,NA,NA,NA
"PHJJKLOP_01757",0,NA,NA,NA,NA,NA
"PHJJKLOP_01758",0,NA,NA,NA,NA,NA
"PHJJKLOP_01759",0,NA,NA,NA,NA,NA
"PHJJKLOP_01760",0,NA,NA,NA,NA,NA
"PHJJKLOP_01761",0,NA,NA,NA,NA,NA
"PHJJKLOP_01762",0,NA,NA,NA,NA,NA
"PHJJKLOP_01763",0,NA,NA,NA,NA,NA
"PHJJKLOP_01764",0,NA,NA,NA,NA,NA
"PHJJKLOP_01765",0,NA,NA,NA,NA,NA
"PHJJKLOP_01767",0,NA,NA,NA,NA,NA
"PHJJKLOP_01768",0,NA,NA,NA,NA,NA
"PHJJKLOP_01769",0,NA,NA,NA,NA,NA
"PHJJKLOP_01770",0,NA,NA,NA,NA,NA
"PHJJKLOP_01771",12.230595548555,-1.13652132241448,3.61879433822749,-0.31406076615317,NA,NA
"PHJJKLOP_01772",0,NA,NA,NA,NA,NA
"PHJJKLOP_01773",0,NA,NA,NA,NA,NA
"PHJJKLOP_01774",0,NA,NA,NA,NA,NA
"PHJJKLOP_01776",0,NA,NA,NA,NA,NA
"PHJJKLOP_01777",0,NA,NA,NA,NA,NA
"PHJJKLOP_01778",0,NA,NA,NA,NA,NA
"PHJJKLOP_01779",0,NA,NA,NA,NA,NA
"PHJJKLOP_01780",0,NA,NA,NA,NA,NA
"PHJJKLOP_01782",0,NA,NA,NA,NA,NA
"PHJJKLOP_01785",0,NA,NA,NA,NA,NA
"PHJJKLOP_01787",0,NA,NA,NA,NA,NA
"PHJJKLOP_01788",0,NA,NA,NA,NA,NA
"PHJJKLOP_01789",0,NA,NA,NA,NA,NA
"PHJJKLOP_01790",0,NA,NA,NA,NA,NA
"PHJJKLOP_01792",0,NA,NA,NA,NA,NA
"PHJJKLOP_01793",0,NA,NA,NA,NA,NA
"PHJJKLOP_01794",0,NA,NA,NA,NA,NA
"PHJJKLOP_01795",0,NA,NA,NA,NA,NA
"PHJJKLOP_01798",0,NA,NA,NA,NA,NA
"PHJJKLOP_01800",0,NA,NA,NA,NA,NA
"PHJJKLOP_01801",0,NA,NA,NA,NA,NA
"PHJJKLOP_01802",0,NA,NA,NA,NA,NA
"PHJJKLOP_01803",0,NA,NA,NA,NA,NA
"PHJJKLOP_01806",0,NA,NA,NA,NA,NA
"PHJJKLOP_01807",0,NA,NA,NA,NA,NA
"PHJJKLOP_01808",0,NA,NA,NA,NA,NA
"PHJJKLOP_01813",0,NA,NA,NA,NA,NA
"PHJJKLOP_01814",0,NA,NA,NA,NA,NA
"PHJJKLOP_01815",0,NA,NA,NA,NA,NA
"PHJJKLOP_01817",0,NA,NA,NA,NA,NA
"PHJJKLOP_01818",0,NA,NA,NA,NA,NA
"PHJJKLOP_01819",0,NA,NA,NA,NA,NA
"PHJJKLOP_01820",0,NA,NA,NA,NA,NA
"PHJJKLOP_01821",0,NA,NA,NA,NA,NA
"PHJJKLOP_01822",0,NA,NA,NA,NA,NA
"PHJJKLOP_01823",0,NA,NA,NA,NA,NA
"PHJJKLOP_01824",0,NA,NA,NA,NA,NA
"PHJJKLOP_01825",0,NA,NA,NA,NA,NA
"PHJJKLOP_01826",0,NA,NA,NA,NA,NA
"PHJJKLOP_01827",0,NA,NA,NA,NA,NA
"PHJJKLOP_01830",0,NA,NA,NA,NA,NA
"PHJJKLOP_01832",0,NA,NA,NA,NA,NA
"PHJJKLOP_01833",0,NA,NA,NA,NA,NA
"PHJJKLOP_01834",0,NA,NA,NA,NA,NA
"PHJJKLOP_01836",9.84967548482859,-1.918980264652,3.58396879384633,-0.535434423409848,NA,NA
"PHJJKLOP_01837",6.09413373660072,0,4.0804558717777,0,NA,NA
"PHJJKLOP_01840",0,NA,NA,NA,NA,NA
"PHJJKLOP_01841",0,NA,NA,NA,NA,NA
"PHJJKLOP_01843",0,NA,NA,NA,NA,NA
"PHJJKLOP_01844",0,NA,NA,NA,NA,NA
"PHJJKLOP_01846",0,NA,NA,NA,NA,NA
"PHJJKLOP_01851",0,NA,NA,NA,NA,NA
"PHJJKLOP_01852",0,NA,NA,NA,NA,NA
"PHJJKLOP_01854",0,NA,NA,NA,NA,NA
"PHJJKLOP_01855",0,NA,NA,NA,NA,NA
"PHJJKLOP_01856",0,NA,NA,NA,NA,NA
"PHJJKLOP_01857",0,NA,NA,NA,NA,NA
"PHJJKLOP_01859",0,NA,NA,NA,NA,NA
"PHJJKLOP_01860",0,NA,NA,NA,NA,NA
"PHJJKLOP_01861",0,NA,NA,NA,NA,NA
"PHJJKLOP_01863",0,NA,NA,NA,NA,NA
"PHJJKLOP_01865",0,NA,NA,NA,NA,NA
"PHJJKLOP_01867",0,NA,NA,NA,NA,NA
"PHJJKLOP_01869",0,NA,NA,NA,NA,NA
"PHJJKLOP_01870",0,NA,NA,NA,NA,NA
"PHJJKLOP_01871",0,NA,NA,NA,NA,NA
"PHJJKLOP_01872",0,NA,NA,NA,NA,NA
"PHJJKLOP_01873",0,NA,NA,NA,NA,NA
"PHJJKLOP_01874",0,NA,NA,NA,NA,NA
"PHJJKLOP_01875",0,NA,NA,NA,NA,NA
"PHJJKLOP_01876",0,NA,NA,NA,NA,NA
"PHJJKLOP_01877",0,NA,NA,NA,NA,NA
"PHJJKLOP_01878",0,NA,NA,NA,NA,NA
"PHJJKLOP_01879",0,NA,NA,NA,NA,NA
"PHJJKLOP_01880",0,NA,NA,NA,NA,NA
"PHJJKLOP_01881",0,NA,NA,NA,NA,NA
"PHJJKLOP_01882",0,NA,NA,NA,NA,NA
"PHJJKLOP_01883",0,NA,NA,NA,NA,NA
"PHJJKLOP_01884",0,NA,NA,NA,NA,NA
"PHJJKLOP_01885",5.51286075991107,6.51533804627575,3.91217960918099,1.66539849831683,NA,NA
"PHJJKLOP_01887",0,NA,NA,NA,NA,NA
"PHJJKLOP_01888",0,NA,NA,NA,NA,NA
"PHJJKLOP_01889",0,NA,NA,NA,NA,NA
"PHJJKLOP_01890",0,NA,NA,NA,NA,NA
"PHJJKLOP_01891",0,NA,NA,NA,NA,NA
"PHJJKLOP_01892",0,NA,NA,NA,NA,NA
"PHJJKLOP_01894",0,NA,NA,NA,NA,NA
"PHJJKLOP_01895",0,NA,NA,NA,NA,NA
"PHJJKLOP_01896",0,NA,NA,NA,NA,NA
"PHJJKLOP_01897",0,NA,NA,NA,NA,NA
"PHJJKLOP_01898",0,NA,NA,NA,NA,NA
"PHJJKLOP_01899",0,NA,NA,NA,NA,NA
"PHJJKLOP_01900",0,NA,NA,NA,NA,NA
"PHJJKLOP_01901",0,NA,NA,NA,NA,NA
"PHJJKLOP_01903",0,NA,NA,NA,NA,NA
"PHJJKLOP_01904",0,NA,NA,NA,NA,NA
"PHJJKLOP_01905",0,NA,NA,NA,NA,NA
"PHJJKLOP_01907",0,NA,NA,NA,NA,NA
"PHJJKLOP_01908",0,NA,NA,NA,NA,NA
"PHJJKLOP_01910",0,NA,NA,NA,NA,NA
"PHJJKLOP_01912",0,NA,NA,NA,NA,NA
"PHJJKLOP_01913",0,NA,NA,NA,NA,NA
"PHJJKLOP_01914",0,NA,NA,NA,NA,NA
"PHJJKLOP_01915",0,NA,NA,NA,NA,NA
"PHJJKLOP_01916",0,NA,NA,NA,NA,NA
"PHJJKLOP_01917",0,NA,NA,NA,NA,NA
"PHJJKLOP_01918",0,NA,NA,NA,NA,NA
"PHJJKLOP_01919",0,NA,NA,NA,NA,NA
"PHJJKLOP_01922",0,NA,NA,NA,NA,NA
"PHJJKLOP_01923",0,NA,NA,NA,NA,NA
"PHJJKLOP_01925",0,NA,NA,NA,NA,NA
"PHJJKLOP_01926",0,NA,NA,NA,NA,NA
"PHJJKLOP_01927",0,NA,NA,NA,NA,NA
"PHJJKLOP_01928",0,NA,NA,NA,NA,NA
"PHJJKLOP_01933",0,NA,NA,NA,NA,NA
"PHJJKLOP_01936",0,NA,NA,NA,NA,NA
"PHJJKLOP_01939",7.0583143158767,-6.68608382198364,3.8297774678168,-1.74581522769131,NA,NA
"PHJJKLOP_01940",0,NA,NA,NA,NA,NA
"PHJJKLOP_01942",0,NA,NA,NA,NA,NA
"PHJJKLOP_01943",0,NA,NA,NA,NA,NA
"PHJJKLOP_01944",0,NA,NA,NA,NA,NA
"PHJJKLOP_01945",0,NA,NA,NA,NA,NA
"PHJJKLOP_01946",0,NA,NA,NA,NA,NA
"PHJJKLOP_01947",0,NA,NA,NA,NA,NA
"PHJJKLOP_01948",0,NA,NA,NA,NA,NA
"PHJJKLOP_01949",0,NA,NA,NA,NA,NA
"PHJJKLOP_01950",0,NA,NA,NA,NA,NA
"PHJJKLOP_01951",0,NA,NA,NA,NA,NA
"PHJJKLOP_01955",0,NA,NA,NA,NA,NA
"PHJJKLOP_01958",0,NA,NA,NA,NA,NA
"PHJJKLOP_01959",0,NA,NA,NA,NA,NA
"PHJJKLOP_01960",0,NA,NA,NA,NA,NA
"PHJJKLOP_01961",20.7400233278568,-2.67317785545383,3.23967609485225,-0.825137383240698,NA,NA
"PHJJKLOP_01962",0,NA,NA,NA,NA,NA
"PHJJKLOP_01963",0,NA,NA,NA,NA,NA
"PHJJKLOP_01964",0,NA,NA,NA,NA,NA
"PHJJKLOP_01965",0,NA,NA,NA,NA,NA
"PHJJKLOP_01966",0,NA,NA,NA,NA,NA
"PHJJKLOP_01967",0,NA,NA,NA,NA,NA
"PHJJKLOP_01968",0,NA,NA,NA,NA,NA
"PHJJKLOP_01969",0,NA,NA,NA,NA,NA
"PHJJKLOP_01970",0,NA,NA,NA,NA,NA
"PHJJKLOP_01972",0,NA,NA,NA,NA,NA
"PHJJKLOP_01975",0,NA,NA,NA,NA,NA
"PHJJKLOP_01977",0,NA,NA,NA,NA,NA
"PHJJKLOP_01980",0,NA,NA,NA,NA,NA
"PHJJKLOP_01981",0,NA,NA,NA,NA,NA
"PHJJKLOP_01982",0,NA,NA,NA,NA,NA
"PHJJKLOP_01983",10.2446842606496,6.88597834157059,3.87758740707833,1.77584090793172,NA,NA
"PHJJKLOP_01984",0,NA,NA,NA,NA,NA
"PHJJKLOP_01986",0,NA,NA,NA,NA,NA
"PHJJKLOP_01988",0,NA,NA,NA,NA,NA
"PHJJKLOP_01989",0,NA,NA,NA,NA,NA
"PHJJKLOP_01990",0,NA,NA,NA,NA,NA
"PHJJKLOP_01991",7.79233414423126,-6.973734539449,3.91049825998851,-1.78333656628951,NA,NA
"PHJJKLOP_01993",0,NA,NA,NA,NA,NA
"PHJJKLOP_01994",0,NA,NA,NA,NA,NA
"PHJJKLOP_01995",0,NA,NA,NA,NA,NA
"PHJJKLOP_01996",0,NA,NA,NA,NA,NA
"PHJJKLOP_01997",0,NA,NA,NA,NA,NA
"PHJJKLOP_01998",0,NA,NA,NA,NA,NA
"PHJJKLOP_01999",0,NA,NA,NA,NA,NA
"PHJJKLOP_02000",0,NA,NA,NA,NA,NA
"PHJJKLOP_02001",0,NA,NA,NA,NA,NA
"PHJJKLOP_02003",0,NA,NA,NA,NA,NA
"PHJJKLOP_02004",0,NA,NA,NA,NA,NA
"PHJJKLOP_02005",0,NA,NA,NA,NA,NA
"PHJJKLOP_02006",0,NA,NA,NA,NA,NA
"PHJJKLOP_02007",0,NA,NA,NA,NA,NA
"PHJJKLOP_02012",0,NA,NA,NA,NA,NA
"PHJJKLOP_02014",0,NA,NA,NA,NA,NA
"PHJJKLOP_02015",0,NA,NA,NA,NA,NA
"PHJJKLOP_02016",0,NA,NA,NA,NA,NA
"PHJJKLOP_02017",0,NA,NA,NA,NA,NA
"PHJJKLOP_02018",0,NA,NA,NA,NA,NA
"PHJJKLOP_02019",0,NA,NA,NA,NA,NA
"PHJJKLOP_02020",0,NA,NA,NA,NA,NA
"PHJJKLOP_02021",0,NA,NA,NA,NA,NA
"PHJJKLOP_02022",0,NA,NA,NA,NA,NA
"PHJJKLOP_02023",0,NA,NA,NA,NA,NA
"PHJJKLOP_02024",0,NA,NA,NA,NA,NA
"PHJJKLOP_02025",0,NA,NA,NA,NA,NA
"PHJJKLOP_02027",0,NA,NA,NA,NA,NA
"PHJJKLOP_02028",0,NA,NA,NA,NA,NA
"PHJJKLOP_02029",0,NA,NA,NA,NA,NA
"PHJJKLOP_02031",0,NA,NA,NA,NA,NA
"PHJJKLOP_02032",0,NA,NA,NA,NA,NA
"PHJJKLOP_02033",0,NA,NA,NA,NA,NA
"PHJJKLOP_02034",0,NA,NA,NA,NA,NA
"PHJJKLOP_02037",0,NA,NA,NA,NA,NA
"PHJJKLOP_02039",0,NA,NA,NA,NA,NA
"PHJJKLOP_02040",0,NA,NA,NA,NA,NA
"PHJJKLOP_02041",0,NA,NA,NA,NA,NA
"PHJJKLOP_02043",0,NA,NA,NA,NA,NA
"PHJJKLOP_02044",0,NA,NA,NA,NA,NA
"PHJJKLOP_02045",0,NA,NA,NA,NA,NA
"PHJJKLOP_02046",0,NA,NA,NA,NA,NA
"PHJJKLOP_02048",0,NA,NA,NA,NA,NA
"PHJJKLOP_02049",0,NA,NA,NA,NA,NA
"PHJJKLOP_02051",0,NA,NA,NA,NA,NA
"PHJJKLOP_02053",0,NA,NA,NA,NA,NA
"PHJJKLOP_02055",0,NA,NA,NA,NA,NA
"PHJJKLOP_02056",0,NA,NA,NA,NA,NA
"PHJJKLOP_02057",0,NA,NA,NA,NA,NA
"PHJJKLOP_02058",0,NA,NA,NA,NA,NA
"PHJJKLOP_02059",0,NA,NA,NA,NA,NA
"PHJJKLOP_02060",0,NA,NA,NA,NA,NA
"PHJJKLOP_02061",0,NA,NA,NA,NA,NA
"PHJJKLOP_02063",0,NA,NA,NA,NA,NA
"PHJJKLOP_02064",0,NA,NA,NA,NA,NA
"PHJJKLOP_02066",0,NA,NA,NA,NA,NA
"PHJJKLOP_02067",0,NA,NA,NA,NA,NA
"PHJJKLOP_02068",0,NA,NA,NA,NA,NA
"PHJJKLOP_02069",0,NA,NA,NA,NA,NA
"PHJJKLOP_02070",0,NA,NA,NA,NA,NA
"PHJJKLOP_02071",0,NA,NA,NA,NA,NA
"PHJJKLOP_02076",0,NA,NA,NA,NA,NA
"PHJJKLOP_02079",0,NA,NA,NA,NA,NA
"PHJJKLOP_02080",0,NA,NA,NA,NA,NA
"PHJJKLOP_02081",0,NA,NA,NA,NA,NA
"PHJJKLOP_02082",0,NA,NA,NA,NA,NA
"PHJJKLOP_02083",0,NA,NA,NA,NA,NA
"PHJJKLOP_02084",0,NA,NA,NA,NA,NA
"PHJJKLOP_02085",0,NA,NA,NA,NA,NA
"PHJJKLOP_02086",0,NA,NA,NA,NA,NA
"PHJJKLOP_02087",0,NA,NA,NA,NA,NA
"PHJJKLOP_02088",0,NA,NA,NA,NA,NA
"PHJJKLOP_02089",0,NA,NA,NA,NA,NA
"PHJJKLOP_02091",14.96417476377,-21.9605947537877,3.7429847416026,-5.86713445815039,NA,NA
"PHJJKLOP_02093",0,NA,NA,NA,NA,NA
"PHJJKLOP_02095",0,NA,NA,NA,NA,NA
"PHJJKLOP_02096",0,NA,NA,NA,NA,NA
"PHJJKLOP_02101",0,NA,NA,NA,NA,NA
"PHJJKLOP_02102",0,NA,NA,NA,NA,NA
"PHJJKLOP_02103",0,NA,NA,NA,NA,NA
"PHJJKLOP_02105",0,NA,NA,NA,NA,NA
"PHJJKLOP_02106",0,NA,NA,NA,NA,NA
"PHJJKLOP_02107",0,NA,NA,NA,NA,NA
"PHJJKLOP_02110",0,NA,NA,NA,NA,NA
"PHJJKLOP_02111",0,NA,NA,NA,NA,NA
"PHJJKLOP_02112",0,NA,NA,NA,NA,NA
"PHJJKLOP_02113",0,NA,NA,NA,NA,NA
"PHJJKLOP_02114",0,NA,NA,NA,NA,NA
"PHJJKLOP_02115",0,NA,NA,NA,NA,NA
"PHJJKLOP_02117",0,NA,NA,NA,NA,NA
"PHJJKLOP_02118",0,NA,NA,NA,NA,NA
"PHJJKLOP_02119",0,NA,NA,NA,NA,NA
"PHJJKLOP_02124",0,NA,NA,NA,NA,NA
"PHJJKLOP_02125",0,NA,NA,NA,NA,NA
"PHJJKLOP_02127",0,NA,NA,NA,NA,NA
"PHJJKLOP_02128",0,NA,NA,NA,NA,NA
"PHJJKLOP_02129",0,NA,NA,NA,NA,NA
"PHJJKLOP_02132",0,NA,NA,NA,NA,NA
"PHJJKLOP_02133",0,NA,NA,NA,NA,NA
"PHJJKLOP_02135",0,NA,NA,NA,NA,NA
"PHJJKLOP_02137",0,NA,NA,NA,NA,NA
"PHJJKLOP_02140",0,NA,NA,NA,NA,NA
"PHJJKLOP_02141",0,NA,NA,NA,NA,NA
"PHJJKLOP_02142",0,NA,NA,NA,NA,NA
"PHJJKLOP_02143",0,NA,NA,NA,NA,NA
"PHJJKLOP_02144",0,NA,NA,NA,NA,NA
"PHJJKLOP_02145",0,NA,NA,NA,NA,NA
"PHJJKLOP_02147",0,NA,NA,NA,NA,NA
"PHJJKLOP_02148",0,NA,NA,NA,NA,NA
"PHJJKLOP_02149",0,NA,NA,NA,NA,NA
"PHJJKLOP_02150",0,NA,NA,NA,NA,NA
"PHJJKLOP_02151",16.5437247985218,-22.1865794766312,3.90851710790868,-5.67646983858349,NA,NA
"PHJJKLOP_02152",0,NA,NA,NA,NA,NA
"PHJJKLOP_02155",0,NA,NA,NA,NA,NA
"PHJJKLOP_02156",0,NA,NA,NA,NA,NA
"PHJJKLOP_02157",0,NA,NA,NA,NA,NA
"PHJJKLOP_02158",0,NA,NA,NA,NA,NA
"PHJJKLOP_02159",0,NA,NA,NA,NA,NA
"PHJJKLOP_02161",20.685846706434,-1.09594053078174,3.28595766227427,-0.333522413682962,NA,NA
"PHJJKLOP_02163",0,NA,NA,NA,NA,NA
"PHJJKLOP_02164",0,NA,NA,NA,NA,NA
"PHJJKLOP_02165",0,NA,NA,NA,NA,NA
"PHJJKLOP_02167",0,NA,NA,NA,NA,NA
"PHJJKLOP_02169",0,NA,NA,NA,NA,NA
"PHJJKLOP_02170",0,NA,NA,NA,NA,NA
"PHJJKLOP_02171",0,NA,NA,NA,NA,NA
"PHJJKLOP_02174",0,NA,NA,NA,NA,NA
"PHJJKLOP_02175",0,NA,NA,NA,NA,NA
"PHJJKLOP_02176",0,NA,NA,NA,NA,NA
"PHJJKLOP_02178",0,NA,NA,NA,NA,NA
"PHJJKLOP_02179",0,NA,NA,NA,NA,NA
"PHJJKLOP_02180",15.4086728675115,1.17364188095538,3.63553331696295,0.322825230477001,NA,NA
"PHJJKLOP_02181",0,NA,NA,NA,NA,NA
"PHJJKLOP_02182",0,NA,NA,NA,NA,NA
"PHJJKLOP_02185",0,NA,NA,NA,NA,NA
"PHJJKLOP_02186",0,NA,NA,NA,NA,NA
"PHJJKLOP_02193",41.7332756377706,-1.18188171983746,3.01837592475055,-0.391562134506205,NA,NA
"PHJJKLOP_02194",0,NA,NA,NA,NA,NA
"PHJJKLOP_02195",0,NA,NA,NA,NA,NA
"PHJJKLOP_02196",0,NA,NA,NA,NA,NA
"PHJJKLOP_02197",0,NA,NA,NA,NA,NA
"PHJJKLOP_02198",14.7902190698069,-6.831905218808,3.61713161163532,-1.88876323903494,NA,NA
"PHJJKLOP_02199",0,NA,NA,NA,NA,NA
"PHJJKLOP_02202",0,NA,NA,NA,NA,NA
"PHJJKLOP_02203",0,NA,NA,NA,NA,NA
"PHJJKLOP_02204",0,NA,NA,NA,NA,NA
"PHJJKLOP_02205",0,NA,NA,NA,NA,NA
"PHJJKLOP_02206",0,NA,NA,NA,NA,NA
"PHJJKLOP_02207",0,NA,NA,NA,NA,NA
"PHJJKLOP_02208",7.43268795295905,-6.90553756463785,3.91067948770273,-1.76581527234655,NA,NA
"PHJJKLOP_02209",0,NA,NA,NA,NA,NA
"PHJJKLOP_02213",0,NA,NA,NA,NA,NA
"PHJJKLOP_02215",9.12174242200305,-3.98597470703849,3.66153529244092,-1.08860747983704,NA,NA
"PHJJKLOP_02216",0,NA,NA,NA,NA,NA
"PHJJKLOP_02217",10.0631318266814,-1.07384292840439,3.70442898769359,-0.289880824270564,NA,NA
"PHJJKLOP_02218",0,NA,NA,NA,NA,NA
"PHJJKLOP_02219",0,NA,NA,NA,NA,NA
"PHJJKLOP_02220",0,NA,NA,NA,NA,NA
"PHJJKLOP_02221",0,NA,NA,NA,NA,NA
"PHJJKLOP_02222",0,NA,NA,NA,NA,NA
"PHJJKLOP_02223",0,NA,NA,NA,NA,NA
"PHJJKLOP_02224",0,NA,NA,NA,NA,NA
"PHJJKLOP_02225",0,NA,NA,NA,NA,NA
"PHJJKLOP_02226",0,NA,NA,NA,NA,NA
"PHJJKLOP_02227",0,NA,NA,NA,NA,NA
"PHJJKLOP_02228",0,NA,NA,NA,NA,NA
"PHJJKLOP_02229",8.94475684787274,5.30159577468075,3.88145323926397,1.3658790787561,NA,NA
"PHJJKLOP_02233",0,NA,NA,NA,NA,NA
"PHJJKLOP_02234",0,NA,NA,NA,NA,NA
"PHJJKLOP_02237",0,NA,NA,NA,NA,NA
"PHJJKLOP_02239",0,NA,NA,NA,NA,NA
"PHJJKLOP_02240",0,NA,NA,NA,NA,NA
"PHJJKLOP_02241",0,NA,NA,NA,NA,NA
"PHJJKLOP_02242",0,NA,NA,NA,NA,NA
"PHJJKLOP_02244",0,NA,NA,NA,NA,NA
"PHJJKLOP_02245",0,NA,NA,NA,NA,NA
"PHJJKLOP_02248",5.24029128354034,-6.40279092272991,3.91231552616885,-1.63657324668797,NA,NA
"PHJJKLOP_02251",0,NA,NA,NA,NA,NA
"PHJJKLOP_02252",0,NA,NA,NA,NA,NA
"PHJJKLOP_02253",0,NA,NA,NA,NA,NA
"PHJJKLOP_02254",0,NA,NA,NA,NA,NA
"PHJJKLOP_02257",0,NA,NA,NA,NA,NA
"PHJJKLOP_02258",0,NA,NA,NA,NA,NA
"PHJJKLOP_02259",0,NA,NA,NA,NA,NA
"PHJJKLOP_02260",17.9927782239025,20.0335688064914,3.90524420041147,5.12991448892764,NA,NA
"PHJJKLOP_02263",0,NA,NA,NA,NA,NA
"PHJJKLOP_02264",13.8814040965351,4.47613476259465,3.61353243551286,1.2387144276344,NA,NA
"PHJJKLOP_02268",4.10307208786162,1.00125566828657,3.98818311140769,0.251055591059147,NA,NA
"PHJJKLOP_02270",0,NA,NA,NA,NA,NA
"PHJJKLOP_02271",0,NA,NA,NA,NA,NA
"PHJJKLOP_02275",0,NA,NA,NA,NA,NA
"PHJJKLOP_02276",0,NA,NA,NA,NA,NA
"PHJJKLOP_02277",0,NA,NA,NA,NA,NA
"PHJJKLOP_02278",0,NA,NA,NA,NA,NA
"PHJJKLOP_02279",0,NA,NA,NA,NA,NA
"PHJJKLOP_02280",0,NA,NA,NA,NA,NA
"PHJJKLOP_02281",25.0743714681254,22.1377085939681,3.90793867834045,5.66480449569621,NA,NA
"PHJJKLOP_02282",0,NA,NA,NA,NA,NA
"PHJJKLOP_02283",13.0334390475235,20.6337217512428,3.69727315477208,5.58079451733526,NA,NA
"PHJJKLOP_02285",0,NA,NA,NA,NA,NA
"PHJJKLOP_02286",5.39100394675899,-6.44278338120842,3.91216353922331,-1.64685942103727,NA,NA
"PHJJKLOP_02287",0,NA,NA,NA,NA,NA
"PHJJKLOP_02289",0,NA,NA,NA,NA,NA
"PHJJKLOP_02290",0,NA,NA,NA,NA,NA
"PHJJKLOP_02291",0,NA,NA,NA,NA,NA
"PHJJKLOP_02293",0,NA,NA,NA,NA,NA
"PHJJKLOP_02294",0,NA,NA,NA,NA,NA
"PHJJKLOP_02295",0,NA,NA,NA,NA,NA
"PHJJKLOP_02296",0,NA,NA,NA,NA,NA
"PHJJKLOP_02297",3.52105504781375,0,4.08045587177836,0,NA,NA
"PHJJKLOP_02299",0,NA,NA,NA,NA,NA
"PHJJKLOP_02300",0,NA,NA,NA,NA,NA
"PHJJKLOP_02301",0,NA,NA,NA,NA,NA
"PHJJKLOP_02302",0,NA,NA,NA,NA,NA
"PHJJKLOP_02303",0,NA,NA,NA,NA,NA
"PHJJKLOP_02304",0,NA,NA,NA,NA,NA
"PHJJKLOP_02305",0,NA,NA,NA,NA,NA
"PHJJKLOP_02306",0,NA,NA,NA,NA,NA
"PHJJKLOP_02307",64.0541270586955,4.03950293888704,2.9635788115571,1.36304893365216,NA,NA
"PHJJKLOP_02309",0,NA,NA,NA,NA,NA
"PHJJKLOP_02311",0,NA,NA,NA,NA,NA
"PHJJKLOP_02312",0,NA,NA,NA,NA,NA
"PHJJKLOP_02314",0,NA,NA,NA,NA,NA
"PHJJKLOP_02315",0,NA,NA,NA,NA,NA
"PHJJKLOP_02316",0,NA,NA,NA,NA,NA
"PHJJKLOP_02319",0,NA,NA,NA,NA,NA
"PHJJKLOP_02320",0,NA,NA,NA,NA,NA
"PHJJKLOP_02322",14.1424537593728,-21.4904953772265,3.87799349984409,-5.54165327458401,NA,NA
"PHJJKLOP_02323",0,NA,NA,NA,NA,NA
"PHJJKLOP_02324",0,NA,NA,NA,NA,NA
"PHJJKLOP_02325",0,NA,NA,NA,NA,NA
"PHJJKLOP_02326",0,NA,NA,NA,NA,NA
"PHJJKLOP_02327",0,NA,NA,NA,NA,NA
"PHJJKLOP_02328",0,NA,NA,NA,NA,NA
"PHJJKLOP_02329",0,NA,NA,NA,NA,NA
"PHJJKLOP_02330",0,NA,NA,NA,NA,NA
"PHJJKLOP_02332",0,NA,NA,NA,NA,NA
"PHJJKLOP_02333",0,NA,NA,NA,NA,NA
"PHJJKLOP_02336",0,NA,NA,NA,NA,NA
"PHJJKLOP_02340",0,NA,NA,NA,NA,NA
"PHJJKLOP_02341",0,NA,NA,NA,NA,NA
"PHJJKLOP_02342",0,NA,NA,NA,NA,NA
"PHJJKLOP_02343",6.49120883385266,-6.71071454885203,3.91124694639999,-1.71574810816503,NA,NA
"PHJJKLOP_02344",50.1564231822165,-2.41611459308268,3.0114828603417,-0.802300629002594,NA,NA
"PHJJKLOP_02347",0,NA,NA,NA,NA,NA
"PHJJKLOP_02349",0,NA,NA,NA,NA,NA
"PHJJKLOP_02350",0,NA,NA,NA,NA,NA
"PHJJKLOP_02351",0,NA,NA,NA,NA,NA
"PHJJKLOP_02352",0,NA,NA,NA,NA,NA
"PHJJKLOP_02355",0,NA,NA,NA,NA,NA
"PHJJKLOP_02357",0,NA,NA,NA,NA,NA
"PHJJKLOP_02359",0,NA,NA,NA,NA,NA
"PHJJKLOP_02363",8.66721242538769,0,4.08045587177744,0,NA,NA
"PHJJKLOP_02365",0,NA,NA,NA,NA,NA
"PHJJKLOP_02366",13.828513717838,-0.50286683901575,3.71074778291223,-0.135516307880428,NA,NA
"PHJJKLOP_02367",0,NA,NA,NA,NA,NA
"PHJJKLOP_02368",0,NA,NA,NA,NA,NA
"PHJJKLOP_02369",13.314078816389,21.2245303251937,3.90899497762558,5.42966426068064,NA,NA
"PHJJKLOP_02372",0,NA,NA,NA,NA,NA
"PHJJKLOP_02373",0,NA,NA,NA,NA,NA
"PHJJKLOP_02380",0,NA,NA,NA,NA,NA
"PHJJKLOP_02381",0,NA,NA,NA,NA,NA
"PHJJKLOP_02382",0,NA,NA,NA,NA,NA
"PHJJKLOP_02383",0,NA,NA,NA,NA,NA
"PHJJKLOP_02384",0,NA,NA,NA,NA,NA
"PHJJKLOP_02388",0,NA,NA,NA,NA,NA
"PHJJKLOP_02389",8.93818091284555,-2.41172717424257,3.56072967098917,-0.67731262889513,NA,NA
"PHJJKLOP_02390",0,NA,NA,NA,NA,NA
"PHJJKLOP_02392",0,NA,NA,NA,NA,NA
"PHJJKLOP_02393",0,NA,NA,NA,NA,NA
"PHJJKLOP_02394",0,NA,NA,NA,NA,NA
"PHJJKLOP_02396",0,NA,NA,NA,NA,NA
"PHJJKLOP_02398",0,NA,NA,NA,NA,NA
"PHJJKLOP_02399",0,NA,NA,NA,NA,NA
"PHJJKLOP_02400",0,NA,NA,NA,NA,NA
"PHJJKLOP_02402",0,NA,NA,NA,NA,NA
"PHJJKLOP_02403",0,NA,NA,NA,NA,NA
"PHJJKLOP_02405",0,NA,NA,NA,NA,NA
"PHJJKLOP_02407",0,NA,NA,NA,NA,NA
"PHJJKLOP_02408",0,NA,NA,NA,NA,NA
"PHJJKLOP_02409",0,NA,NA,NA,NA,NA
"PHJJKLOP_02410",0,NA,NA,NA,NA,NA
"PHJJKLOP_02411",0,NA,NA,NA,NA,NA
"PHJJKLOP_02412",0,NA,NA,NA,NA,NA
"PHJJKLOP_02415",0,NA,NA,NA,NA,NA
"PHJJKLOP_02416",0,NA,NA,NA,NA,NA
"PHJJKLOP_02418",0,NA,NA,NA,NA,NA
"PHJJKLOP_02419",0,NA,NA,NA,NA,NA
"PHJJKLOP_02420",0,NA,NA,NA,NA,NA
"PHJJKLOP_02421",5.78136738115066,-1.88005213784288,3.64232282154667,-0.516168453471825,NA,NA
"PHJJKLOP_02422",0,NA,NA,NA,NA,NA
"PHJJKLOP_02424",0,NA,NA,NA,NA,NA
"PHJJKLOP_02426",0,NA,NA,NA,NA,NA
"PHJJKLOP_02427",0,NA,NA,NA,NA,NA
"PHJJKLOP_02428",0,NA,NA,NA,NA,NA
"PHJJKLOP_02429",3.58876764488709,0,4.08045587177833,0,NA,NA
"PHJJKLOP_02430",6.93010266706982,6.84390463531829,3.91107266390383,1.74987918237425,NA,NA
"PHJJKLOP_02432",0,NA,NA,NA,NA,NA
"PHJJKLOP_02433",0,NA,NA,NA,NA,NA
"PHJJKLOP_02434",22.227120596527,-0.817372611224602,3.63733224531198,-0.224717610627427,NA,NA
"PHJJKLOP_02437",0,NA,NA,NA,NA,NA
"PHJJKLOP_02438",0,NA,NA,NA,NA,NA
"PHJJKLOP_02439",0,NA,NA,NA,NA,NA
"PHJJKLOP_02440",0,NA,NA,NA,NA,NA
"PHJJKLOP_02441",0,NA,NA,NA,NA,NA
"PHJJKLOP_02442",0,NA,NA,NA,NA,NA
"PHJJKLOP_02443",0,NA,NA,NA,NA,NA
"PHJJKLOP_02444",0,NA,NA,NA,NA,NA
"PHJJKLOP_02445",0,NA,NA,NA,NA,NA
"PHJJKLOP_02446",0,NA,NA,NA,NA,NA
"PHJJKLOP_02448",0,NA,NA,NA,NA,NA
"PHJJKLOP_02449",0,NA,NA,NA,NA,NA
"PHJJKLOP_02450",0,NA,NA,NA,NA,NA
"PHJJKLOP_02451",0,NA,NA,NA,NA,NA
"PHJJKLOP_02454",0,NA,NA,NA,NA,NA
"PHJJKLOP_02456",0,NA,NA,NA,NA,NA
"PHJJKLOP_02458",0,NA,NA,NA,NA,NA
"PHJJKLOP_02459",8.41120301072194,-0.0789389757699873,3.60489100347055,-0.021897742731747,NA,NA
"PHJJKLOP_02460",0,NA,NA,NA,NA,NA
"PHJJKLOP_02461",0,NA,NA,NA,NA,NA
"PHJJKLOP_02463",5.70150441864831,0,4.08045587177777,0,NA,NA
"PHJJKLOP_02464",0,NA,NA,NA,NA,NA
"PHJJKLOP_02466",0,NA,NA,NA,NA,NA
"PHJJKLOP_02467",0,NA,NA,NA,NA,NA
"PHJJKLOP_02469",0,NA,NA,NA,NA,NA
"PHJJKLOP_02470",0,NA,NA,NA,NA,NA
"PHJJKLOP_02471",0,NA,NA,NA,NA,NA
"PHJJKLOP_02472",0,NA,NA,NA,NA,NA
"PHJJKLOP_02473",0,NA,NA,NA,NA,NA
"PHJJKLOP_02474",0,NA,NA,NA,NA,NA
"PHJJKLOP_02475",0,NA,NA,NA,NA,NA
"PHJJKLOP_02476",4.65122728889731,0,4.08045587177798,0,NA,NA
"PHJJKLOP_02478",0,NA,NA,NA,NA,NA
"PHJJKLOP_02479",0,NA,NA,NA,NA,NA
"PHJJKLOP_02480",0,NA,NA,NA,NA,NA
"PHJJKLOP_02481",0,NA,NA,NA,NA,NA
"PHJJKLOP_02482",0,NA,NA,NA,NA,NA
"PHJJKLOP_02485",0,NA,NA,NA,NA,NA
"PHJJKLOP_02486",0,NA,NA,NA,NA,NA
"PHJJKLOP_02487",0,NA,NA,NA,NA,NA
"PHJJKLOP_02488",0,NA,NA,NA,NA,NA
"PHJJKLOP_02490",0,NA,NA,NA,NA,NA
"PHJJKLOP_02491",0,NA,NA,NA,NA,NA
"PHJJKLOP_02492",0,NA,NA,NA,NA,NA
"PHJJKLOP_02493",0,NA,NA,NA,NA,NA
"PHJJKLOP_02494",0,NA,NA,NA,NA,NA
"PHJJKLOP_02496",0,NA,NA,NA,NA,NA
"PHJJKLOP_02497",0,NA,NA,NA,NA,NA
"PHJJKLOP_02498",0,NA,NA,NA,NA,NA
"PHJJKLOP_02499",0,NA,NA,NA,NA,NA
"PHJJKLOP_02501",0,NA,NA,NA,NA,NA
"PHJJKLOP_02502",0,NA,NA,NA,NA,NA
"PHJJKLOP_02503",25.182403128372,0.165483888040749,3.72988550704665,0.0443670154829445,NA,NA
"PHJJKLOP_02504",0,NA,NA,NA,NA,NA
"PHJJKLOP_02505",0,NA,NA,NA,NA,NA
"PHJJKLOP_02506",0,NA,NA,NA,NA,NA
"PHJJKLOP_02507",0,NA,NA,NA,NA,NA
"PHJJKLOP_02508",0,NA,NA,NA,NA,NA
"PHJJKLOP_02509",0,NA,NA,NA,NA,NA
"PHJJKLOP_02511",0,NA,NA,NA,NA,NA
"PHJJKLOP_02512",0,NA,NA,NA,NA,NA
"PHJJKLOP_02514",0,NA,NA,NA,NA,NA
"PHJJKLOP_02515",5.72106541288709,-6.52851260131593,3.91185157052303,-1.66890601128893,NA,NA
"PHJJKLOP_02516",0,NA,NA,NA,NA,NA
"PHJJKLOP_02517",0,NA,NA,NA,NA,NA
"PHJJKLOP_02518",0,NA,NA,NA,NA,NA
"PHJJKLOP_02520",0,NA,NA,NA,NA,NA
"PHJJKLOP_02522",0,NA,NA,NA,NA,NA
"PHJJKLOP_02523",0,NA,NA,NA,NA,NA
"PHJJKLOP_02524",0,NA,NA,NA,NA,NA
"PHJJKLOP_02525",0,NA,NA,NA,NA,NA
"PHJJKLOP_02526",0,NA,NA,NA,NA,NA
"PHJJKLOP_02527",0,NA,NA,NA,NA,NA
"PHJJKLOP_02528",10.713672797563,20.9629996412224,3.90954159831762,5.36200961520485,NA,NA
"PHJJKLOP_02530",0,NA,NA,NA,NA,NA
"PHJJKLOP_02531",0,NA,NA,NA,NA,NA
"PHJJKLOP_02532",0,NA,NA,NA,NA,NA
"PHJJKLOP_02534",0,NA,NA,NA,NA,NA
"PHJJKLOP_02536",18.884823304834,-22.2695734324907,3.90829782965846,-5.69802364177472,NA,NA
"PHJJKLOP_02537",0,NA,NA,NA,NA,NA
"PHJJKLOP_02538",0,NA,NA,NA,NA,NA
"PHJJKLOP_02539",0,NA,NA,NA,NA,NA
"PHJJKLOP_02540",0,NA,NA,NA,NA,NA
"PHJJKLOP_02541",0,NA,NA,NA,NA,NA
"PHJJKLOP_02542",0,NA,NA,NA,NA,NA
"PHJJKLOP_02543",0,NA,NA,NA,NA,NA
"PHJJKLOP_02545",0,NA,NA,NA,NA,NA
"PHJJKLOP_02547",0,NA,NA,NA,NA,NA
"PHJJKLOP_02550",0,NA,NA,NA,NA,NA
"PHJJKLOP_02551",0,NA,NA,NA,NA,NA
"PHJJKLOP_02552",0,NA,NA,NA,NA,NA
"PHJJKLOP_02553",0,NA,NA,NA,NA,NA
"PHJJKLOP_02554",0,NA,NA,NA,NA,NA
"PHJJKLOP_02556",8.58159811933063,-7.11346910161797,3.91015261806777,-1.81923055093771,NA,NA
"PHJJKLOP_02557",0,NA,NA,NA,NA,NA
"PHJJKLOP_02558",0,NA,NA,NA,NA,NA
"PHJJKLOP_02561",0,NA,NA,NA,NA,NA
"PHJJKLOP_02562",0,NA,NA,NA,NA,NA
"PHJJKLOP_02563",0,NA,NA,NA,NA,NA
"PHJJKLOP_02564",0,NA,NA,NA,NA,NA
"PHJJKLOP_02566",0,NA,NA,NA,NA,NA
"PHJJKLOP_02567",0,NA,NA,NA,NA,NA
"PHJJKLOP_02568",38.6152246558941,2.31140803044825,3.44751041035663,0.670457157577995,NA,NA
"PHJJKLOP_02569",0,NA,NA,NA,NA,NA
"PHJJKLOP_02570",0,NA,NA,NA,NA,NA
"PHJJKLOP_02571",0,NA,NA,NA,NA,NA
"PHJJKLOP_02572",0,NA,NA,NA,NA,NA
"PHJJKLOP_02573",0,NA,NA,NA,NA,NA
"PHJJKLOP_02576",0,NA,NA,NA,NA,NA
"PHJJKLOP_02577",0,NA,NA,NA,NA,NA
"PHJJKLOP_02578",0,NA,NA,NA,NA,NA
"PHJJKLOP_02580",0,NA,NA,NA,NA,NA
"PHJJKLOP_02582",0,NA,NA,NA,NA,NA
"PHJJKLOP_02583",0,NA,NA,NA,NA,NA
"PHJJKLOP_02584",0,NA,NA,NA,NA,NA
"PHJJKLOP_02585",0,NA,NA,NA,NA,NA
"PHJJKLOP_02586",0,NA,NA,NA,NA,NA
"PHJJKLOP_02587",0,NA,NA,NA,NA,NA
"PHJJKLOP_02589",0,NA,NA,NA,NA,NA
"PHJJKLOP_02592",0,NA,NA,NA,NA,NA
"PHJJKLOP_02596",0,NA,NA,NA,NA,NA
"PHJJKLOP_02597",0,NA,NA,NA,NA,NA
"PHJJKLOP_02598",0,NA,NA,NA,NA,NA
"PHJJKLOP_02600",0,NA,NA,NA,NA,NA
"PHJJKLOP_02601",0,NA,NA,NA,NA,NA
"PHJJKLOP_02602",0,NA,NA,NA,NA,NA
"PHJJKLOP_02603",0,NA,NA,NA,NA,NA
"PHJJKLOP_02605",9.54570283181713,-21.3865222779738,3.70419566083436,-5.77359411763808,NA,NA
"PHJJKLOP_02607",0,NA,NA,NA,NA,NA
"PHJJKLOP_02608",0,NA,NA,NA,NA,NA
"PHJJKLOP_02609",0,NA,NA,NA,NA,NA
"PHJJKLOP_02610",0,NA,NA,NA,NA,NA
"PHJJKLOP_02611",0,NA,NA,NA,NA,NA
"PHJJKLOP_02612",0,NA,NA,NA,NA,NA
"PHJJKLOP_02613",12.6899813718708,21.2655969567417,3.90910588194611,5.44001559409152,NA,NA
"PHJJKLOP_02614",0,NA,NA,NA,NA,NA
"PHJJKLOP_02617",12.9222030166721,0.134712283329231,3.71442344306285,0.0362673468424346,NA,NA
"PHJJKLOP_02618",0,NA,NA,NA,NA,NA
"PHJJKLOP_02619",51.2932990360056,8.82683463165612,3.6149191204171,2.44177928679014,NA,NA
"PHJJKLOP_02622",9.58506315752127,5.43701245727508,3.58610222097249,1.51613426563191,NA,NA
"PHJJKLOP_02623",0,NA,NA,NA,NA,NA
"PHJJKLOP_02624",0,NA,NA,NA,NA,NA
"PHJJKLOP_02625",0,NA,NA,NA,NA,NA
"PHJJKLOP_02626",0,NA,NA,NA,NA,NA
"PHJJKLOP_02627",0,NA,NA,NA,NA,NA
"PHJJKLOP_02628",0,NA,NA,NA,NA,NA
"PHJJKLOP_02629",0,NA,NA,NA,NA,NA
"PHJJKLOP_02630",0,NA,NA,NA,NA,NA
"PHJJKLOP_02633",0,NA,NA,NA,NA,NA
"PHJJKLOP_02636",0,NA,NA,NA,NA,NA
"PHJJKLOP_02637",0,NA,NA,NA,NA,NA
"PHJJKLOP_02638",0,NA,NA,NA,NA,NA
"PHJJKLOP_02639",0,NA,NA,NA,NA,NA
"PHJJKLOP_02642",0,NA,NA,NA,NA,NA
"PHJJKLOP_02643",0,NA,NA,NA,NA,NA
"PHJJKLOP_02645",0,NA,NA,NA,NA,NA
"PHJJKLOP_02649",19.7535708158461,-1.67062695148583,3.26891092979645,-0.511065301981126,NA,NA
"PHJJKLOP_02650",0,NA,NA,NA,NA,NA
"PHJJKLOP_02651",0,NA,NA,NA,NA,NA
"PHJJKLOP_02652",0,NA,NA,NA,NA,NA
"PHJJKLOP_02654",0,NA,NA,NA,NA,NA
"PHJJKLOP_02655",0,NA,NA,NA,NA,NA
"PHJJKLOP_02657",0,NA,NA,NA,NA,NA
"PHJJKLOP_02659",0,NA,NA,NA,NA,NA
"PHJJKLOP_02660",8.10213785807918,0,4.08045587177749,0,NA,NA
"PHJJKLOP_02661",0,NA,NA,NA,NA,NA
"PHJJKLOP_02663",0,NA,NA,NA,NA,NA
"PHJJKLOP_02664",0,NA,NA,NA,NA,NA
"PHJJKLOP_02665",0,NA,NA,NA,NA,NA
"PHJJKLOP_02668",0,NA,NA,NA,NA,NA
"PHJJKLOP_02669",0,NA,NA,NA,NA,NA
"PHJJKLOP_02670",0,NA,NA,NA,NA,NA
"PHJJKLOP_02671",0,NA,NA,NA,NA,NA
"PHJJKLOP_02672",0,NA,NA,NA,NA,NA
"PHJJKLOP_02674",0,NA,NA,NA,NA,NA
"PHJJKLOP_02678",0,NA,NA,NA,NA,NA
"PHJJKLOP_02679",0,NA,NA,NA,NA,NA
"PHJJKLOP_02680",0,NA,NA,NA,NA,NA
"PHJJKLOP_02681",0,NA,NA,NA,NA,NA
"PHJJKLOP_02683",0,NA,NA,NA,NA,NA
"PHJJKLOP_02684",0,NA,NA,NA,NA,NA
"PHJJKLOP_02686",0,NA,NA,NA,NA,NA
"PHJJKLOP_02687",0,NA,NA,NA,NA,NA
"PHJJKLOP_02688",0,NA,NA,NA,NA,NA
"PHJJKLOP_02689",0,NA,NA,NA,NA,NA
"PHJJKLOP_02690",6.71124981127139,-6.75880839605411,3.91109966964098,-1.72810947481544,NA,NA
"PHJJKLOP_02691",0,NA,NA,NA,NA,NA
"PHJJKLOP_02693",0,NA,NA,NA,NA,NA
"PHJJKLOP_02694",0,NA,NA,NA,NA,NA
"PHJJKLOP_02695",0,NA,NA,NA,NA,NA
"PHJJKLOP_02696",6.22664298352382,0,4.08045587177769,0,NA,NA
"PHJJKLOP_02697",0,NA,NA,NA,NA,NA
"PHJJKLOP_02698",0,NA,NA,NA,NA,NA
"PHJJKLOP_02699",0,NA,NA,NA,NA,NA
"PHJJKLOP_02702",0,NA,NA,NA,NA,NA
"PHJJKLOP_02703",0,NA,NA,NA,NA,NA
"PHJJKLOP_02704",0,NA,NA,NA,NA,NA
"PHJJKLOP_02706",0,NA,NA,NA,NA,NA
"PHJJKLOP_02708",0,NA,NA,NA,NA,NA
"PHJJKLOP_02709",0,NA,NA,NA,NA,NA
"PHJJKLOP_02710",0,NA,NA,NA,NA,NA
"PHJJKLOP_02711",9.59056510059232,-21.6031690122079,3.9097964067806,-5.52539487087931,NA,NA
"PHJJKLOP_02715",3.92733063025379,0,4.0804558717782,0,NA,NA
"PHJJKLOP_02716",0,NA,NA,NA,NA,NA
"PHJJKLOP_02717",0,NA,NA,NA,NA,NA
"PHJJKLOP_02719",0,NA,NA,NA,NA,NA
"PHJJKLOP_02722",0,NA,NA,NA,NA,NA
"PHJJKLOP_02724",0,NA,NA,NA,NA,NA
"PHJJKLOP_02726",0,NA,NA,NA,NA,NA
"PHJJKLOP_02727",0,NA,NA,NA,NA,NA
"PHJJKLOP_02728",0,NA,NA,NA,NA,NA
"PHJJKLOP_02729",0,NA,NA,NA,NA,NA
"PHJJKLOP_02730",0,NA,NA,NA,NA,NA
"PHJJKLOP_02731",0,NA,NA,NA,NA,NA
"PHJJKLOP_02732",0,NA,NA,NA,NA,NA
"PHJJKLOP_02733",0,NA,NA,NA,NA,NA
"PHJJKLOP_02734",0,NA,NA,NA,NA,NA
"PHJJKLOP_02735",0,NA,NA,NA,NA,NA
"PHJJKLOP_02737",0,NA,NA,NA,NA,NA
"PHJJKLOP_02738",0,NA,NA,NA,NA,NA
"PHJJKLOP_02740",0,NA,NA,NA,NA,NA
"PHJJKLOP_02741",0,NA,NA,NA,NA,NA
"PHJJKLOP_02742",0,NA,NA,NA,NA,NA
"PHJJKLOP_02743",0,NA,NA,NA,NA,NA
"PHJJKLOP_02744",0,NA,NA,NA,NA,NA
"PHJJKLOP_02745",0,NA,NA,NA,NA,NA
"PHJJKLOP_02746",0,NA,NA,NA,NA,NA
"PHJJKLOP_02747",0,NA,NA,NA,NA,NA
"PHJJKLOP_02749",0,NA,NA,NA,NA,NA
"PHJJKLOP_02750",0,NA,NA,NA,NA,NA
"PHJJKLOP_02751",0,NA,NA,NA,NA,NA
"PHJJKLOP_02752",0,NA,NA,NA,NA,NA
"PHJJKLOP_02753",0,NA,NA,NA,NA,NA
"PHJJKLOP_02769",0,NA,NA,NA,NA,NA
"PHJJKLOP_02770",0,NA,NA,NA,NA,NA
"PHJJKLOP_02771",0,NA,NA,NA,NA,NA
"PHJJKLOP_02772",0,NA,NA,NA,NA,NA
"PHJJKLOP_02774",0,NA,NA,NA,NA,NA
"PHJJKLOP_02775",0,NA,NA,NA,NA,NA
"PHJJKLOP_02776",0,NA,NA,NA,NA,NA
"PHJJKLOP_02777",0,NA,NA,NA,NA,NA
"PHJJKLOP_02778",0,NA,NA,NA,NA,NA
"PHJJKLOP_02779",0,NA,NA,NA,NA,NA
"PHJJKLOP_02782",0,NA,NA,NA,NA,NA
"PHJJKLOP_02786",0,NA,NA,NA,NA,NA
"PHJJKLOP_02787",0,NA,NA,NA,NA,NA
"PHJJKLOP_02788",0,NA,NA,NA,NA,NA
"PHJJKLOP_02790",0,NA,NA,NA,NA,NA
"PHJJKLOP_02791",0,NA,NA,NA,NA,NA
"PHJJKLOP_02792",0,NA,NA,NA,NA,NA
"PHJJKLOP_02793",0,NA,NA,NA,NA,NA
"PHJJKLOP_02794",0,NA,NA,NA,NA,NA
"PHJJKLOP_02795",0,NA,NA,NA,NA,NA
"PHJJKLOP_02796",0,NA,NA,NA,NA,NA
"PHJJKLOP_02798",0,NA,NA,NA,NA,NA
"PHJJKLOP_02799",0,NA,NA,NA,NA,NA
"PHJJKLOP_02800",0,NA,NA,NA,NA,NA
"PHJJKLOP_02802",0,NA,NA,NA,NA,NA
"PHJJKLOP_02803",0,NA,NA,NA,NA,NA
"PHJJKLOP_02804",19.7068441127776,-0.993124466318232,3.6727277261056,-0.270405143092733,NA,NA
"PHJJKLOP_02806",0,NA,NA,NA,NA,NA
"PHJJKLOP_02807",0,NA,NA,NA,NA,NA
"PHJJKLOP_02808",0,NA,NA,NA,NA,NA
"PHJJKLOP_02810",0,NA,NA,NA,NA,NA
"PHJJKLOP_02812",0,NA,NA,NA,NA,NA
"PHJJKLOP_02814",0,NA,NA,NA,NA,NA
"PHJJKLOP_02815",0,NA,NA,NA,NA,NA
"PHJJKLOP_02816",0,NA,NA,NA,NA,NA
"PHJJKLOP_02817",0,NA,NA,NA,NA,NA
"PHJJKLOP_02819",0,NA,NA,NA,NA,NA
"PHJJKLOP_02820",0,NA,NA,NA,NA,NA
"PHJJKLOP_02821",0,NA,NA,NA,NA,NA
"PHJJKLOP_02822",0,NA,NA,NA,NA,NA
"PHJJKLOP_02823",0,NA,NA,NA,NA,NA
"PHJJKLOP_02824",0,NA,NA,NA,NA,NA
"PHJJKLOP_02825",0,NA,NA,NA,NA,NA
"PHJJKLOP_02827",0,NA,NA,NA,NA,NA
"PHJJKLOP_02828",0,NA,NA,NA,NA,NA
"PHJJKLOP_02830",0,NA,NA,NA,NA,NA
"PHJJKLOP_02833",0,NA,NA,NA,NA,NA
"PHJJKLOP_02834",0,NA,NA,NA,NA,NA
"PHJJKLOP_02835",0,NA,NA,NA,NA,NA
"PHJJKLOP_02836",0,NA,NA,NA,NA,NA
"PHJJKLOP_02837",0,NA,NA,NA,NA,NA
"PHJJKLOP_02838",0,NA,NA,NA,NA,NA
"PHJJKLOP_02839",0,NA,NA,NA,NA,NA
"PHJJKLOP_02840",0,NA,NA,NA,NA,NA
"PHJJKLOP_02841",0,NA,NA,NA,NA,NA
"PHJJKLOP_02842",0,NA,NA,NA,NA,NA
"PHJJKLOP_02844",0,NA,NA,NA,NA,NA
"PHJJKLOP_02847",0,NA,NA,NA,NA,NA
"PHJJKLOP_02848",0,NA,NA,NA,NA,NA
"PHJJKLOP_02851",0,NA,NA,NA,NA,NA
"PHJJKLOP_02852",0,NA,NA,NA,NA,NA
"PHJJKLOP_02853",0,NA,NA,NA,NA,NA
"PHJJKLOP_02855",0,NA,NA,NA,NA,NA
"PHJJKLOP_02857",0,NA,NA,NA,NA,NA
"PHJJKLOP_02858",0,NA,NA,NA,NA,NA
"PHJJKLOP_02859",0,NA,NA,NA,NA,NA
"PHJJKLOP_02861",0,NA,NA,NA,NA,NA
"PHJJKLOP_02862",0,NA,NA,NA,NA,NA
"PHJJKLOP_02864",0,NA,NA,NA,NA,NA
"PHJJKLOP_02867",0,NA,NA,NA,NA,NA
"PHJJKLOP_02868",0,NA,NA,NA,NA,NA
"PHJJKLOP_02869",0,NA,NA,NA,NA,NA
"PHJJKLOP_02870",0,NA,NA,NA,NA,NA
"PHJJKLOP_02871",0,NA,NA,NA,NA,NA
"PHJJKLOP_02873",0,NA,NA,NA,NA,NA
"PHJJKLOP_02876",14.8687617891155,-21.7323499130133,3.86609702910187,-5.62126344719857,NA,NA
"PHJJKLOP_02877",0,NA,NA,NA,NA,NA
"PHJJKLOP_02878",0,NA,NA,NA,NA,NA
"PHJJKLOP_02879",0,NA,NA,NA,NA,NA
"PHJJKLOP_02880",0,NA,NA,NA,NA,NA
"PHJJKLOP_02881",0,NA,NA,NA,NA,NA
"PHJJKLOP_02882",0,NA,NA,NA,NA,NA
"PHJJKLOP_02883",0,NA,NA,NA,NA,NA
"PHJJKLOP_02884",0,NA,NA,NA,NA,NA
"PHJJKLOP_02885",0,NA,NA,NA,NA,NA
"PHJJKLOP_02886",0,NA,NA,NA,NA,NA
"PHJJKLOP_02887",0,NA,NA,NA,NA,NA
"PHJJKLOP_02888",6.81296848529915,-6.44281885011272,3.87269018855198,-1.66365460091754,NA,NA
"PHJJKLOP_02889",0,NA,NA,NA,NA,NA
"PHJJKLOP_02890",0,NA,NA,NA,NA,NA
"PHJJKLOP_02891",0,NA,NA,NA,NA,NA
"PHJJKLOP_02892",0,NA,NA,NA,NA,NA
"PHJJKLOP_02895",0,NA,NA,NA,NA,NA
"PHJJKLOP_02896",0,NA,NA,NA,NA,NA
"PHJJKLOP_02898",0,NA,NA,NA,NA,NA
"PHJJKLOP_02899",0,NA,NA,NA,NA,NA
"PHJJKLOP_02901",0,NA,NA,NA,NA,NA
"PHJJKLOP_02902",0,NA,NA,NA,NA,NA
"PHJJKLOP_02903",0,NA,NA,NA,NA,NA
"PHJJKLOP_02905",0,NA,NA,NA,NA,NA
"PHJJKLOP_02906",0,NA,NA,NA,NA,NA
"PHJJKLOP_02907",0,NA,NA,NA,NA,NA
"PHJJKLOP_02908",0,NA,NA,NA,NA,NA
"PHJJKLOP_02909",0,NA,NA,NA,NA,NA
"PHJJKLOP_02910",0,NA,NA,NA,NA,NA
"PHJJKLOP_02911",0,NA,NA,NA,NA,NA
"PHJJKLOP_02912",0,NA,NA,NA,NA,NA
"PHJJKLOP_02913",0,NA,NA,NA,NA,NA
"PHJJKLOP_02914",0,NA,NA,NA,NA,NA
"PHJJKLOP_02915",0,NA,NA,NA,NA,NA
"PHJJKLOP_02916",0,NA,NA,NA,NA,NA
"PHJJKLOP_02917",0,NA,NA,NA,NA,NA
"PHJJKLOP_02919",0,NA,NA,NA,NA,NA
"PHJJKLOP_02920",0,NA,NA,NA,NA,NA
"PHJJKLOP_02921",0,NA,NA,NA,NA,NA
"PHJJKLOP_02922",0,NA,NA,NA,NA,NA
"PHJJKLOP_02924",0,NA,NA,NA,NA,NA
"PHJJKLOP_02925",0,NA,NA,NA,NA,NA
"PHJJKLOP_02927",0,NA,NA,NA,NA,NA
"PHJJKLOP_02928",0,NA,NA,NA,NA,NA
"PHJJKLOP_02929",0,NA,NA,NA,NA,NA
"PHJJKLOP_02930",0,NA,NA,NA,NA,NA
"PHJJKLOP_02931",0,NA,NA,NA,NA,NA
"PHJJKLOP_02933",0,NA,NA,NA,NA,NA
"PHJJKLOP_02935",0,NA,NA,NA,NA,NA
"PHJJKLOP_02937",0,NA,NA,NA,NA,NA
"PHJJKLOP_02938",0,NA,NA,NA,NA,NA
"PHJJKLOP_02939",0,NA,NA,NA,NA,NA
"PHJJKLOP_02941",0,NA,NA,NA,NA,NA
"PHJJKLOP_02942",0,NA,NA,NA,NA,NA
"PHJJKLOP_02943",0,NA,NA,NA,NA,NA
"PHJJKLOP_02944",0,NA,NA,NA,NA,NA
"PHJJKLOP_02945",0,NA,NA,NA,NA,NA
"PHJJKLOP_02946",33.007528309183,21.7623940288207,3.84157463609615,5.66496712684878,NA,NA
"PHJJKLOP_02947",11.4708454227244,-1.16841080456217,3.61223586346236,-0.323459167320886,NA,NA
"PHJJKLOP_02948",0,NA,NA,NA,NA,NA
"PHJJKLOP_02951",0,NA,NA,NA,NA,NA
"PHJJKLOP_02954",9.3967926655041,-6.80398465772059,3.87533982387799,-1.7557130385825,NA,NA
"PHJJKLOP_02955",0,NA,NA,NA,NA,NA
"PHJJKLOP_02956",0,NA,NA,NA,NA,NA
"PHJJKLOP_02958",0,NA,NA,NA,NA,NA
"PHJJKLOP_02961",0,NA,NA,NA,NA,NA
"PHJJKLOP_02962",0,NA,NA,NA,NA,NA
"PHJJKLOP_02963",0,NA,NA,NA,NA,NA
"PHJJKLOP_02964",0,NA,NA,NA,NA,NA
"PHJJKLOP_02965",0,NA,NA,NA,NA,NA
"PHJJKLOP_02966",0,NA,NA,NA,NA,NA
"PHJJKLOP_02967",0,NA,NA,NA,NA,NA
"PHJJKLOP_02969",0,NA,NA,NA,NA,NA
"PHJJKLOP_02970",0,NA,NA,NA,NA,NA
"PHJJKLOP_02972",0,NA,NA,NA,NA,NA
"PHJJKLOP_02974",0,NA,NA,NA,NA,NA
"PHJJKLOP_02975",0,NA,NA,NA,NA,NA
"PHJJKLOP_02976",0,NA,NA,NA,NA,NA
"PHJJKLOP_02977",0,NA,NA,NA,NA,NA
"PHJJKLOP_02978",0,NA,NA,NA,NA,NA
"PHJJKLOP_02979",0,NA,NA,NA,NA,NA
"PHJJKLOP_02981",0,NA,NA,NA,NA,NA
"PHJJKLOP_02982",0,NA,NA,NA,NA,NA
"PHJJKLOP_02983",0,NA,NA,NA,NA,NA
"PHJJKLOP_02984",0,NA,NA,NA,NA,NA
"PHJJKLOP_02985",0,NA,NA,NA,NA,NA
"PHJJKLOP_02986",0,NA,NA,NA,NA,NA
"PHJJKLOP_02987",0,NA,NA,NA,NA,NA
"PHJJKLOP_02988",0,NA,NA,NA,NA,NA
"PHJJKLOP_02992",0,NA,NA,NA,NA,NA
"PHJJKLOP_02993",0,NA,NA,NA,NA,NA
"PHJJKLOP_02994",0,NA,NA,NA,NA,NA
"PHJJKLOP_02995",0,NA,NA,NA,NA,NA
"PHJJKLOP_02996",0,NA,NA,NA,NA,NA
"PHJJKLOP_02998",0,NA,NA,NA,NA,NA
"PHJJKLOP_02999",0,NA,NA,NA,NA,NA
"PHJJKLOP_03000",0,NA,NA,NA,NA,NA
"PHJJKLOP_03001",0,NA,NA,NA,NA,NA
"PHJJKLOP_03002",0,NA,NA,NA,NA,NA
"PHJJKLOP_03003",0,NA,NA,NA,NA,NA
"PHJJKLOP_03004",0,NA,NA,NA,NA,NA
"PHJJKLOP_03007",0,NA,NA,NA,NA,NA
"PHJJKLOP_03008",0,NA,NA,NA,NA,NA
"PHJJKLOP_03010",0,NA,NA,NA,NA,NA
"PHJJKLOP_03011",0,NA,NA,NA,NA,NA
"PHJJKLOP_03012",0,NA,NA,NA,NA,NA
"PHJJKLOP_03013",0,NA,NA,NA,NA,NA
"PHJJKLOP_03014",0,NA,NA,NA,NA,NA
"PHJJKLOP_03015",0,NA,NA,NA,NA,NA
"PHJJKLOP_03017",0,NA,NA,NA,NA,NA
"PHJJKLOP_03019",0,NA,NA,NA,NA,NA
"PHJJKLOP_03020",0,NA,NA,NA,NA,NA
"PHJJKLOP_03021",0,NA,NA,NA,NA,NA
"PHJJKLOP_03023",0,NA,NA,NA,NA,NA
"PHJJKLOP_03025",0,NA,NA,NA,NA,NA
"PHJJKLOP_03026",0,NA,NA,NA,NA,NA
"PHJJKLOP_03027",0,NA,NA,NA,NA,NA
"PHJJKLOP_03028",0,NA,NA,NA,NA,NA
"PHJJKLOP_03029",0,NA,NA,NA,NA,NA
"PHJJKLOP_03030",0,NA,NA,NA,NA,NA
"PHJJKLOP_03031",9.18974550231517,-1.60889333945295,3.6980975874104,-0.435059730421982,NA,NA
"PHJJKLOP_03032",0,NA,NA,NA,NA,NA
"PHJJKLOP_03034",0,NA,NA,NA,NA,NA
"PHJJKLOP_03035",0,NA,NA,NA,NA,NA
"PHJJKLOP_03036",6.07660339355939,0,4.08045587177771,0,NA,NA
"PHJJKLOP_03037",0,NA,NA,NA,NA,NA
"PHJJKLOP_03039",0,NA,NA,NA,NA,NA
"PHJJKLOP_03040",0,NA,NA,NA,NA,NA
"PHJJKLOP_03041",0,NA,NA,NA,NA,NA
"PHJJKLOP_03042",0,NA,NA,NA,NA,NA
"PHJJKLOP_03043",0,NA,NA,NA,NA,NA
"PHJJKLOP_03044",0,NA,NA,NA,NA,NA
"PHJJKLOP_03045",0,NA,NA,NA,NA,NA
"PHJJKLOP_03046",0,NA,NA,NA,NA,NA
"PHJJKLOP_03047",0,NA,NA,NA,NA,NA
"PHJJKLOP_03048",0,NA,NA,NA,NA,NA
"PHJJKLOP_03049",0,NA,NA,NA,NA,NA
"PHJJKLOP_03050",0,NA,NA,NA,NA,NA
"PHJJKLOP_03051",0,NA,NA,NA,NA,NA
"PHJJKLOP_03052",0,NA,NA,NA,NA,NA
"PHJJKLOP_03053",0,NA,NA,NA,NA,NA
"PHJJKLOP_03054",0,NA,NA,NA,NA,NA
"PHJJKLOP_03055",0,NA,NA,NA,NA,NA
"PHJJKLOP_03056",0,NA,NA,NA,NA,NA
"PHJJKLOP_03057",0,NA,NA,NA,NA,NA
"PHJJKLOP_03058",0,NA,NA,NA,NA,NA
"PHJJKLOP_03059",0,NA,NA,NA,NA,NA
"PHJJKLOP_03060",0,NA,NA,NA,NA,NA
"PHJJKLOP_03061",0,NA,NA,NA,NA,NA
"PHJJKLOP_03062",0,NA,NA,NA,NA,NA
"PHJJKLOP_03063",0,NA,NA,NA,NA,NA
"PHJJKLOP_03064",0,NA,NA,NA,NA,NA
"PHJJKLOP_03065",0,NA,NA,NA,NA,NA
"PHJJKLOP_03068",0,NA,NA,NA,NA,NA
"PHJJKLOP_03069",0,NA,NA,NA,NA,NA
"PHJJKLOP_03070",0,NA,NA,NA,NA,NA
"PHJJKLOP_03071",0,NA,NA,NA,NA,NA
"PHJJKLOP_03072",0,NA,NA,NA,NA,NA
"PHJJKLOP_03073",0,NA,NA,NA,NA,NA
"PHJJKLOP_03074",15.2226372563161,1.67467383993278,2.95004049603529,0.567678254648864,NA,NA
"PHJJKLOP_03077",0,NA,NA,NA,NA,NA
"PHJJKLOP_03078",0,NA,NA,NA,NA,NA
"PHJJKLOP_03079",0,NA,NA,NA,NA,NA
"PHJJKLOP_03080",0,NA,NA,NA,NA,NA
"PHJJKLOP_03081",0,NA,NA,NA,NA,NA
"PHJJKLOP_03083",0,NA,NA,NA,NA,NA
"PHJJKLOP_03084",0,NA,NA,NA,NA,NA
"PHJJKLOP_03086",0,NA,NA,NA,NA,NA
"PHJJKLOP_03089",0,NA,NA,NA,NA,NA
"PHJJKLOP_03090",0,NA,NA,NA,NA,NA
"PHJJKLOP_03091",0,NA,NA,NA,NA,NA
"PHJJKLOP_03092",0,NA,NA,NA,NA,NA
"PHJJKLOP_03093",0,NA,NA,NA,NA,NA
"PHJJKLOP_03094",0,NA,NA,NA,NA,NA
"PHJJKLOP_03096",0,NA,NA,NA,NA,NA
"PHJJKLOP_03097",0,NA,NA,NA,NA,NA
"PHJJKLOP_03098",0,NA,NA,NA,NA,NA
"PHJJKLOP_03099",0,NA,NA,NA,NA,NA
"PHJJKLOP_03100",0,NA,NA,NA,NA,NA
"PHJJKLOP_03101",0,NA,NA,NA,NA,NA
"PHJJKLOP_03102",0,NA,NA,NA,NA,NA
"PHJJKLOP_03103",0,NA,NA,NA,NA,NA
"PHJJKLOP_03104",0,NA,NA,NA,NA,NA
"PHJJKLOP_03105",0,NA,NA,NA,NA,NA
"PHJJKLOP_03106",0,NA,NA,NA,NA,NA
"PHJJKLOP_03107",0,NA,NA,NA,NA,NA
"PHJJKLOP_03108",0,NA,NA,NA,NA,NA
"PHJJKLOP_03109",0,NA,NA,NA,NA,NA
"PHJJKLOP_03110",0,NA,NA,NA,NA,NA
"PHJJKLOP_03111",0,NA,NA,NA,NA,NA
"PHJJKLOP_03112",24.4927575910726,-2.14765292818676,3.6549476598303,-0.58760155495263,NA,NA
"PHJJKLOP_03113",0,NA,NA,NA,NA,NA
"PHJJKLOP_03114",0,NA,NA,NA,NA,NA
"PHJJKLOP_03116",0,NA,NA,NA,NA,NA
"PHJJKLOP_03117",0,NA,NA,NA,NA,NA
"PHJJKLOP_03118",0,NA,NA,NA,NA,NA
"PHJJKLOP_03119",0,NA,NA,NA,NA,NA
"PHJJKLOP_03120",0,NA,NA,NA,NA,NA
"PHJJKLOP_03121",0,NA,NA,NA,NA,NA
"PHJJKLOP_03122",0,NA,NA,NA,NA,NA
"PHJJKLOP_03123",0,NA,NA,NA,NA,NA
"PHJJKLOP_03124",0,NA,NA,NA,NA,NA
"PHJJKLOP_03125",0,NA,NA,NA,NA,NA
"PHJJKLOP_03126",0,NA,NA,NA,NA,NA
"PHJJKLOP_03127",0,NA,NA,NA,NA,NA
"PHJJKLOP_03128",0,NA,NA,NA,NA,NA
"PHJJKLOP_03129",0,NA,NA,NA,NA,NA
"PHJJKLOP_03130",0,NA,NA,NA,NA,NA
"PHJJKLOP_03131",0,NA,NA,NA,NA,NA
"PHJJKLOP_03134",0,NA,NA,NA,NA,NA
"PHJJKLOP_03135",0,NA,NA,NA,NA,NA
"PHJJKLOP_03136",0,NA,NA,NA,NA,NA
"PHJJKLOP_03137",0,NA,NA,NA,NA,NA
"PHJJKLOP_03138",0,NA,NA,NA,NA,NA
"PHJJKLOP_03139",0,NA,NA,NA,NA,NA
"PHJJKLOP_03140",0,NA,NA,NA,NA,NA
"PHJJKLOP_03141",0,NA,NA,NA,NA,NA
"PHJJKLOP_03142",0,NA,NA,NA,NA,NA
"PHJJKLOP_03143",0,NA,NA,NA,NA,NA
"PHJJKLOP_03144",0,NA,NA,NA,NA,NA
"PHJJKLOP_03145",0,NA,NA,NA,NA,NA
"PHJJKLOP_03146",0,NA,NA,NA,NA,NA
"PHJJKLOP_03147",0,NA,NA,NA,NA,NA
"PHJJKLOP_03148",0,NA,NA,NA,NA,NA
"PHJJKLOP_03149",17.651622590004,3.61055142025904,3.44621147406744,1.04768713337189,NA,NA
"PHJJKLOP_03150",14.6558409134022,-21.941179011537,3.43905761179233,-6.37999751336005,NA,NA
"PHJJKLOP_03151",0,NA,NA,NA,NA,NA
"PHJJKLOP_03152",0,NA,NA,NA,NA,NA
"PHJJKLOP_03154",0,NA,NA,NA,NA,NA
"PHJJKLOP_03157",0,NA,NA,NA,NA,NA
"PHJJKLOP_03158",0,NA,NA,NA,NA,NA
"PHJJKLOP_03159",0,NA,NA,NA,NA,NA
"PHJJKLOP_03160",0,NA,NA,NA,NA,NA
"PHJJKLOP_03161",18.0608870220183,-3.05004326200717,3.67162883082046,-0.830705771891874,NA,NA
"PHJJKLOP_03164",0,NA,NA,NA,NA,NA
"PHJJKLOP_03165",0,NA,NA,NA,NA,NA
"PHJJKLOP_03167",0,NA,NA,NA,NA,NA
"PHJJKLOP_03168",0,NA,NA,NA,NA,NA
"PHJJKLOP_03169",0,NA,NA,NA,NA,NA
"PHJJKLOP_03170",0,NA,NA,NA,NA,NA
"PHJJKLOP_03171",0,NA,NA,NA,NA,NA
"PHJJKLOP_03173",0,NA,NA,NA,NA,NA
"PHJJKLOP_03176",0,NA,NA,NA,NA,NA
"PHJJKLOP_03177",0,NA,NA,NA,NA,NA
"PHJJKLOP_03178",0,NA,NA,NA,NA,NA
"PHJJKLOP_03179",0,NA,NA,NA,NA,NA
"PHJJKLOP_03180",0,NA,NA,NA,NA,NA
"PHJJKLOP_03181",0,NA,NA,NA,NA,NA
"PHJJKLOP_03182",0,NA,NA,NA,NA,NA
"PHJJKLOP_03183",0,NA,NA,NA,NA,NA
"PHJJKLOP_03184",0,NA,NA,NA,NA,NA
"PHJJKLOP_03185",0,NA,NA,NA,NA,NA
"PHJJKLOP_03186",0,NA,NA,NA,NA,NA
"PHJJKLOP_03187",0,NA,NA,NA,NA,NA
"PHJJKLOP_03188",0,NA,NA,NA,NA,NA
"PHJJKLOP_03189",0,NA,NA,NA,NA,NA
"PHJJKLOP_03190",0,NA,NA,NA,NA,NA
"PHJJKLOP_03191",0,NA,NA,NA,NA,NA
"PHJJKLOP_03192",0,NA,NA,NA,NA,NA
"PHJJKLOP_03193",0,NA,NA,NA,NA,NA
"PHJJKLOP_03194",0,NA,NA,NA,NA,NA
"PHJJKLOP_03195",0,NA,NA,NA,NA,NA
"PHJJKLOP_03196",0,NA,NA,NA,NA,NA
"PHJJKLOP_03197",0,NA,NA,NA,NA,NA
"PHJJKLOP_03198",0,NA,NA,NA,NA,NA
"PHJJKLOP_03199",0,NA,NA,NA,NA,NA
"PHJJKLOP_03200",0,NA,NA,NA,NA,NA
"PHJJKLOP_03201",0,NA,NA,NA,NA,NA
"PHJJKLOP_03202",0,NA,NA,NA,NA,NA
"PHJJKLOP_03203",0,NA,NA,NA,NA,NA
"PHJJKLOP_03204",0,NA,NA,NA,NA,NA
"PHJJKLOP_03205",0,NA,NA,NA,NA,NA
"PHJJKLOP_03206",0,NA,NA,NA,NA,NA
"PHJJKLOP_03207",0,NA,NA,NA,NA,NA
"PHJJKLOP_03208",0,NA,NA,NA,NA,NA
